t,x,y,z,qx,qy,qz,qw,vx,vy,vz,wx,wy,wz,m1_rads,m2_rads,m3_rads,m4_rads,ax_body,ay_body,az_body
3.5298244590411646e-16,0.0389147678415143,-0.0297136205483443,0.5656741615932557,0.0069282440130803,-0.0011338130505761,-0.0002273359367943,0.9999753308063322,0.0002295085584347,0.0625566891169819,0.0390995055420852,-0.0944678099971014,-0.2068388537809395,-0.038708997695084,1745.3358678042384,1694.715356503345,1745.3639967344582,1717.460251482707,0.0861784236151864,-0.0105894286607675,9.913530034221104
0.0100000000000001,0.0386834534307785,-0.0294630687571555,0.5662497231727096,0.0061160619854002,-0.0036411612594527,-0.0003380374770665,0.9999746104082532,-0.0026915282999796,0.0606037374149683,0.0378932973905957,-0.2083377893971004,-0.4365570817495477,-0.0616541208971805,1825.0894557670276,1713.180950673339,1681.1008187042264,1733.4516587271023,0.0969651157129645,-0.0482221902393352,9.814954934323609
0.0199999999999999,0.0384834271643192,-0.0292274580324805,0.5667318256716689,0.005395424289791,-0.0053913249801657,-0.0005312317421279,0.9999707699750666,-0.0054648878276192,0.0590063438568196,0.0371109466123706,-0.2044525857071771,-0.3170693894857467,-0.0757237328005593,1838.6378881127505,1718.9101517007289,1685.9834340897414,1737.628373636973,0.1723803431453465,-0.1805829525908848,9.885539408177518
0.0300000000000001,0.0383453286932655,-0.0290224034095461,0.5670506889798735,0.0048314360031731,-0.0056156041333625,-0.000831383043439,0.9999722151233,-0.0083214933277282,0.0577375616097406,0.0386090064525563,-0.0912084627767795,0.2652432331671991,-0.0736991027450486,1771.675406654837,1729.9253624504415,1774.469867230133,1715.739540569407,0.1788469135748349,-0.1718707553109792,9.889319324456745
0.0399999999999999,0.0382897021231761,-0.0288633967023905,0.5671616459350646,0.0044401793154083,-0.0036897285648192,-0.0011799105060522,0.9999826391102812,-0.0114862432027881,0.0565142890915299,0.043421629366005,0.0101328536172839,1.1241141446398826,-0.0568899938585867,1674.3018462966606,1773.4705332140754,1890.1346491250915,1668.9637504869345,0.0567998867616756,-0.0142001132383243,10.008945009627537
0.0500000000000001,0.03832361903179,-0.0287609279359825,0.5670548736710339,0.0041771727690309,0.0007186096988782,-0.0014597803118377,0.9999899518841174,-0.0140005342286443,0.0550925450902569,0.048859747229219,-0.0036659589302337,1.9278403204549843,-0.0371944871168699,1618.9196948704266,1840.062539979706,1951.2558385664963,1625.1640545235073,-0.37,0.1354460667738536,10.247318509692938
0.0600000000000004,0.0384440860375777,-0.0287151739703932,0.5667658927890531,0.0039533414781577,0.0075426338915279,-0.0015562939298689,0.9999625281551,-0.0133012522530032,0.0532766986310636,0.0503283254177298,-0.1180350778905618,2.440170266360136,-0.0268182197914338,1635.9085931304328,1883.2828121603616,1925.4228627925345,1614.1929081271169,-0.7855310142391406,0.0227320039638974,10.447322006991278
0.0700000000000001,0.0386486707675359,-0.0287135192583265,0.5663789561009497,0.0036735209222625,0.0163442685979084,-0.0014201816608392,0.9998586666184792,-0.0070999014108036,0.0508575713029342,0.0467562559858272,-0.2295937470785209,2.642934581364912,-0.0271429499953459,1691.5675138492884,1870.6830170241076,1855.25823220029,1636.360081994411,-0.7855310142391406,0.0227320039638974,10.447322006991278
0.0799999999999999,0.0389484904093779,-0.0287323822496198,0.5660115984802334,0.003275815508652,0.0265317242504618,-0.0011007001981945,0.9996419984675136,0.0036177002043974,0.0477847275093758,0.042473055033544,-0.2534880460112841,2.6682528086020048,-0.0304401266204803,1732.9359348981698,1816.9746370073265,1806.0708121184025,1670.2533761103457,-0.3949183037721081,-0.1320780444947955,10.194985088738884
0.0900000000000002,0.0393759190929192,-0.0287428309376165,0.5657799354530096,0.0027407118683076,0.0377170147009443,-0.0007297518805432,0.9992844353649748,0.0144002371665998,0.0443304934979792,0.0424460397011362,-0.1924710409231609,2.6588349310393875,-0.0304869347434991,1742.975079657607,1762.4705662589622,1801.7017676568064,1703.7950429605005,-0.6813059708990312,-0.0250132875737689,10.009293652679096
0.0999999999999999,0.0399813841571798,-0.0287183226072387,0.5657615639092177,0.0020703796752679,0.0500131685611238,-0.000464500307815,0.998746304492758,0.0218391334460443,0.0409872847468815,0.0469075113692696,-0.1154741385982231,2.697000459451309,-0.0285834158706144,1740.77292302208,1736.4271070879936,1820.3846972572856,1736.9390618739858,-0.6813059708990312,-0.0250132875737689,10.009293652679096
0.1100000000000002,0.0408191292406019,-0.02864236900117,0.5659766487877782,0.0012656998454024,0.0640029522330539,-0.0004168823053364,0.9979488194885038,0.028602318666198,0.0382493191187381,0.0523104352851165,-0.0865006045570151,2.809612434612576,-0.0299126116833257,1742.9018343928365,1745.4877053120508,1835.144645311445,1759.9791967750084,-0.1397276078945291,0.0360052355230075,10.212399354446877
0.12,0.0419282327546758,-0.0285136265278835,0.5663935680393211,0.0003303661211789,0.0802855254429723,-0.0006062179553251,0.9967716678168388,0.0425185774828718,0.0364130329522825,0.0567353170312533,-0.1134145959742199,2.978627506352219,-0.0365064889972673,1748.4728116482386,1778.3898418476692,1838.376969898136,1757.6222627856664,-0.1397276078945291,0.0360052355230075,10.212399354446877
0.1300000000000002,0.0433198339174392,-0.0283460348629075,0.5669499295264772,-0.0007015328199553,0.098875965665226,-0.0009580662574694,0.99509905706644,0.0693606423137985,0.0353864040791941,0.0621759101179938,-0.1528788941061837,3.144005593463872,-0.044952999755946,1757.4860840967774,1811.8022110594616,1835.107690255781,1739.512714595032,-0.3967954212486126,-0.0379594872505073,10.503416899614324
0.14,0.0449809357299203,-0.0281628744331441,0.5675775234097747,-0.0017497356514322,0.1189365156775519,-0.0013454927114326,0.9928994074492123,0.1069487223930493,0.0346777681933356,0.0713311122091273,-0.1582648239714208,3.238380993328849,-0.0504837237834073,1778.541344584793,1824.204231864861,1832.3353302578653,1741.2433043653257,-0.7471396497279423,-0.0249907470073491,10.46612596152313
0.1500000000000002,0.0468966958131565,-0.0279863251948369,0.5682254975572995,-0.0027114360221054,0.1390853102214579,-0.0016461154292429,0.9902753227760916,0.1474367704325737,0.0337512175971642,0.0840058858699351,-0.1247138051062087,3.243084996099814,-0.0521353227736634,1812.125442067009,1814.8932901684125,1837.1616186238505,1782.0430701060336,-0.7068740956120432,-0.1036845173606575,10.73705307008922
0.16,0.0490800397268729,-0.0278270613418471,0.5688772881474704,-0.0035126949403502,0.1580515861727182,-0.0017852963907794,0.98742299436429,0.1851912291888015,0.0325350242315621,0.0973211275396038,-0.0897773949621963,3.200108118088161,-0.0532929191471367,1843.842009882548,1804.8747759408875,1853.6073166595284,1838.1830878827493,-0.707859644523007,-0.2160148255283866,11.052429207866824
0.1700000000000003,0.0515895863036289,-0.0276791173233237,0.5695548378948757,-0.0041482634881381,0.1751973248798483,-0.0017524897592206,0.984523040890675,0.2214858222847368,0.0315709515027639,0.1082000032926346,-0.0909247041788454,3.161800000340194,-0.0575363873281322,1862.6685385787664,1813.82930453424,1877.3197355145385,1871.7802512385808,-0.6570416400252217,-0.0718274312109308,11.22924116222902
0.18,0.05452219798258,-0.0275224990980669,0.5703073273852424,-0.0046800335152855,0.1906040667410068,-0.0015973845992703,0.981654539739173,0.2618958859473474,0.0315574158200562,0.1153152806402071,-0.1251173677949227,3.1392799735111305,-0.0644479709079981,1874.0643330672096,1839.909221163632,1899.0020178571476,1874.6756483121255,-0.7304450849232342,0.0006051066539895,11.343991848016172
0.1900000000000003,0.0579823198972908,-0.0273316281060208,0.5711893125627618,-0.0051968069947731,0.2047828207629582,-0.0014185214792007,0.9787926120043196,0.3106376907982029,0.0327192737730904,0.1199282659790277,-0.1526507346787572,3.102354637511824,-0.069542993809127,1887.947510277514,1865.8795015912428,1914.89531995014,1870.993500383584,-0.84687679823816,-0.0082775333728446,11.674583194579034
0.2000000000000001,0.0620454686631537,-0.0270849434810218,0.5722370440345126,-0.005763060508627,0.2182746446143801,-0.0013490350767726,0.9758694312029664,0.3677695605810768,0.0347216966093969,0.125248698073064,-0.13914277176552,3.016177269661113,-0.0681714742254696,1904.553845028549,1880.2551561658693,1929.254093363886,1884.4597952905208,-0.811674246162339,0.0243663209793833,11.87726223658545
0.2100000000000003,0.0667373029422766,-0.0267714873528105,0.5734521381108912,-0.006386046181831,0.231383369600162,-0.0015345030667539,0.9728404802365987,0.4304613073058711,0.0371825410115319,0.1338148398774167,-0.089495846516373,2.873555344379799,-0.0593014379207319,1920.4467762193976,1885.814389003678,1945.0176740124723,1916.8146657025004,-0.7181487391072281,-0.0079802034913119,12.006057804332402
0.2200000000000001,0.0720398272553524,-0.0263928825584931,0.5748011108319031,-0.0070145818249718,0.2441301442688185,-0.0020974097239101,0.969714839101453,0.4956753570238195,0.0400797076125497,0.1448790998176642,-0.0392267170772515,2.7021604144024813,-0.0454793131205202,1938.657412119327,1891.357552372608,1958.4054151378268,1954.4562166657852,-0.7575152237670837,-0.0269511449142422,12.216255275560057
0.2300000000000003,0.0779187859838232,-0.0259612960821525,0.5762333316500412,-0.007564313043057,0.256372293684072,-0.0030915212021058,0.9665435689590052,0.5617595016054117,0.0436007621175394,0.154940893241509,-0.0162649347292486,2.5430140645087835,-0.0293681287974596,1961.886040063076,1903.801951501192,1966.4947304016705,1983.1243700396365,-0.7606648505425762,0.0265512390971162,12.350771763454762
0.2400000000000001,0.0843530038866728,-0.0254946448600646,0.5777078344489766,-0.0079533626520944,0.2679604997393682,-0.0044596253599913,0.963386748063103,0.6283351002658893,0.0477287964281385,0.1611333301566099,-0.0158946091894161,2.413552509389193,-0.0101566714896664,1982.095104941361,1924.9135037707952,1972.569288980331,1995.5090605753785,-0.6181189202971709,0.0778697963179397,12.547614165700669
0.2500000000000003,0.0913468136470802,-0.0250103434479128,0.579211768329454,-0.0081313925027541,0.2788313292112042,-0.0060133838567944,0.96028683710695,0.6952738531085081,0.0520262247986639,0.1636324229476625,-0.0127646948467351,2.291725438100959,0.0169103374718475,1988.1951477485509,1947.1000416413983,1977.921298477213,1994.4767283806152,-0.5328572637562825,0.0556715624158468,12.60010091823476
0.2600000000000001,0.0989206101626023,-0.0245192150696346,0.5807594430817076,-0.0080922762058824,0.2890069481499905,-0.0074525974071156,0.9572637869358288,0.7623301156660106,0.0557762679627857,0.1646896171686864,0.0079095968962518,2.143441457399706,0.0561750253774569,1981.0706259963529,1957.2364371561807,1976.0226387886955,1991.95915250794,-0.602551394656663,-0.0677566877245897,12.646829209891544
0.2699999999999999,0.1070913637926837,-0.0240214442171362,0.5823753249072582,-0.0078704463180356,0.2985382216648677,-0.0084311426528792,0.9543279845595538,0.8304250119714431,0.0583947441131641,0.165991895535369,0.0354726170374953,1.9623673285023069,0.1048876684032529,1971.679742559381,1953.1530665263936,1962.1388925067745,1999.3121078349536,-0.6817580392273648,-0.0163723528432264,12.608191862361204
0.2800000000000001,0.1158622088665994,-0.0235060298058704,0.5840735037999489,-0.0075262673140194,0.3074439189971218,-0.0086582975984168,0.9514970445853768,0.9028507128797522,0.0598304792421498,0.1673190341547279,0.0487932978010921,1.773034830334291,0.1512497000440913,1965.7362600021556,1950.4663092296853,1943.2467150076477,2016.126064548257,-0.5544997063998318,0.0746427505322023,12.58468585430306
0.2899999999999999,0.1252343327668632,-0.0229541049685129,0.5858448566553984,-0.0071249722548821,0.3156778440791808,-0.0080040690968071,0.9488059171431116,0.9829349938222584,0.060589312846574,0.1672922040652086,0.0415921745959494,1.5958097121357415,0.180779823138062,1958.193751173098,1964.2513630962064,1931.8722706472931,2030.6919451869412,-0.4745504449950024,0.1352902696128851,12.637389060015646
0.3000000000000001,0.135239501142185,-0.0223451144766459,0.5876566562208309,-0.0067131910512787,0.3231304278585281,-0.0065667526162476,0.9463078449521332,1.0684775091832708,0.0613163331128546,0.1649785100926015,0.0305353565334768,1.4203617574281364,0.18514939053183,1943.543582211696,1987.54133171361,1931.3255463587284,2032.439647922633,-0.4531794024672715,-0.0577222718235143,12.508925056319384
0.3100000000000004,0.1459724878771907,-0.0216637070342669,0.58946338441382,-0.0063005584639016,0.329657240836428,-0.0046676853991631,0.9440681221395892,1.1496073514920924,0.0623632004972276,0.1608269207513321,0.039209941182498,1.2209028868830152,0.1660353027969247,1925.6524652054616,1995.3005523773463,1930.396187908349,2022.024674537069,-0.4662694116969232,-0.0868029549301553,12.301676634460494
0.3200000000000002,0.1575876568908544,-0.0209049623920431,0.5912230893366985,-0.0058559164244054,0.3351177335267842,-0.0027598436524838,0.9421540193523114,1.216149624695524,0.0638041810579759,0.1559829670354956,0.075255234432468,0.9904343413528044,0.1342349552020077,1914.44953406881,1970.191548743152,1915.4578868668,2007.7481537743035,-0.4599536875450125,0.031810689502621,12.274344974028027
0.3299999999999999,0.1702290510291877,-0.0200765694990282,0.5929110648225995,-0.0053229713899687,0.3394011363441928,-0.0012692193397751,0.940625814926488,1.2698238861799758,0.0657531007088655,0.1503726637024066,0.1227024872423478,0.7452222479007046,0.1068989347258265,1914.8849406981624,1921.3095412153505,1888.2240336632049,1993.942059188076,-0.3642641622000546,-0.0385980223275104,11.970340952074386
0.3400000000000002,0.1839008991282482,-0.0191979845057031,0.5945237217698761,-0.0046507398957108,0.3424238194800163,-0.000427318734941,0.9395339886719578,1.3267478951053675,0.068367707307758,0.1416457961622912,0.1559953479167833,0.4935330416398285,0.1005907184605301,1920.654317341581,1875.490426635708,1865.6764928173632,1976.5781714870377,-0.3642641622000546,-0.0385980223275104,11.970340952074386
0.35,0.1983436814326082,-0.0182969530480309,0.5960709605215588,-0.0038242639539634,0.3441078837987929,-0.0001758252887656,0.9389223122272656,1.4027872303689604,0.0714203878161804,0.1266933342367288,0.1619549910086739,0.2152903504735077,0.119488001434244,1917.7476120934368,1850.782721186639,1857.598185981936,1950.7450650786093,-0.0647323170131954,0.131489729159436,11.290005036950149
0.3600000000000002,0.2130165203890134,-0.017403186027647,0.5975620972134731,-0.0028772482286069,0.3443741516311835,-0.0001942165519078,0.9388280606217864,1.495328410416323,0.0741523991552573,0.1044636309020176,0.1491838074794694,-0.1178932114341703,0.1489657543248604,1894.9352562249412,1841.225841688536,1850.33351807472,1918.8156483198445,-0.1108926821929552,0.0827881381789762,11.016169605326205
0.37,0.2272516162786515,-0.0165394293575752,0.5989932216884646,-0.0018775787374869,0.3431726171985099,-3.0315061522042032e-05,0.9392704767979276,1.5830021007211783,0.0759013420042932,0.0771353859563451,0.1373797802570855,-0.5083168416128285,0.1659752012906885,1854.5224053202885,1827.6339834411897,1822.017709621817,1888.9158431729209,-0.1811726273175509,0.0359516936871444,10.57844568691128
0.3800000000000002,0.240543218949609,-0.0157122860574799,0.6003405844024703,-0.0008951134632292,0.3405287335731436,0.0007330614844111,0.9402333981537876,1.6450496045022571,0.0768435798998348,0.0488251004582459,0.1389716938770502,-0.9184931698959972,0.1597556285057711,1813.1810511478684,1798.3973593433266,1771.413478756903,1866.450874589169,-0.1480947529160969,0.050729240801055,10.179482632451734
0.39,0.2528341109178066,-0.0149067549604255,0.6015589276194172,2.807304651277484e-05,0.3365516058194637,0.002336638117005,0.9416621240947064,1.6790768638257307,0.0778924361617868,0.0234239525785339,0.1511801262782666,-1.2843129500064,0.1408542515610575,1787.4933398363028,1757.8627378830745,1721.7656471999785,1848.560184062062,-0.030462474816967,0.0332781626348754,9.927555649686363
0.4000000000000002,0.2646453077205629,-0.0140877954430439,0.6025817106832105,0.0008905231789932,0.3313761044659575,0.0047684990944396,0.943486272170306,1.699751709608264,0.0798572750140911,0.002823638927776,0.1629518343421445,-1.548347229709132,0.1267906257078873,1777.0381397665485,1720.1191050728094,1695.7165116115054,1827.1727939482328,-0.0934820341246354,0.000180766454814,9.39807584948746
0.41,0.2769704763681992,-0.0132099459295827,0.6033241658868772,0.0017256418222025,0.3250760874547846,0.0077813346119906,0.9456542763383704,1.7240757115059553,0.082807594056089,-0.0141159647927667,0.1663028655461216,-1.7005466493651535,0.1189833326199908,1765.8387914854495,1698.6674723879728,1695.2292857228745,1797.0811145013913,-0.0934820341246354,0.000180766454814,9.39807584948746
0.4200000000000002,0.2909696059360969,-0.0122331736688042,0.6036950552269759,0.0025844860122062,0.3176208553678453,0.0110094551495182,0.9481503596818184,1.7609321139522418,0.0861588842470556,-0.0311815912550174,0.1615804297459126,-1.7964743355674684,0.0968276984802818,1742.3149843539954,1697.6941853814665,1707.5135736033112,1760.5302348512469,0.0806776780278122,-0.0388821479857228,9.16891707602027
0.43,0.3075818901361806,-0.0111401951088629,0.6036208212690113,0.0035182325341931,0.3089132402322561,0.0141495702110465,0.9509784549146664,1.811988002872181,0.0891870341069196,-0.0524483684864877,0.155207362058043,-1.9274299318762744,0.0381569781239341,1714.519474204289,1708.0126244410667,1721.9729969767775,1724.9386456993734,0.0806776780278122,-0.0388821479857228,9.16891707602027
0.4400000000000003,0.3272061262336821,-0.0099484184074927,0.6030756591813023,0.0045704776312791,0.298875360240686,0.0171237133329117,0.9541275639121398,1.8756627165704325,0.0915001980972372,-0.079033975102793,0.1536347825005629,-2.159182208927183,-0.0534120627430679,1703.0470491756162,1712.4527890530155,1736.803655830341,1697.8078447898802,-0.289951603795239,-0.0519307461837414,9.115977767697624
0.45,0.3495705761562089,-0.0087099845542181,0.6021026188846629,0.0057793585168283,0.2875001291896945,0.0201171697130089,0.9575518650254832,1.946759357260178,0.0932423471731552,-0.1077446811102208,0.1577292331335354,-2.492527561840798,-0.1456588992542094,1719.180493051354,1698.9981897185644,1752.7876243618134,1682.854664488927,-0.0366250374617358,0.0051551089809064,9.184467165142587
0.4600000000000003,0.3738397484528504,-0.0074974889798794,0.6008135119005634,0.0071754510227621,0.274815631121596,0.0234170586131964,0.9611849578305752,2.0160197148179817,0.0949392084723718,-0.1334746546840211,0.1623884615864435,-2.878533733890173,-0.2071804845491444,1751.7025351917507,1670.1405461876743,1765.0818966677507,1678.2416422796505,0.0231856420558296,-0.0033330732428207,9.164012813867362
0.4700000000000001,0.3989002558716301,-0.0063802234562064,0.5993667304121703,0.0087614911255753,0.260806215170834,0.0271004403987939,0.9649709428432094,2.075081561094016,0.0970336344611647,-0.1532968112612186,0.1635473337428282,-3.2609850729238303,-0.2378103961505033,1777.0786354627155,1639.049927443249,1764.7482702365232,1677.3746421025232,0.0115331867090837,0.0158734953734824,9.145127518730888
0.4800000000000003,0.4236874953345907,-0.0054017988941365,0.5979317500994575,0.0104806413002967,0.2454006365252111,0.0307686840957462,0.9688766546005596,2.122275707343377,0.0994478550238063,-0.16790955175826,0.165336311072306,-3.5969079344284154,-0.2648300445162715,1781.563861013249,1617.4727530441069,1751.8923088062572,1672.120886171915,0.0401471002839075,-0.0286922746076456,9.226166388040951
0.4900000000000001,0.4474192441542847,-0.0045695171203224,0.5966508605390889,0.0122001084027004,0.2285855981905615,0.0335452172146103,0.972869210149468,2.1618738734497853,0.1015089870149478,-0.1792336284810583,0.175273498487353,-3.851411993654079,-0.3112296526084159,1770.178882780326,1609.1310478690802,1743.9268645427865,1656.713529791453,0.107933994237988,-0.0375588403636537,9.226006289966335
0.5000000000000003,0.4696836108198236,-0.003858863889361,0.5956050611739417,0.0137329741786073,0.2105748759193202,0.0343951507301176,0.9768759392359015,2.1980252562586164,0.1021597396422898,-0.1874897347594046,0.1886546272318055,-4.001734754323989,-0.3737601483637006,1756.0147829358104,1613.200538919656,1761.119368632126,1630.496250254941,0.1399437226047903,-0.0290889171191312,9.157327681452944
0.5100000000000001,0.4904161428776161,-0.0032287321936831,0.5947881448258955,0.0148973260469026,0.191882937473713,0.0326208516438026,0.9807624014108332,2.2306799276751965,0.100298559378753,-0.1911415114678192,0.1822761142199195,-4.059550361275583,-0.4295460796827395,1747.5265853532069,1628.5283594047414,1801.7222080229997,1598.4569041275035,0.1790934995899751,-0.0050416151952519,9.227835646381054
0.5199999999999999,0.5098349374824183,-0.0026394754545577,0.5940935697551342,0.0155882601331132,0.1731878806484237,0.0282830305146152,0.9843591998490384,2.257015194038332,0.0954126397832277,-0.1894211720032617,0.1326744763678425,-4.077356825038114,-0.4546824100443964,1747.0164545240316,1651.8383734054382,1839.79685806847,1569.564227770916,0.1216913397914103,0.0292974195158596,9.395119624311844
0.5300000000000001,0.5283784154622326,-0.0020669770358676,0.5933206152086506,0.0158264234292613,0.1550008058301859,0.0223130404848119,0.9875355197347354,2.275324626586785,0.0883134398495184,-0.1844752887303136,0.043992206681226,-4.113328981439279,-0.4350330375430432,1753.2853738825074,1676.23990810712,1852.1183280381665,1553.3192755980074,0.0239124383725406,0.0082398097499388,9.644679371390549
0.5399999999999999,0.5466410623368909,-0.0015093478121629,0.5922055351170834,0.0157516351756623,0.137313255918084,0.016198960152536,0.9902699376576288,2.286765194463471,0.0809866258533275,-0.1805823229250085,-0.0467062989077319,-4.180444089266476,-0.3695081363190746,1759.592286826177,1696.4733338719025,1841.464158984622,1554.5244956013642,-0.0559576377102533,-0.0217751244382408,9.732144204790512
0.5500000000000002,0.565269190761065,-0.0009863095276506,0.5904775173132539,0.0155564335239355,0.1194746519326424,0.0113425683067897,0.9926505684609236,2.293672956104313,0.0751533630050866,-0.1807294260301,-0.0969811315983011,-4.23377691707327,-0.2729137842913082,1753.1613988222334,1714.7861743502635,1829.0188763166864,1569.3338938995005,-0.0353331633612237,-0.1513932645627457,9.793171314906727
0.5600000000000004,0.5847922734617419,-0.0005330759182513,0.5879289026654174,0.0153918048664508,0.1004661544804495,0.008406136708413,0.9947858970715774,2.2967784960190887,0.0709019541349353,-0.1842205952241561,-0.0934105549376897,-4.217001583426476,-0.1759754650228782,1725.60127187116,1738.74113872278,1829.4979900090796,1589.204554447772,-0.0353331633612237,-0.1513932645627457,9.793171314906727
0.5700000000000002,0.6054263481769165,-0.0001903195735182,0.5844792862238641,0.0152979222996538,0.0794756173992826,0.0070197746452632,0.996694698780046,2.2943515632672824,0.0669327367010247,-0.18870023695672,-0.0595237074386934,-4.125670657345046,-0.1146453229913127,1687.4219611439885,1773.227155813128,1841.1353739003723,1611.2223267109907,-0.5663419618560905,-0.1021884729254813,10.258461147479297
0.5800000000000004,0.6269474347409482,8.875238246170451e-06,0.5802111617587287,0.0151986160136514,0.0564139074408263,0.0060342999323315,0.9982735398390834,2.2841579671665624,0.0620082630629511,-0.1938527002882482,-0.0325064879934177,-4.016266303209621,-0.1071290491946212,1667.5835652671244,1814.6711692944527,1857.3377790311652,1640.5992466448583,-0.0824439916091991,-0.0703930599552057,10.57452647173658
0.5900000000000002,0.6487262714206533,5.339168364555657e-05,0.5753634596853223,0.014960802482865,0.0320233191592032,0.0042006402556624,0.9993663172433516,2.266108397015988,0.055960682039619,-0.200275477534107,-0.0346187818206646,-3.9396158036095454,-0.1329806135972621,1690.1940182497533,1852.7192075970088,1878.624652073901,1679.3506375781528,-0.1652788809553519,-0.0057183530376778,11.146314358031033
0.6,0.6699289886709339,-3.439176735358732e-05,0.5702842057909078,0.0144843316229882,0.0075574765914354,0.0009069899281857,0.9998661240657548,2.2422952339907294,0.0495016126058595,-0.2043908267048708,-0.0647891083162754,-3.8718153668423367,-0.1404317529394722,1747.621354381352,1882.4710495441784,1910.713995386792,1717.8849682314342,-0.2783297388427375,0.0033550734432478,11.71588690181234
0.6100000000000002,0.6897957629156379,-0.0001960611645788,0.5653589749856436,0.0137727958314425,-0.0156763214734141,-0.0034522540465869,0.9997762974696116,2.213949954047944,0.0433903260470841,-0.1983801340416308,-0.1078216610364021,-3.740326050712701,-0.0883366716212792,1802.2679967711947,1918.1131585230708,1956.446855396468,1745.5024498196844,-0.1736039729495848,-0.0954951665488623,12.133794288261276
0.62,0.7078862057903146,-0.000348245872038,0.5609415166309693,0.0129434344432004,-0.0366414100657431,-0.007694060616899,0.9992150299131974,2.17954539818457,0.0378523120496908,-0.1774984559202728,-0.1420227237017478,-3.530316478174136,0.0143699306887047,1822.7609535829235,1982.376994708814,2010.8362301868467,1768.2051356622414,-0.0936377872483067,-0.2642484534931693,12.367504880764177
0.6300000000000002,0.7242190764023528,-0.0004065043702223,0.5573070251041352,0.0121742730406495,-0.0547333571388639,-0.01049708954368,0.998371603063385,2.1380508795915008,0.0327482201439057,-0.1456869685788315,-0.1430777591099943,-3.33349668095115,0.1160994580745165,1816.4221430252585,2071.396222520936,2061.3247360213336,1807.801763330038,-0.0980682532544165,-0.1526457579325215,12.957547549069188
0.64,0.7392787257147224,-0.0003146974894866,0.5546278347919718,0.0116144320109537,-0.069907220605951,-0.0110697303996271,0.9974244565605423,2.0943121033887078,0.0282156950218346,-0.1129618824849805,-0.0986781044355274,-3.258327325097405,0.1699310072037849,1818.674620867236,2144.705646045036,2096.399186296688,1876.6001177876203,-0.4637014058082094,-0.089982353721045,13.793388529957763
0.6500000000000002,0.7538832546187905,-6.909974183329244e-05,0.5529575537341554,0.011305246611664,-0.082802325231185,-0.0094614956772256,0.99645694660377,2.0582940625922177,0.0248056792154362,-0.0878479523939864,-0.0286132262765848,-3.305965870480089,0.1690086608357383,1852.395945067623,2169.111139446872,2118.2835991232955,1954.403293106042,-0.5439249527637213,-0.0560099995095196,14.351625207683483
0.66,0.7689252952557664,0.0002718365231855,0.5522196062505916,0.0111535399888893,-0.0947322661580696,-0.0064267212713794,0.9954195565428544,2.035384494754844,0.0225731179721607,-0.0701506340909301,0.0197774636845264,-3.3719952771728683,0.1386065059040347,1906.4413401725335,2161.373148736444,2142.420819072948,1999.9512411456856,-0.6740963407543372,0.018786680256227,14.928533597112832
0.6700000000000003,0.7850350174325734,0.000596344331827,0.5522161595241748,0.0109729474410299,-0.1073534649223097,-0.0030248472182214,0.9941557615851438,2.017172640671256,0.0201986986148492,-0.0484201333913217,0.0102255600009133,-3.3746508344508435,0.1054307346466078,1953.822015234695,2166.0478833622306,2179.0364730995925,1992.1804457782048,-0.6740963407543372,0.018786680256227,14.928533597112832
0.68,0.8022848789239565,0.0007668558662124,0.552678507798837,0.010577019349271,-0.1220165027590348,-0.0002226941449718,0.992471687315793,1.9858583458252053,0.0158698430045958,-0.0072502787467611,-0.0467191717124551,-3.3501523906299564,0.0805320807071139,1981.2317735342544,2196.927901855582,2218.472129664074,1955.4249728185744,-0.6740963407543372,0.018786680256227,14.928533597112832
0.6900000000000003,0.8201111677124906,0.0006635774873077,0.5533647163529983,0.0098790859194699,-0.1391387291016631,0.0013513682584393,0.9902226979468808,1.9315018883031887,0.0095978261368375,0.0580855468708619,-0.1038735240045429,-3.3987138883540684,0.0640673878885185,1995.4698708768483,2221.3747915449853,2239.092563485805,1934.3812234658683,-0.8595341946469937,-0.1079654599833008,15.516451381800648
0.7000000000000001,0.8375785102017235,0.0002381457068766,0.5541861910908454,0.0089445101343286,-0.1580723908201223,0.0015117138100072,0.9873858565526568,1.863185498428248,0.0040293675149072,0.1344414639921402,-0.1255187861449989,-3.549992930956173,0.0540590679084897,2005.039088306956,2204.982622066849,2228.804750421804,1944.7512258891247,-0.3555492491745307,-0.2213000712226927,15.657502009132502
0.7100000000000003,0.853924397527058,-0.0004349812441712,0.5553223913511508,0.0079614654048262,-0.1776216023285378,0.0005411099710845,0.9840665062153318,1.7980374132289745,0.0017684114497872,0.2007460442539972,-0.1184184160997015,-3.715821303070398,0.047293457281203,2003.848029490975,2156.208261221561,2197.9473675219447,1958.789771731404,-0.1331102288358812,0.0789373919989166,15.4417537038778
0.7200000000000001,0.8691037081155129,-0.0011293409591822,0.5572696562200123,0.0071387648117496,-0.196817733285851,-0.000859625531219,0.980413728456068,1.738412843649707,0.0017222654042322,0.2442676196073067,-0.1123482573832849,-3.787270007518584,0.0402761151992541,1979.8563192932752,2116.6270937412028,2171.3370518770075,1943.2367114753756,0.1514118250170604,-0.049639267076089,15.262983072077006
0.7300000000000003,0.8839952592137453,-0.0014826646790556,0.560775978515222,0.0065777778131891,-0.2153536631637189,-0.001746737636644,0.9765124072476686,1.6665942045491997,-0.0005671200027906,0.2666136116799638,-0.121135869197709,-3.750971717535535,0.0381823046587222,1937.420810857252,2111.5043958483147,2164.7314665563563,1900.375619548049,0.1514118250170604,-0.049639267076089,15.262983072077006
0.7400000000000001,0.9001042242360872,-0.0010739948327143,0.566645489107789,0.0061795761333659,-0.2334273049585412,-0.0012382357899941,0.9723538311287372,1.5692190327078197,-0.0075486881110481,0.2794714714158078,-0.1347876035169562,-3.6835189589241777,0.0592304661739167,1898.2586454719656,2120.416076856785,2166.7839342504235,1860.0597960592293,-0.6018402230434763,-0.0576169382687498,14.311795941476092
0.7500000000000003,0.9188783215232604,0.0004446726762385,0.5754486623315666,0.0056393923123557,-0.251275026345728,0.0011449067805728,0.9678986246388436,1.4642499245547758,-0.0149142099152583,0.3002379211181966,-0.1459074799299618,-3.6470612806573786,0.11435393379785,1873.0587625642024,2101.9135287150607,2147.719392655794,1837.8299425508756,-0.1402070025215556,0.0224222517840049,14.030966379233076
0.7600000000000001,0.9409685521194178,0.0032008994748113,0.5872296323083362,0.0045571972987004,-0.2688555404046951,0.0052489223357356,0.9631554283503744,1.3921685164664062,-0.0141357754341124,0.3466864811890676,-0.1687915987153027,-3.6273607693420336,0.1709644304676331,1844.399530437655,2043.4122448921205,2089.1796356809846,1818.429624167872,-0.0960470520912082,-0.0397654660548928,13.41450738818217
0.7699999999999999,0.9658021056735608,0.0070043008406577,0.6013378735682893,0.0026564807163115,-0.2858704479901808,0.0102898146217347,0.9582093454935344,1.374374763418981,-0.0010232675953534,0.4236877014919593,-0.2212448218683595,-3.579062251264613,0.1482324930524602,1794.6351886447562,1977.195655819095,2004.019759104171,1782.694721575622,0.1012275993337166,0.0136177261578798,12.743685680632876
0.7800000000000001,0.991692608323684,0.0113617547820116,0.6164963656903891,5.338876296147854e-05,-0.3019529446879668,0.0151252228633062,0.9532028346460376,1.387591325678667,0.0191377844343667,0.5119966108041399,-0.2827629714464779,-3.490865349377472,-0.023233998187613,1744.4793512168826,1940.5647505228949,1928.3856868899709,1732.6924265915184,-0.1966952796589796,-0.014583073621479,12.064195527967192
0.7899999999999999,1.0164476692883837,0.0156189807980185,0.6311249083177717,-0.0025333244140766,-0.3167882373741208,0.0187081814865387,0.948308388064915,1.3873083247560056,0.0361488283213905,0.5787749166403305,-0.2669357899543509,-3.366058358171124,-0.3253449171461942,1736.409720844404,1926.348279859621,1901.210865964665,1679.5690043121574,-0.2850701585358317,-0.0986969522111149,11.78923460587822
0.8000000000000002,1.0381675462739752,0.0191696562070669,0.6437958253710935,-0.0037699153249177,-0.3301115913722582,0.0205024283156653,0.9437117014286084,1.350731953901084,0.0436648851412148,0.6044343318557805,-0.040387464179005,-3.1514129986611983,-0.657647886723319,1768.5939673977086,1887.600732748679,1948.759921178637,1620.9111147432627,-0.1486592355401841,-0.1631222912151314,11.504281055585238
0.8100000000000004,1.055834257671208,0.0216331575873782,0.6536139047465344,-0.0020004711823894,-0.3416821159533975,0.0206116498146586,0.9395874039409932,1.287121003984034,0.0422541983156852,0.5954571607259161,0.4949057175996924,-2.748476476798396,-0.9405236372658816,1774.1706210766326,1794.7180739722107,2071.374687371557,1547.8533936402496,0.0616906603667377,-0.1278759657127354,11.52365847185331
0.8200000000000002,1.069447379909876,0.0229279511940989,0.6603633520219523,0.0041696455191426,-0.3513216444223906,0.0195432234889263,0.9360415474925532,1.2122566684268754,0.0354885585708156,0.5703727304057753,1.278868731896568,-2.1541023130374217,-1.2020554280037166,1700.9854319012595,1671.643223846832,2230.027418082379,1466.3932399897303,0.0616906603667377,-0.1278759657127354,11.52365847185331
0.8300000000000004,1.0797469168053793,0.0232327772630822,0.6644103176285867,0.0152040221044256,-0.3590384654715068,0.0177789726598299,0.9330295419518476,1.1294077232456985,0.0259880003877985,0.5401692116301298,2.0365531398820704,-1.584470162239752,-1.539238037830183,1602.2661812837734,1561.3008091185282,2349.5321584807725,1390.0811888757294,-0.6229430812812975,0.4450628257745759,11.174698855660376
0.8400000000000002,1.0877623986563307,0.0228790506371519,0.6664719237953832,0.0302185868629257,-0.365218779311061,0.0154343215937548,0.930303102200292,1.0385659150370248,0.015403383948064,0.5056194589582497,2.412532780118584,-1.3869404668466356,-1.9939628607295927,1606.22863513852,1468.468075648892,2356.233961763417,1314.1096475609795,-0.7311885534345812,1.107922772889382,10.651303423747695
0.85,1.0944357526891555,0.0222303309264204,0.6673855178958213,0.0470849079499156,-0.3708192959684924,0.0121762876296755,0.9274307517008152,0.9505391344206278,0.0055537136325366,0.4673453518315164,2.2350895071831824,-1.76439582323629,-2.475012685331885,1779.6836763021206,1362.62653804476,2234.723040696128,1221.026725350927,-0.5443210168883734,0.9911634384941476,10.455797457146254
0.8600000000000002,1.1004362370525034,0.0215888526895849,0.6679505199448885,0.0630326612794906,-0.3774023173973124,0.0073811710730121,0.9238722275015924,0.8803808839901367,-0.0023081688483821,0.4303050557996802,1.6314007936968418,-2.5925647922641986,-2.78774904423447,2045.3959517560172,1235.3041129425046,2047.5467696428184,1117.537846537616,-0.0920489889477957,0.4412853368280227,9.803197578914457
0.87,1.106143447951484,0.0211456732526146,0.6688391403038787,0.0754441648041418,-0.3868313652146778,0.0004169592138972,0.9190590291315176,0.828743243918647,-0.0088398556602712,0.3969364123140808,0.8429777027069453,-3.534284662872833,-2.735724301789233,2251.552867459879,1129.2573427414775,1881.046929612428,1044.6863622491553,0.3801520356934365,0.0295116144106112,9.000965703216128
0.8800000000000002,1.1117087707208326,0.0209728034204348,0.6705374031493804,0.0824863057559696,-0.40060930288943,-0.009048097153102,0.9124836040932932,0.7773163652975951,-0.0159797660834164,0.3610455301892378,-0.0197321338784262,-4.304041244104408,-2.240527732306861,2304.701606224371,1107.4970083101316,1770.153205658066,1042.8397451250046,0.3801520356934365,0.0295116144106112,9.000965703216128
0.89,1.1171222777495906,0.0210457554104785,0.6732883645181157,0.0834135582383545,-0.4191365691578372,-0.0207933235600655,0.9038442080314176,0.7056066274753778,-0.0245520904275854,0.3135360869853537,-0.9625770014488416,-4.786180897952705,-1.4222480549680303,2216.546460729505,1210.7902887232533,1691.911625287728,1122.8388278053485,0.2918880443606166,-0.4900781615815893,8.865067574542238
0.9000000000000002,1.1222613713762764,0.0212817495519234,0.6770370557268636,0.0785829371371286,-0.4413536569758304,-0.0339643995841759,0.8932402202240165,0.6090725046356393,-0.0327768576773188,0.253480144487954,-1.893554530134651,-4.946517140597351,-0.5625184371813561,2046.7953809396945,1436.6776694269363,1626.181952143323,1275.2465604824065,0.5795948909501121,-0.7696201607206612,8.94762994578435
0.91,1.1269308857059794,0.0215803597316975,0.6814002943072479,0.0692805789589962,-0.4650605639118696,-0.0472521935532444,0.8812979652067096,0.4984884069978336,-0.0374301963319323,0.1894851888161253,-2.547123373891454,-4.732182595316557,0.0631065125469795,1844.739374669332,1729.0388742269945,1594.4485611777,1481.7743682473315,0.542744378189751,-0.9055462227084196,9.132047330942932
0.9200000000000004,1.130905978751647,0.0218574085431771,0.6856979230071668,0.0574093083830198,-0.4877305349619175,-0.0592715686172785,0.86908571368444,0.3859613790745563,-0.0364313366450776,0.1297516190604704,-2.6664667114625447,-4.106877867100842,0.3555610220604778,1645.2341077071887,1989.48187866056,1631.0012201774948,1703.1110672472955,0.5070680912959995,-0.9326750903698702,9.909722527028345
0.93,1.133975299204701,0.0220668001664964,0.6890792016668765,0.0450633601851417,-0.5072831122740311,-0.0689395611718866,0.8578347594238791,0.2777263415743501,-0.0302882805482599,0.074639218334313,-2.221387990998112,-3.157183939471944,0.413521630026579,1476.8847796894947,2133.1979108574856,1733.8446917192666,1878.8242653718976,0.4909501170193069,-0.9151523304028066,10.715232873384371
0.9400000000000004,1.1359759246525516,0.02220750538522,0.6907456656924199,0.0340642802843487,-0.5223923896112395,-0.075676786435338,0.8486570803804023,0.1786017834250273,-0.0214760807514788,0.0205081914792576,-1.4373953779784314,-2.105077227617594,0.4079117185634892,1350.7123360456371,2148.8556931022504,1855.5469622682656,1962.7923097865432,0.2994382952997076,-0.6692688553215436,11.403689847707392
0.95,1.1368173998300766,0.0223153219959196,0.6902081742978081,0.0255846491046325,-0.532322282242091,-0.0794038218748602,0.8424211812569945,0.0939673199791274,-0.0127829653034454,-0.0333784694315388,-0.6451846717935861,-1.1465739607195282,0.4481135083128035,1256.9812799412423,2096.448273838704,1937.4541622461095,1955.0532710167456,0.078741401561345,-0.4214469126610021,11.721061121229113
0.9600000000000004,1.136497559637783,0.022442711083033,0.6874627393849281,0.0199821987081423,-0.5365942579101282,-0.0804201571792631,0.8397618188700472,0.0217195124615294,-0.0057182581869072,-0.0865133356386847,-0.0973295570364734,-0.2368307140306775,0.5449654917564175,1184.187337665699,2050.5440231836883,1950.286975625803,1892.6010859822416,-0.2086268043718222,-0.0379835592207206,11.921936181754475
0.97,1.135110428565404,0.0226341088382415,0.6829892523229435,0.016898852837724,-0.5348074485316346,-0.0792631471007888,0.8410783407504503,-0.052759250038109,0.000319544782524,-0.1437352827404477,0.1298906431040354,0.9160550848101442,0.6559866807118304,1129.1656561804407,2050.47844087908,1907.668358455676,1813.1674487555465,-0.2086268043718222,-0.0379835592207206,11.921936181754475
0.9800000000000004,1.1328405517148596,0.0229063040292696,0.6775694470334644,0.0155724670414642,-0.5267274319965146,-0.0765875067326094,0.8464337330618871,-0.1450162943405414,0.0072272382165888,-0.2131965764666783,0.1190793015042013,2.5462935118269043,0.7395013206489324,1083.9517108264613,2086.097926767954,1843.5314720775243,1726.574340449741,-0.7998002559779818,0.1887578880314848,10.416587229334926
0.99,1.1299359606563752,0.023241958412582,0.6720092803833355,0.0152148278102677,-0.5125173475278668,-0.0730562214436366,0.8554281185500522,-0.2534024123945951,0.0158953368165006,-0.2950656615687661,0.0215762111705551,4.508641788883358,0.7758395125045577,1030.6636252899352,2109.6929180182965,1776.122733165996,1618.491526865692,-1.2298185198817024,0.0559594725709408,9.471035599219633
1.0000000000000004,1.1266582067652082,0.023598830965038,0.6668785296644956,0.0152891960062143,-0.492859618149899,-0.0692316133139167,0.8672154409375858,-0.3572176223632575,0.0246857268518009,-0.3764994086214142,-0.0353815438013304,6.335247886916022,0.7646514544354988,965.5399023966286,2068.086962627649,1697.357676262231,1487.849787118681,-1.418840764835565,-0.0995522710401593,8.667292951404814
1.0100000000000002,1.1232211397389866,0.0239296742698347,0.6623577129100477,0.0155920616256931,-0.4687910532218494,-0.065484228709576,0.880740399790836,-0.4347527300359506,0.0306594864744335,-0.4415010831444337,0.001274411381173,7.619225732240495,0.7188784997884818,919.6730823304706,1944.112383493038,1596.2605954533524,1375.495436943872,-1.5468936444325747,-0.0588761843715971,7.808855347861681
1.02,1.119741019203718,0.0242024086095038,0.6582371006636506,0.016155404425582,-0.4413163639437518,-0.0619550378603436,0.8950644910323698,-0.4812364330483131,0.0323673259466485,-0.4851245817823421,0.1078096319764849,8.262700213118297,0.6594337625514645,936.1720773561916,1772.7331350189957,1481.42502552732,1335.743238644778,-1.4917338361001595,-0.0054230440652139,6.987887056108376
1.0300000000000002,1.116218804814641,0.0244109204874531,0.6540545215902094,0.0170643338484293,-0.411109989788965,-0.0585939264242376,0.9095406184399998,-0.5097745857544522,0.0311243382887123,-0.5172907171252653,0.2122772294868134,8.351204323224183,0.6070217511908588,1024.5341196538534,1610.2087885261117,1373.3443326180522,1378.1873451813185,-1.2826172418016588,0.0258712968743055,6.383567156624197
1.04,1.1125605386131134,0.02457315713965,0.649304146400583,0.01829743431653,-0.3786236384282639,-0.0552650608245791,0.9237180941027576,-0.5381218163373214,0.0295527759286822,-0.5534688653064748,0.2378662310520106,7.932542577271704,0.5735651801013003,1152.585014550989,1488.5684743419365,1281.6938309308484,1459.4222845892184,-1.2826172418016588,0.0258712968743055,6.383567156624197
1.0500000000000005,1.1086231664237762,0.0247203249127046,0.643625947206275,0.0196616877813321,-0.3445718134457518,-0.0518727380152667,0.9371194707523128,-0.575236612819056,0.0292388151006682,-0.6012432730350047,0.1472016329880482,7.046237689445425,0.5588732551084467,1286.005874728703,1406.9726917548917,1202.326501776328,1536.219229222089,-0.1631551925268937,0.0119244415167577,6.352351628093805
1.0600000000000005,1.1042626406451117,0.0248842686970035,0.6369074586121836,0.0208420734688163,-0.3103244018609071,-0.0484391195587711,0.9491670165358476,-0.618269591628759,0.0298861746531019,-0.654523571411526,-0.0311161310252284,5.921349940896544,0.5541325318100101,1416.3155549274663,1363.9173728769017,1142.7478051066903,1604.361659840158,-0.4443021929878084,0.0525120538552921,6.552333646999834
1.0700000000000005,1.0993652632626578,0.0250884043539391,0.6292794845586587,0.0215314642134805,-0.2777069384291971,-0.0450871271757465,0.9593656254839152,-0.660062350182091,0.030239142924515,-0.6998964048826936,-0.2148000427000644,4.9793377740685925,0.549256242233927,1540.6305722831382,1381.3996423954234,1142.5816559515974,1677.443375578704,-0.2749449169352278,-0.0039925490766757,7.221924120918423
1.0800000000000003,1.0938578804262278,0.025343461688506,0.6210351505037348,0.0215624739998553,-0.2482503145862852,-0.0419489057713758,0.967546965437544,-0.6978828147010624,0.0293512684979548,-0.7277553007295031,-0.3194863462685418,4.540968669002572,0.5389675455574926,1638.422794840171,1482.1708685037083,1247.5004018580564,1752.6738028524885,-0.0765185058683548,0.0125932641278933,7.842324130260001
1.0900000000000003,1.0877049448456635,0.0256465503061006,0.6125230432274358,0.0209627688366097,-0.2224884501412849,-0.03907650895346,0.9739263207884064,-0.7346036848137468,0.0272173819413519,-0.737085033416035,-0.3145088130766272,4.557740715816211,0.5233779377366891,1694.548314770931,1645.4068811860484,1450.1112747567238,1818.979673256869,0.0023179915660689,-0.1116218396682114,8.622388422468811
1.1,1.0809022217281647,0.0259822304761045,0.6040567634589643,0.0199122621373796,-0.1998500348108941,-0.0364205677907791,0.9789468870395645,-0.7733732970096802,0.0248089385056511,-0.7316172404679575,-0.2380018151342189,4.684423924484332,0.5041340711728639,1733.4997798526742,1803.3850214320375,1670.8603522247324,1884.6937385781769,-0.3759803565761115,-0.1404583373249391,9.74420947963686
1.1100000000000003,1.0734722868009126,0.0263255718604215,0.5958620434690706,0.0186482504106487,-0.1791444405238808,-0.0338807292088518,0.983062362403466,-0.813660023963629,0.0235654432135118,-0.71424894218025,-0.1611932711211436,4.612279360985491,0.4817108114886944,1802.6577220142983,1895.2932418803105,1819.410145516702,1971.2083640002115,-0.6902616720742922,-0.0840744613863933,10.9515673428559
1.12,1.065463891886752,0.0266474083872626,0.5880662101259417,0.0173834895302226,-0.1592185709121418,-0.0313808804707043,0.9865913547712302,-0.8525921803386455,0.0242634793038863,-0.685403718592472,-0.1349351199483412,4.3129210774415165,0.4563200340708671,1919.7340492128403,1921.367716602944,1875.640592446514,2079.122628210791,-0.75734976511181,-0.0909289901879492,12.252047752442389
1.1300000000000003,1.0569557697602163,0.0269211131512478,0.5807247143282824,0.0162683226575114,-0.1393785223488876,-0.0289162087927961,0.9896831927717088,-0.888056336201233,0.0259677860074311,-0.6445799535983475,-0.1596620286305083,3.980495981636813,0.4293033934328376,2052.7641886740603,1937.2131867671253,1897.6761392916628,2179.157415581644,-0.7285983918973264,-0.0283737828146878,13.352269900952178
1.14,1.0480610608235346,0.0271292029474856,0.5738693479220437,0.0153860163390718,-0.119451928954945,-0.0265469593497493,0.9923657421129768,-0.9193264137695644,0.0263556607068283,-0.5921642657865804,-0.1949527935626269,3.788717597691605,0.4026008248576393,2154.1038665994884,1993.5433230538747,1951.183535412652,2242.527305248644,-0.4731291369431272,0.0047678567216514,14.283559281335233
1.1500000000000004,1.038923320104682,0.0272674339152755,0.5675548991912519,0.0147570485299299,-0.0996090734632601,-0.0243502297831361,0.9946191875848688,-0.9457900421662364,0.023564130394302,-0.5304457429294412,-0.1974189819212979,3.734525930773039,0.3777616020059953,2204.248841944728,2083.5252104258643,2043.6081306587969,2270.199500192732,-0.420324156808979,0.0327167890247138,15.184363957407593
1.16,1.0296966349354428,0.0273443741593986,0.5618833480766018,0.014341276165082,-0.0801244921845022,-0.0223657189345574,0.9964307141827136,-0.966491067543102,0.0178034856697257,-0.4634123870891224,-0.1592266855785705,3.697725153879875,0.3556647202930896,2220.809059633796,2153.85769249356,2129.887536942126,2285.614399666541,-0.6665138835797242,-0.0418761017683386,16.160467497297105
1.1700000000000004,1.020512726961044,0.0273762598757693,0.5569965095987033,0.0140442211028661,-0.0611978935157601,-0.0205710114281971,0.9978148180758132,-0.9809970173998804,0.0109996583137825,-0.3946402827073483,-0.1150211847021282,3.600432447047031,0.336095406862812,2233.513832843285,2168.420173910911,2169.937067992607,2304.3137319288594,-0.776946659426506,-0.0569971039271762,16.8658656556564
1.1800000000000002,1.011449641370227,0.0273793657704514,0.5530404338545519,0.013739471045372,-0.0428742914344957,-0.0188973907301432,0.9988072440130656,-0.9900031487273412,0.0050161527972209,-0.3246474179530184,-0.1063176978015595,3.4742282721142543,0.3175534748280696,2256.95227520164,2149.414399196688,2169.428487403775,2319.95182402477,-0.6919487459517755,-0.0254178717222443,17.024460685169235
1.1900000000000004,1.0025198769188997,0.0273634117303492,0.5501140470314853,0.0133104718926987,-0.0250568131203416,-0.0172676867628942,0.9994482550127868,-0.9944542090581594,0.0005079416531701,-0.251189145502736,-0.1365388156031987,3.3879228632457745,0.2988074552157028,2285.362928447995,2145.293108006736,2165.3124976204213,2321.2225252066746,-0.4722167357506894,0.0424802136232997,16.917689226428873
1.2000000000000002,0.99368664389821,0.0273289337376021,0.5482228034133226,0.0126982720340043,-0.0075780973756129,-0.0156277502810088,0.999768523083554,-0.9938409299381166,-0.0027675696452349,-0.1731929647556898,-0.1669939446054734,3.355050870301315,0.2808722188779111,2306.2608424769323,2169.529979548488,2180.873861377157,2312.5142707940977,-0.4532506277750781,-0.0187723164804313,17.16100277444927
1.2100000000000004,0.9849012002732996,0.0272696186775725,0.547261589524711,0.0119307541401491,0.0097205158176519,-0.0139572695894011,0.9997841583579402,-0.9857757987933397,-0.0052371862921691,-0.0938548421146956,-0.1596720180187641,3.334290956090505,0.2659373590538127,2311.9279649838204,2190.161266303848,2203.2128183605846,2306.881615922852,-0.6574281263903002,-0.0596647409009719,17.325752845790692
1.2200000000000002,0.9761430132173284,0.027178295881955,0.5470395002783879,0.0111135736225953,0.0269424861677436,-0.0122635789406791,0.9994999727623816,-0.9680274069453976,-0.0073535200432271,-0.0189272492947264,-0.1161423538795974,3.2959255567442725,0.2536909611902196,2298.0618342727325,2175.1174308697696,2203.796521628543,2301.525780435797,-0.6715252862040173,-0.0675935564305723,17.165115209552713
1.2300000000000004,0.9674447356156411,0.0270534364546788,0.5473347167388147,0.0103841080834366,0.0441241368968114,-0.0105704305167258,0.9989161610671408,-0.9412873595343528,-0.0095687478580965,0.0473375235373811,-0.068763065036111,3.251107113700296,0.2404757416102012,2261.241140065681,2126.1501213085085,2171.3284767450587,2275.52057307054,-0.6066326503281688,-0.022795747990311,17.008769144107088
1.2400000000000002,0.9588930754422188,0.02690240150802,0.5479510105964256,0.0098511336004426,0.061233619785543,-0.0089101901480047,0.998035073274618,-0.9095129665222904,-0.0118726487041482,0.1032605460431334,-0.0417399809062864,3.216056683231716,0.2235502170382524,2205.120414479903,2064.4208175328845,2117.429345450707,2217.9375178506293,-0.4845984456380794,0.0176416328119808,16.507278829515688
1.2500000000000004,0.9506063545979778,0.0267389903648088,0.5487529455261422,0.0095520272049001,0.0781572878738181,-0.0073226395547389,0.9968683845314974,-0.8769956875882138,-0.0135794100308532,0.1474998603689623,-0.0319290756061907,3.178948789560539,0.2047650067175097,2143.321421286796,2001.718840122657,2056.5025023934886,2144.838367419037,-0.3655744589382843,0.0082612051941452,15.497396504689451
1.2600000000000002,0.9426958741868678,0.0265760746315983,0.54967488402718,0.0094498738263628,0.0946823709271121,-0.0058576013825392,0.99544544653453,-0.8449512004539005,-0.0141685016297897,0.1782143399859128,-0.0250258176102531,3.114672777276437,0.1882640877232901,2087.7092201532523,1936.7838313258064,1992.514468802691,2077.50904131297,-0.4951328335990035,-0.0478319310052918,14.683368193965872
1.27,0.9352233563102764,0.0264176248721621,0.5507102839211774,0.0094665980848235,0.1105067999250096,-0.0045697882695819,0.9938197762804912,-0.8113318999244152,-0.01428822355983,0.1957179459216302,-0.0174630883594026,3.013186793000151,0.1755859827681596,2036.532743727072,1868.7416453097576,1926.008910362255,2016.1150321272987,-0.4424032767751891,0.0561449453929628,13.684374916009332
1.2800000000000002,0.9281706990187516,0.0262554447468168,0.5518883296126745,0.0095274969071458,0.1253013702099615,-0.0034990066036094,0.9920668074172114,-0.7745652417356119,-0.0153414868764622,0.2045079267760053,-0.0168635696404641,2.8818594496277603,0.1648411282770926,1981.5449277314524,1801.9466723422563,1862.455350769576,1950.4559349144945,-0.169305533817917,0.0251447252010389,12.824770660526962
1.29,0.9214367492740412,0.0260731122712958,0.5532449355960205,0.0095903358368806,0.1388231671477736,-0.002646010205548,0.9902672126005128,-0.7372821882888662,-0.0179034917346144,0.2104992686576929,-0.0278145577964978,2.732773312505754,0.1539869835436323,1925.190372998121,1741.2408556305625,1808.317814268388,1886.9295194081835,-0.1425154159302355,0.0265036317243097,11.898934571205428
1.3000000000000005,0.914867305099674,0.0258549449618745,0.5547984795599799,0.0096459974747733,0.1510390562429118,-0.0019643404448248,0.988478780545432,-0.7046566433114455,-0.0209997565314587,0.2159805672866541,-0.0446778597328284,2.5749636541675898,0.1425675367976083,1882.4834203688165,1690.0937069811032,1765.1784214037789,1845.1375156287284,-0.2237459827085035,0.0750174123432884,11.123095568193555
1.31,0.9083124386392748,0.0255947769633717,0.5565386117845224,0.0096956861469328,0.1621747105716692,-0.0013785778269357,0.9867134621785144,-0.6777174436533738,-0.0233512189139213,0.2183370962851675,-0.0582499513147796,2.406069589185571,0.1296791868913941,1863.6251690908052,1651.3936576446,1731.691763245024,1830.6086094392876,-0.0897861763543304,0.1045597360623229,10.686801223950516
1.3200000000000005,0.9016933098471316,0.0252999028114887,0.5584260830798382,0.0097220252797395,0.1726068270849635,-0.0008191769562355,0.9849424827964504,-0.6498722522599611,-0.0251234713469483,0.2138639077806034,-0.0655839802024487,2.2045526894464365,0.1125089733567837,1860.9717899234424,1625.1985406020017,1706.78555152696,1827.0139777757408,-0.0897861763543304,0.1045597360623229,10.686801223950516
1.33,0.895051718086834,0.0249887079368634,0.5603948691914487,0.0096737230342825,0.1826167146818155,-0.0002509812486602,0.9831365579663331,-0.6127927220628641,-0.0278515079329958,0.2020065100787248,-0.0717662155154984,1.943621360244056,0.0891497253330457,1857.7472142744843,1606.8662965090691,1687.8296259172982,1816.0301719164288,0.3551436833592936,0.0473290280576582,10.089265849573652
1.3400000000000003,0.888555432630238,0.0246836807112449,0.5623541352589942,0.0094758016591311,0.1921648984861437,0.0003228177072234,0.981316848302043,-0.565468339435424,-0.0324507394739534,0.1857054306032346,-0.0833152613273547,1.6233129624514564,0.0621609552181678,1845.809264182172,1590.2818785279587,1669.799254824768,1794.3156173176603,0.1255359547689152,0.0065608856873083,9.799662816390128
1.35,0.8824488930140594,0.0244030528531874,0.5641970056535033,0.0090630414800338,0.2008667917974339,0.0008789213604956,0.9795762454905588,-0.5149485253493881,-0.0377793657335488,0.1684808812551326,-0.1008950919987594,1.2808290867362095,0.0372042397842,1829.35586658422,1572.6996569559792,1650.493808150689,1770.122755274539,0.1559048083139176,-0.0266862428222622,9.454038994593192
1.3600000000000003,0.8769686424068219,0.0241543019904788,0.5658210256504492,0.0084201498506456,0.2081917722534096,0.0013931591411257,0.9780507891464966,-0.4682813224931773,-0.0415632427473213,0.1519522920963625,-0.1181866782169036,0.9610167420685134,0.018085762265677,1814.0484022540752,1555.6259605298155,1634.5375136572122,1751.0095554688814,0.1701375773826452,-0.0132580879187265,9.430581840160611
1.37,0.8722642727157192,0.023931576996716,0.5671539713274962,0.0076063380007845,0.2137315863310065,0.0018428324434818,0.97686107333399,-0.4265476026315972,-0.0425156613321845,0.1358670482366452,-0.1271903411794311,0.6815852529379511,0.0045024308161317,1800.7502862964643,1541.9458811732934,1628.2545556241926,1738.0904193301485,0.2469077709966298,-0.0269225107310667,9.35189182824189
1.3800000000000003,0.8683604872946474,0.0237173137887754,0.5681726415132267,0.0067481605573616,0.2173640242316199,0.0021966538534253,0.9760648124027296,-0.3872302849402187,-0.041217914653526,0.1195244524646653,-0.124079686406396,0.431478592268553,-0.0057604091581787,1790.552345101402,1533.3745057859428,1631.3196732251072,1729.261720920264,0.2783992841573823,-0.0272698807292921,9.196784762529004
1.39,0.8651703114494993,0.0234871584221919,0.5689065740031154,0.0059994681975956,0.2192533858696504,0.0024119624947393,0.9756465249274268,-0.3490301445330397,-0.039174602386235,0.1027016546356879,-0.1097873321461893,0.1947036264558093,-0.014237671722078,1787.3313506748975,1529.8511837779056,1636.6192675422428,1724.335431008894,0.3089299375043182,-0.0292183810530601,9.140099229003052
1.4000000000000004,0.8625442940623886,0.0232172859671076,0.5694256773414611,0.0054841305649335,0.2197397021068289,0.0024506781509771,0.975540046234161,-0.3117469548282011,-0.0376534844281024,0.0856284576128315,-0.0868784224382189,-0.0353675808455345,-0.0215661988325776,1791.1106976800756,1529.593614713132,1637.9682645766848,1725.3680319924415,0.3049942326117665,-0.0147772964670364,9.187099740706133
1.41,0.8603295127850111,0.0228928096170964,0.569814882835756,0.0052468720841667,0.2191973567282371,0.0023055572810934,0.9756637092473563,-0.273271926695854,-0.0376367802841779,0.0686792119733067,-0.0599388167394449,-0.2616265605215662,-0.0282489669580411,1794.398632938225,1530.5399461534748,1635.571119936647,1732.1966251813192,0.363621005149835,-0.020971433958755,9.299945639608412
1.4200000000000004,0.8584154894757068,0.0225142643635635,0.570142761133835,0.0052329047342069,0.2179156065177421,0.0020172273700472,0.9759515028615844,-0.230768529805982,-0.0402152230533772,0.0524044587892339,-0.0402528458985939,-0.4859520352401468,-0.0346991369483271,1790.0453223944755,1534.3429860601536,1634.581015418053,1739.3338082537762,0.363621005149835,-0.020971433958755,9.299945639608412
1.4300000000000002,0.8567547011988267,0.0220982169910481,0.5704363206090121,0.0053018232665912,0.2160223473523066,0.0016673662635759,0.976372601010594,-0.1857936372592076,-0.0460401636569255,0.0377724804463594,-0.0444921312155813,-0.6981925705839881,-0.0410014234236996,1780.9553125520033,1547.7540943315353,1640.3551522758578,1739.6058311929037,0.429227069676267,0.0411060662184806,9.342190513475796
1.4400000000000004,0.8553568447739551,0.0216706415544163,0.5706750290880104,0.005269365895167,0.2134646015962155,0.0013488470831845,0.9769356571750148,-0.1446567534275301,-0.053996142636278,0.0257626301233284,-0.081133498321787,-0.8760402308264847,-0.047043437360486,1778.4923169072486,1575.0425263913032,1654.000346077033,1731.4642779217047,0.3836384001260642,-0.0255549074571476,9.31397340240746
1.4500000000000002,0.8542652883705152,0.0212566334930763,0.5708082388991204,0.0049680282787322,0.2100626530431338,0.0011294094714676,0.9776746518785008,-0.1106873543814173,-0.0609072352944083,0.0161495548576412,-0.1364487311984839,-1.010683059713386,-0.0524213041707378,1790.2537698515698,1608.2262593827666,1670.7658720474892,1720.8749444739876,0.3933074427951624,0.0355642350300556,9.387975524932342
1.4600000000000004,0.853528894390943,0.0208725158091254,0.5707866951917,0.0043130597222005,0.2056368463190478,0.0010298920044571,0.9786183241050864,-0.0782738785826594,-0.0635007141504943,0.0070675150530395,-0.1785767103924235,-1.1253989457649451,-0.0559928223479161,1810.479843710536,1630.840588417856,1684.439953211739,1715.6858556760612,0.3933074427951624,0.0355642350300556,9.387975524932342
1.4700000000000002,0.8531807803085583,0.0205238715013983,0.5705913417078483,0.0033463482214794,0.2001527917569839,0.0010271576065751,0.9797584431137694,-0.0384233737847352,-0.0612876065159929,-0.0033731057334529,-0.1812336714345214,-1.2526453659672867,-0.0565348501958031,1824.1543837074173,1635.1327369812243,1694.4872996757867,1720.3366380866155,0.2752517616681516,-0.0935957062234477,9.559364451027855
1.4800000000000004,0.8532295284154715,0.0202084970885125,0.5702459910787986,0.0022247685513591,0.193784871582145,0.0010753268995252,0.9810409357528582,0.0101616742280338,-0.0573591575638973,-0.0149311497595381,-0.1468025921417335,-1.394242509361416,-0.0547566457067691,1821.0821928892049,1631.5679290096425,1705.927894495613,1734.7538674004472,0.3675117674530415,-0.1025366553070852,9.625512337075987
1.4900000000000002,0.8536624090850403,0.019920969997073,0.5698102331693448,0.0011459747153011,0.186831810575042,0.001130310064366,0.9823905962998434,0.0588867106855789,-0.055797344869408,-0.025160027624774,-0.1057413912219766,-1.5184033453250647,-0.0536531747533567,1805.2506590953976,1637.6386494033898,1720.9487735352511,1753.216442657824,0.4145826480220345,-0.0451376241064025,9.742757129219072
1.5000000000000004,0.8544564578605214,0.0196561610987956,0.5693580454104363,0.0002518850650302,0.1795353107306677,0.0011654555859304,0.9837508070990508,0.0986672839640296,-0.0580351089823853,-0.0316031315616378,-0.0901671705921713,-1.5984621875292642,-0.0553184948400723,1790.4312879752524,1659.7518888609538,1734.8531354170532,1764.6632437487417,0.4561595325526424,-0.0397180037939384,9.841780445485258
1.5100000000000002,0.8555912212325727,0.0194108323972074,0.5689526236454274,-0.0004280623804368,0.1719482047876457,0.0011745109777335,0.9851051985229128,0.1289574177559446,-0.0618430449510142,-0.0338947894374543,-0.1056175008132786,-1.6433921412912804,-0.0581109731002515,1787.2562602430287,1688.7193529082028,1742.9227352822031,1761.1657122219235,0.2152543703938376,-0.0197320366704466,9.921315122444968
1.52,0.8570570490788113,0.0191839953935113,0.5686286642247339,-0.000962261133721,0.1639638299910568,0.0011652486191456,0.9864651938633364,0.1563872001727901,-0.0638405429632465,-0.0337581952251567,-0.1283962121148429,-1.6851470819297996,-0.0587620825181185,1793.8283018707866,1710.755589310589,1747.6338486016057,1748.421658839072,0.2152543703938376,-0.0197320366704466,9.921315122444968
1.5300000000000007,0.8588557236913793,0.0189770929746025,0.568388680950404,-0.0014540905855881,0.1554739163316283,0.001149999556029,0.9878382582498492,0.1866006856330874,-0.062673955454059,-0.0332150335342147,-0.1305577170266095,-1.742747820233833,-0.0567245602289879,1798.2402213740677,1719.8338278945405,1755.6376664722088,1742.3625499020598,0.3749494438267269,-0.0357399982594112,10.039999907529806
1.5400000000000005,0.8609941476386309,0.0187941593015433,0.5682110922688683,-0.0019817802916049,0.146509256503158,0.0011383090732743,0.9892066591760396,0.2195277527357236,-0.0595945225734894,-0.0329870282761038,-0.107111031199992,-1.80405980023368,-0.0543680668096691,1791.6465130093618,1720.3054941010394,1769.5762648568689,1752.1795270310822,0.3515904238586316,-0.0636990365802272,10.118534153853002
1.5500000000000005,0.8634741177683857,0.0186410842320904,0.5680616110091764,-0.0025736035629138,0.1372479615679034,0.0011339852025671,0.9905327292359988,0.2516680208137235,-0.056342075629901,-0.0325662146617357,-0.0783695505181704,-1.8401031310764164,-0.0531637760710553,1778.8906881655996,1721.0793179680782,1785.7532491937254,1770.1950208918263,0.4124994794688197,-0.0406938035545827,10.16878300141616
1.56,0.8662820084948152,0.0185231614280694,0.5679016685265201,-0.0032148041531852,0.1279081625088333,0.0011360106636669,0.9917801553155028,0.2803034672904174,-0.0531625322618039,-0.0313953585983239,-0.0654882823136547,-1.8346382780718684,-0.0519524799119529,1773.20645202507,1728.2321178801244,1798.8510561156925,1781.1947941205974,0.3633408616540237,0.0417871196078158,10.225759483333617
1.5700000000000007,0.8693824483469661,0.0184411478291816,0.5676943963796965,-0.0038655357535838,0.1186345067262412,0.0011412935690792,0.9929298106594184,0.3048254506481846,-0.0492291588342135,-0.0294228005647562,-0.0655271576212721,-1.8020267349045864,-0.0494166239815181,1780.3087939852314,1740.369804080599,1806.277819868136,1779.0550477240415,0.3777214485700333,-0.0545355800967928,10.188941387302886
1.5800000000000003,0.8727187234156286,0.0183874280550417,0.5674114335875317,-0.0044768006800981,0.1094671437074504,0.0011471772962499,0.9939796711645836,0.3258446358785433,-0.044537597253958,-0.0266018204592276,-0.0545062982365921,-1.777072571584044,-0.0465691776446784,1792.271485406941,1749.5040863107106,1807.966232633939,1771.3764715572283,0.3287063733684681,-0.0066357886457464,10.30932796270038
1.5900000000000003,0.8762194501005456,0.0183447692980698,0.5670409226687583,-0.0050029011794694,0.1003976073691688,0.0011525028503553,0.9949341501584488,0.3444620699537785,-0.0404292383776419,-0.0228255092005964,-0.016377648796102,-1.7837749820192754,-0.0458843489338669,1798.2466235364398,1748.780292837646,1804.8828375643077,1769.151217077,0.2692616513807131,-0.0425336553899216,10.349561005538106
1.6,0.8798088872968317,0.0182895938666451,0.5665942427927373,-0.0054099832598252,0.0914500091672125,0.0011571416377337,0.9957943005097364,0.3619065997468519,-0.0378070869524077,-0.0189704478955084,0.0351356108356942,-1.811859051451251,-0.0483128351809514,1796.2559948607473,1740.9087612729754,1799.423931520848,1774.3223354960403,0.245473862659415,-0.0635507558651154,10.294351037354422
1.61,0.8834189685042984,0.0181995276005447,0.5661086472109339,-0.0056769079164314,0.08271534284647,0.0011607741826344,0.996556369392919,0.3787944593690405,-0.0354735966399154,-0.0170953787989559,0.0681346412920479,-1.825961960110892,-0.0514638297594513,1791.4502366304987,1736.7719762283105,1795.311177998717,1778.0187156389864,0.2730354971645359,0.0118010049256214,10.29171321547928
1.6200000000000006,0.8870026183295324,0.0180624226266147,0.5656420783611626,-0.0057878527497916,0.0743062776627281,0.0011620195952382,0.9972179940067852,0.3944435063835172,-0.031182207957822,-0.018280036046465,0.0658349972991284,-1.7996377346788024,-0.0513421430396234,1786.485387777853,1743.934252688879,1795.0329658698072,1770.61201221571,0.2979373809605428,0.0251929116130263,10.285983980656924
1.6300000000000003,0.8905471729713279,0.0178826454225545,0.5652565021559758,-0.0057251322430559,0.0662637554568235,0.0011587747793558,0.997785044393114,0.4072747665677604,-0.0244567417059877,-0.0204760460174337,0.0454017596119295,-1.7402965151239649,-0.0468342524355399,1778.9429276456435,1758.0201700789285,1798.395117670431,1752.975732190691,0.2658369638753801,-0.0473333810951727,10.29577978667821
1.64,0.8940836529101202,0.0176811319052676,0.5649930484968926,-0.0054743688824629,0.0584943478508571,0.0011499056614352,0.9982720672601288,0.4161846933085173,-0.0177213393467976,-0.0198440932627156,0.0418449736560381,-1.6813189452623505,-0.0420578839581363,1768.3669744678832,1767.0102556238876,1804.205358452276,1737.1090033704495,0.0447433731245199,-0.0479151975026047,10.200609086741329
1.65,0.8976856390847358,0.0174886104708646,0.5648529201617107,-0.0050440330726067,0.0508043064029847,0.0011374872505887,0.9986952419552368,0.4215108756775534,-0.0142107731982251,-0.0146765264689607,0.0726540247990179,-1.6503413705874117,-0.0426764288567328,1760.5783525137117,1763.4329138383268,1810.9764449505296,1734.8029228323317,0.0447433731245199,-0.0479151975026047,10.200609086741329
1.6600000000000006,0.9014544799200984,0.0173350365608044,0.5647989868746931,-0.0044837344701424,0.0430139987893119,0.0011280092305424,0.999063771552412,0.4246543934046189,-0.0149167476020864,-0.0072488061524673,0.1187254198387892,-1.6436474072605445,-0.0497782536971387,1761.3792812515371,1751.7787334030172,1815.6181203424453,1744.684692367074,0.0097041254560445,-0.0289074756817488,10.154173292981506
1.6700000000000004,0.905493987287312,0.0172400947833351,0.564779126838315,-0.003878563892078,0.0350538407081416,0.0011308473097308,0.999377259185992,0.4269644183488073,-0.0177574299220376,-0.0013044129282143,0.1424219584625347,-1.6293062415833974,-0.0588333527187966,1768.5620852516436,1744.954383731273,1815.504884135613,1750.891635044622,0.1836133380262109,0.0676593027976714,10.338744335602064
1.6800000000000002,0.9098806322216068,0.017208289307562,0.5647564077163661,-0.0033133295503563,0.0269612365579782,0.0011532621933824,0.9996303234480578,0.429089714200729,-0.0195596985787114,0.0018148618082087,0.1262437195126637,-1.576548693176791,-0.0647011565883745,1773.8545002883147,1753.6223150917426,1813.083248609364,1737.8421764872678,0.1227608777631569,0.0544530215638606,10.3399462663707
1.69,0.9146332945010042,0.0172291276758659,0.5647281932398303,-0.0028299218086478,0.0188114440263695,0.0011932343932199,0.9998183321523378,0.4311555760131503,-0.0186695245005931,0.004005423589729,0.0914871148319433,-1.486171376755664,-0.0659867791835941,1771.960531144214,1776.2452951286325,1813.951639903149,1708.6867011768009,0.1227608777631569,0.0544530215638606,10.3399462663707
1.7000000000000006,0.9196886875082988,0.0172807246434542,0.5647262405552788,-0.0024125601271542,0.0106804611875364,0.0012338500092657,0.9999392906154898,0.4332117557421588,-0.0158177877917278,0.0078900567313967,0.0751127376853767,-1.3923667765316807,-0.0642385786659493,1764.963140692876,1797.348193810078,1818.3394902769328,1685.8869463694357,-0.043527418130305,-0.0259929457698439,10.27889102222322
1.7100000000000004,0.9248968719491332,0.0173348572745393,0.5648006809290118,-0.0020130387202629,0.0026707366004537,0.0012441907853748,0.9999936333949389,0.4353410248044079,-0.0128717391723869,0.0144710827128902,0.0893897679769734,-1.3294670643626767,-0.060950986006712,1757.693945461005,1798.909118865017,1818.8095971214616,1688.4808197183702,0.0497212638034074,-0.0647157061182813,10.276050631901704
1.7200000000000002,0.930051653784642,0.017362388848787,0.5649951991012917,-0.0015938316828871,-0.0050626791275056,0.0011907290527354,0.9999852054630316,0.4372649143831885,-0.0110244463822471,0.0230327436125136,0.1102212524508707,-1.2961629055600126,-0.0568999623096384,1751.2451463466227,1778.7248754164093,1809.6802725658576,1710.0265345209357,0.0392165498277592,-0.0039009659320785,10.319388068135844
1.73,0.93495324603261,0.0173388406177211,0.5653232257454265,-0.0011506904270745,-0.0123439091812947,0.0010557727617184,0.999922591584739,0.4378478865509856,-0.0101228149394601,0.0319416352189498,0.1078773659536502,-1.260068011990874,-0.053462206082358,1743.207033640569,1755.4404295681538,1795.517786816938,1725.053170693716,0.1364300724743468,0.0369545253974661,10.285985364294335
1.7400000000000009,0.9394781064900172,0.0172499444626466,0.5657580642833133,-0.0007032453461993,-0.0190374967668921,0.0008565713169252,0.9998181561906208,0.4353597070582554,-0.0094355103931363,0.0391456422914841,0.0836415203638441,-1.1996442265245957,-0.0525474856931095,1733.412675858445,1748.5498818662206,1785.8822807276863,1717.9338571962726,0.1081299207166016,0.0354135178041675,10.091519671442086
1.7500000000000004,0.9436232855925032,0.0170962026011932,0.5662452590967407,-0.0002648312236156,-0.0251032006641236,0.0006493005683141,0.999684619062238,0.4288924434642825,-0.0088000653911557,0.0430882136738388,0.0686010536786265,-1.1306490473122142,-0.0544493885186761,1726.1979281198066,1755.035284545771,1783.3111198240144,1698.7598421509938,0.0798803473458845,-0.0301569167048884,10.080837568703446
1.7600000000000002,0.9475039627883746,0.0168945122375325,0.5667299153699518,0.0001771832725198,-0.0306063664671739,0.0005092481171737,0.9995313699950192,0.4197026682519389,-0.0089658500043981,0.0439282656830654,0.0860471140935411,-1.0823812983530705,-0.0566015655181362,1725.3370340859226,1755.0569417093516,1781.8014179450165,1687.5190102761585,0.0340927301772308,-0.0184673288663338,10.04181602996259
1.77,0.9513031249858374,0.0166749725482702,0.5671792872046784,0.0006522411718965,-0.0356901975670879,0.0004940248435747,0.9993625669988494,0.4104782116574225,-0.0108997939557872,0.0433001765694235,0.1211087015334946,-1.054351162819306,-0.0555427427851404,1728.421505569498,1740.6605677527273,1777.2740391707837,1688.78859555517,0.045925829318281,-0.0003122028046127,10.04183465392808
1.7800000000000007,0.9551921989742872,0.0164728523018774,0.5675861096025955,0.0011769489134338,-0.0405183161642791,0.0006127240137931,0.9991779147958332,0.4026687423289512,-0.014806469960241,0.0424068208818799,0.1320760415053805,-1.0097704710769924,-0.0504943039557233,1728.6463680894856,1727.0023681853247,1773.460279154747,1688.9643546657708,-0.0987701593799725,-0.015899042173951,9.82247454118228
1.7900000000000005,0.959255703498563,0.0163184689014771,0.5679551578332065,0.0017301790514724,-0.0452011518796127,0.0008228377844697,0.9989760684256588,0.3949309965720379,-0.0197647178379506,0.0409601884029154,0.0921352781596026,-0.9172670653445024,-0.0447465730975484,1722.453018128997,1730.4843679177316,1774.6224459202165,1676.6248347388073,-0.0987701593799725,-0.015899042173951,9.82247454118228
1.8000000000000005,0.9634552905360784,0.0162290929078629,0.568286681743457,0.002252405381193,-0.0497383772524729,0.001054667363433,0.99875918427569,0.3848814143143462,-0.0242558609358906,0.0384984869760097,0.0182995883969062,-0.7928900285861344,-0.0428039102439815,1713.7876000129097,1745.867686214791,1777.5294270949078,1658.2634082819127,0.0159396129942652,0.0332659826904497,9.8362012494272
1.81,0.9676526148531616,0.0162056325907936,0.5685682228596223,0.0026683284528204,-0.0540202301549664,0.0012420188811906,0.998535503698477,0.3721460525748667,-0.027155123649807,0.0358824589180582,-0.0426814672269509,-0.6911175461521801,-0.0455843671357942,1709.6172858770915,1753.4708477447962,1775.5331749804536,1650.6828811424934,-0.0633761677609254,-0.0059642485595672,9.854969354858444
1.8200000000000007,0.9716801198934714,0.0162340917979411,0.5687784734130452,0.0029162560887164,-0.0578985838851404,0.0013390806545936,0.9983173124300314,0.358955911978661,-0.0283839097871493,0.0343067708426784,-0.0572325195415549,-0.6511331693443971,-0.0489673181128646,1711.8786292147531,1743.624244839875,1768.126605275348,1661.3637319280374,-0.1114785598614462,-0.0340949544505992,9.79591385123778
1.8300000000000003,0.9754218976358564,0.0162899547159741,0.5689009982426763,0.0029680952825012,-0.061281813433189,0.0013212302865149,0.9981152158459784,0.3476208940070228,-0.0285883423106241,0.033195291860822,-0.0331102588984112,-0.6548920454195423,-0.0480954842619197,1715.1261448888406,1725.4277026516995,1761.8346586011353,1680.5454175302805,-0.053828823633929,-0.0079963523377138,9.701515333812315
1.8400000000000003,0.9788619753234244,0.016343617055322,0.5689407939924583,0.0028353036105782,-0.0641855292978565,0.0011813166646043,0.9979332559711234,0.337837469735995,-0.0281653388520764,0.0305581497552754,-0.0065638207592207,-0.6394688233559508,-0.0428549949450435,1712.4294230415717,1713.5666355655676,1762.2273313030937,1692.117666209921,-0.0174414936007558,-0.0170582822180158,9.699982502324875
1.85,0.982077704693787,0.0163659674164625,0.5689320836879945,0.00256508718065,-0.0667070012241119,0.0009313598785237,0.997768875483806,0.3267754726375447,-0.0268782303090232,0.0258470434473973,-0.0048285096548716,-0.5518652294807197,-0.0380323516887486,1702.9100393431313,1714.486438833905,1768.4047756925338,1688.8940441183186,-0.0174414936007558,-0.0170582822180158,9.699982502324875
1.8600000000000008,0.9851878473645744,0.0163340184505804,0.5689282457948001,0.002229805450193,-0.0689492487641871,0.0006077312717381,0.9976174916896806,0.3117953537088322,-0.024651921025016,0.021291303221563,-0.0218523643239668,-0.3976817646356831,-0.0381397911259156,1692.6042571063176,1725.489555571592,1775.4601564379875,1676.964242136009,-0.1291472891552545,0.0352038900449677,9.758508162620432
1.8700000000000008,0.9882887540826312,0.016236381967851,0.5689780532694942,0.0019073934199927,-0.0709534778205903,0.0002689180411777,0.9974777659269362,0.2928996024469737,-0.022370855882939,0.0195934253640932,-0.0289569472882425,-0.2395465128241304,-0.0429165719422807,1688.170527822636,1739.5215047485967,1779.773349270056,1668.875082017081,-0.1622619751386511,-0.0225670599318952,9.799226700884622
1.8800000000000003,0.9914128593142753,0.0160774292886388,0.5691050474155277,0.0016534349866426,-0.0726833231235991,-2.1101629041644948e-05,0.997353698668219,0.272518817953247,-0.0212325860157363,0.0210441805917038,-0.0080343525018438,-0.1421897702521505,-0.0477077152507682,1691.7180125169816,1748.0267709763573,1781.1576330177325,1673.8547212566236,-0.1181974794131337,-0.0285708760922716,9.81132853068328
1.89,0.9945232903548944,0.0158779825466331,0.5693035692910375,0.00147665255447,-0.074059007819258,-0.0002170818906634,0.9972527441594298,0.2532585990574532,-0.0212534165439489,0.0236743157285348,0.0269770679762937,-0.112902824272604,-0.047529851827643,1702.112328158238,1745.8601681824637,1781.8731765779603,1690.7411942014323,-0.13928972612209,-0.0077522711511364,9.940146646332176
1.9,0.997536216661002,0.0156705955476847,0.5695491565463217,0.0013352502539031,-0.0750073433877288,-0.0003085963123382,0.9971820397063872,0.2360745692809419,-0.0210031492833327,0.0254772316761322,0.0437766530887811,-0.0974967853724714,-0.0412138276906317,1716.9370014910282,1738.2770550748137,1784.730750552668,1707.7676657236525,-0.1508179896145289,0.0316780657807173,10.010441366406228
1.9100000000000008,1.0003554850798506,0.0154896632311773,0.5698117371257551,0.0011613316099468,-0.0754972522573033,-0.0003179285033144,0.997145282861006,0.2203359972221255,-0.0191170839364386,0.0255154911421381,0.0271145013684707,-0.0385215061194151,-0.0327278898578552,1729.9952890388208,1737.6855566920149,1790.269842194599,1712.077753832788,-0.0665185002187587,0.0351690633676979,9.950525461613095
1.9200000000000004,1.0029085295526436,0.0153597493775774,0.5700647018253948,0.0009017545415033,-0.0755518819090774,-0.0002833740325101,0.9971414241108938,0.2052646200313991,-0.015679616978864,0.0235871901337232,-0.0026440382011516,0.0640646954236551,-0.0285212058951863,1732.147950540079,1747.7073186464097,1794.2631747434286,1702.7068360456335,-0.092277607231157,-0.0054258041120337,9.836325964502878
1.93,1.0051752529885247,0.0152871350718592,0.5702899836135373,0.0005532218578184,-0.0752404255644152,-0.0002399650779447,0.997165239427861,0.1911095005434473,-0.0118150963487832,0.020230916036321,-0.0088036473204936,0.1543287497559758,-0.0322420450790962,1721.3275714522983,1755.2960532615832,1790.2689340248903,1693.0249025470334,-0.1372347233273094,-0.0680302353653971,9.972761765623876
1.94,1.0071998155442432,0.0152581386145695,0.5704798530728458,0.0001756724291597,-0.0746532383639506,-0.0002079688567302,0.9972095165460102,0.1786690035297553,-0.0082991680339766,0.016951852700607,0.0248673648556603,0.1826843672325207,-0.0408375357751708,1708.6213098345809,1745.7919239039131,1777.5884002537143,1697.3314662463913,-0.2046219051164779,-0.0548404197200469,9.990429153965882
1.9500000000000008,1.0090771310434865,0.0152444158940915,0.5706351175245878,-0.0001166628670551,-0.0738674863234276,-0.0001923484891899,0.9972680401256688,0.1675784382482186,-0.0050841691293845,0.0152013482920541,0.0773433166276137,0.1616152923295172,-0.046345265029149,1707.1646859073692,1722.7155779634318,1765.4580893935135,1714.6205469072988,-0.228295242633953,0.0360980983304894,9.960684456682063
1.9600000000000004,1.0109163813898223,0.0152125815364319,0.5707617058427698,-0.0001786660497854,-0.0729204913524366,-0.0001897762994825,0.9973377231431276,0.1556587436439044,-0.0021277545574146,0.0148435373576444,0.1092891834173386,0.1538131196619155,-0.0433610516763523,1716.5263744067026,1705.3491311323703,1764.9003964577307,1727.5850337995992,-0.228295242633953,0.0360980983304894,9.960684456682063
1.97,1.0127975557974649,0.0151343148659719,0.5708688531454768,0.0001309343035885,-0.0718083174961961,-0.0001968281113356,0.9974184225555832,0.1407039717858197,-0.0002067345995218,0.0144056607180436,0.1014177542718191,0.2057594751581614,-0.0352331511207164,1724.7932644770704,1707.5650107419349,1774.7607441914502,1719.490719396544,-0.0534137148682876,0.0190441121258386,9.75594165998123
1.98,1.014742727072253,0.0149935304106395,0.5709682966767224,0.0008980969258639,-0.0705083166931424,-0.0002138562252267,0.9975107643351656,0.1228249554200155,-0.0005063273632815,0.0130330880291636,0.0780786879633505,0.2998647288934656,-0.0308212962969016,1724.9279313661568,1724.2284922296876,1780.4902049241794,1693.1601572114623,-0.1436612485507629,0.0335656047233122,9.835358371302208
1.9900000000000009,1.0167152334710967,0.0147888683926817,0.5710702053668149,0.0020803113621791,-0.0690036209497944,-0.0002424155473513,0.9976142109228175,0.1044760698174538,-0.0033215782724895,0.0115186550534889,0.0837315468676836,0.3767356692353991,-0.0333017121259464,1721.571694958924,1737.4819292171371,1771.7912095028116,1672.24902849909,-0.1633458135153545,0.0236758703680126,9.832020918126108
2.0000000000000004,1.0186430964426938,0.0145322734298235,0.5711748790168262,0.0034213548567297,-0.0672891988010957,-0.0002782198003646,0.9977276084430028,0.0882529011362007,-0.0074472053335857,0.0111986800542514,0.113735302899282,0.4002237560108326,-0.0331734904207032,1721.657545617864,1733.3512845308635,1757.4653778557497,1678.5969727435906,-0.1549319961639415,-0.0275940113642041,9.805879634341911
2.01,1.0204509988129564,0.0142464335408205,0.5712667861191723,0.0043903237771582,-0.0653606644689453,-0.000304697066024,0.997852000928498,0.0750756500300878,-0.0111441343765994,0.0125044274333638,0.0630510286215235,0.3922984599459468,-0.0148603954686986,1727.8512579167796,1716.626104476797,1753.1349120011002,1704.8597909790565,-0.143229590875108,-0.0113051773767113,9.73153522900484
2.02,1.0220851190363054,0.0139634309777701,0.5713191587170535,0.0042056631697649,-0.0632044362297524,-0.0002927983334527,0.9979916963118068,0.0642419100921699,-0.0135278226624954,0.0148466201951407,-0.2221965081041459,0.4031206047954917,0.0282407418936552,1744.5925277369383,1713.8993111158366,1754.7499198859118,1715.6198345156,-0.111961495879004,-0.0409507268054931,9.903341089628018
2.0300000000000007,1.023523366278691,0.0137239949948052,0.571309730613253,0.0019941508127582,-0.0608061117658535,-0.0002098696559592,0.9981475823189584,0.0545348850947742,-0.0146296629765555,0.0170363086646552,-0.7976836772284799,0.4545054921566438,0.0854744641923776,1778.3437067364073,1752.8101712139728,1738.7231884410494,1685.0318146878935,-0.120842847737447,-0.0436689934132406,9.94128290620808
2.0400000000000005,1.024772491341419,0.0135741602947817,0.5712394216168738,-0.0029345673091259,-0.0581771268772266,-3.4575047427008345e-05,0.9983019628487092,0.0451344598388827,-0.0142176539533568,0.0172870436460404,-1.521693664860265,0.5183257069550079,0.1365998357668755,1821.29193703864,1825.918027384544,1696.432131257492,1632.5687293131873,-0.1237088989737464,-0.099786640455936,9.87007335691084
2.0500000000000003,1.0258582492422847,0.0135571611359235,0.5711431904904253,-0.0108136835043406,-0.0553814343611785,0.0002310480774064,0.9984066844697868,0.0359432815770984,-0.0111117014513478,0.0140551520498588,-2.137763231260121,0.5474583808031199,0.1681640329682516,1845.4704343989304,1882.867556134485,1655.071791148625,1610.4791874701418,-0.1871550558287651,-0.4803164398326643,9.85860178011082
2.06,1.0268143352666703,0.0137026936504852,0.5710845025975531,-0.0213024336716535,-0.0525389435119839,0.0005619661454962,0.998391481297973,0.0274632957052721,-0.0039989154704208,0.0083529092531699,-2.4790851395613123,0.5219000155407489,0.1824368635837942,1829.5834272175864,1877.5229132167356,1648.8960268612989,1649.5696420143015,-0.178677924171704,-0.8735456387473732,9.820238324630372
2.0700000000000007,1.0276727456213122,0.0140192678865271,0.5711305933741246,-0.0336155449944102,-0.0497964805718075,0.0009243501945822,0.9981930931608916,0.0203553648293579,0.0071814231267983,0.004444257812946,-2.588023624687586,0.4637348097181466,0.1914763420184181,1787.1606130529185,1821.3460476044213,1677.6947107286842,1724.2587499701,-0.1509175561851325,-0.8437244999449565,9.923138325929342
2.0800000000000005,1.028456217606788,0.0144947653665625,0.5713177320749621,-0.0468480168220469,-0.0472782142811007,0.0012933185260797,0.9977817201680044,0.0148671996306997,0.0209137753325445,0.0061930598870037,-2.640936231419388,0.4123214657056326,0.2042698951227836,1754.1016253903929,1772.4389555899634,1709.3893182505997,1778.7403657003754,-0.031726415984464,-0.5540370963890677,10.093055174051788
2.0900000000000003,1.0291738095817429,0.0151060358813778,0.5716282868628229,-0.0603328253889822,-0.0450386983526508,0.0016610152476104,0.9971603215429446,0.0105149960716376,0.0352678247955538,0.0125418125695243,-2.7765157469801887,0.3901045131768978,0.2198903864216325,1751.7671849533117,1772.1692790499485,1718.7628227680098,1782.539182027113,-0.0849595246657882,-0.6209437280928626,10.044980658110337
2.1,1.029821553342268,0.0158337744196846,0.5719986860394215,-0.0738531077615224,-0.0430399527065304,0.0020313009479952,0.9963378717892056,0.0063338393242731,0.0493516375995585,0.0182979690373889,-2.995177864029367,0.3916078172468372,0.2314430109304945,1772.3005842090863,1807.599892790955,1710.6098397450037,1753.8498447598752,-0.0730416223918014,-0.7643376797030802,9.99392552948462
2.1100000000000008,1.03038884992381,0.0166767109103773,0.5723557607840386,-0.0876106378660288,-0.0411654943050889,0.002407585208683,0.9953009503385336,0.0015247353233385,0.0637157567183903,0.0199955796863436,-3.196501827426913,0.3986006246587511,0.234563274592729,1794.2264474952317,1835.0214262170837,1708.4243147749098,1734.5178154115993,-0.0080615953713523,-0.3346576371849643,10.192599637612274
2.120000000000001,1.0308679114853163,0.0176599016596423,0.5726580759552422,-0.1019866530201485,-0.0392690992554443,0.0027815845774034,0.994006500600802,-0.0040959674826068,0.07987733455774,0.0197357064791348,-3.292596613479035,0.3993656114765106,0.2310323977259555,1802.8267154424511,1827.01111793496,1729.8215046332066,1749.7669780341755,-0.1136561044639591,-0.8723756696102642,10.369071944831424
2.1300000000000003,1.031261145151416,0.0188348012384296,0.5729184287331689,-0.117242599058395,-0.0372370077646738,0.0031283584516995,0.9924000159170514,-0.0102567622357449,0.1000844107952046,0.0225254966864422,-3.2844178904127377,0.3936129408781129,0.2249661866122637,1799.4507409382272,1795.2161841288143,1771.4627453910557,1789.47167043278,-0.1136561044639591,-0.8723756696102642,10.369071944831424
2.14,1.031582453986731,0.0202723374405034,0.5731999522019503,-0.1333222035443076,-0.0350333512834142,0.00341304726104,0.9904474773799652,-0.0167084508347524,0.1270424500293275,0.0309356780465823,-3.238820739982809,0.3851636709096069,0.2176012498683929,1798.0556173546197,1774.60620673216,1813.9903242875032,1823.937974683501,-0.0989987979008056,-0.6862603036379742,10.641344667370047
2.15,1.0318518846207267,0.0220527332275576,0.5735927989131667,-0.1498396618327822,-0.0327076572980353,0.0036109964416685,0.9881625603111108,-0.0233081835851918,0.1621443864535097,0.0434506760815888,-3.2072947528364457,0.375639658567982,0.2069571040858861,1811.64262750484,1787.8176197857883,1842.0351639460569,1836.7948756509527,-0.039811578232774,-0.63656070171464,10.94219475733142
2.1600000000000006,1.032086086582901,0.0242558238581227,0.5741824333582932,-0.1662455136336162,-0.0303619147421693,0.0037308279496055,0.985609793099021,-0.0296099584767782,0.2032746724921076,0.0572264111881842,-3.1812936173635844,0.3653605327415129,0.19181489364601,1839.8346756794847,1824.7457549770188,1858.293027540355,1839.928413582019,-0.0128957421965312,-0.8248300572048333,11.162382569714437
2.1700000000000004,1.0322887483738734,0.0269527630376556,0.5750202998317123,-0.1820849255801193,-0.0280937997717363,0.0038210610530699,0.982873958238439,-0.0348095521670741,0.2459710660527218,0.0709437188766678,-3.1275164903304424,0.3558706728039984,0.1747372720056309,1870.748343285784,1857.4176715689289,1876.674571506086,1855.3189904404508,-0.0772371102279692,-1.254356261025099,11.262346269553728
2.18,1.032445939006274,0.0301968307616326,0.5761079563103766,-0.1971992502667002,-0.0259478430263664,0.0039485151902897,0.9800120276630906,-0.0385244126155492,0.2881714581739304,0.0849608356994211,-3.0494466050948104,0.3479423478485263,0.1604664465379879,1895.0396019526504,1871.4961151329464,1903.8629353512572,1887.5802318421631,-0.0579940879191901,-0.8448281447090449,11.508722572369791
2.19,1.03253025918502,0.0340121736987091,0.5774017654878095,-0.2117283213597793,-0.0239056866540071,0.0041571281313122,0.9770273048208378,-0.04145117555362,0.3328150513049234,0.0997925898004437,-2.9912203603300327,0.3384806919578716,0.151203521965201,1915.4669849074464,1878.1085041880704,1930.5253035227684,1919.3330307097904,-0.0286558348332265,-0.5660595011210003,11.866389970012811
2.2000000000000006,1.032513636713058,0.0383858544154648,0.5788343153464119,-0.2259083814123275,-0.0219203984768004,0.0044327652376085,0.973891806070176,-0.0448148784031074,0.3846322569981241,0.1150005350519229,-2.9759859420828327,0.323464930291966,0.1441080758279838,1940.022212967556,1894.4730249796216,1943.0302130586056,1932.568622582316,-0.1193312885460951,-0.8212069336115198,12.101448239440694
2.2100000000000004,1.0323829523057335,0.0432738815025837,0.5803394026233174,-0.2398316775781272,-0.0199660474216029,0.0047001060558225,0.9705977706462569,-0.0491664719950741,0.4454843462504781,0.1293613417572663,-2.96258888126688,0.3048920661962223,0.1343384057832223,1967.1985977564816,1919.1167477485144,1943.490263787412,1929.9702012387147,-0.0901868354672617,-1.1002030668188043,12.224928372901452
2.22,1.0321497212463138,0.0486272429312485,0.5818686170563545,-0.2533547975759813,-0.0180649166564147,0.0048592449268723,0.9671925315417664,-0.053949150652931,0.5137360289131528,0.1417457362249006,-2.8854134756394454,0.2913956852188286,0.1202627867752237,1984.903938543462,1934.00166629155,1951.1114895987037,1930.4915145082516,-0.037235500904756,-0.753694856456506,12.49094105249574
2.23,1.031847839109138,0.0544299882243551,0.5833966977714512,-0.266197018175282,-0.0162759344302006,0.0048423828288035,0.9637690557397824,-0.0581402164932702,0.586266145952084,0.1516596651941822,-2.729375187312578,0.289072815022249,0.1047170958838007,1987.1189937211652,1929.9501134238567,1978.065729465965,1944.3639855464005,-0.0259691158440952,-0.9302825642890946,12.563542029686612
2.2400000000000007,1.0315203784030138,0.060729071275563,0.584919689696318,-0.278125202889139,-0.0146553275084941,0.0046545711262915,0.9604217447877388,-0.0610735522486967,0.659018515424675,0.159183391086348,-2.544795167355809,0.2932658836973839,0.0915457290135133,1983.7432531667264,1918.0853025614388,2010.930694436767,1960.416102265744,-0.0435972283613055,-0.8226210365218201,12.619378330490411
2.2500000000000004,1.0312027442872644,0.0676348685716904,0.5864495196541696,-0.2890951220734387,-0.0132156173935022,0.0043710797713655,0.9571991702419536,-0.0627364103265317,0.7271114430002052,0.1647258298360961,-2.3905993704387845,0.2927289888049598,0.0822610202218524,1986.920049071773,1911.5783502406828,2025.194530616718,1962.4533296023528,-0.0150116552097608,-0.6421919082730954,12.733827281664237
2.26,1.0309111212733626,0.0752827990550588,0.5880054842392793,-0.2992745938462154,-0.011908939838064,0.0040925949495351,0.954083929901712,-0.0636070277731927,0.7883185947716222,0.1686738782838836,-2.2804188134531325,0.2819682302439731,0.0759508918860485,1994.4739872625248,1908.416976246647,2013.9708673261655,1950.384282744819,-0.034570467828568,-0.7834142080462589,12.746421067008786
2.27,1.030641391972286,0.0837652595829595,0.5896030368650377,-0.3089388879682634,-0.0106470468886532,0.0038875022311824,0.9510143485878044,-0.0643355182246443,0.8478932380676553,0.170853091298982,-2.183411814278484,0.2671203755721228,0.0707354360537873,1995.8786820472064,1900.9249958808853,1993.28340271523,1937.656305564666,-0.0479703973266349,-0.306039116962383,12.520335536077669
2.2800000000000007,1.030377199707846,0.093063581246683,0.5912429975517296,-0.3182870049230137,-0.0093486210880854,0.0037579456049391,0.9479408544976416,-0.0653726733306451,0.9168771943371894,0.1702767721585628,-2.0585699357194613,0.2587149924409299,0.0643653054051207,1989.585813762082,1892.0740342963572,1981.3633004945457,1932.875222338808,-0.0479703973266349,-0.306039116962383,12.520335536077669
2.2900000000000005,1.0301008448733835,0.1030230620173638,0.5929063558443691,-0.3272813513256367,-0.0079860051745409,0.0036489003028525,0.9448861446345784,-0.0666544609543675,1.0019141729588714,0.1657657677178515,-1.8790043838848536,0.2588755209674881,0.0543860812219002,1984.111242949334,1890.2792866589643,1981.5519113922385,1932.122407046348,-0.0884856525151928,-0.5786467928695789,12.495730763524827
2.3000000000000003,1.0298004474553828,0.1134047907615875,0.5945584894476476,-0.3356221099176243,-0.0066010135788665,0.0034911847789401,0.9419671106694824,-0.0676480707114897,1.096647502923305,0.1571710372683268,-1.636081506688869,0.2561295154369488,0.0396479546154877,1982.8345173991024,1891.9090560225457,1985.7079209140968,1928.3618225212676,0.0222432938306688,-0.519572283147208,12.188801493771438
2.31,1.0294709349169813,0.124007849067581,0.5961614544653199,-0.3428862325155124,-0.0052782787456773,0.0032495560921263,0.9393564880863948,-0.06786604063531,1.1852256209878376,0.1460424505929455,-1.3420223896032129,0.2351916313822151,0.0226484587635053,1976.7249043085556,1880.6304753976103,1986.4532415685744,1921.7714700326048,-0.0284456177344565,-0.4478375791886213,12.063609827311154
2.3200000000000007,1.0291113507234346,0.1348049599588327,0.5976872965254737,-0.348736906720081,-0.0040931404849675,0.0029465664127578,0.9372070922899884,-0.0673648967586001,1.255417695320009,0.1347122273673541,-1.034600360514657,0.1947034518210527,0.0092981678874595,1955.9987169222304,1848.342501271456,1981.899141871468,1917.4018542002,-0.0883297623854458,-0.5056521810755541,11.915739040485509
2.3300000000000005,1.028722890799796,0.1460125435918134,0.599124094089792,-0.3530565107287229,-0.0030681312091931,0.0026502443312891,0.93559321449438,-0.0666581713520133,1.30905783801911,0.1242007373177992,-0.7598048589567105,0.1540966572892039,0.0045103311755568,1924.6100839879,1810.8290915169223,1972.0301261151817,1915.080290138116,0.0015748945769701,-0.4955553807826707,11.642269024566666
2.3400000000000003,1.0283098123154568,0.1580437092028248,0.6004709981740015,-0.3559202327282335,-0.0021657980361329,0.0024368066313915,0.9345106522811756,-0.0661735438435122,1.3604332110819035,0.1129442305352163,-0.5288141962205619,0.1381118703395238,0.0076119191420787,1897.5425488007052,1793.7885585790427,1956.201639095265,1906.9715965092453,0.0015748945769701,-0.4955553807826707,11.642269024566666
2.35,1.0278813268417104,0.1713562649640704,0.6017254800060727,-0.357445913354408,-0.0013207180861672,0.0023520693468112,0.9339299451777728,-0.0658787358784494,1.424192993562631,0.0978574576442355,-0.2944188549412717,0.1515972321937808,0.0127660157630945,1883.6902832758503,1801.7129067787732,1935.8845422663576,1887.5584009682227,0.03947703993457,-0.1809879509648899,11.26565401035482
2.3600000000000008,1.027450879097966,0.186267759786374,0.6028709408515632,-0.3576357878398559,-0.0004862718617573,0.0023899988413203,0.9338579628087884,-0.0653740605341735,1.504107053288306,0.0766619719054098,0.0151989778503994,0.1710914253886748,0.0139020404315932,1876.2277999826456,1808.9563033160275,1916.562552722251,1862.70748829952,-0.02433132033513,-0.259450479682644,10.93525865041807
2.370000000000001,1.0270316293655262,0.2028248553635936,0.603872997749813,-0.3563166508884065,0.0003374876801291,0.002493016827912,0.9343618759714198,-0.0642583078708456,1.592426757806007,0.0492734373625626,0.4314696292820856,0.1647887916454782,0.0089434714333417,1861.9394675056303,1787.9094224027338,1902.7742026942576,1844.126929678755,-0.02433132033513,-0.259450479682644,10.93525865041807
2.3800000000000003,1.0266308001963291,0.2207775898819418,0.604687688752001,-0.3532047670379228,0.0011112505778752,0.0025694728179059,0.9355418512676372,-0.0624816983567799,1.6776891529293618,0.0178333154648092,0.9121175883647856,0.1231563046181849,1.1938316050383311e-05,1836.1120461243693,1740.0154638768836,1891.020704432687,1834.4585808234751,-0.0123846668226502,-0.1378870280934183,10.260506855102786
2.39,1.0262467376730728,0.2396535308487323,0.6052768405778756,-0.3480430269708195,0.0017881082072378,0.002522089819557,0.9374734626158604,-0.0604667986413761,1.7521063707048812,-0.0138541970209513,1.3727927951549443,0.0699318383193707,-0.0091096284828555,1805.172476548836,1691.4193990369758,1871.4826960771684,1822.129197380778,0.0117576306932606,-0.0360968553949296,10.057883696446837
2.4,1.025870411548444,0.2588884240439308,0.6056200583780731,-0.3407383583004439,0.0023446526512194,0.0022809441123016,0.9401524722515068,-0.0588590125089917,1.814215360935172,-0.0417630958857304,1.753922816059367,0.0414502373957522,-0.0154533809636084,1777.6173293762808,1663.091313198721,1839.888365778615,1794.6199937201677,0.0293715989122799,0.0371122391890894,9.776701206796686
2.4100000000000006,1.0254901743029612,0.2779614833167443,0.6057147673375086,-0.331454290716199,0.0027920635881756,0.0018309501270946,0.943465370412912,-0.0580279729784546,1.8676752649091688,-0.0641677852881613,2.057698074204632,0.0533024854915918,-0.0181161336316104,1756.234396622585,1654.138773854503,1805.1001212505264,1754.477039577294,0.0076875113724349,0.0837244545917466,9.474103955201898
2.4200000000000004,1.0250969258541909,0.2965011286335389,0.605565183006205,-0.3206338821922065,0.0031624976638467,0.001220581219417,0.947197140188022,-0.0577430853941453,1.9177220767386145,-0.0832072368618158,2.324837029749452,0.0861307648440828,-0.0182096344303848,1738.504001181273,1651.3869047222493,1779.9119791437458,1716.8464934105516,-0.0131407309970038,0.0160111106341434,9.267720619528038
2.43,1.0246867994572986,0.3143541777045715,0.6051695879429931,-0.3089240080997931,0.0034819598556286,0.0005444640204712,0.9510801946913064,-0.0573814428854488,1.966977566778622,-0.1029303672569642,2.5863708801602865,0.1040037682750403,-0.0172472303419196,1721.5006301623866,1645.638218894408,1765.313893019625,1692.15011855618,0.0287091109100306,0.0141653545858373,9.039373630168202
2.44,1.0242600519164748,0.3316245531589792,0.604514937350465,-0.2969787077046002,0.0037509394663384,-9.125462525912222e-05,0.9548767298954453,-0.0565097141199736,2.0132032434463527,-0.1248135410090302,2.840361230346981,0.0870144025715273,-0.0149775958770321,1705.154421651,1636.888663647054,1749.726582903304,1677.9406533990073,-0.053568531690783,0.0693899237912463,8.934237205659404
2.4500000000000006,1.023817332126573,0.3486771088007222,0.6035809718316013,-0.2851731883935473,0.0039494165842435,-0.00059954998219,0.9584676808687508,-0.0552509315629748,2.051169923732005,-0.1456673119431925,3.063630046856094,0.046348623552039,-0.0096032331323925,1691.8914837337047,1629.454103887624,1724.3259893997692,1667.9341333632246,-0.037696536911013,0.0198790114525824,8.822191024462606
2.4600000000000004,1.023356340671148,0.3660825807059671,0.6023514334810678,-0.2733494403690444,0.004063372859278,-0.0009249351516429,0.9619057734237288,-0.0540818953765356,2.0782587661063743,-0.1612392366072957,3.2372904867202594,0.0093653733116005,-0.0011624695171312,1684.644958533618,1626.2083284199684,1693.3247760378893,1660.1874445673077,0.0480929614163925,0.0213012481947529,8.606971087437644
2.47,1.0228717739518869,0.3844764707409572,0.6008301512909048,-0.2607755924468752,0.004111763652965,-0.0010429001238145,0.9653901263960468,-0.0533254510936261,2.099376190839201,-0.1720304092786542,3.3649500013824527,-0.0067025722019335,0.0061692322973324,1685.1498231144756,1627.3729605917838,1667.1933126888905,1653.285940765674,0.0516136435947659,-0.0343404075036044,8.52473227170844
2.48,1.0223592596873428,0.4043384988459362,0.5990584083079927,-0.2464464684156286,0.0041521012734505,-0.0009599224955946,0.9691470357016432,-0.0528330341199893,2.125138259795307,-0.1841112040020606,3.471464512262047,-0.0054533273125783,0.0070392872713986,1692.5477340963942,1632.1916029117638,1651.0368126541014,1643.0518783189796,0.0516136435947659,-0.0343404075036044,8.52473227170844
2.4900000000000007,1.021820924451594,0.4257664864042624,0.5971235283354915,-0.2296458836526165,0.004257939866733,-0.000716677882713,0.9732646733763188,-0.0520713806139283,2.162826634591915,-0.2028618390715091,3.582427908199601,-0.0005767340693664,0.0005403910111069,1703.0440881083275,1639.7182708218193,1643.4121517597775,1628.7372653820505,0.0306347924647878,-0.3795572755781289,8.62422002503104
2.5000000000000004,1.0212685379687854,0.4483712887838118,0.5951440426661306,-0.2104517398184552,0.0044795575973077,-0.0003853793471268,0.9775939086624243,-0.0504862906975495,2.2085864557436734,-0.2261433271024781,3.703553406350149,-0.0003511154457568,-0.0085118600797311,1712.7485438730234,1649.1414360072235,1642.759348005328,1617.0961508650705,0.0340268667110096,-0.1400188998734135,8.66630347934574
2.51,1.0207215507453742,0.4713896804983873,0.5932244285313971,-0.1898267323835905,0.0048100350749151,-5.554473389256878e-05,0.981805822018758,-0.0478904388715407,2.249843467380831,-0.2448645653359634,3.8215553856529327,-0.003630977437171,-0.0148148523327762,1722.3369476670068,1661.350533537914,1649.8254322934897,1615.7813425151312,0.0235191563736696,-0.1316605109722068,8.773296015479815
2.52,1.0202007505625776,0.4939919343411863,0.5913925559225395,-0.1691901898224213,0.0051783213474254,0.0001872411751409,0.985569799454416,-0.0446681160844026,2.2760729213731707,-0.2510691303425116,3.921084314963863,-0.0074018272788222,-0.0182342306075915,1737.6385619211503,1679.770189133179,1664.8061504711852,1626.4360427470774,0.0149145299227504,-0.1412669419223542,9.047744572213402
2.5300000000000007,1.0197208000380995,0.515636275663528,0.5895522698736234,-0.1497088840957108,0.0054771094642807,0.000281599397748,0.9887149093629126,-0.0416598385688964,2.287014110273766,-0.2454130085754376,3.992934861995573,-0.0143398019549762,-0.0231078543305568,1763.8511251581049,1708.0728382488287,1685.2028541214167,1645.9151516361326,0.0535700942346726,-0.1234661713869913,9.245907701552442
2.5400000000000005,1.0192850927328363,0.536289051387406,0.587485248668351,-0.1317076089930953,0.0056121135964483,0.0002039378690426,0.991272701290441,-0.0396925228218424,2.291028180505778,-0.2363164131220508,4.028167123989285,-0.0303705054563731,-0.0323263784068054,1799.237909395027,1745.7878113188729,1705.141756785596,1668.3858618561171,0.0098993989386736,-0.134427959600357,9.554646712551875
2.5500000000000003,1.0188849715882184,0.5564003945701489,0.5849148009646382,-0.1145218758254081,0.0055452435657069,-2.8458628155234585e-05,0.9934052493425496,-0.0389976459721197,2.2967395766355887,-0.23181128323957,4.018039223241664,-0.0539405358515651,-0.0432842563315154,1835.1586089394343,1785.7760677524825,1716.4164097691755,1684.7521812514458,0.0036508874753266,-0.1343424881985786,9.87867835102375
2.56,1.018503466967981,0.5766479198384515,0.5816105147400219,-0.0968869024024915,0.005307914266069,-0.0003656643196865,0.9952811765921225,-0.0390100493002212,2.306299443604506,-0.233197973815418,3.96863855452101,-0.0702421928021013,-0.0498120188727789,1862.7496788615344,1818.695843143606,1716.0850626118772,1688.7934896088666,0.0036508874753266,-0.1343424881985786,9.87867835102375
2.5700000000000007,1.0181218338971392,0.5975776283381906,0.5774871455745488,-0.0776621520938846,0.0049787390260726,-0.0007414323553197,0.9969670268208066,-0.0388135401444612,2.315107140733694,-0.2373144210551461,3.909711772571641,-0.0615983579418063,-0.0475846546128485,1880.4561237058751,1843.3967697552123,1715.7137457712804,1688.7088334059597,0.0036244497645567,-0.6899341507199264,10.587957079018326
2.5800000000000005,1.0177260885733057,0.6193278751128567,0.5726504097598418,-0.0564614405580547,0.004640638828609,-0.0010932533744096,0.9983933969124752,-0.0378738401259244,2.3164751972384336,-0.2424941328599951,3.874770521963063,-0.0276445510429713,-0.0378752321308167,1895.1064899727653,1870.122469089256,1735.3812978919004,1704.588797730346,0.001597001002389,-0.2585673354938689,10.888479450258584
2.5900000000000003,1.017311303335514,0.6415742829591236,0.5673673723309973,-0.0338093415402252,0.0043446664759791,-0.0013815846478193,0.9994179023420032,-0.0363697101186914,2.306683161911211,-0.2479803380934558,3.862719528673884,0.0072481665255637,-0.0264103729770899,1915.515240363845,1907.6175265933807,1781.5192793874858,1746.915802840624,-0.0081490182088192,-0.1986104842327455,11.45891939255858
2.6,1.0168830804015792,0.6636993352998135,0.5619756565330202,-0.0108017196487375,0.0041026019508095,-0.0016002093650957,0.999931963105416,-0.0348476360362333,2.2867858432313417,-0.2480261369142885,3.82522646572727,0.014922720261732,-0.0183465086271731,1947.697328173253,1951.1573062576936,1834.854791436788,1801.9420475123552,-0.015168978543199,-0.2913942980994569,11.94207182197566
2.6100000000000008,1.016456649222694,0.6850681288958587,0.5567765406938955,0.0114083149503462,0.0039088234655007,-0.0017694227165587,0.9999257175372376,-0.033639617689259,2.260363690019319,-0.2330237471489628,3.7115364685571386,-0.0034205754494842,-0.0145936115629604,1996.4055704427835,1993.0127555367333,1868.5264682279656,1845.23175630766,-0.0276572031872306,-0.3775807837490826,12.489811267867715
2.620000000000001,1.016053618955146,0.7052673419038853,0.5519675807627449,0.0319709781024335,0.003767237184371,-0.0019132780760596,0.9994798666557392,-0.0326573283755298,2.2297794870451173,-0.2000378241356544,3.5346132949615034,-0.0126917469579095,-0.0134926855527683,2061.793638981224,2038.7933561649825,1879.0685235493447,1868.0731080279093,-0.0140538798035484,-0.0955689615715944,12.904327697255155
2.6300000000000003,1.015695859745126,0.7242256052066819,0.5476483514931656,0.0504456709601123,0.0036984468724346,-0.0020371533031608,0.99871788097467,-0.0316635739554935,2.1952071666574677,-0.1585700725554453,3.374530629118639,0.0148944966435665,-0.0146543413016062,2128.661772060109,2096.733806568339,1892.268189868032,1885.6842571033296,0.0431822490590938,-0.2442805203249609,13.365275922211856
2.64,1.0153970492181088,0.7422065077873017,0.5438834139797805,0.066785646494592,0.0037208066385402,-0.0021237509093127,0.9977581484018726,-0.0306046382131406,2.157817274114488,-0.1222506865017347,3.297157519353075,0.0566878673558278,-0.0186283852772785,2172.1709405673078,2154.2869361225185,1932.104151101153,1919.1110224443896,0.0682378840193612,-0.4063682294469681,14.066109777382684
2.65,1.015154876050803,0.7597028596707773,0.5407650941095411,0.0813195604885884,0.003824752471784,-0.0021511265072127,0.9966784200559488,-0.029620055890768,2.122707179303493,-0.0963381797291415,3.2844077410985726,0.0567249091568139,-0.0228889151162343,2187.0371120971863,2186.906093540646,1988.8552238951931,1971.4871604230293,-0.0456293683158119,-0.5524125254337275,14.625364219690088
2.6600000000000006,1.014948396628132,0.7772659945744014,0.5384229015607547,0.0947565508342864,0.0039671213025926,-0.0021187836679927,0.9954903157632062,-0.0287745436150561,2.09574647470073,-0.0750085823883458,3.272920090378384,-0.005285828692084,-0.0214208632490572,2198.773573696744,2192.712987339204,2029.733062096189,2024.0514276132656,-0.0237178257278138,-0.3371727248434393,15.142988362752725
2.6700000000000004,1.0147435342517657,0.7953019502430665,0.5369733944436206,0.1081196586687691,0.0040898398513317,-0.0020603877439226,0.994127339640996,-0.027869615476328,2.0754171866396884,-0.0482557151202762,3.250949198821821,-0.0787289423868198,-0.0108627841541279,2229.76574348088,2198.3972612585385,2040.726881612112,2056.1210766724216,-0.0438859706960062,-0.0948972787060977,15.400650743529324
2.68,1.014505631842607,0.8138787797681974,0.5364510693488201,0.1224962406597923,0.0041446928653568,-0.002031768795354,0.9924582431824688,-0.0266048147853767,2.0491616876020355,-0.0090297337828728,3.2718582973574266,-0.0952094095294788,0.0039718300951856,2265.8227150070825,2223.612245932947,2042.9509751539435,2066.4919337470337,-0.0438859706960062,-0.0948972787060977,15.400650743529324
2.69,1.014214120019599,0.8326185116512507,0.5367715234710093,0.138630957400606,0.0041058929301461,-0.0020801016930233,0.9903334148004824,-0.024969732210097,2.001922947115516,0.0439548769247678,3.355029107460396,-0.0513554839645986,0.0136277035684112,2276.804637571296,2254.962751173056,2060.917600134431,2071.447941435689,0.0448658808952595,-0.8972614662999034,15.66392656360227
2.7000000000000006,1.013873426871592,0.8507601717332635,0.5377564554005119,0.1565851398404908,0.0039712026997562,-0.0022116113357367,0.9876540043484616,-0.0234024537000165,1.9303824055342127,0.1067694520745722,3.4174976717494525,-0.0143109889629783,0.0139474223212226,2262.662052412846,2265.2248484833835,2087.2364798668946,2082.344745332084,-0.0681385783406031,-0.2048364995406704,15.925377712277273
2.7100000000000004,1.0135163015490156,0.8674285074759759,0.5392208523475401,0.1757188848676986,0.003764075323296,-0.0023765406544297,0.9844303211971536,-0.0224012135376674,1.846197386469784,0.1728089313716585,3.3623519219504203,-0.0352215541046629,0.0103695021300382,2253.421908690132,2248.513771366061,2092.7790297382526,2091.130018912303,-0.1877898741047308,0.0836844087877697,16.132814909339587
2.72,1.0131986617691058,0.8820320951874719,0.5410983265533944,0.1950223811257593,0.0035387673258665,-0.0024846552939871,0.9807892609903122,-0.0219463739444754,1.7628015694981911,0.2347583774590922,3.236111028218463,-0.079790427721979,0.0107085694829789,2259.4960577902903,2222.5355613389183,2069.426593172462,2083.2743589715046,-0.0959122736092797,0.1880862481985872,16.00334424284842
2.73,1.012987415675587,0.8946210472236548,0.5435587402686446,0.2135504046979701,0.0033732741143729,-0.0024514028429751,0.9769231475910396,-0.0214269093942671,1.6817157857881095,0.2840864454589921,3.234736330083651,-0.069884855806811,0.0152956221581964,2246.8968346728,2196.915738484789,2046.409333120785,2061.457364335376,0.1849031465895195,-0.0719682578133111,15.50895080759329
2.7400000000000007,1.0129444656898372,0.9060259446377602,0.5470552698026805,0.2306839161667491,0.0033381642502102,-0.002253219543022,0.9730204059952196,-0.0201556449449909,1.5958358787583775,0.3123584126811923,3.4963512555303717,0.015374113462704,0.0166249157636266,2181.963607411171,2156.760197833283,2052.036760910351,2044.2269523479877,0.1057208988618692,-0.4444041352664882,14.814934156863536
2.7500000000000004,1.0131111421167915,0.9176750971506408,0.5522415428645412,0.2461481453312988,0.0034545891619929,-0.0019554642036873,0.9692240878782532,-0.0178207868147598,1.5052547389572033,0.3194843390626802,3.8962257109739977,0.1076904584563335,0.0083775604710476,2089.1119402609547,2091.038159227081,2068.138063133268,2036.2449951789204,0.0051900289919189,-0.1744827964953605,14.39587827099918
2.76,1.0134969452354206,0.9311122634866538,0.5597416351931984,0.259913695269838,0.0036734011268753,-0.001688157924355,0.9656233878993205,-0.014428902382117,1.4252247208846716,0.3223584929929551,4.100234141537644,0.1223334392690981,-0.007035167198251,2038.3385599142584,2025.45348937928,2043.4700551835328,2013.4626010771533,-0.1362187863909428,0.2235132832956763,14.245730336157727
2.77,1.0140749459880545,0.947379235117292,0.5698352948957746,0.2721396287677631,0.0038958272163683,-0.0015793489638359,0.962248590875193,-0.0100832707437176,1.3754225183236204,0.3486137621532384,3.8706604012262464,0.0458476412107713,-0.0201595823107079,2069.526829504442,2003.4978479214503,1956.3905634152595,1952.0309977165705,-0.1362187863909428,0.2235132832956763,14.245730336157727
2.7800000000000007,1.0147848478391543,0.9665343539937026,0.5822005493059623,0.2832316226466351,0.0040240578410636,-0.0016863841051178,0.9590416106718708,-0.0050954225568595,1.3608082732115103,0.4131035880145898,3.343954566660642,-0.0542122076582387,-0.0228803785820989,2141.693362458484,2030.798464005224,1848.463629061556,1866.0329232778863,0.0429539474554926,-0.5852590881589403,12.907822486935018
2.7900000000000005,1.0155440261529507,0.987563169674152,0.5958709839321154,0.2939752911875608,0.0040074486256862,-0.0019688020633888,0.955802590677142,-0.0002191238802418,1.3633770461313073,0.4993690046498267,2.994438839664032,-0.0984348514598126,-0.0153214974990335,2163.591454178216,2053.8714253566795,1787.7001907631827,1803.0634416530652,0.1403882709213448,-0.7348636408438196,12.229901563743413
2.8000000000000003,1.0162654087520129,1.0087525967723652,0.6094713792195747,0.3055968237612463,0.0038545234804906,-0.0023202085209305,0.9521503770876716,0.0035908651940259,1.3539889475636786,0.5699429597915636,3.272040650597013,-0.0707777884159527,-0.0053212985063406,2073.4966288568635,2004.7898383226363,1804.9339445725973,1800.6256767118657,0.1134463407637116,-1.1238955686443362,11.656161821742566
2.81,1.016877922628559,1.0283369807139175,0.621635400870242,0.3195648854469584,0.0036056554081349,-0.0026366358654948,0.9475538672759786,0.0058331831888891,1.3141353349872813,0.5974008205745708,4.214090916400106,-0.0286569869353604,-0.0010012699054531,1893.98108793492,1866.554955163188,1867.775959351906,1849.666562377823,0.0520409191378877,-0.7267442288435095,11.435521949814008
2.8200000000000007,1.0173428096414676,1.045082647783379,0.6314038030482271,0.3370830547136863,0.0032882834785899,-0.0028740445424506,0.9414647849413288,0.0068032610108002,1.2471699292675318,0.5829502998121222,5.373949901722341,-0.0410480463152995,-0.0031772902484417,1716.1667987395294,1695.2106552979672,1909.32747883304,1898.2985349617231,-0.0022392574864915,-0.0682209903415653,11.260455593727226
2.8300000000000005,1.0176605529537484,1.0585624258476714,0.6384334388014452,0.3584828296779119,0.0028895928293809,-0.0030581715024492,0.9335268387499414,0.0072610539890324,1.169666236515948,0.5462812672928155,6.123817796307227,-0.1184810093405408,-0.0055902042182762,1630.080522124032,1581.345986600319,1880.19811370386,1889.5790564512424,-0.0086911440674929,0.4706865232221968,10.82033708056139
2.8400000000000003,1.0178674564932562,1.0690826514656346,0.6429725588395008,0.3828827235442472,0.0023698240586989,-0.0032466280794898,0.923788213472863,0.0077988716480004,1.0945336938059504,0.5040526724193077,6.0698036307939,-0.2060720170628354,-0.0033634481138743,1661.8584238704138,1585.289252737653,1780.328667092781,1801.4896883688768,-0.0576249549255313,0.7198955076988387,10.118994349176448
2.85,1.0180242848164154,1.077390432786391,0.6456700525436708,0.4083661881483006,0.0017067122160176,-0.0034758880531477,0.9128099811641416,0.008467211047366,1.0234622990254794,0.4606469752674209,5.266614984433236,-0.2420501114993726,0.000257409457673,1766.612054300957,1694.8091091388465,1651.361365485981,1660.89722743344,0.0189247726951236,0.5439059138989011,9.51783190994169
2.8600000000000008,1.01820039513712,1.084334755116343,0.6473270900369488,0.4326258921368888,0.0009335069304229,-0.0037320181821148,0.9015653265614536,0.0089083405269173,0.9525681991668132,0.4142847335951116,4.118751119590538,-0.2151379944675072,-0.0024690484057477,1871.5748206864184,1835.0796006312391,1545.7275402424348,1526.365762073626,0.1435506566131786,0.3703745764311232,9.30449748875346
2.870000000000001,1.0184567494115484,1.0906109158677362,0.6486794967698918,0.4537477568778932,0.0001369383380284,-0.003962844852835,0.8911213442830579,0.0088648249467165,0.8807613665799058,0.3655063103897726,3.082661395900262,-0.1632604385399191,-0.0143080886168024,1925.553072795742,1924.176622389291,1499.1182774360063,1452.9553799850182,0.0968706198767911,-0.0877663814690032,9.3035014710263
2.8800000000000003,1.0188308953828948,1.0966400177550892,0.6502538872982462,0.4707463563610476,-0.0005850704001584,-0.0041183963633612,0.8822587854347603,0.0086422796178946,0.8105650582743524,0.3180013401077324,2.3889034160555798,-0.1264341751403655,-0.0289331289241549,1920.2629748768609,1930.666907164902,1516.5208058124388,1459.211291631072,0.0423347832415872,-0.3224641872782996,9.399846100343924
2.89,1.0193266664979226,1.102567126717448,0.652299943673,0.4836285995639482,-0.0011752178114857,-0.0041890973598621,0.8752625023444219,0.0090330009544379,0.7423116121104657,0.2736216984729179,1.9624496514224232,-0.1115648426249581,-0.0358798208298389,1881.5461812399008,1885.5727040574957,1571.9280812955076,1518.1687920064314,0.0220259243259805,-0.462999395243544,9.54990805373338
2.9,1.019911596308165,1.1083271261533034,0.6547809777964223,0.4930258033420187,-0.0016446992291045,-0.0042171311558954,0.8700029126435249,0.0105560067580381,0.6703598692449017,0.22935747558334,1.5657296449751514,-0.101322715006684,-0.0289699300273332,1846.6704305877608,1843.586383923708,1624.8404718980328,1581.1449797906432,0.0220259243259805,-0.462999395243544,9.54990805373338
2.9100000000000006,1.020525127441024,1.1137289303119249,0.6574058807239773,0.4996435419227788,-0.0020642366338833,-0.0042759090208429,0.8662180940987235,0.0126164053750762,0.5859204501313414,0.1796431224037469,1.016063499077179,-0.0854429979211956,-0.0108491434206659,1842.4270856312755,1835.2664602873756,1647.1638015982942,1614.419384946017,0.0430790954519247,-0.1886128761437242,9.692671699309114
2.9200000000000004,1.0210978528542765,1.1185304580074265,0.6596976067065309,0.5038321192446917,-0.0025275709071095,-0.004430641386723,0.863786534057816,0.0136127646517045,0.4833739818336987,0.1206062176842796,0.2924477203082403,-0.0744253014027503,0.0097342632271002,1871.4897469266969,1852.221477392036,1637.8106955152025,1615.9901699617658,-0.0300543549288319,-0.4822513879861425,9.98611233316726
2.93,1.021575781644927,1.122497349388961,0.6611023553914057,0.5054549450640141,-0.0031072895098982,-0.0047018264381594,0.8628345937028613,0.012251009467522,0.3657167220448983,0.0524620864391206,-0.5112072185426216,-0.0838020733202299,0.02523363220077,1911.505270204244,1868.266323218622,1612.5376403801974,1602.7888448329531,-0.0300543549288319,-0.4822513879861425,9.98611233316726
2.94,1.0219388679479806,1.1254475967016844,0.6611362030540712,0.5040280711178312,-0.0038229129687577,-0.0050509452870434,0.863664041635044,0.0088600443010616,0.2452099386120414,-0.0208887193911944,-1.289935298885361,-0.112003562933222,0.0347708942777031,1930.298912677376,1867.4023203501772,1585.1214664447211,1589.2710623866878,-0.0063423997437571,-0.7137467447306749,9.957794221334956
2.9500000000000006,1.0222051871707076,1.1272838144178494,0.6595377433248223,0.4989826205369012,-0.0046346030520981,-0.0053945146710015,0.866582808546385,0.0052111186293981,0.1356500371582389,-0.0949586172084756,-2.000356236427011,-0.1382533880007845,0.0436817430399953,1910.4624940407748,1852.0088119521824,1560.601250397673,1578.9724982311748,0.0414908844250758,-0.6768945949327714,9.482415780272476
2.9600000000000004,1.0224201972935794,1.1280096456160449,0.6563656812299355,0.4899114298404003,-0.0054633214766057,-0.0056361485468233,0.8717368736377599,0.0029437470938032,0.0417287959639798,-0.1679022582670112,-2.6747086043740818,-0.1411948475466636,0.0584691423854901,1862.235210057344,1831.1615738285357,1538.7900387168463,1568.5067958531722,0.0414908844250758,-0.6768945949327714,9.482415780272476
2.97,1.022638003855583,1.1277233153829935,0.6519849388555604,0.4767188279181045,-0.0062249874832377,-0.0056985800312309,0.8790153211547851,0.0023045003708649,-0.0418676429851368,-0.239598933764953,-3.375079343376033,-0.1171420879769772,0.0813805716071871,1810.0801560599816,1808.03094823171,1515.98890901748,1552.596240183896,0.0372522733059128,-0.9346103132193248,9.290142834567057
2.98,1.0229034812877982,1.126586203299892,0.6469351282800978,0.4596411915909339,-0.0068618037612884,-0.0055432114179678,0.8880609007546632,0.0024181786331467,-0.1211499477328217,-0.3079656270702963,-4.124875800722188,-0.0808004101477532,0.1083910250692351,1767.7517107484978,1779.518007307757,1486.1636014275252,1526.8066469847467,0.0265357559134708,-0.9654028282547262,8.860627965836049
2.9900000000000007,1.0232410492998127,1.1247755835976143,0.6417380413848229,0.439164551125228,-0.0073593894540569,-0.0051747961678122,0.8983615964111902,0.0024647477373193,-0.1965976716663612,-0.368702170905763,-4.877175347264054,-0.0505217847952071,0.1318931116532422,1730.373912344865,1743.8224484882555,1447.5135040457317,1490.4844719365265,0.0304852893621544,-1.0908061194178589,8.387184417495126
3.0000000000000004,1.0236516976387786,1.1224387177450432,0.6367312247014577,0.4159215400104925,-0.0077454520061363,-0.0046337265333367,0.9093557109882442,0.0023484678184673,-0.2658087609873935,-0.4191901370079312,-5.52988826100305,-0.0333428229889165,0.1457583306705796,1687.62426306032,1703.6383293043427,1408.1416272596507,1449.5279611962978,-0.0056185410979772,-1.0703567020357574,8.051149753824175
3.01,1.0241171135272265,1.119664484102995,0.6319963635471922,0.3906403789880999,-0.0080708442657401,-0.0039793908259449,0.920499386325448,0.0023846658643045,-0.3277588343414332,-0.4610136560388848,-5.958615668074273,-0.0232235959063022,0.1485190035794688,1635.5149152297406,1660.495793169041,1383.862623925285,1417.7613581666346,0.0231081705789185,-1.1331537338006696,7.8691070677762465
3.02,1.0246084045894903,1.116480881065403,0.6274004433556938,0.364141935073842,-0.0083805506376298,-0.0032703609563037,0.9313000173042538,0.0026784080987427,-0.383178154236124,-0.4981400042762809,-6.064618175790123,-0.0122855449642103,0.1425801688010912,1575.0054721437314,1609.5706949825485,1391.5499645165123,1414.3739742318824,-0.0130531772071925,-1.1774152122428507,7.458058119151655
3.0300000000000007,1.0250961662852949,1.1128767070406578,0.6227143696220163,0.3373217148435914,-0.0086893617748124,-0.0025494584972478,0.9413458747709558,0.0029637636247067,-0.4334126669546556,-0.5331656715854309,-5.840933755916839,-0.0013613342290519,0.131462088236523,1510.8084911137717,1546.3102501940489,1440.338258554907,1452.5951698110396,0.004611331175339,-1.1472875765332162,7.402477858694166
3.0400000000000005,1.0255586165993926,1.108836650383896,0.6177440967204463,0.3110711578411774,-0.0089758075645214,-0.0018395203506876,0.9503424571189028,0.0029565339052475,-0.4805637687863467,-0.5651901208668046,-5.410371229398754,0.0026223206694587,0.1184962041359429,1458.7144848884063,1481.0365141718007,1521.5353320513143,1524.6595235655125,-0.0015947670710417,-0.972453799672778,7.611567705822498
3.0500000000000003,1.0259855298687437,1.1043731973939337,0.6124156840322501,0.2861549361017246,-0.0091955410758522,-0.0011492772082116,0.9581385462086572,0.0026964725527759,-0.5276810854002894,-0.590753128804174,-4.975864830464151,-0.0008175678737294,0.1072958694925487,1446.227853773456,1443.3038510959636,1608.3687433964824,1601.3179187133708,-0.0027131471576463,-0.7497203658021969,8.039959400894627
3.06,1.026377581768336,1.0995387503689318,0.6067897091291323,0.2630969314863882,-0.0093033455691336,-0.0004829148450984,0.9647244265576156,0.0024806082807227,-0.5770763788401969,-0.6067632770050335,-4.697092385502129,0.0008608285417181,0.1009704814206991,1494.3836360031405,1464.1683824093038,1674.8265083766564,1654.469268301454,0.0456763029063324,-0.5508995862306745,8.570308804083066
3.0700000000000007,1.0267427637789823,1.094409006603077,0.6010176511622152,0.2421061797727015,-0.0092723330423095,0.0001545282834805,0.9702054409643508,0.0025307926161158,-0.6278480804762829,-0.6130452827689885,-4.59189635076984,0.022798899709579,0.099253764697532,1596.7603584777703,1548.3546435175317,1719.4679554529732,1683.8397738281767,-0.0090678722074067,-0.517826095524359,9.138827393303128
3.0800000000000005,1.0270924870219993,1.0890428958944636,0.5952728669762883,0.2230336880323002,-0.0091054079946564,0.0007601471775257,0.974767914800354,0.0027926080289528,-0.6758569502955792,-0.612330531226797,-4.553190374521454,0.0634609332370745,0.0977378400763686,1720.367650706737,1664.284798608059,1766.6700680098388,1718.0896705638577,0.0158874022051666,-0.6086238461303259,9.7183530425928
3.0900000000000003,1.02743894962463,1.0834394579726336,0.5896895680819243,0.2053565095887551,-0.0088372419134413,0.0013420957526904,0.9786464151591612,0.0030322292174843,-0.7175185065370324,-0.6070330429084771,-4.465606264872152,0.0994115053213689,0.0922450415160861,1828.9666475085687,1766.098243863884,1838.5179902786456,1785.3668047570864,0.0101060291044521,-0.7969551795320013,10.483895232502704
3.1,1.0277931704413752,1.0775184006048717,0.5843331316958364,0.1882426958593069,-0.0085246836061283,0.0019259398898577,0.982083656304582,0.0030931159314611,-0.7541624821160096,-0.5953297421832647,-4.308782345813455,0.1063017129479908,0.0840185844698358,1906.340809647223,1828.6607690548465,1926.6552040861604,1882.629685970356,-0.0917099240904962,-0.7505713333003494,11.486757444969015
3.1100000000000008,1.0281621446322284,1.0711408988073037,0.5792095081669325,0.1707681242492698,-0.0082274378128468,0.0025489057148002,0.9852735965644664,0.0030746496581719,-0.7914528876899506,-0.5715170407054495,-4.152549268186137,0.0863425581638251,0.0787356435320018,1960.903067445637,1862.36667680206,2000.086101719914,1976.4417907310292,-0.0917099240904962,-0.7505713333003494,11.486757444969015
3.120000000000001,1.0285451832185484,1.064163299014906,0.5743030634398273,0.1522449328395,-0.0079891441361669,0.0032398469446012,0.9883051944578876,0.0032488230124054,-0.8330257082521801,-0.5318070918914297,-4.06319586413808,0.0675312674966059,0.0795432868969115,2011.9450027810408,1896.314281838716,2043.6333274344877,2035.6364743545748,-0.0088198468668807,-0.1140782865061957,13.552220852352912
3.1300000000000003,1.0289320688264425,1.056495992678652,0.5696189703770405,0.1324663764201462,-0.007830846442365,0.0039959130839558,0.991148510386177,0.0037267038713217,-0.8753790787227342,-0.4787404389162129,-4.026401778352256,0.069418309325076,0.0826279356354795,2070.263442833018,1948.0608582105572,2078.657671186649,2062.1569351872654,0.0499908792187892,-0.7009154544431082,14.316521948916847
3.14,1.0293058498163834,1.048141261989051,0.5652086229433414,0.1116922228782324,-0.0077580843798783,0.0047744061410644,0.9937010941532036,0.0041789497884564,-0.9108377604122572,-0.4179900891537438,-3.96676231100349,0.075304574701064,0.0816801795290137,2128.5955328952155,2007.2180897550147,2135.5340226837634,2085.770237027212,0.0166961106372695,-0.268845587735834,15.53179418888702
3.15,1.0296496643926638,1.0392035959627637,0.5611720642895324,0.0904217987375422,-0.0077697490893271,0.0055094373033942,0.995858009664408,0.003982854401531,-0.9351836555576928,-0.3525873529796378,-3.837455909837721,0.0510347830101054,0.0759658338342825,2171.247002717701,2048.674781080511,2211.099398258582,2127.4175972035964,0.0166961106372695,-0.268845587735834,15.53179418888702
3.1600000000000006,1.029953096015544,1.029879419975668,0.5576436305991519,0.0691618294264276,-0.0078571727880208,0.0061433484988883,0.9975555951702092,0.0027713224751073,-0.9506918493416407,-0.283310578406647,-3.675307178952287,-0.0061001475399917,0.0706136740538554,2192.6387725249224,2063.1610890144484,2267.8866725491616,2174.2165328657666,-0.0733280630984441,-0.8128676846679914,16.051091513616285
3.1700000000000004,1.0302136103154202,1.02042987638644,0.5547666333574323,0.0483174992221305,-0.0079969095780047,0.0066510157630543,0.9987778695462972,0.000840355377033,-0.962175174886147,-0.212877872949075,-3.556421825388871,-0.0509688356187161,0.0679065952783471,2200.610466436949,2067.9412337413078,2278.488653562006,2195.2554590889404,-0.001186639065635,-0.5731454120075281,16.335466639942755
3.18,1.030432906852884,1.0111364903299125,0.5526587628012121,0.0281834613036955,-0.0081528571179427,0.0070417446518315,0.9995447149887872,-0.0010926831526931,-0.971844562332723,-0.1455220310812068,-3.509271998290251,-0.0371176505494091,0.0625476551191939,2201.561446967632,2081.166743823024,2257.8814091907634,2176.81766193788,0.0475276830868496,-0.6730332154502936,16.38330986541917
3.19,1.0306122419498542,1.002246603780001,0.5513733784512584,0.0089742885662863,-0.0082953209990403,0.0073420190122071,0.999898367110916,-0.0025808988480226,-0.9778921456080149,-0.0829486850528471,-3.493838272290936,0.0236773993015323,0.0495851071404446,2192.9676073726937,2094.8176842160324,2241.4373020901267,2135.84038221413,0.0983174106470493,-0.6968010924492782,16.28261263988139
3.2000000000000006,1.030750934541255,0.993922793518194,0.5508717735303335,-0.0091432767551683,-0.00842310776645,0.0075775414511045,0.999894010688778,-0.0038274697150665,-0.9767461503202504,-0.0244562387620869,-3.464821660435481,0.0646311978090564,0.0340955761627734,2173.4608178840635,2084.6964365065933,2237.870272346259,2100.236803042957,-0.0482090737910636,-0.7284666317016684,15.882497842839502
3.2100000000000004,1.030848728096964,0.9862087568276168,0.5510258138275089,-0.0260622592608501,-0.0085638024897738,0.0077688512052196,0.9995934497985106,-0.0053528727758237,-0.9666830446285944,0.0285115559234814,-3.428015728098133,0.0345547073542145,0.0272291675544741,2147.9931032127924,2042.031312202484,2219.2110602851144,2080.0570972582605,-0.0721453619891844,-0.657687918460782,15.324390199442009
3.22,1.03090922612557,0.9790191183404992,0.551657686778866,-0.0418201923030027,-0.008748696200073,0.0079396898354772,0.9990553003492124,-0.0074118373826282,-0.9499880348223878,0.0709349309472545,-3.4180388842311578,-0.0442260932610125,0.0329571627865145,2116.626078261489,1983.03376940172,2160.806861064755,2059.346975284097,-0.0861405813843125,-0.5720064075562832,14.865296349082763
3.23,1.0309411544859788,0.9721589778307153,0.5525983618967608,-0.0567210773269139,-0.0089830104168502,0.0081215275704947,0.9983166159594092,-0.0098577580389498,-0.9312416292254438,0.0990561566783403,-3.4348082558659287,-0.0987617768318892,0.0432940756361943,2069.2892013670557,1928.2728072327825,2079.155992295531,2016.7477081111308,0.0597774697540121,-0.530774528532699,14.222334148446617
3.2400000000000007,1.0309562587249994,0.96537745893059,0.5537310032869199,-0.071355586514496,-0.0092352486025559,0.0083420232786193,0.9973733007776177,-0.0125021104481209,-0.9126176518085132,0.1154452814270152,-3.4251711513975005,-0.081457048429633,0.0472230244681478,2001.4902971360189,1883.6594903162231,2018.6037709211328,1952.9153501043008,0.0936777264292719,-0.5407411992459878,13.626773700150345
3.2500000000000004,1.0309649406469064,0.9584497244460446,0.5549967971001565,-0.0864041414232282,-0.0094515153419496,0.0086058652472171,0.9961781629236822,-0.0153801134503695,-0.8913461740758106,0.1273833400653452,-3.3332200358631536,-0.0135227422521401,0.0412469111113578,1928.8571518004512,1844.2373305699143,2002.478441693064,1892.979715511584,0.0936777264292719,-0.5407411992459878,13.626773700150345
3.26,1.0309718497082885,0.9512623655134518,0.556368983164437,-0.1022730249047299,-0.0095790898330502,0.008886226734579,0.9946705506795848,-0.0185269180871037,-0.863104001824312,0.1400594785496581,-3.1579131302560284,0.0450549972828717,0.030467220372555,1875.6879332325668,1806.6315007298144,2007.4974139053704,1859.2131580373052,-0.0258267861181717,-0.1066135859229304,12.090000326572182
3.27,1.0309735393296278,0.9438622269496192,0.5578205670710346,-0.1188060325230882,-0.0095834889935648,0.0091376020741779,0.9928291834969232,-0.0215982925954198,-0.827627492166244,0.1525958957741285,-2.950185133818158,0.0583869044709421,0.0217284338407924,1849.4521112789605,1770.6410588596325,1991.2564449281003,1846.3570578156143,-0.049756405102978,-0.3208435492713644,11.672942208935254
3.2800000000000007,1.030959430057408,0.9364398545588688,0.5593076719040925,-0.1353071667633659,-0.009455427144832,0.0093214620349934,0.9907147298115184,-0.0239424473099871,-0.7894412190509401,0.1608779728712125,-2.7553238356144307,0.04307038580807,0.0173952480639337,1833.1745831518667,1733.9999169360956,1939.56563315825,1830.6833436024024,0.0085235515884655,-0.1871139395202719,11.242384486344772
3.2900000000000005,1.0309160549252838,0.9292557471919448,0.5607728808709753,-0.1508641917543721,-0.0092117681133427,0.0094246805881117,0.988466648081936,-0.0251804834419929,-0.7530156348284177,0.162526523283977,-2.5700625989615027,0.0391430234811481,0.0149504330311576,1805.1816012157208,1693.2695534766226,1878.958442834611,1800.4471994392015,0.0804875692100983,-0.1812165648487913,10.743204455092858
3.3000000000000003,1.0308331742431425,0.9225505478516632,0.5621595570950569,-0.1647287244985526,-0.0088920269031504,0.00945790510756,0.986253480203548,-0.0256942375635191,-0.7185870584796568,0.15818225516756,-2.358994563083195,0.0622831063179419,0.0104995338260793,1763.1885552096735,1649.4659784234768,1843.2867986405429,1767.41300292596,0.1032350729814272,-0.1789318307754355,10.263996086112948
3.31,1.0307091937840327,0.9164818442834272,0.5634258724070095,-0.1765178139293773,-0.0085473972663157,0.0094383242706393,0.984215078832126,-0.0264404609895905,-0.682868191954744,0.1495900540063915,-2.0979324188647857,0.0907592003323929,0.0015759814791801,1725.250383397883,1609.2104064886666,1837.6038819836776,1747.3258753987743,0.0334227487939853,-0.2215240694130864,10.047311002583417
3.3200000000000007,1.030552976124537,0.911105251846432,0.5645508362208438,-0.1861915684172627,-0.0082222955432344,0.0093722559458421,0.982434351254477,-0.0281804948697769,-0.6427676114878641,0.138385079003495,-1.789893460110721,0.0959289174518748,-0.0123113640327153,1707.3961742656168,1579.9351636600154,1840.9144024488648,1740.591502712777,0.0008689907424192,-0.0510241642141271,10.01696092213708
3.3300000000000005,1.0303803124696445,0.9063908777581764,0.5655296879650279,-0.1939156397509228,-0.0079373605643989,0.0092506440433318,0.9809424797367298,-0.0308264992310036,-0.5984424534248641,0.1264736865368161,-1.4527247694417742,0.0754069699901366,-0.0299108299512494,1705.7482945617498,1564.4577774475206,1837.1756038840156,1738.2651903074834,-0.0329786413841188,0.0221136525494292,9.967154483185428
3.3400000000000003,1.0302061741378197,0.9022547396976754,0.5663626020801984,-0.199934645530716,-0.0076853991356412,0.0090593427343597,0.979737209901642,-0.0335067229175205,-0.5539314487412186,0.1159877669411986,-1.1143012220698718,0.0513443612166871,-0.0483765174117247,1704.5144429082757,1559.6983534139442,1831.6137665756733,1736.8909243937965,0.0763333470959909,0.087116549038134,9.764402692592354
3.35,1.0300369371825675,0.898588351218,0.5670459453792436,-0.2045112038816882,-0.0074415640932006,0.0087945811214432,0.9787964272276476,-0.0352688923824966,-0.5150365193903322,0.1081262877792422,-0.8188701242235266,0.042478600295412,-0.0638851431612652,1697.5432470561936,1560.5198350403607,1835.3864417663424,1737.529247912306,0.0775781084931897,0.1609167841258552,9.675717200382056
3.3600000000000008,1.0298674414869036,0.8952805688592164,0.5675734336329636,-0.2079116606000837,-0.0071770318666744,0.0084703199608963,0.978084600267206,-0.0358129190186605,-0.4849284878164882,0.1022715622241667,-0.6105261881265203,0.0470122890395881,-0.072925379157947,1695.017358707143,1564.657087664329,1844.5144552921424,1736.554487291728,0.0193151647268547,0.1689491535886063,9.736756260891678
3.370000000000001,1.029684816162138,0.8922352664702671,0.5679455726858681,-0.2103922270140746,-0.0068665125086185,0.0081118998228344,0.9775592866416294,-0.0356803802845415,-0.4600180232269543,0.0962155743150852,-0.4885117842431033,0.0531259823577519,-0.0739262494729884,1707.9650512132034,1572.9164767277352,1842.5185838664283,1728.4415113744835,0.0197173290434241,0.1983120317190811,9.821724976861798
3.3800000000000003,1.0294764835187116,0.8893899817827456,0.568178499441197,-0.2121581464884716,-0.0064919186597361,0.0077430283787736,0.9771831053503828,-0.0357353059651116,-0.4306656847054367,0.0872138163242157,-0.3863672418779544,0.057709029247303,-0.0688175244743366,1731.5701143858855,1584.5638466971864,1821.8850053234137,1715.7838705054085,0.0197173290434241,0.1983120317190811,9.821724976861798
3.39,1.029237137177836,0.8867334743759532,0.5683045029838868,-0.2133074512457076,-0.0060503406836771,0.0073776573482008,0.9769385317371426,-0.0362846354815709,-0.3884306344161201,0.0737084734629009,-0.2176841715578083,0.0675393098502954,-0.0629872997796896,1748.586253353788,1594.6271433740612,1795.4789112229082,1707.811168016629,0.0501746766613283,0.2204998666679705,9.475725300298729
3.4,1.028970599566147,0.8843117661017452,0.5683627770749093,-0.2137983579478906,-0.005565924521549,0.0070206342317443,0.9768367280758796,-0.0366071343568023,-0.3336888361401695,0.056929001637541,0.0494874437283906,0.0831742468711742,-0.061990061224157,1748.1568870430133,1597.2049978323817,1783.7917892971805,1708.9113449892202,-0.0128648412593023,0.1212946198078563,9.45561223650616
3.4100000000000006,1.028686103554482,0.8822135638744399,0.568383931271288,-0.213472059433344,-0.0050941862483196,0.006672552848355,0.9769131006114312,-0.035589685473017,-0.2750328921362268,0.0404104459679026,0.3700538676674713,0.0891749869715732,-0.0671476242490088,1736.4493143593843,1590.4634198557906,1793.694727576089,1715.0436752740588,-0.0012270762751578,0.2574612569038073,9.520722388116216
3.4200000000000004,1.02839187455035,0.8805383278499141,0.5683747686562461,-0.2121253967085478,-0.0047078848456837,0.0063344270514927,0.9772105847387504,-0.0332387728823907,-0.221088018508666,0.0271463080655445,0.6703188151843695,0.0672710162979685,-0.0749548977138644,1727.4803406235676,1578.1988276077964,1812.1793595467457,1721.6478651170842,-0.005995878155423,0.2691248203336589,9.607713575904809
3.43,1.0280900602880354,0.8793619443195937,0.5683118366830409,-0.2095955828852072,-0.0044651722338439,0.0060109321265438,0.977759491166873,-0.0315357287132607,-0.1742521133683872,0.017291919307841,0.9062581460880932,0.020486518679272,-0.081135411988979,1727.8281007443495,1568.6628635207594,1820.2130592706903,1728.7339684377885,0.0279073501436054,0.3513750629211407,9.598499579677291
3.44,1.0277760430649605,0.8787149925136198,0.5681499797531772,-0.2058191232088421,-0.0043747845269399,0.0057099829517262,0.9785636136075044,-0.0330816404362393,-0.1319684150183203,0.0088995216929261,1.07713843739103,-0.0202709862995299,-0.0844694619617603,1733.5521771992949,1571.571518637081,1810.798816568279,1736.0049316124102,0.0466476222110608,0.3166265940306365,9.70952412816378
3.4500000000000006,1.027442562258876,0.8785790271583426,0.5678436788114742,-0.2008511326818106,-0.0043819645118839,0.0054367299590728,0.9795968879364624,-0.0382512140963507,-0.0915766739618896,0.0004038835556749,1.2045689366223449,-0.0198565913842909,-0.0863240347604291,1738.9122317225278,1591.577455755027,1793.4391767849463,1738.2138408505075,0.0450424673106615,0.3293362233008343,9.698040275450529
3.4600000000000004,1.0270859503399183,0.8788970335065637,0.5673704657307175,-0.1948548502535597,-0.0043928147346326,0.0051865290605933,0.9808085391286484,-0.0440326718899092,-0.0526375810585416,-0.0081398213379021,1.312755857672696,0.0267399598754569,-0.0874584498424782,1742.8794068907146,1621.7496876159153,1783.4447807141144,1730.2756800242132,0.0465900798701702,0.3020991335019727,9.73562761069337
3.47,1.0267102873647609,0.8795910009270449,0.5667447538356107,-0.188079267605789,-0.0043288814528145,0.0049452779716613,0.9821318618739648,-0.0465611548498753,-0.0157156659623237,-0.0158667530476197,1.4194458454363663,0.0835881937870782,-0.0867090680718519,1747.3157057470012,1646.14060099699,1787.839714129031,1715.793655947716,0.0826165660833049,0.3335288269640912,9.681230348498715
3.48,1.0263268506213945,0.8805810022521865,0.5660164385723339,-0.1808328351515501,-0.0041749211480017,0.0046981093502605,0.9834937638505864,-0.044891286186513,0.0192587422842571,-0.022177381468599,1.5284659194671013,0.1019393912136494,-0.0832524341700846,1753.6551549083797,1652.8945559319811,1799.1438794230748,1706.3660396461623,-0.0245088335237287,0.3393720630765879,9.765180056505995
3.4900000000000007,1.025949540882063,0.881802328310863,0.5652551228173182,-0.1734426074260802,-0.0039814697515347,0.0044371710531535,0.9848259345391476,-0.0416476708212094,0.0525692613624396,-0.0266796590005797,1.6264343615144494,0.0651479816722583,-0.0789330952334631,1763.1928251759266,1646.1528883177784,1802.2315444085625,1710.4375008900508,-0.012710466239305,0.2743866274862023,9.853172538771702
3.5000000000000004,1.0255891896581637,0.8832177478359239,0.5645250330499447,-0.1661825297079549,-0.0038183678902273,0.0041608296357199,0.9860788378133172,-0.0399752095653626,0.0830765734903559,-0.0288437586055435,1.6937052278210798,0.0067352174848896,-0.0766316380300705,1777.0331978228346,1643.5327106594652,1790.241608401447,1723.780390781201,0.0181893965992067,0.3075514621840258,9.864944960822632
3.51,1.025249474483995,0.8848212673976409,0.563859884759835,-0.1591795801594236,-0.0037164827136385,0.003868901658789,0.9872350685710388,-0.0405716770167009,0.1081696504020796,-0.0285963512082648,1.7231647894172395,-0.0205330605514411,-0.076432821427104,1793.0382280234303,1659.4123584595857,1773.5464276250132,1733.10674882985,0.0616746318072927,0.3582023758113886,9.977318805864352
3.52,1.0249256385139005,0.8866303133477857,0.5632500160933428,-0.1523509235566027,-0.0036443266076594,0.0035643925207377,0.988313315746067,-0.0418144971845382,0.1263612525024903,-0.0270624894373827,1.7269509272041978,0.0039230545988401,-0.0752462925202465,1805.3721119189547,1690.0318615157648,1768.658274548141,1729.9343220910198,0.0958088464816648,0.2816452863116683,9.942262737110417
3.5300000000000007,1.0246059521697548,0.8886672283061651,0.5626498001192219,-0.1454419753681772,-0.0035360466773523,0.0032622454560495,0.9893550858662844,-0.0420175824501218,0.1399884804880993,-0.0258919740941568,1.7241728128026217,0.050060092700893,-0.0708307029671642,1810.5119952974535,1717.031575781244,1778.131015821834,1719.414810717349,0.0891669309858824,0.0412528709722543,10.012386710228242
3.5400000000000005,1.024275270780559,0.8909376683320349,0.5620013835406935,-0.1381802862919069,-0.0033455877378147,0.0029921979204492,0.9903969215797168,-0.0409999563921502,0.1546013267043343,-0.0257211213408775,1.7244168100363415,0.0709199867287342,-0.0645906543306238,1812.3225804730084,1726.7349296729617,1787.0210428390258,1714.0774128849637,-0.0071175491347953,0.0446949482377898,10.186927682976666
3.5500000000000003,1.023919713593073,0.8934184034457422,0.5612614583254463,-0.1304608373461098,-0.0030842105579567,0.0027847861733989,0.9914447551579232,-0.0396805834419505,0.1749824107189883,-0.0259267325860162,1.724470937018466,0.0505973368238079,-0.0594145027608719,1817.5369989357555,1723.463098206212,1781.5189135506714,1719.8456888610422,-0.0388307786825386,0.2177041467062141,10.282628202518742
3.56,1.0235312328670716,0.8960646171000496,0.5604192053713585,-0.1224318811184727,-0.0028158236174812,0.0026470865662063,0.992469394266573,-0.0387785790762817,0.2014156072334156,-0.026063507962738,1.7194107220405983,0.0151545609208627,-0.0560963082655497,1826.6776693390548,1721.6994230830123,1766.181803105052,1730.4598171232335,0.0081721459551232,0.2072445448601834,10.239069305886945
3.5700000000000007,1.0231106207832306,0.8988363333674723,0.5595012030518429,-0.1144131697254122,-0.0026176969125112,0.0025486555030465,0.9934265340785824,-0.0383956939053442,0.2296468435191521,-0.0267419269288543,1.7136753431994942,-0.0003578214332656,-0.0532822073237648,1832.811782267592,1728.1455233839415,1758.0381955223122,1736.1554919241682,0.0498682197352543,0.169986209279207,10.179578719446855
3.5800000000000005,1.0226675035528778,0.9017313972576254,0.5585636949174559,-0.1066947014216066,-0.0025352020144693,0.0024329007842679,0.9942856201479904,-0.0387922941256427,0.2544703284001702,-0.0284319827487087,1.7186423717834962,0.0124709629021893,-0.0501387515112531,1829.738667989036,1736.434743671881,1765.958459059405,1734.7736712604246,0.0491159077505993,0.1300791034329425,10.21017912431295
3.5900000000000003,1.0222167205659918,0.9048064492690028,0.5576736987547203,-0.0993397927239178,-0.0025563378790955,0.0022496374117652,0.9950477424976816,-0.0408631887057482,0.2736352340266367,-0.0299781300672531,1.7393252484516408,0.0349137645806224,-0.047269377919807,1819.44665289966,1739.0412404927374,1781.4742107123036,1731.5335778745484,-0.0264767575760251,-0.0117355571181614,10.411067574178327
3.6,1.0217722364307125,0.908171031099868,0.5568844499326635,-0.0921108990398555,-0.0026149032965989,0.0019876611008644,0.9957433372923804,-0.0451749969000109,0.2888556086281133,-0.0292698535223097,1.7660321992974843,0.0484470949826533,-0.0446671547008693,1811.2500059452157,1738.7841505594467,1790.512450422979,1730.9335021114923,-0.0264767575760251,-0.0117355571181614,10.411067574178327
3.6100000000000008,1.021341302629981,0.91195150735301,0.5562170843956521,-0.0845661409037033,-0.0026163886384744,0.0016844647710182,0.9964130091992892,-0.05070208862202,0.3038681708194321,-0.0252097546423999,1.78146041276151,0.0534292641966511,-0.0402966483875823,1813.899509286476,1745.166793258305,1789.0601127507944,1733.551860779893,-0.0241459312919386,0.1702537290285442,10.410784658125149
3.620000000000001,1.0209218104607571,0.9162357664204658,0.5556596764960579,-0.0762809479687871,-0.0024740581112635,0.0014054013060847,0.997082303955202,-0.0552281713262453,0.3217558503975083,-0.0182161563733081,1.776367186952739,0.0605213017329142,-0.0321729502380419,1827.1621466510649,1761.5583123452966,1784.4324178924087,1738.89720839285,-0.0241459312919386,0.1702537290285442,10.410784658125149
3.63,1.0205043050268787,0.921020840840484,0.555183124564062,-0.0670797716150852,-0.0021412155221861,0.0012063422561186,0.9977445886470728,-0.0572029974290195,0.3430277102734959,-0.0091232545929038,1.7573685352637227,0.0724452607400327,-0.0215075110660599,1841.2749132621448,1780.1178065116424,1784.7047787734346,1746.582832963149,-0.0266362327275964,-0.0628251434127531,10.61645898068472
3.64,1.020077560419732,0.926188724723793,0.5547614737768625,-0.0571515468349409,-0.001627216947244,0.0011050291282936,0.998363576944795,-0.0568340887023215,0.3651692831722905,0.0011809513107167,1.7386740099234694,0.0811986353498483,-0.0123589346610686,1847.019907657838,1790.364034544502,1790.9133809781192,1754.5979498860152,-0.0447340984142447,0.0210299785347856,10.52575713839826
3.650000000000001,1.0196345040639794,0.9315266707094724,0.5543838608762489,-0.0469844476538272,-0.0009913188465842,0.0010781148388545,0.9988945473041704,-0.0553551444086983,0.3845096849814069,0.0109338588881419,1.7269994994628068,0.0803155193890818,-0.007785410961692,1845.388755578418,1789.8476754513542,1798.1087418359662,1758.5204875793377,-0.0321034753712638,0.0449990309299649,10.516533909524776
3.6600000000000006,1.0191751939683045,0.936788081185372,0.5540542257190596,-0.037164856596734,-0.0003193854854475,0.0010822503485335,0.9993085110021024,-0.0537618151175796,0.3993093184879785,0.0177535684179742,1.715944429631885,0.072583122097784,-0.0073644949653459,1844.1782558610707,1784.3179042476315,1800.6277756157267,1753.3621126255389,-0.0414531777792448,0.0816479587889065,10.524298687369988
3.67,1.018705485447985,0.9417699835246698,0.5537819768800644,-0.0281601560177502,0.0003033293812219,0.0010839122051241,0.9996027904816362,-0.0524474146665648,0.410706528153767,0.0207855930442376,1.694343433750627,0.0646250590782513,-0.0089414049856695,1847.2886555547352,1779.8897110032494,1796.6179117418574,1738.264790643956,0.007045403303042,0.0747828371675412,10.650644033374578
3.68,1.018232427863642,0.9463763716572834,0.5535680899041648,-0.0201829757172822,0.0008119243818718,0.0010806154242378,0.9997953893373878,-0.0515457312495595,0.4203788598393681,0.0220565765826967,1.6579977533917316,0.0586365102813293,-0.0114752978251231,1852.1529836175823,1778.1977266776937,1789.2636963216626,1720.594795720488,-0.019281317082282,0.1048954595436227,10.6172207808578
3.69,1.0177589066781498,0.9506449770423504,0.5533928410199841,-0.0131588476648214,0.0011722626979321,0.0011026958287874,0.9999121234339596,-0.051079903113978,0.4280330269179172,0.0246419932851454,1.6135185680543265,0.0518447275092593,-0.0146862239116545,1855.842431069577,1777.6023988760655,1783.4236366303276,1712.138610927193,-0.0441423709625871,0.0276798834357951,10.45628057443175
3.7000000000000006,1.0172802149654256,0.9547295628363648,0.5532151171893505,-0.0067753388403944,0.0013863989861044,0.0011949040052393,0.999975372139668,-0.0508131577894616,0.4318554133680861,0.0294742930927927,1.5726081360133093,0.0425622237535825,-0.0165215421524973,1858.008652853394,1775.4202668839876,1780.8644132317247,1718.104387127556,-0.0280635406552901,0.0392022244417204,10.275525347123851
3.71,1.0167842785418482,0.958843964216127,0.5529905802342088,-0.0005917805393502,0.0014933889384152,0.0013870982802147,0.9999977477692802,-0.0503559246532028,0.4310920310278456,0.0345728329993445,1.5417647641588832,0.0352031031230782,-0.0133503043114392,1857.9427670127443,1769.562071887034,1779.9764745929406,1730.9965662021616,-0.0280635406552901,0.0392022244417204,10.275525347123851
3.72,1.0162555121376582,0.963186575688322,0.5527030839433421,0.0058166000172276,0.0015606068230701,0.0016715867106993,0.9999804685434872,-0.0496239576419556,0.4274767271664863,0.0373875061135536,1.5146041542800806,0.0376947220676171,-0.0042415492312539,1854.06136387844,1761.7269326905866,1779.7824348015629,1736.7391155496643,0.0350438991290369,-0.1285770499034971,10.452390726693674
3.73,1.0156805875951374,0.9678717374974828,0.5523907070368538,0.0127249482636154,0.0016576960869707,0.0019984375342542,0.9999156634350684,-0.0490276477009061,0.4239199670211057,0.0374812633311144,1.4745334208563103,0.0513210887825825,0.0058662250263009,1848.124374694651,1758.5246944583987,1781.4545050677334,1726.515957159328,0.0523967737626181,-0.0332799041745696,10.359431695907714
3.7400000000000007,1.0150539771842226,0.9728914717456476,0.5521466690919535,0.0201775854020153,0.0018285604564963,0.0022989731458837,0.9997920964562962,-0.0490055574005973,0.4220453426526348,0.0370881574321654,1.4094408458998269,0.0638224179934787,0.009538432923357,1845.6283675957684,1764.402050973124,1784.672423142205,1704.0074848949905,0.0523967737626181,-0.0332799041745696,10.359431695907714
3.75,1.0143820127334235,0.9781184701030452,0.5520873963335361,0.0279794135577397,0.0020715418195584,0.0025174065814823,0.9996031831659792,-0.0494565073142163,0.4210554124947986,0.0394840215752524,1.3258898456846218,0.0585545396125097,0.0043651562251976,1848.4687696081364,1772.8978553531365,1785.2479899222872,1683.0906371382775,-0.0871925204100117,-0.1669451623178154,10.32405769033006
3.76,1.0136846148595675,0.983348502333752,0.552298076179079,0.0357520367565125,0.0023463001384728,0.002632892745597,0.9993544689544402,-0.0498540906700178,0.4186684053044455,0.0465527977238318,1.2450483862203678,0.0342915982743883,-0.004060198069442,1850.3409545677,1771.503901616025,1779.7216147656472,1676.5840180623452,-0.0535867261393466,-0.1044853617112593,10.378323040263766
3.77,1.012993169562142,0.9883705866411518,0.5527820004178023,0.0430589658148018,0.0026049958487377,0.0026593397967338,0.999065597131356,-0.049887098534207,0.4130223004230341,0.0571563836713912,1.182023969009582,0.0114332380922158,-0.007851979146219,1844.16247112952,1758.0556816321807,1771.362663518987,1683.874995946897,-0.0083302596389978,-0.0598399816975262,10.298716173361845
3.7800000000000007,1.0123434268009113,0.9930421495848314,0.5534442169497699,0.0495721563640935,0.0028271713959768,0.002628254441541,0.9987630853680478,-0.0497357623088388,0.4040277057044864,0.0675492870773561,1.132469403826378,0.0126585325997815,-0.0047823399880027,1832.0011562384457,1745.3646202989355,1767.3378898371743,1690.7944431820488,0.0634802951876981,-0.0313648379704118,10.29284289373747
3.790000000000001,1.0117650710260624,0.9973382461713244,0.5541244485444113,0.0552032048886843,0.0030323080415743,0.0025697309917247,0.9984672291871122,-0.0496438691835795,0.3931602792006233,0.0737644063248854,1.07996502993771,0.0387252017288258,0.0006705879019217,1822.4122159754556,1744.6059171741788,1768.970930816718,1684.8975894155387,0.0509391351298057,0.0021411410974654,10.184927681438246
3.8,1.0112724081557511,1.0013503360758795,0.5546650813133671,0.0601191442995934,0.0032601496890565,0.002503949630067,0.9981827438645388,-0.0494021875902661,0.3817829505272287,0.074148564790683,1.0103699528272123,0.0673406162012621,0.0033464694623692,1819.5969325298304,1750.6548855956453,1769.0702630363455,1669.0636160647207,-0.0038344790829904,-0.0305320178626158,10.176673342932624
3.81,1.0108605248889997,1.0052329965584397,0.5549788801012874,0.06462399146666,0.0035341621217232,0.0024455612537785,0.9979004302309769,-0.0484332305163287,0.3696432530234125,0.0700023307281666,0.9185371913080402,0.0748152119547586,0.0023968801460886,1820.8808390224008,1750.4774878559058,1761.4207194025323,1656.200773495348,-0.0038344790829904,-0.0305320178626158,10.176673342932624
3.8200000000000007,1.0105084002876892,1.009124384448532,0.5550838580437863,0.0689695558748729,0.0038364724685276,0.0024138715083182,0.9976084678197968,-0.0464186728826997,0.3554026077599518,0.0640876715636982,0.8101743016291278,0.0562576950908651,0.0002305100982772,1823.4312712552803,1740.4494743234384,1749.5297650232262,1653.1444953122468,-0.0034942771142244,-0.222982958345087,9.921912891495024
3.830000000000001,1.0101870446976629,1.0130814552915317,0.5550932881394067,0.0732093533021794,0.004112846087813,0.0024379150188957,0.9973051346786976,-0.0437617358106254,0.3386947164788962,0.0587427154604771,0.7003307873970337,0.026547726131712,-0.0012987407602814,1827.005338273168,1727.76008946013,1742.5236659622678,1655.2817459681355,-0.0287668460042086,-0.1283415509846712,9.851923760919076
3.84,1.0098688405877825,1.0170620856920498,0.5551688804865605,0.0771863618187389,0.0043029727961175,0.0025490054460593,0.9970041386802456,-0.041342981273577,0.3211443569247577,0.05534850891856,0.6023268712329254,0.0052937677347706,-0.0024777611266551,1830.265438421765,1718.6502820532123,1743.98681979386,1655.494817712994,-0.0349659113042142,-0.1624516077612776,9.810649159779512
3.85,1.0095344837905786,1.0209574317522274,0.5554549853940065,0.0806518044091857,0.0043747717500538,0.0027625491677578,0.9967289080486094,-0.0398559851989822,0.3051965935387011,0.054807431339295,0.5154513190835726,0.0011624137824369,-0.0046573983176817,1830.27795047653,1713.2913757546544,1748.151449130307,1652.678578106924,0.0058703069371671,-0.1624128278879957,9.918196770024975
3.8600000000000008,1.0091754798216337,1.024650023005166,0.5560160957749074,0.0834225571230205,0.0043431719843976,0.0030608058922639,0.9965000979866788,-0.0394365159531441,0.2923574470919569,0.0573826011377762,0.4307526004351392,0.0084143776247965,-0.0086415013083821,1826.398768117364,1710.6877354713092,1747.6375007986585,1651.2852322768658,0.0309548728879239,-0.186840274140327,9.876948013627674
3.870000000000001,1.008792041946523,1.0280648901616944,0.5568029875453637,0.0854764473998347,0.0042668617341616,0.0033912583363057,0.9963252833275592,-0.0397803244513513,0.2825591639194275,0.0618402485445346,0.3505549663635546,0.0163183537093883,-0.0137853413310232,1820.394430953422,1710.754909333984,1742.832874683074,1655.8858518300742,0.001118296028848,-0.1309329220843482,9.802276508823269
3.88,1.0083881501411538,1.0311920476499117,0.5576666222566928,0.0869481245003412,0.0042271847820749,0.0036860978292493,0.9961970524135696,-0.0404036469948466,0.2744871222109551,0.0655643338765943,0.2928185739961824,0.0201081953639745,-0.0182927024176929,1813.037663834867,1710.1688910612438,1741.1560826337895,1665.744034155574,1.7086790803477747e-05,-0.1473691038325064,9.779943475452384
3.89,1.007966938721376,1.034076295251808,0.5584175919409632,0.0880529907422835,0.0042972602515632,0.0038921850210534,0.996098918416957,-0.0408552633341926,0.2661014992040385,0.0661120330644541,0.2697418943451106,0.0218711077834516,-0.0205992609662473,1804.8993857278804,1703.052242713267,1746.863509466465,1673.313837271056,0.0157618598696601,-0.1918063699370009,9.851414648481963
3.900000000000001,1.007529284159351,1.0367849399813758,0.558904394182635,0.0889912660215067,0.0045109723878326,0.0039922069386876,0.99601419065381,-0.0409032211940591,0.255445456626483,0.0626859508542926,0.2668668446015104,0.022950895528097,-0.0204975253399567,1799.3587299579635,1689.9200404307355,1754.4803456471411,1670.812041411403,0.0157618598696601,-0.1918063699370009,9.851414648481963
3.9100000000000006,1.007076123619231,1.039371864514382,0.5590745404451004,0.0898780624295423,0.0048438819088658,0.0040051332143859,0.9959329443340548,-0.0405773152750464,0.2418021345444366,0.056303234872178,0.2509408843924303,0.0203678362186367,-0.0188802441983411,1799.2871519893656,1680.931151664322,1754.7959569040236,1659.92014732483,0.020509365886579,-0.1293722831452721,9.71731470079902
3.92,1.0066122864770548,1.0418550993856253,0.5589928978514305,0.0907265790263198,0.0052177712639606,0.0039695292480245,0.9958542591959764,-0.0399837480804595,0.226183660747968,0.0490837425878632,0.1992176945397423,0.0129027587845963,-0.0168044760169935,1801.044741871203,1684.6093184080833,1746.1538863992412,1651.039043893209,-0.0568250078044707,-0.1453294889686285,9.658088268090331
3.93,1.0061486637536738,1.0442151640797146,0.5588117600042409,0.0914839951525564,0.0055316933503306,0.0039227638131509,0.9957834558395068,-0.0391263662244302,0.2103089993279489,0.0434892047323177,0.1176165283864444,0.0066414267060728,-0.0150973650241547,1797.5967908153116,1696.4833009722786,1737.2078228267656,1650.7756772899413,-0.037259903494761,-0.1286328607352795,9.69724119029895
3.94,1.0057008787691548,1.046409665772057,0.5587062618960987,0.0920896138035424,0.0057072402666407,0.0038876902321251,0.9957267779379604,-0.0379827434538348,0.1950162936320559,0.0414147370468605,0.0316340268204847,0.0083965299430761,-0.0144955760139805,1788.658922996313,1705.1407005226622,1738.3038909577815,1654.8120130185505,0.0043296558608934,-0.1594840753841255,9.789069895545694
3.9500000000000006,1.005284903940227,1.048394123656199,0.5588025935282465,0.0925123738732298,0.0057260902473786,0.0038708301911646,0.9956875459924412,-0.0366982052899941,0.1799362556793547,0.042998379282946,-0.0343071540365018,0.0132829154312656,-0.0156296063076315,1782.651738715199,1707.4000970465884,1751.5391936597894,1656.2612505912575,0.0061433288239358,-0.2176565582548446,9.756409937997669
3.96,1.0049117384877209,1.0501405506171202,0.5591310744654604,0.092744071041056,0.0056418015870178,0.0038689420853789,0.9956664796249416,-0.035551439131541,0.1647106689512748,0.0463206680306621,-0.0696596735712618,0.006406251254165,-0.018618626878943,1786.5796220243583,1709.50477155325,1769.003107811066,1656.2450039577514,0.0154117646619689,-0.1937980120076277,9.753987982571635
3.97,1.004583574653921,1.0516486034577988,0.5596248498359263,0.0927620472738539,0.0055598397879715,0.0038774948731593,0.9956652327969496,-0.0346266896537879,0.1498607738479405,0.0489494725262793,-0.0822556247304533,-0.0148304000956855,-0.0225905264602628,1797.890288693207,1713.3466561255457,1779.1501307202398,1660.6734567423848,0.0060422063972606,-0.123890888127889,9.842363349098669
3.98,1.0042929527707485,1.0529460128441408,0.5601597396587102,0.0924998632623233,0.0055901658744075,0.003895273110154,0.9956893853955386,-0.0335602817063383,0.1357385362089899,0.0498455793302618,-0.0979823696952931,-0.0229768014719932,-0.025721975690973,1807.8951584598692,1711.8810033381733,1775.9505513137244,1668.2439768979182,-0.008560952409505,-0.1504350106120171,9.953161170893194
3.9900000000000007,1.004025107842697,1.0540774165395357,0.5606086219140033,0.0918574954223501,0.0057836282046244,0.0039227010647803,0.99574764001522,-0.0317795668226355,0.1210111124484176,0.0493817437673331,-0.1478465344993124,0.0160908184695323,-0.0261797262411101,1809.1119687574735,1702.9440833061317,1764.8829956707125,1667.6645197043244,-0.008560952409505,-0.1504350106120171,9.953161170893194
4.0,1.0037627910989382,1.0550856130265376,0.5608814051135751,0.0907513549506643,0.0060705070821075,0.0039555811389308,0.9958472241745908,-0.0291554367568044,0.103423124741503,0.0478525239500032,-0.2420879504894709,0.0803000723576322,-0.0233905720666332,1799.04062095809,1697.1966386149738,1758.3701710623243,1651.2762378017376,-0.0013516808954363,-0.1584202114345667,9.857500762651137
4.01,1.0034920184276734,1.0559941271550009,0.5609384032491613,0.089173488201508,0.0062258503838767,0.0039789986624082,0.995988702425192,-0.0264197805981673,0.0823651704882388,0.0449179416054446,-0.3551526928128519,0.053015480296307,-0.0183126007406308,1784.4984258388472,1701.321368206527,1759.6299181211896,1632.0456257202854,0.0079074244170539,-0.1799819316819604,9.74619941377187
4.02,1.0032062096775425,1.0567997730043193,0.5607847845092275,0.087220354298421,0.0058833481871521,0.0039667190899106,0.9961637722532516,-0.0247789529421626,0.0597624842157713,0.0406993597000502,-0.4433438906471763,-0.2178447387659884,-0.0119581120544402,1784.2089591667504,1699.528405855082,1752.6315148806589,1641.0051457245313,0.0226759210685454,-0.2564218941192684,9.723797157022558
4.03,1.0029061230636986,1.057477598856991,0.5604615434149267,0.0850683533555302,0.0045993563553167,0.0038887223575817,0.9963569134687232,-0.0249246550529318,0.038161259857356,0.0363997783911592,-0.4809578573445367,-0.7812010638101696,-0.0031373415898643,1815.111361471445,1667.9201110857716,1719.012402468758,1697.0842614853923,0.0413007021766627,-0.2323516966648282,9.70305556498347
4.04,1.0025947149492145,1.0579934983788553,0.5600421405396266,0.08290235908815,0.0019365509242426,0.0037241274815089,0.9965488344795947,-0.026344708552005,0.0188989716689578,0.0330212554098098,-0.4792010359433784,-1.495886109465424,0.0118879163882663,1867.458945679452,1610.593497645512,1668.1962835321433,1777.3295080332357,0.0766080722677575,-0.1641977823681366,9.715765844627423
4.05,1.0022685293608529,1.058317370974132,0.5596320349454711,0.0808285729538784,-0.0024820034888376,0.0034714713041549,0.9967188823032828,-0.0277943070133205,0.0024475611722181,0.0302076841408609,-0.4730204345071348,-2.109725352627202,0.0359339646160245,1903.721998713279,1567.707918212334,1636.8928322456245,1829.0199602862656,0.3543689461090607,-0.1733264359827486,9.866666441748354
4.06,1.0019090051729616,1.058432038764007,0.5593594211553642,0.0788150842138518,-0.0089723065101359,0.003148144260969,0.9968439042317326,-0.0288844118169831,-0.0107863350058291,0.0275350316535312,-0.4923032110414224,-2.45108855518556,0.0666601994191072,1895.2728289288848,1576.849492261588,1648.224933670748,1819.5709675491823,0.7861819470553795,-0.1713442088750183,9.961973242501166
4.07,1.001477858639256,1.058336696831343,0.5593461551101084,0.0766970593982751,-0.0178008460739694,0.002778840496378,0.9968916535934104,-0.0314368344193581,-0.0213145214056336,0.0264072821984221,-0.5420493419546516,-2.5504122442912487,0.0977660269827058,1854.6041915417093,1631.898863595792,1682.6918485857884,1767.2720596302718,0.7378476951200461,-0.1580285468143922,9.96520415713084
4.08,1.0009201487493673,1.0580459755105205,0.5596622432679921,0.0742536837809249,-0.0291276623025786,0.0023834348155224,0.9968110598163672,-0.0388009832663744,-0.0317265187137475,0.0289536862066112,-0.6039025450370656,-2.5821386826526096,0.1253215250466722,1819.4356475469724,1689.7600821887345,1702.791068535479,1718.2566755511232,0.7378476951200461,-0.1580285468143922,9.96520415713084
4.09,1.000175926498415,1.0575862738063468,0.5602873607112516,0.0713189781604269,-0.0428656079462966,0.0019756413075639,0.9965300998218622,-0.053007780393131,-0.0453545596201431,0.0348019693638842,-0.6540631010937834,-2.6998504140086736,0.1507283975502468,1810.692857252331,1715.078590736622,1696.674468239146,1703.490905096426,0.2704273988542783,-0.1796718122461746,10.032341210202787
4.1,0.9991969896863548,1.0569905990459223,0.561107999482795,0.0678597852317237,-0.0585681189861003,0.0015724076169155,0.9959730681705308,-0.0723968625484375,-0.0630770998291994,0.0405338767755378,-0.681608972403197,-2.920626412000156,0.1767107274627171,1818.472630684172,1709.9597270066124,1683.4939867426392,1722.4178449518854,0.6462414392458898,-0.2282372848897709,10.037195261629993
4.11,0.9979619257371805,1.0562927231916168,0.5619586091393716,0.0639750657465465,-0.0754836097936787,0.0012033829120318,0.9950919392120549,-0.0926061403431736,-0.0821192782199267,0.0432164429325533,-0.6935625018481206,-3.141971965247721,0.2035166526925533,1823.6180608331697,1702.598006824948,1684.9592677134235,1754.471931028118,0.613045200500686,-0.2104008666235237,10.10920548577222
4.12,0.996482716725236,1.0555215569047676,0.5626863345602171,0.0598321571096011,-0.0927711364356053,0.0009111026059926,0.9938877195700224,-0.1104108916723674,-0.0984384543642914,0.0434873538366505,-0.7049660283366757,-3.2508869240228964,0.2302186357738351,1818.829757973685,1717.1695139322278,1707.1469695652563,1777.6329818529562,0.6238141900755396,-0.2206966860101495,10.2139370100439
4.13,0.9947990702050512,1.0546970784550551,0.5632075144852547,0.0556000311073013,-0.1097232029939782,0.0007404746104801,0.9924056161484378,-0.1269160375054669,-0.1099127200226304,0.0443524454327878,-0.7235488488111435,-3.219431773884074,0.2560907805223543,1809.511911694388,1755.5521419824374,1743.9068306154404,1784.7330011513936,0.8260381815208646,-0.2025189710432349,10.29662996155234
4.14,0.9929602140814648,1.0538291391757522,0.5635344728567,0.0514228791377384,-0.1258630082406684,0.0007217611277397,0.9907137173364814,-0.1472997466775634,-0.1173045734087542,0.0479098691566571,-0.7419136185289,-3.111785922923476,0.2786300776982094,1804.7936000187124,1800.1219003920046,1783.472742488664,1788.070200706235,0.7783258657747636,-0.189047482630398,10.419166362626
4.15,0.9909975500509784,1.0529190388597285,0.5637670054254257,0.0474231679664661,-0.1409257909876403,0.0008552343663841,0.9888833263579232,-0.1768806762119737,-0.1229937921483279,0.0542735232872459,-0.7438306424754977,-3.0164983664083618,0.2933454293435959,1810.9499469782147,1830.7620399284,1813.787089501801,1804.2233428014413,0.6157384493973628,-0.1891664246815561,10.64041238495045
4.16,0.9888954904146516,1.051961518952012,0.5640535726100897,0.043691777296149,-0.1548281912690716,0.0011086792499497,0.9869741793053008,-0.2158394438627316,-0.129164489216845,0.0627272394341851,-0.7198051939604118,-2.9779715831157465,0.2984107218868133,1829.2182078822025,1841.957455390909,1831.446867236541,1835.5248984069865,0.6113725541428412,-0.2277192431132972,10.979406599741935
4.17,0.9865709780446448,1.050944492522746,0.5645363474996155,0.0402433465836833,-0.1677006774982592,0.0014343042186228,0.9850151768342348,-0.2573377897124008,-0.13664520483991,0.0723422230061261,-0.6787518395803132,-2.9811665632273834,0.2983347757572848,1856.094395155288,1845.8913418056052,1845.710902520392,1870.7465142026144,0.6820119195192014,-0.2514116761665258,11.206481775598483
4.18,0.9838729223124276,1.049847067339725,0.5653026915942857,0.036965309365454,-0.1799512307454137,0.0017981366266712,0.9829790878555856,-0.2930652754430728,-0.1447385271056563,0.0818904255252711,-0.6443687802761628,-2.9819494259996957,0.3010224888841835,1884.8542733383576,1859.3439167111585,1868.561361504046,1898.949234006634,0.699752921114992,-0.2570295547703483,11.35608296436168
4.19,0.980609445080491,1.0486404442869983,0.5663635439915923,0.0336218756280323,-0.1922362703516983,0.0022028811298106,0.9807700715026176,-0.323201244715131,-0.1519346384542088,0.0908880465303249,-0.6373223203930471,-2.943365618769673,0.3111811913682601,1908.5466931142612,1887.1656635095933,1900.338445604598,1916.8536292493336,0.8343545981083458,-0.188189293765797,11.749691086595742
4.2,0.9766013211505664,1.047295993687272,0.5676634067715827,0.0299515414181909,-0.2052330368295995,0.0026856464848544,0.9782510378544624,-0.3600676371916965,-0.157095449199618,0.100903203740967,-0.6575271631504648,-2.85418622418197,0.3268351346482982,1923.7573103268123,1918.6806532853368,1928.184830689572,1927.0429060981248,0.8343545981083458,-0.188189293765797,11.749691086595742
4.21,0.9717444220385122,1.0457988873405746,0.5691100666931961,0.0258209888402179,-0.2192697666470928,0.0032881678976904,0.97531699150672,-0.4182932825948325,-0.1603263920759059,0.1142954135920202,-0.6820031667545366,-2.73190966096387,0.3416391118086069,1932.3538322319068,1940.085280519776,1940.1752116374823,1935.175508847427,0.3463702374248134,-0.226466133417395,12.305747790570926
4.22,0.9660506281979578,1.0441591883596375,0.5706079780355082,0.0213288484832017,-0.2340581836877787,0.0040203007336608,0.971980289950969,-0.4995717070452446,-0.1628312742108695,0.1309533256025629,-0.68188200608592,-2.6124157867043896,0.3505444407140585,1939.820648526352,1947.4731992200143,1938.8242444629425,1948.045350055364,0.6750558969175158,-0.2941821252301929,12.492406759681336
4.23,0.9596402019011444,1.0424120412816649,0.5720852054291083,0.0167675825030362,-0.2487721396555575,0.004847177176175,0.968404758136608,-0.5889905553852056,-0.1659116037671058,0.1472553184360132,-0.6465464449897607,-2.521324445151996,0.35413473955133,1950.745166361864,1946.4265550276068,1937.3724132958223,1969.4233028517367,0.7647621214374283,-0.1922494461136349,12.55293098699198
4.24,0.9526842792951876,1.0406056792117135,0.5735096503069794,0.0124583406171909,-0.2624650258221755,0.0057126869183686,0.9648441662659332,-0.6683458145194984,-0.1699633392440148,0.1591030505101605,-0.5949106020877148,-2.4441045664373724,0.3578392783050524,1963.1485166274936,1944.4874939259853,1944.3297507668783,1994.1725180134013,1.093678474692501,-0.2865168000793247,12.504380993610464
4.25,0.9453275298362884,1.0387843662489245,0.5748919603823888,0.0085786420625273,-0.2745414935374234,0.0065803136189832,0.9615144693135302,-0.7323027864639934,-0.1740701707309407,0.165562764970399,-0.5615362708914495,-2.3346763430364508,0.3661234933301645,1967.9295134884248,1948.108718033512,1956.481333436307,2007.8125006521568,0.7006313175073497,-0.0896266732352159,12.81337486115476
4.26,0.937631909559109,1.0369759326779002,0.5762743754582944,0.0051047657835595,-0.2849699942866729,0.007456973490604,0.958493837887813,-0.7902829810522194,-0.1763922399492037,0.1689207197380456,-0.5659895328752363,-2.1666623401387635,0.3762826273013357,1958.7700042509653,1960.514726144056,1965.6090253060283,1998.359151192832,0.4451118390086055,0.0217388681963192,12.980185693143374
4.27,0.9295638787687824,1.0351888215885576,0.577710067263566,0.0018909707472897,-0.2941506821291014,0.0083803627868668,0.9557204455028562,-0.8542114440918918,-0.1754292610351447,0.1715729034178035,-0.5914814474578536,-1.9691719158310932,0.3779066096827135,1942.6485653483276,1975.9099690845856,1966.3773983954711,1971.9805427442056,0.7343833743805401,-0.1126940552892879,12.727827829815892
4.28,0.9210181824071252,1.0334168661243477,0.5792422906416566,-0.0011969484469205,-0.3026000441726613,0.0093804734331308,0.9530707147422426,-0.927423678935003,-0.1715210665108738,0.173705779606808,-0.5955587887385324,-1.7970340238924445,0.3606098947615196,1934.3509199928665,1979.9954315967,1959.4725782393384,1951.3767117699251,0.6624002298933895,-0.0662705472686936,12.549479368726894
4.29,0.9118564030309352,1.0316472226829425,0.5808913553615115,-0.0041984073083197,-0.310675872138637,0.0104456056367418,0.9504492438683154,-1.005190104701739,-0.1670426321826241,0.1739629624499745,-0.548676018903838,-1.6662600804843375,0.3249294606364303,1939.2023183029348,1962.5622986829055,1952.5452122478105,1952.502260117444,0.5634510688766436,-0.0336155143300285,12.613842485391917
4.3,0.90194319965494,1.029868241618846,0.5826514449109229,-0.0070695850832539,-0.3184588841768074,0.0115181741683643,0.9478403302874596,-1.0822174930747137,-0.1646200759282948,0.1713909182923179,-0.4665539544973584,-1.5313100918125593,0.2853910131790676,1946.7083624540344,1929.290276396001,1955.0986590791545,1965.0583331934504,0.5601253033149183,-0.1554739581865734,12.490377655179696
4.31,0.8911745480701292,1.0280757074824554,0.5844945191194263,-0.0097569388076118,-0.3257783583009926,0.012521530764337,0.9453128977619698,-1.1571634849466392,-0.1649883210613222,0.1660956623437989,-0.4012899609438026,-1.3318253056045704,0.2600362700195575,1943.1472792194968,1898.9058707107504,1966.756791116468,1961.912271685848,0.5416070917822777,-0.1002989425731499,12.171190990874717
4.32,0.8794993216243339,1.026275938710197,0.5863773377347316,-0.0122629168619953,-0.3323143369099307,0.0133958474012442,0.9429938248082812,-1.2311489136097449,-0.1666836097139165,0.1584245839343726,-0.3939519838567347,-1.0560556222462885,0.2552114454325048,1926.331502621744,1887.2457380627832,1973.454003107619,1929.1784230251048,0.5846439305424083,0.0612506089783765,12.074990405523298
4.33,0.866936529597476,1.0244844729411038,0.5882484318415346,-0.0146520314566956,-0.3377179049247172,0.0141169473756021,0.9410274419294296,-1.3044758911791343,-0.1676132804344916,0.1483107801696077,-0.4335183106251313,-0.7502052179924663,0.2608542276503627,1905.4418087464232,1892.1548457674555,1961.099233510849,1882.9617112017131,0.5441141949402359,0.1272560424378774,11.9225384955817
4.34,0.8535871985622684,1.0227210667921025,0.5900532573286832,-0.0169971148751857,-0.3417165211183306,0.0146880124925483,0.939534554750236,-1.375962072808797,-0.1666219382529815,0.1355911819983796,-0.465101476846146,-0.4653933774363246,0.2602829940565661,1888.5779836070951,1894.7669575613504,1932.2418289600348,1852.161060772045,0.3471079469702065,0.0804331632334644,11.609982416674988
4.35,0.8396340940868282,1.0210040379158705,0.5917373708495655,-0.0193124886401254,-0.3441864411554249,0.0151157743738576,0.9385809687354452,-1.4449766247777251,-0.1638093947373772,0.1204022706439158,-0.4408152569884711,-0.2039581567581892,0.2433254271600144,1874.259378062393,1878.2316465009249,1904.4975469978424,1846.1639927942465,0.2930338032576864,-0.0404156614018198,11.235004923032378
4.36,0.8253180534144597,1.0193469403680098,0.593248787079037,-0.0215294549719094,-0.3451769272878585,0.0153938525078939,0.9381643783163428,-1.5129109032930217,-0.1600504371892146,0.1028113720217407,-0.3623409117887866,0.0764825861021378,0.2108624632205548,1856.5570054620407,1844.2043521277487,1891.7140847698045,1845.24304478543,0.3125503308926598,-0.0868130648316264,10.94122129282346
4.37,0.8108821565121169,1.017757925680713,0.5945413286376081,-0.0235348159212635,-0.3448713788642569,0.0155087169911592,0.9382266912516968,-1.581483670406775,-0.1565297589518258,0.0825199935186696,-0.2748576819839602,0.4097011980410251,0.1708012134283591,1835.511116242612,1808.6206408947053,1890.4264655008385,1824.097640570408,0.2855060235519087,-0.0146895395203041,10.676906804128446
4.38,0.7964874872002995,1.0162395103888031,0.5955798982494279,-0.0252440245554047,-0.3434820712745169,0.01546304954358,0.938692548194576,-1.6491376924811505,-0.1543489500344838,0.0599054849573032,-0.2238725057460342,0.7762660362047867,0.1330680471845667,1817.770184192821,1783.2236269272862,1886.0649345010847,1779.334261780626,0.2020186221736741,0.0036704585575836,10.395906429942944
4.39,0.7821240440313278,1.0147865949806332,0.5963453408854037,-0.0266572235650588,-0.3411059540590592,0.0152935226809688,0.9395223407142952,-1.7100949837167088,-0.153936725765907,0.0373374216967829,-0.2199990409180434,1.1135875919892342,0.1065822618096558,1806.662353753166,1764.9143018797697,1868.7844396787468,1730.3865609996988,0.195884454013937,-0.0338356067253355,10.179489595676849
4.4,0.7675582293701874,1.013383583512882,0.5968337278710997,-0.0278632225792175,-0.3376090538128727,0.0150620340243176,0.9407533697745272,-1.7592488175905532,-0.1544379590797588,0.0178290177886421,-0.2395994097693834,1.3758551398655583,0.0949659131935279,1796.155806618471,1743.2316458524956,1841.6308307950576,1697.5674066992617,0.1534184361030677,-0.0723588416086715,9.88957213015835
4.41,0.7523603451598765,1.012004497156722,0.5970477368008362,-0.0289922097171888,-0.33262399797559,0.0148217932671448,0.9424972372324468,-1.799346144323404,-0.1537551896141725,0.0010182292147279,-0.2500331726644915,1.5896160488476294,0.0913834286517815,1777.5808422361256,1714.9699134689408,1816.1819045993327,1684.3015903778878,0.0674398904338806,-0.0002566257135002,9.657907000557705
4.42,0.7360280790443842,1.0106195701756848,0.5969853797862691,-0.03014560426911,-0.3257026833128357,0.0145839256210527,0.9448789942312976,-1.8415185572081263,-0.1497584010293989,-0.0183813803556402,-0.2320216369293324,1.841687035287458,0.0801804565942747,1750.5690581567665,1688.2342309858057,1801.6122266993173,1679.434230933686,0.0674398904338806,-0.0002566257135002,9.657907000557705
4.43,0.7181666902455758,1.0092071730745291,0.596635159624028,-0.0313421541506723,-0.3165628496030423,0.0143142838640415,0.9479455326662268,-1.8956887704837928,-0.1421033673391374,-0.0457674499216899,-0.1852859834729713,2.196406236423502,0.0490854071994831,1724.7700664308734,1671.547569640995,1796.7892935124137,1671.2325816847974,0.2247222381990514,0.0009468043174719,9.293274697076397
4.44,0.6986382394891953,1.0077645443259653,0.5959821421440517,-0.0325126583463085,-0.3052711525241242,0.0139679071849142,0.9516077700674384,-1.9606155756655403,-0.1329580276565543,-0.0800759374532671,-0.1216964299762044,2.6243115122414573,0.0019911870851675,1711.1408828584829,1662.1781119396392,1792.8853052336117,1656.9388357198156,0.0088445075155094,-0.0050919175557107,9.15413247354234
4.45,0.6776017678312336,1.0063101222279287,0.5950218750369861,-0.0335485258125798,-0.2922214201830362,0.0135366016169733,0.9556662065902902,-2.0258652328370435,-0.1254545988182453,-0.1138432839882011,-0.05579624370282,3.0239040130487287,-0.0421827794061002,1713.231622639661,1649.1574539705775,1783.089653682709,1642.303497492113,-0.0111510339017151,-0.0258587898034674,8.987940136290005
4.46,0.6554392411933869,1.004875933581963,0.5937756707163996,-0.0343715357325929,-0.277917444200127,0.0130695062769729,0.9599008697497512,-2.08310922466502,-0.1209845962900251,-0.1403135284811777,0.0009813317609545,3.31297616866519,-0.0653536578586017,1726.3350404055725,1626.964217013022,1767.4720208372428,1635.5326127671588,0.0245230083709406,-0.0174457151704496,8.88113244159677
4.47,0.632633629747027,1.0034957858589888,0.5923013634110983,-0.0349744862477322,-0.2627278498923937,0.0126430582482874,0.9641530040822138,-2.132529267980092,-0.1179181826115251,-0.1591703836287342,0.04224162595623,3.4897762952130185,-0.0657728275924554,1742.2888044583017,1601.9018387761907,1749.1816534309314,1640.7212769622497,0.0066324990443278,0.0269220070957703,8.89973482254333
4.48,0.609672034455991,1.0021974840829313,0.5906938631607288,-0.0354064399626527,-0.2467946826769144,0.0122979562424136,0.9683426712088194,-2.178427452958174,-0.113018165345128,-0.1750552887430142,0.0680970663084395,3.612457445478747,-0.0587530171993588,1753.98058687544,1584.5529567282802,1730.713370718811,1654.161754300189,0.0316782585670196,0.0382691314059969,8.994863904340942
4.49,0.5869976817954873,1.0010033261337328,0.5890691016701072,-0.0357227397351821,-0.230142323227558,0.0119957491288942,0.9724271175404722,-2.222294428555647,-0.1042842543929535,-0.1918742153483968,0.0861795411045611,3.737691677891153,-0.0627579858255498,1758.0636353731652,1579.6550852937648,1715.3697785551174,1666.8842061034245,-0.0005094964977176,-0.0215943480667798,9.090526808752337
4.5,0.5649858747366778,0.9999364519840532,0.5875277489123514,-0.0359459908034564,-0.212877198902788,0.0116426920039967,0.9763481098744242,-2.261757278772765,-0.0927882805852028,-0.2090163416255759,0.1078084374855009,3.8821347847349217,-0.0833204309907938,1757.356526526431,1583.9319775300753,1707.8013405612185,1673.584061182208,0.0896598892046882,-0.0489612768838425,9.138491138789473
4.51,0.5439067162955129,0.9990262036861406,0.5861046606429381,-0.0360678018254202,-0.1953062425923904,0.0111775773458615,0.980015125924392,-2.294047144273652,-0.0819293368543412,-0.2220377432475765,0.1392655195130061,4.026914878085379,-0.1083218959876682,1760.6125359161088,1590.43269724157,1709.9025131370652,1679.9341721048506,0.0722307341574977,-0.0176570433682207,9.3026627589074
4.52,0.5238603766838432,0.998306222098456,0.5847231046137622,-0.0360801043607764,-0.1778586029293212,0.0106589049566321,0.9833366316671373,-2.318362189972122,-0.0745707572549433,-0.2265803187275689,0.1761558064236633,4.143375183702443,-0.1190772493731808,1775.5924739823297,1594.0407483758872,1717.8900678877303,1697.7290152203664,0.0905157184710021,0.047742081212087,9.342851608288084
4.53,0.5047094495088249,0.9978039683564416,0.5831804003785123,-0.0359977520087696,-0.1608321644749152,0.01026968325756,0.9862716209677832,-2.3355329485549032,-0.0702874154324345,-0.2227374921466551,0.207865587007667,4.212338263214908,-0.1082532336218207,1800.016133303835,1595.1154480983323,1724.212761733138,1730.665222399512,-0.0254965599912568,0.0359616361946422,9.576711792794582
4.54,0.486062115224627,0.99752653883941,0.5811852374445655,-0.0358445216610447,-0.1441288706458233,0.0102110114470678,0.9888568016444436,-2.3470947604393477,-0.0651802019641143,-0.2165874706729472,0.2291897833935766,4.228604451509817,-0.0880503483728448,1822.4632955821075,1598.395686537263,1721.5513888560754,1768.3766846100436,0.0720290382226602,0.051050588440127,9.78116308580798
4.55,0.4673531380009921,0.9974511327014376,0.5784454138900254,-0.035610739022122,-0.1271852730906325,0.010543801767013,0.9911834390361138,-2.3547892548527662,-0.0549645781615239,-0.2168045574791151,0.2482352433799121,4.199270688332511,-0.0797545981863353,1835.5804884684972,1607.102934341648,1708.55604512866,1798.1723896553476,0.0720290382226602,0.051050588440127,9.78116308580798
4.56,0.4480185511142152,0.9975269925167762,0.5747770047228751,-0.0352193467374999,-0.1091797443612382,0.0110915036473233,0.993335975178308,-2.359650300942452,-0.0389860681199175,-0.2282281432169478,0.2816426738341244,4.141907377929316,-0.0941012426646337,1846.5745481209,1619.1308757442616,1695.988023698179,1820.5611729004536,0.5850132520973856,0.0137689118843247,10.289303101184064
4.57,0.4276966956357641,0.997689823081382,0.5701888623695947,-0.0345363073400964,-0.089397456187884,0.0114887085183713,0.9953307730995892,-2.3607987846972747,-0.0211140155349206,-0.2479300584300244,0.3388832915546239,4.078119102329425,-0.1215529563739918,1870.1971542921683,1631.1744808777771,1703.0084510157033,1848.186855537763,0.2039685893962848,-0.0154255733725408,10.657486916826397
4.58,0.4063669113277867,0.9978828415735784,0.5649040646555046,-0.0334326669121333,-0.067555046138007,0.0113636845924824,0.9970904869654093,-2.3556054588946647,-0.0062387024106933,-0.2671503882192019,0.4080034982081323,4.0195681063036215,-0.1411103886924258,1911.2193144338116,1645.7178609466616,1739.466052140395,1888.6165072677188,0.2039685893962848,-0.0154255733725408,10.657486916826397
4.59,0.384369718805316,0.998074493940749,0.5593086277290086,-0.0318662547295259,-0.0439638879434721,0.0105435990962405,0.9984691036203897,-2.341665207762176,0.0038390147148743,-0.2761267714375546,0.4572433084856924,3.955611212566884,-0.1379161405549236,1959.6121243015768,1671.3117985548977,1792.348549507415,1934.4478821624216,0.652372788710408,0.07168333207274,11.621694374769678
4.6,0.3623002521745393,0.9982639929563774,0.5538478626254368,-0.0299270019506769,-0.019486409327634,0.0091482362365174,0.99932025106045,-2.318448917761609,0.0108200148829627,-0.2676480299535893,0.4577983226955577,3.858685859383866,-0.1134205578545632,2006.158050929829,1714.3952797014103,1835.8326958695975,1976.4314249574145,0.2280906012473004,0.2063018895754728,12.52345155953742
4.61,0.3408077748853763,0.9984719586774428,0.5489096432760603,-0.0278063328075375,0.0047309520886507,0.0075157954960359,0.99957387859337,-2.286708152201612,0.017232790536739,-0.2397863752605522,0.4132221655353084,3.714107209279956,-0.0809432993008107,2055.330018202511,1770.4807632748364,1855.6783160426612,2020.9076736041425,0.2494794679023179,0.1402240760991285,13.13552157851668
4.62,0.3203764217745014,0.9987213282289188,0.5447404970219205,-0.0257031285090925,0.027671770232304,0.0060195108063449,0.9992684263033172,-2.2469780839488136,0.0244218915904375,-0.1982547728912952,0.3642614850849439,3.550830087626256,-0.052901728796548,2113.284424428909,1825.898515320967,1861.8615743163991,2081.765910331292,0.1685767101613449,0.1308602642547076,13.506309837262371
4.63,0.3011873518262659,0.9990190981837028,0.541427559141246,-0.0237258955951659,0.0488061319921891,0.0048941602407135,0.998514441835323,-2.1999174592950346,0.0326612972318258,-0.1541800502483118,0.3540033679707624,3.427634672225598,-0.0322414756129157,2167.995751818891,1871.3060088827876,1877.6229769518584,2154.231598196885,0.0660616447185464,0.0859279606697444,13.860905818912858
4.64,0.2831321425650704,0.9993495023909252,0.5389424899310801,-0.0218545446935673,0.0681961302387281,0.0041641706364812,0.997423844902261,-2.1480769647479416,0.0417297108252528,-0.1157864498745068,0.3857552884852558,3.370282340552825,-0.0148857463379531,2196.872190557493,1909.7358551871407,1914.1881893794664,2210.776776391653,0.2750631148187776,0.05840349058264,14.383483964994504
4.65,0.2659686171981401,0.9996833642619656,0.5372059966753855,-0.0199802335234942,0.0863147414123968,0.0036899850734006,0.9960607108471932,-2.095553636918045,0.0505905852045521,-0.0816722493704552,0.4241247669706481,3.333474840061421,0.0023911340449541,2197.3207887183366,1945.8338977851656,1955.008273315562,2232.015153743098,0.4228542506943404,0.0500149946641589,15.043951406431704
4.66,0.2495353702865635,0.9999988903201686,0.5361283589137912,-0.0179934210863229,0.1037068575524779,0.0032864791017403,0.9944397033251006,-2.0441404034232904,0.0571234196666646,-0.0438362288097045,0.438822085216715,3.252987021175627,0.0193159804502577,2194.342193823164,1972.785689583409,1971.73962051583,2232.3386495058094,0.2656991401973769,0.1723761533686073,15.441734801010806
4.67,0.2339119840950423,1.0003011882585624,0.5356144907645833,-0.0158632951855334,0.1206871317003883,0.0028397708237213,0.9925597754339324,-1.989986265272405,0.0595143692289697,0.0027157735448784,0.4337246061371791,3.134859180820311,0.0363724128302669,2207.9569415742544,1980.471501479264,1958.827764826337,2242.304128179187,0.2265580427636808,0.2016562619125087,15.492450617038951
4.68,0.2194361069617956,1.0006266522571043,0.5355575407660126,-0.0136614971015884,0.1372254634106653,0.0023585317888406,0.9904428166312644,-1.9262085287989543,0.0586253851610325,0.054594814970801,0.4260523659345573,3.0619516384645022,0.0574218832255017,2225.150091766089,1975.076977552144,1941.4134248744224,2268.7177933618927,0.3420885057458704,0.0781266768070804,15.698899501962154
4.69,0.2065502831218003,1.0010259694208976,0.5358528773043307,-0.0115176557853629,0.1530624089315219,0.0019380359043368,0.9881475024479508,-1.8509811425305829,0.0581892101893774,0.1037409851897369,0.4134650484555293,3.095362071439931,0.0855770676727928,2217.9207234586206,1978.239433842327,1942.1129500109623,2285.094016846585,0.3677318351184997,0.1775318898690063,15.771741212105274
4.7,0.1955243616382406,1.0015324032209376,0.536445987131781,-0.0095330502179925,0.167979289580209,0.0016736176232278,0.9857430082073728,-1.7728725608109546,0.061357040514394,0.144971837251716,0.381918117375889,3.188170846945153,0.1182691196019914,2181.9501731882374,1999.329936476632,1950.621376325615,2266.372469567848,0.4202721657124213,0.1671399321833827,15.705901648294413
4.71,0.1861579811443494,1.0021319084199192,0.5374024568529432,-0.0077035086479463,0.1820663807557949,0.0015947998898012,0.9832547714434484,-1.704981596149601,0.0670891857828211,0.1797966007638893,0.3407767829415259,3.224620434458975,0.1492022554799224,2142.043217395513,2015.0809096532157,1937.3228127506131,2225.317400985812,0.2676835403838282,0.0712559935827955,15.37049624838724
4.72,0.1775933198014586,1.0027505362033935,0.5389693030447653,-0.0059009396580151,0.1958139935237942,0.0016670924096428,0.9806218841400152,-1.650252525716986,0.0710634330477524,0.2134202622920602,0.3252154654837867,3.1493852111073326,0.1752833789984551,2120.2207373909973,1990.7045655327545,1891.91183012381,2202.9028770136533,0.109621112449572,0.1256693701414813,15.111566074937883
4.73,0.1683474349330153,1.003263665151273,0.5415895791824983,-0.0039318359778764,0.2099225948670296,0.0018446283594153,0.9777083625378028,-1.593453331337806,0.0703632606568226,0.24767220252655,0.3525740989389978,3.038966022405654,0.1993120642551441,2110.724936117829,1925.1731647130975,1836.6968853078224,2217.9498386022115,0.109621112449572,0.1256693701414813,15.111566074937883
4.74,0.1566036084269051,1.0035216748402418,0.5458391459494046,-0.0016430943692612,0.2248998356846688,0.0021164739365451,0.9743782041322449,-1.5136253907043806,0.0663286609904125,0.2776713361949683,0.3919140033376115,3.0252574100124963,0.224135072872555,2089.072205596088,1861.7402130092,1799.6995623983364,2235.4218510968203,0.7599189256316707,0.0336496156664619,14.1505308185217
4.75,0.1407059489639891,1.0033852879310126,0.552275485952446,0.000989186803461,0.2406957257420417,0.0025085770350651,0.9705968762365964,-1.4095654947723948,0.0622984558283713,0.2988427055181343,0.3956192716436784,3.147133098357086,0.2456930257486035,2038.8235008964523,1841.2550559141248,1783.056450127693,2199.9604765382483,0.5469069627431837,0.1482820052194363,13.605810397662143
4.76,0.1197220010721746,1.002766164059484,0.5612213248540141,0.0038413484956368,0.2566439800654685,0.0030536574804429,0.9664935523395294,-1.3116760548848418,0.0592125378439846,0.3182532002570329,0.3579411575200679,3.294891937890525,0.2556986795092509,1968.3617513115992,1853.1986484986849,1764.0555301954157,2102.390565771369,0.3423827118332259,0.2098561773746571,13.02780486496307
4.77,0.0938933523696302,1.0016655464880393,0.5725485068276146,0.0066948871516767,0.2717701821026045,0.0037702472466985,0.9623315082868492,-1.2617068954592765,0.054422690492267,0.3533295837751117,0.3236137786424726,3.319566736437486,0.253016507620328,1905.439563888912,1847.08069703079,1722.7502660920434,1996.9020943403525,0.1611403618831177,0.0470203600791595,12.220940725067374
4.779999999999999,0.064780175962542,1.000195741293212,0.5855649321156268,0.0093160261656639,0.2852813822414828,0.0046780345742198,0.9583871141638916,-1.274298194112584,0.0451789576415521,0.4131418421636759,0.3300376462000755,3.198764431081833,0.2500228158496039,1873.3062336334665,1790.4879095436274,1661.769432974819,1942.6489948286132,0.0846430027906199,-0.0512307676711103,11.687705533877145
4.79,0.0349536152760883,0.9985664123825934,0.5991001061232579,0.0115215208995184,0.2969807338545874,0.0058386867243107,0.9547961080841754,-1.3187902069881663,0.0326800869880745,0.4829397830819481,0.3521479103800811,3.0835229389710546,0.2645024925180987,1866.7264278696896,1706.282353421867,1602.6200381563767,1939.6295245046144,0.3904453631296043,0.0259599547847496,11.379249700013538
4.8,0.0072598011089156,0.997030579674669,0.611802444262865,0.0132224312704071,0.3074539986680937,0.0073821271467828,0.9514424366261408,-1.3440024663106964,0.0218182286685114,0.5336149532378239,0.3226524209191058,3.177257361115442,0.3052909990142494,1851.739434177308,1652.7679664022055,1570.5181950339943,1933.0013655159692,0.5852175518321543,0.0494255832817293,11.075089484281602
4.81,-0.0160729623952809,0.995809589410808,0.6225388272015112,0.0144518431520614,0.3179982896950736,0.0094792776189288,0.9479337399187452,-1.3215515524447927,0.016969383000584,0.5470919846222305,0.2166828104542503,3.5764030927282366,0.3675989091697013,1793.0866335579467,1672.3033893724028,1579.8545238758982,1872.638522917873,0.3172492451937438,-0.0118083892800324,10.612769685358607
4.819999999999999,-0.0340794442082076,0.9950318227613208,0.6307163763840915,0.0153694765377323,0.3303071654621229,0.0122541957453858,0.943668792703228,-1.2621522534574288,0.01866928329569,0.5288469694748805,0.1091450066819146,4.222735513183891,0.4402755769052111,1684.683335475792,1756.0004197220596,1623.8320265919765,1760.9076707832037,0.1768196709534741,-0.0830106547004707,10.218102423212937
4.83,-0.0471754863904474,0.9947113071884632,0.6363876242694402,0.0162250095812018,0.3459414811552395,0.0156736110539412,0.9379848498759128,-1.1941734489958569,0.0240939840600898,0.4970309537998399,0.1236473757338128,4.958689058637415,0.510461981176112,1558.3132857334476,1849.033779660074,1673.5902429658245,1651.8799517208035,0.1768196709534741,-0.0830106547004707,10.218102423212937
4.84,-0.0567609047888767,0.9947680154955028,0.6401182955331717,0.0172741346571629,0.3657113466241957,0.0194829284969757,0.9303640312906262,-1.1344826581440055,0.0296468960873981,0.4645200683526795,0.3013353031764486,5.56365531911325,0.556033003393741,1469.8407974898732,1886.8059685888136,1690.0169214644168,1612.2652702824316,-0.2227234554082358,-0.1463629430859209,9.824150191614654
4.85,-0.0645577779189189,0.9950720689188092,0.6427057035943535,0.0186705261953656,0.3892297967891582,0.0232465734498982,0.9206580111886808,-1.07788782921552,0.0329302701460952,0.4313713066706857,0.5257694681629745,5.752865814617334,0.5393715921337651,1472.865257851974,1835.6183766199065,1644.100609467378,1672.2246754904468,-0.8530459636274861,-0.0693636835994678,9.555743116023809
4.859999999999999,-0.0719906122399886,0.9954897515492276,0.6448785232419229,0.0203830151291947,0.4148813306023505,0.0264878356072753,0.909261463373824,-1.0061181064813296,0.0333790581647056,0.3899547378563177,0.6093308378621924,5.270243215003204,0.4250999858477154,1585.7540259417565,1713.7075319499145,1539.485203355544,1798.8843799404567,-0.8530459636274861,-0.0693636835994678,9.555743116023809
4.87,-0.0798185524438588,0.9959161937455367,0.6470864052246569,0.0221905005548576,0.4402405959344117,0.0288502174966472,0.8971418306638226,-0.9064792106209064,0.0319709689890232,0.335682841665357,0.4731737289162523,4.112488284125372,0.2177151934362498,1768.4959759706635,1578.1754843689682,1424.0574227701911,1917.42656228506,0.3180740213381101,0.0748484165354502,9.900140123634207
4.88,-0.0880828608082014,0.9962893343117252,0.6494331754589944,0.0237738689537438,0.4627735734193562,0.030188565546608,0.8856433104867264,-0.786733849771602,0.0302757313121766,0.2738743663536095,0.2283805051660589,2.6581433055906887,-0.0212296344091584,1936.283682605395,1484.8438924138225,1369.943758387838,1966.810042827169,0.3152238817184649,-0.0060230362235326,9.941382862737408
4.89,-0.0963096222694731,0.9965872058491516,0.6517483431279263,0.0248622963996379,0.4805641303351877,0.0305586073116512,0.8760742858754008,-0.6708614809115898,0.0292822294545271,0.2156679715020905,0.0630713754988498,1.458367591750422,-0.2084381437228363,2012.338885784364,1454.1652068522085,1421.7676144217714,1940.2029922636923,0.7215186296994962,-0.2326815898232573,10.34543079242493
4.9,-0.1038336577112659,0.9968148608074467,0.6537422056783904,0.0253457987042481,0.4927857071106058,0.0301436410119871,0.8692589937769319,-0.5770868303478347,0.0288503094248168,0.1669297750778046,0.0583408741766775,0.8142431494474265,-0.3003219697185298,1983.187294097252,1470.2891044794064,1553.286362413534,1876.1442128286055,0.7215186296994962,-0.2326815898232573,10.34543079242493
4.91,-0.1100957921029217,0.996988781109833,0.6551637803258176,0.0252862782694527,0.4997195796177058,0.0291757147872403,0.8653263682245195,-0.5023293195850643,0.0281876903699224,0.1233894994076229,0.1289350327123906,0.5626285681296728,-0.3178517733643667,1908.9415164148315,1502.948263694276,1680.1765173544875,1819.037785717322,0.572782164719579,-0.0256434561450349,10.340010475866846
4.92,-0.1148133873273071,0.9971250628250686,0.6558927754654024,0.0248354409404986,0.5023569230958115,0.0278813595763692,0.8638537795710413,-0.4298136676163701,0.0267176385722351,0.077421722062185,0.1331110862947019,0.2828250061617341,-0.3125783632953033,1872.3222760357423,1525.4948938825733,1726.5699846247007,1790.7813409443645,0.3903797044072981,0.1097892354134889,10.300490823561477
4.93,-0.1180026537562186,0.9972336128219276,0.6559417668431287,0.0241322903965478,0.5018554844877335,0.0264518078140941,0.8642100480283512,-0.3471961987923971,0.0244266055118013,0.0267486871398172,0.0168321280967663,-0.3204417830025325,-0.3176662077136465,1906.7648047614148,1522.2284744316598,1683.543908688743,1789.9404565716172,0.2996636673654405,0.0698468453325185,10.033951185886751
4.94,-0.1198933350749482,0.9973168626804676,0.6553939644761083,0.0232532902163105,0.499141649276333,0.0250278001255548,0.8658466998682235,-0.2542127066323719,0.021598446333516,-0.0254243703547975,-0.1513426260381127,-1.231366533379009,-0.3335287957351074,1972.5185466393812,1493.1005131405595,1603.7905598141804,1803.3317227216169,0.4297570995945885,-0.0351864194842862,9.71062578144848
4.95,-0.1207992479690431,0.9973706224438778,0.6543279821498262,0.0222338808455228,0.4947558594100139,0.0236920228382848,0.8684244251377525,-0.1577335817068367,0.0185668418207979,-0.0765153574183634,-0.2624827688020661,-2.2290060720497973,-0.3471526487092029,2003.0952882403649,1454.066915073901,1545.7598891120097,1813.8213996637985,0.7179771806588917,-0.1336409586674795,9.650952202675107
4.96,-0.1210006538884966,0.997386141443236,0.6527751638098092,0.0211220492585221,0.4888331221478638,0.0224660286578779,0.8718321600415045,-0.0657782283691112,0.0157969338238456,-0.1271128218671482,-0.2640160020579626,-3.096115106456661,-0.3516257302582501,1968.530872499337,1424.4236074149972,1527.7834644759,1805.488279311794,0.8884493764697057,-0.166163596454327,9.378990143974136
4.97,-0.1206734299208149,0.997353828664274,0.650724402480097,0.0200074225932722,0.4810732773779386,0.0213121669596321,0.8761928990659009,0.014324237024669,0.0138412676671923,-0.1771449336651963,-0.184614064960787,-3.7385610479299314,-0.3482978739055041,1890.6068241981,1408.948600420107,1529.3447057003516,1771.256393210337,1.0258813589690812,-0.0790515342784326,9.150213515997752
4.98,-0.1198761861721981,0.9972689246492438,0.6481549144356532,0.0189975652107748,0.4706981095888083,0.0201463132496944,0.8818596873698387,0.0782006392980033,0.0127446109560378,-0.2235542585189547,-0.0914655421752627,-4.190053433450887,-0.340398809651358,1808.5044237064303,1396.0066606448593,1523.3117535626038,1718.2474580298465,0.9144029411965802,-0.0965938335664252,8.789140370283546
4.99,-0.118585757764996,0.997137904536893,0.6450659020833237,0.0181582202983659,0.456562185565448,0.0188694818012986,0.8893060172987968,0.1291681347992976,0.0114514812631585,-0.265369143833465,-0.0387501012959799,-4.565339326374971,-0.3296807372829479,1745.1089657689854,1373.7109898244344,1499.5841940225605,1664.093512538709,0.9077678757311932,-0.0715232177008817,8.361726864064636
5.0,-0.1167578360354807,0.9969826257508108,0.6414886699385555,0.0174629590549412,0.4375879529592438,0.0174180105461449,0.8988372719211184,0.1787587637303857,0.0083885654161713,-0.3089027371388279,-0.0466878416045015,-4.981428214071382,-0.316600556893538,1703.341648501999,1342.6756749602837,1463.2207087444672,1624.585370467947,0.9077678757311932,-0.0715232177008817,8.361726864064636
5.01,-0.114384376862575,0.9968385761464942,0.6374863326390664,0.0167929176358158,0.4134583655440036,0.0158127525505388,0.9102308139893602,0.2379822600375875,0.0033030488594227,-0.3626723066817909,-0.1065157894757308,-5.450133835872182,-0.3005851132896808,1674.494659560316,1314.9479487790811,1424.4491553148014,1599.3905375851652,0.5693912731395638,-0.0428735198760772,7.591256007767485
5.02,-0.1115227011383466,0.9967452481529732,0.6331472899646323,0.0159940705475036,0.3851820167152088,0.0141730917412038,0.9225931536582208,0.307127889580403,-0.0015828281885771,-0.4264212478293109,-0.1913470778371388,-5.825677086043616,-0.2802674393174171,1640.6491494246002,1309.1722359355167,1398.9546864677754,1569.138270325417,1.0543362468025288,-0.011335202945993,7.205083036853393
5.029999999999999,-0.108283246522682,0.9967308364199812,0.6285695819410378,0.0149605472246488,0.3550626173057221,0.0126737017513102,0.9346368798109072,0.3761987454081781,-0.0030525186398793,-0.4889772442942675,-0.2660231293911667,-5.904040897732093,-0.2553677374773908,1583.79196507162,1344.5570295596615,1409.3096916866111,1514.763240168154,0.9524357904794992,0.0468492923869336,6.796801879186751
5.04,-0.1047818577209736,0.9967980700708414,0.6238331538969932,0.0136937290344753,0.3259254741144365,0.0114615073469857,0.9452267986878836,0.4348006171880211,5.578206331894621e-05,-0.5382962910116742,-0.3003785913391936,-5.614243717788853,-0.2298793976749465,1508.430052557535,1426.7913923020164,1471.0480145334436,1445.6128375472222,0.8786852604703141,-0.026627809698288,6.7504545646114
5.05,-0.1010803143548945,0.9969192663329222,0.6189683454568573,0.0123015034551131,0.2999640826814233,0.0105835439932058,0.9538124609745776,0.4793917259007637,0.0056271968484981,-0.5711648190995863,-0.2846154290426443,-5.108170180727198,-0.2125344531561175,1451.2340054289468,1535.5351933860609,1573.203493491509,1402.7734974238103,0.6965290567539673,-0.1699690120431321,7.134942042101148
5.06,-0.0971458654394372,0.9970444909585032,0.6139391117789663,0.0109410638194159,0.2778490852490833,0.009969161963824,0.9605106947652828,0.5129330407194836,0.0102856265496873,-0.5923963908024725,-0.2348683966523173,-4.648265593684332,-0.2105413099485066,1455.1007784645712,1632.81163595031,1679.2087483455837,1425.8029633449094,0.4947563867439899,-0.097456596242531,7.785611434288566
5.069999999999999,-0.0928531838899264,0.997119454365798,0.6086580233937092,0.0097433678096703,0.2585938059792905,0.0094709248665247,0.9658905796595404,0.542397886531276,0.0122148047188573,-0.6073141965458833,-0.1807605396597876,-4.403821309788576,-0.2205129533120057,1528.7989506939643,1689.9361128077298,1752.4976093048322,1514.5234321590897,0.3993390028260681,-0.0603626739921241,8.507169281524288
5.08,-0.0880328810072919,0.9971046455800008,0.6030354748519802,0.00876217019464,0.2402410668755049,0.0089351576313953,0.9706325860582372,0.5769152824192598,0.0118207031323548,-0.6167919393701671,-0.1444151134451344,-4.347448966761229,-0.2275089483118621,1636.48285077585,1709.624461966223,1783.8966988337274,1627.4257779193208,0.3993390028260681,-0.0603626739921241,8.507169281524288
5.09,-0.0825460723138219,0.9969873177173758,0.5970438536531842,0.0079667253374,0.2209753937746417,0.0082649289373867,0.9752118219049646,0.6233394012156586,0.0102917197543517,-0.6180638431478889,-0.1301133827448679,-4.328359961622487,-0.216406978384133,1731.5502399104464,1725.2161919830346,1798.367104805749,1720.3419517354907,0.1677990932981652,-0.0050212471826557,10.021825463829686
5.1,-0.076347162584887,0.9967822906718968,0.5907622569262425,0.0072691252214245,0.2000144489522872,0.0074485611897953,0.9797376684424408,0.680458391783502,0.008311200941139,-0.6080344218913278,-0.1317358487351658,-4.228806264311356,-0.1855456682171645,1798.7275027798644,1775.6462351471348,1835.4706945909304,1784.664915289207,0.7846898605900066,-0.0175538386768818,10.944515162469964
5.109999999999999,-0.0695020194123136,0.9965231105671736,0.5843743243822117,0.0065659309493242,0.1777908601235933,0.0065458372596774,0.9840246189104476,0.7390888381181072,0.0062052597232084,-0.5853094503876693,-0.1450157686145175,-4.05010061522972,-0.1490800574827328,1857.7483986168345,1872.3823639740103,1915.43735785547,1844.3224885810048,0.7708196151652698,0.0544221442916753,12.058505387782818
5.12,-0.0621566910558876,0.996249058825371,0.5781205466939638,0.0057786294054811,0.1554355676178973,0.0056457065495848,0.9878129973628876,0.7895404140419165,0.0046767953487075,-0.5501583765566669,-0.1673060097741078,-3.869611511014594,-0.125386266549166,1929.61539651462,1988.4832743968375,2020.0607248402025,1919.297825566341,0.6445063028914313,-0.0280418297719624,13.115220623284088
5.13,-0.0544815035164904,0.995993979485045,0.5722338070127121,0.0048835668940803,0.134019845924478,0.004822345172628,0.9909548812432412,0.8283498677916061,0.0047051520651256,-0.5038766279962998,-0.1861826850559922,-3.746019100820715,-0.1216416333135158,2010.2405407107872,2083.85656452299,2111.2598090201545,2002.2403236536225,0.5912625275551426,-0.0410604168730876,14.211711626041932
5.14,-0.0466236452591648,0.9957801460396628,0.5668909847779593,0.0039219288483387,0.1140521589094303,0.0041110791576125,0.9934585157671992,0.8578132193340186,0.0065366316451376,-0.4487511697256361,-0.1789627319044652,-3.676794517907684,-0.128625118568856,2078.10677493913,2138.9148311862336,2167.657305799089,2072.281523608192,0.7204762712630131,-0.0566975356030116,14.849361965017335
5.15,-0.0386868670038274,0.9956169355905838,0.5621969543295959,0.0029817798832179,0.0954187410275293,0.0035080609840829,0.995426575071,0.8812012140050707,0.0091139616000808,-0.3880699680273723,-0.1353026890022878,-3.625629614008846,-0.1311274727185776,2117.7801148574263,2160.932310163025,2196.1947202585347,2119.819288591508,0.7593637189519562,-0.0394361937190753,15.511550577072056
5.16,-0.0307363634924176,0.9955022499931993,0.5581974274549885,0.00215638674568,0.0776374717952225,0.0029842871887722,0.9969748577569164,0.8999452572926879,0.0108678556563435,-0.3250658700929754,-0.077831221461256,-3.565495900308232,-0.1232749120468834,2131.818561874564,2166.828936028088,2212.053250679152,2149.0122322169477,0.7307292957532368,-0.0785551894409438,16.001919099740505
5.17,-0.0228150566107507,0.995424752918599,0.5549046975856236,0.0015008315309359,0.0601799726500703,0.0025032993334728,0.9981832757009104,0.91429858345475,0.0110534781913219,-0.261455405661225,-0.0459236993511238,-3.4948639083935644,-0.1118786861760908,2134.4689667624234,2169.202962461388,2220.115797201642,2163.45289007266,0.7866878370581045,0.0242058798054205,16.29511383938473
5.18,-0.0149575513891034,0.9953662681065338,0.5523186261020457,0.001013996563808,0.0426844334141318,0.0020366280997285,0.999086013865206,0.924455013113426,0.0102249941610007,-0.197624066115846,-0.0535557565667833,-3.429259034281245,-0.1052630037495677,2136.3500397267417,2173.5675874891367,2218.027426305349,2161.3126543886965,0.6653163309956491,0.0609083428510014,16.348259637330873
5.19,-0.0071952655992083,0.9953049746878264,0.5504341487151492,0.0006547517456279,0.0250105843527483,0.0015735403498416,0.999685733588938,0.9300209308869634,0.0095987425117871,-0.1345740245730148,-0.0733533580047674,-3.385895632904247,-0.102831934751223,2134.3125730592383,2177.5286288245347,2206.264727585839,2142.853360051845,0.6924934420413176,0.0673188869106165,16.145486029732734
5.2,0.0004457788293108,0.995220086597171,0.5492384806180453,0.0003740381922333,0.0071860752538752,0.0011218097091937,0.999973480628788,0.929186355540367,0.0100620838084563,-0.0748399159706453,-0.0689699457909252,-3.368999223393741,-0.097857480167645,2116.9331641406397,2170.462309451813,2187.176873218262,2112.521802221503,0.6760600973369415,0.0274484323901814,15.830038868696697
5.21,0.0079490662053273,0.9950972854183132,0.5487041819514838,0.0001354319988427,-0.0106733161930596,0.0006988652385077,0.999942785146728,0.9196761600510266,0.0115311565601351,-0.020803392252475,-0.03495955569682,-3.360104810584163,-0.0874092632390902,2079.6117471030893,2141.025454383833,2158.5892611055506,2073.248996439282,0.6003620105529885,0.0114256223111832,15.459711483968242
5.22,0.0153094808243423,0.994932649110014,0.5487789681108516,-8.666675509220223e-05,-0.0284190267670402,0.0003163831309171,0.999596044063902,0.9008626331741004,0.0130661999508267,0.0269779482274432,0.0028650793256398,-3.3247931627627283,-0.0755201316359718,2030.4172216942136,2090.180250908704,2117.093103935161,2026.4987703199056,0.5770713003439161,0.0641003069357707,15.002124852202444
5.23,0.0225323183934384,0.9947328481279066,0.5493732569690527,-0.0003173032031765,-0.0458786963425531,-3.244095004597708e-05,0.9989469673051566,0.8745426602594398,0.0138142524695134,0.068602785361021,0.0195159834373842,-3.2394857039322207,-0.0675422707594498,1980.2535239909016,2034.1729536470875,2066.8728056468653,1977.5691591882903,0.5618694149239702,0.0292910764384774,14.593795522396292
5.24,0.029630084411695,0.9945114037507125,0.550355132767564,-0.0005787878539789,-0.062865676434513,-0.000375114528029,0.9980217587909304,0.8436251574048406,0.0140401817911681,0.1026449066916398,0.0141468118631212,-3.1145671014384195,-0.0654694005387939,1932.435342314433,1989.8498470400168,2017.291378566077,1933.3585557107804,0.5748124187274604,0.0324314269582939,13.586223189022112
5.25,0.0366165439357142,0.994283376413574,0.5515646607943648,-0.0008687951538863,-0.0791978784631157,-0.0007469675565479,0.9968582563641591,0.8105822948097176,0.0150268296899296,0.1267499176279949,0.0058032217150526,-2.982227160822031,-0.0691523505807861,1884.671426019835,1957.9243803711947,1972.067053674064,1894.470472426108,0.5280727485057917,0.0681147552982127,12.900772915158852
5.26,0.0434971137785202,0.9940615319660838,0.5528463493444412,-0.0011356197687403,-0.0947270033399768,-0.0011695681818422,0.9955019524422024,0.7772192293383864,0.0177320719411548,0.1406260613486786,0.0153457094405007,-2.8559827128502384,-0.0776343916069199,1836.4531093393848,1925.2368462029308,1929.2960325948968,1854.7703267628403,0.3704285168056369,-0.019,12.36624894339578
5.27,0.0502573378089547,0.9938549997582796,0.5540829681204066,-0.0012782663452554,-0.1093537780812454,-0.0016341555592386,0.9940007277613616,0.7449684389715088,0.0217121928456697,0.1471525228836863,0.0499884549302725,-2.7108710038065715,-0.086913823801189,1789.6562036955593,1883.7436441753684,1891.990319096902,1808.8651066822435,0.2856858081248079,-0.123,11.66387922241722
5.279999999999999,0.056854747650205,0.9936689287222285,0.5552128445215991,-0.0011833606597056,-0.1230161837557729,-0.0021002756450598,0.9924017367144868,0.7142788637824009,0.0254309289701626,0.1497482597941839,0.0969933665477279,-2.5138035966670715,-0.0902828485557158,1744.7521194472704,1842.1773179263307,1868.0653124115845,1757.5005474149784,0.2845214459333034,-0.073,11.13013128776584
5.29,0.0632198800423686,0.9935035321121086,0.5562253602025908,-0.0007815158293116,-0.1356604583386065,-0.0025104275393235,0.9907518998366532,0.6836610405632548,0.0272132991168417,0.1493869890462767,0.1308270433505799,-2.267805049088793,-0.0849925742979822,1702.3709771614162,1815.5864873685664,1856.3438935727356,1707.509377335839,0.2329638707902508,-0.0154337347546109,10.7411297381066
5.3,0.0692683392910844,0.9933530956522628,0.5571413902483235,-8.956066620350282e-05,-0.1472140720332916,-0.0028138010987068,0.9891006478097368,0.6502455435721732,0.0258128433387296,0.1450430784879569,0.1312616524291015,-2.010789971945853,-0.0763538600197003,1667.875815924082,1806.669599650735,1841.9422988640956,1668.59389869167,0.1152666225793543,0.0345176726152588,10.398548120391442
5.31,0.0749203113933134,0.9932070417481096,0.5579885710581264,0.0007855264737207,-0.1575734891388438,-0.0029876384291624,0.9875024316351764,0.6120146467193499,0.0207907119933792,0.1364709007313196,0.0965024023048814,-1.7676686777070203,-0.0710752814365306,1648.091522722274,1803.2923117762432,1813.1664665846777,1647.1779793676028,-0.0496098066065844,0.051291187478038,10.244484072771824
5.319999999999999,0.080120658717375,0.993053883163595,0.5587799787885884,0.001680178350106,-0.1666125702048072,-0.0030450502148695,0.9860163062138724,0.5698022488692662,0.0130368980236135,0.125439376490957,0.0394136289744754,-1.5196995430352482,-0.0677822488081039,1642.1814095238974,1794.696275601235,1778.3675314780628,1640.1201118607344,-0.0786814447491641,-0.022528089502991,9.975253688580334
5.33,0.0848532183889588,0.9928861111621752,0.5595040783729532,0.0024242325109203,-0.1742147895989523,-0.0030258062642844,0.9847000429969408,0.5275525320613775,0.0048224270920898,0.1144350864614915,-0.0241887122193448,-1.2361460631720782,-0.0580933929159127,1640.8049108679447,1784.136935848432,1757.7764048647527,1636.280306860959,-0.0026533044035614,-0.0408469825538701,9.655643570476906
5.34,0.0891456823898568,0.9927027492314372,0.5601305154472247,0.0028839396265272,-0.1803236588316267,-0.0029770264686279,0.9835985961108376,0.4904939513420945,-0.0012318556675644,0.1050771425168491,-0.0804129544997157,-0.929428538477038,-0.037227899873296,1636.0464976648602,1781.7599549606762,1758.9430613892664,1627.6054435486728,-0.0309452449577776,0.0032974072841087,9.596799094230311
5.35,0.0930636824364798,0.99250795992437,0.5606277775404147,0.0029866190681363,-0.1849869974313598,-0.0029351425141399,0.9827320468094514,0.4613410675459048,-0.0037429286233766,0.0975958913378321,-0.1165686653149072,-0.6575882501928407,-0.0108760217861868,1628.577804428433,1789.0587312613986,1767.4358785801498,1617.973623987785,-0.1103593126937556,-0.0268506948740351,9.652657321089698
5.359999999999999,0.0966936314346584,0.9923072282801434,0.5609810570087078,0.00272842737123,-0.1883587797174865,-0.002916908932818,0.9820921634091664,0.4365835614470773,-0.003370540483233,0.0908121654157867,-0.1251883217994295,-0.4628947356567087,0.0093699155952008,1623.8515726388564,1796.2075841608626,1764.800377034911,1618.2291137704492,-0.209601247367472,-0.1181036377848004,9.691791609601603
5.37,0.1001160379943932,0.9921042048744196,0.5611995114009857,0.0021706527551036,-0.1906402573826601,-0.0029205861146101,0.98165322324558,0.4074612084725835,-0.0020735860845549,0.0825650848005122,-0.111919681522672,-0.3206715311519672,0.0162940692979532,1624.543389218394,1793.886741479736,1750.0769581236782,1632.6286196355527,-0.209601247367472,-0.1181036377848004,9.691791609601603
5.38,0.1033767706954534,0.99189989397253,0.5613107006735369,0.0014258510112636,-0.1919888105680801,-0.0029337038797685,0.9813916939464556,0.367142456310903,-0.0015259940011689,0.0712396731200676,-0.0945369537005376,-0.1629817173648067,0.0121932563754746,1628.876805647365,1782.727774283167,1737.93683551424,1653.0267749944069,-0.245131730029406,-0.1048963974373523,9.621318357524476
5.39,0.106469299394139,0.991693448463382,0.5613481706826972,0.00063217788582,-0.1924604296188142,-0.0029425508527321,0.9813001196252557,0.3174392480256642,-0.0021904447307722,0.0574821413219179,-0.0877487182185121,0.0513018245352881,0.0049052265268643,1634.4502951112536,1770.5322741668283,1739.1631936395795,1667.3604897309183,-0.2044959927625371,-0.0666850080402356,9.669965111351065
5.4,0.1093380046129979,0.9914832157717572,0.5613397164014966,-8.053367333856836e-05,-0.1920366614433854,-0.0029396583024831,0.9813833463968454,0.2668982662137577,-0.0037223603202497,0.0439544403252446,-0.0885642375786883,0.3012454260810275,0.0004356751263924,1640.739250969306,1763.891818885514,1750.3477303131208,1671.660078897546,-0.251383326349456,-0.0237764459856644,9.698061966184264
5.41,0.1119003524866359,0.9912680068682852,0.5613003411390179,-0.0006221624887236,-0.1907221925458474,-0.0029273221376564,0.981639490326996,0.2221809833454272,-0.0058242057749473,0.0329834951481976,-0.0823191458191287,0.5339836325719372,-0.0002452314133586,1647.711518463002,1763.857763288265,1761.8276787090906,1672.036961370055,-0.2856561141445413,-0.0397274453079666,9.751103577064558
5.42,0.1140750093837671,0.9910493195999424,0.5612306605691149,-0.0009618027081709,-0.1886376691167668,-0.0029165319225001,0.982041953567814,0.1829838372350617,-0.0083490713381194,0.0247270207647479,-0.0656490767380425,0.7150233616228063,0.0010467270012493,1654.5863059748176,1767.7589966198082,1768.004967806899,1676.4144507155293,-0.2588103780615052,-0.0639590670803649,9.80345937320321
5.43,0.1158031313477242,0.9908339124459364,0.5611198421719525,-0.001133076948453,-0.1860242791371961,-0.0029215099492801,0.9825401510817416,0.145619413784337,-0.0108314266193427,0.0178654464108022,-0.0570246006240678,0.8463339719412353,0.0029028770645229,1661.6434960845124,1773.2132732744965,1767.9571206731353,1686.7764930736262,-0.2965932464128862,-0.0459834368354607,9.86792081675867
5.44,0.1170578317682929,0.9906344071437712,0.5609502008737127,-0.001224467319491,-0.1831306288932601,-0.0029510452875556,0.9830833966519082,0.1095039244154665,-0.0125201430113933,0.0116364038395633,-0.0772128646927413,0.9483287101436249,0.0049239367409679,1671.823295691165,1779.6141575102615,1762.6080515146382,1699.131724551645,-0.3325991531620014,-0.0379884776436515,9.906645962937317
5.45,0.1178435924393506,0.9904661788553142,0.5606995565666143,-0.0013515955380036,-0.1800385307188781,-0.0029994043358017,0.9836540571866308,0.0781908870317566,-0.0129732906533298,0.006596238829336,-0.1211053451353628,1.0363902481723235,0.0068426690882368,1687.8721121391477,1786.1889653596309,1755.8833545898897,1708.6411451214055,-0.2922327498603576,-0.045748264328248,9.872212638123228
5.46,0.1181898490860685,0.9903416363318992,0.5603406960828407,-0.0016139240284504,-0.1765493532443452,-0.0030413327776044,0.9842857671495456,0.0539423358906504,-0.0122762612349761,0.0034192897534925,-0.1566036717340234,1.1154841914762506,0.0084186823329542,1707.0359832716165,1790.127964010741,1754.6987877538827,1714.1840737800535,-0.278394483944707,-0.0146245648119858,9.927134295934213
5.47,0.1181427744687223,0.9902652413728804,0.5598428394532758,-0.0020522354668279,-0.1722413048610779,-0.0030359977048824,0.9850479703787416,0.0328121384037741,-0.0107084450830444,0.0015270114493469,-0.155133122247963,1.1890580193495293,0.0096330713960202,1720.57394289056,1787.9952813340878,1762.526069737024,1718.8717792959214,-0.278394483944707,-0.0146245648119858,9.927134295934213
5.48,0.117757857037607,0.9902320854955184,0.5591809816713059,-0.0026313587895622,-0.1667048225286662,-0.0029419088506672,0.985998946890371,0.0068535005286254,-0.0086442220937114,-0.0006968054813309,-0.1203720437866837,1.2629281034490132,0.01008028996117,1721.9877839824203,1779.436713390129,1773.9521456293996,1725.805460927569,-0.1543499882890033,-0.0455015410987135,10.043730767348
5.49,0.1170934613831046,0.9902303631081943,0.5583523629829176,-0.0032620134834107,-0.1598278173517787,-0.0027385555569876,0.9871357193324848,-0.0284447889136416,-0.0068339473257627,-0.0044567155279973,-0.082717577488792,1.3375995153936908,0.0087031370142916,1716.4404021617563,1769.1576700949186,1779.1156975330496,1733.3956572383795,-0.1940136081074852,-0.0614342013242201,10.156886822982562
5.5,0.116203175741432,0.9902459585670312,0.5573908223802693,-0.0038497943309309,-0.1519423318431554,-0.0024434731302781,0.9883788425076366,-0.0698905517133617,-0.0061626748178045,-0.0095180907439649,-0.0660386273281969,1.4041551517125752,0.0050203160850339,1717.5080865947152,1763.7709665954917,1773.7039067681962,1737.3647243053429,-0.3388116067416571,-0.0225209894085665,10.163121997510077
5.51,0.1151247928377164,0.990266808215668,0.5563678016070871,-0.0043393988490137,-0.1437207667543388,-0.002111885737862,0.9896065130948788,-0.1099496903262343,-0.0066021977875498,-0.014445478003262,-0.0652039271125706,1.4543752220097057,0.0003588737224604,1731.379681634544,1765.160119901183,1763.333997880355,1738.3822658737345,-0.3549232969691855,-0.0124437852622091,10.173781795457227
5.52,0.1138673347699581,0.9902853976366812,0.5553753430909902,-0.0047279373257908,-0.1358702026025286,-0.0018150766512254,0.9907137024136394,-0.1430846296085669,-0.0066911973355668,-0.0176129600977138,-0.0587976922164981,1.4913039457580346,-0.0028771197669196,1749.1148531712884,1768.114578411558,1758.2525842115515,1743.9245925042635,-0.2572756475248603,-0.0123883711806876,10.137610954537076
5.529999999999999,0.1124021406623668,0.9902989083286692,0.5544965340531175,-0.0050468148769452,-0.1287950844236591,-0.0016089301847061,0.9916570814709896,-0.1682915608519782,-0.0047313777162522,-0.0182197248208885,-0.0378495738335856,1.5237988398397035,-0.0032764202636273,1759.464921090096,1766.7601048610873,1763.7203540837083,1759.0297439451228,-0.2535794493199126,-0.1017581070790875,10.207520886416363
5.539999999999999,0.1106658351568639,0.9903075408936328,0.5537766488620869,-0.0053310510092117,-0.1224068934777028,-0.0015120060514707,0.9924645314377616,-0.1874578843673134,-0.0005607418444037,-0.0167335300886136,-0.0139284168554442,1.5529368705153856,-0.0015511728233811,1763.9960853817556,1761.9506805456235,1775.2530921853015,1777.662913695288,-0.255315512828723,-0.031159696709861,10.243801332430747
5.550000000000001,0.1085801356686279,0.9903121278651038,0.5532097013466251,-0.0055936931552279,-0.116177521301853,-0.0015048218717948,0.9932115734586346,-0.2036628711986427,0.0043574431722517,-0.0142349388314526,0.0003227346349977,1.5699199446663767,0.0001554805935221,1772.3877837745808,1759.3186717441465,1783.7578739263995,1787.765217493655,-0.2907149352550973,0.0001945159613381,10.316045709703074
5.5600000000000005,0.1060859858035602,0.9903122516581804,0.5527475526301476,-0.0058129084238279,-0.109418154844538,-0.0015466332886972,0.9939776081036952,-0.2206159175217733,0.0086090008244582,-0.0110568054619458,0.00994056493069,1.568114255905095,-0.0003017132085822,1786.69175883448,1761.1969219129508,1784.8411229842018,1784.5734070806095,-0.2907149352550973,0.0001945159613381,10.316045709703074
5.57,0.1031793554046757,0.9903057755364364,0.5523252615962981,-0.0059353789253068,-0.1016513239233724,-0.0015967872193323,0.9948011006689804,-0.2410591914329637,0.0119859922734685,-0.0064340806575099,0.0312531062117625,1.5535817489697306,-0.0039504495842522,1798.4344968304083,1764.0127773435831,1781.5485596180945,1775.6691744283494,-0.0487865693831466,0.0443553226317763,10.379937430066816
5.58,0.0999295600083245,0.9902901075744868,0.5518876327723161,-0.0058983316535713,-0.0928759081086022,-0.0016293323316528,0.9956588876984224,-0.2643828914009782,0.0149386582822426,4.741241793932479e-06,0.0692702656394515,1.5412437508100107,-0.0101125054705851,1800.7625450300588,1763.5698763306063,1778.6893314531435,1772.3076060005617,-0.2663319441352245,-0.0721180298861638,10.46507919518044
5.59,0.09646613142569,0.9902648020592312,0.5514052658404788,-0.0056634348832169,-0.0835733785195952,-0.0016368411193805,0.9964841878621526,-0.2867711166834902,0.0176595569657329,0.0067835195773302,0.1074856677974201,1.5400651714465006,-0.0167872936113988,1797.2032032772397,1759.6980884582813,1776.947057864279,1777.709734560962,-0.2250561997310418,0.0027528138563646,10.442786186888942
5.6,0.0929366288075736,0.9902344369582988,0.5508782905366933,-0.0052436073818668,-0.074463106375224,-0.0016258275716509,0.997208657731813,-0.3045463222465686,0.0199979388371855,0.0114864501079177,0.123115225386684,1.5428066702141143,-0.0222127514072156,1796.4918813972497,1754.6627607942305,1773.131991550339,1785.0713092792748,-0.1442090643790263,0.0247893903165203,10.423649052418194
5.609999999999999,0.0894535875416385,0.9902102997017752,0.5503313445308929,-0.0047045109137425,-0.066159967831288,-0.0016087900272791,0.9977966416200617,-0.3170368743080314,0.02162197687106,0.0132578361809743,0.1104526987917724,1.5325939842753216,-0.0262008210974392,1801.8220811342292,1749.5690275635463,1764.945669178535,1786.6820562917328,-0.1669832998402043,0.0234159692118466,10.437709616868078
5.619999999999999,0.0860533761449229,0.9902094881227672,0.549802408926286,-0.0041393599015,-0.0589098466659763,-0.0015971457211991,0.9982534471720808,-0.3261203967247216,0.0219722596967815,0.0136874331123022,0.0857862951821783,1.5010362532292785,-0.0295763500594049,1807.7036982994573,1744.7416449663344,1754.440638626053,1783.1050538981578,-0.1822697107538815,-0.0465223391472435,10.421539969726258
5.630000000000001,0.0826835713401455,0.9902507497553268,0.5493282776522581,-0.0036326312355292,-0.0525047477574943,-0.0015970268726087,0.9986127903038278,-0.3338674717195562,0.0206953196742759,0.0148586533010302,0.0693673057147521,1.4582255690345165,-0.0322888045326062,1806.7526588029475,1742.3218775578534,1746.037662867972,1781.0388223783375,-0.1030019604294782,-0.054189085170539,10.350849668278256
5.640000000000001,0.0792248831029336,0.9903477177308622,0.5489329058380735,-0.0032309713863255,-0.0463969062662614,-0.0016079197099538,0.9989165643370956,-0.341201572030715,0.01848837272452,0.0172091467316164,0.0664491861782123,1.4217326445544594,-0.0326473785832997,1797.5491534163327,1744.8154095720286,1741.338879352159,1783.189883544525,-0.1046283924869504,-0.050386612734782,10.271627694033828
5.65,0.0755416501501004,0.990501808698009,0.548624325445138,-0.0029318286791602,-0.0399670020286111,-0.0016233778329151,0.9991953801803992,-0.3481704773589397,0.0169120313440824,0.0199450970789965,0.0682456942725837,1.3955614963464704,-0.0291904124755754,1785.492613988372,1749.8963501572523,1737.7451508175502,1785.4520157543036,-0.1046283924869504,-0.050386612734782,10.271627694033828
5.66,0.071542153040406,0.9906981612081238,0.5483981816561335,-0.0026929028016358,-0.0328330161955875,-0.001633353242216,0.9994558887110464,-0.3544542730086302,0.0167838153806705,0.0228739559522588,0.0671326421171481,1.3645741111488168,-0.0235059537320366,1777.9406824179853,1749.8607658133074,1733.0327201703776,1786.0187533275252,0.0373381424971213,0.0255430302519966,10.288234737447452
5.67,0.0672218965791739,0.990907562685198,0.5482402429699886,-0.0024592022294421,-0.025037529997489,-0.0016281663324329,0.9996821612344664,-0.3595150200806614,0.0170667769053215,0.0266565877181832,0.0637939480588776,1.3139031689572211,-0.0201496647472866,1779.6161130126884,1739.920293435301,1729.396471837371,1790.8071085771069,-0.0997165670010356,-0.0645802145624345,10.331594286374807
5.68,0.0626688034753197,0.9910947906279324,0.5481248395587502,-0.0021952742456125,-0.0169995195895002,-0.0016038646664601,0.9998518013800068,-0.3629830617435658,0.0159582713626817,0.031372117625203,0.0590665390725441,1.2506795248035965,-0.0224620684063151,1790.221683195148,1726.150710972811,1731.0270085362683,1803.6871087329432,-0.071428899442957,-0.0812337366302101,10.203906893364788
5.69,0.0580292820782906,0.9912302980953488,0.5480153717566378,-0.0019039762770289,-0.0092691874839163,-0.0015674365333474,0.9999539990321747,-0.3651670855269492,0.0130514206996995,0.0360629334628931,0.0470542588877317,1.1986213601815447,-0.0287547855078217,1803.551865626221,1720.6892017953203,1737.8064457931102,1816.1729895613812,-0.052901027497361,-0.019,10.244480781249472
5.699999999999999,0.0534542189785866,0.9913002256468768,0.5478740930478828,-0.0016207051178655,-0.0022561706952668,-0.0015387268925938,0.9999949576514198,-0.3667590732472836,0.0099628184883194,0.0400135366990923,0.0230986842739261,1.1696579190662328,-0.0339530937253997,1810.6091561836097,1727.8035794340822,1743.0618087705031,1815.77009149044,0.002688301443729,0.0439999999999999,10.42233477533395
5.709999999999999,0.04904992876904,0.9913108008434268,0.5476794777552201,-0.0013910483510919,0.0039088356200386,-0.0015463152456689,0.9999901974008254,-0.3679112889108802,0.008756637870462,0.0432191913560718,-0.0045485103126006,1.1492315751188338,-0.0349852384680038,1807.3869683735088,1738.9542269698725,1739.8248174343255,1803.0199928347463,0.0273001688769312,-0.0079999999999999,10.424500796531182
5.720000000000001,0.0448512745563527,0.9912860956436538,0.5474417074321846,-0.0012481509714864,0.0093461123522683,-0.0016139877760123,0.9999542426263864,-0.3680363473585127,0.0100316614328039,0.0449169999234956,-0.0185384945061402,1.1159232519698887,-0.0332812359925493,1798.8588646097846,1743.7601911900388,1729.7560631165647,1791.5439900339454,-0.0137172692132123,-0.077,10.341387966449444
5.73,0.0408220718520139,0.9912605805907252,0.5472073770341753,-0.0012055598906659,0.0142997237958633,-0.0017449830396594,0.999895504319778,-0.3666951931098005,0.0125805513218484,0.043272290227155,-0.0097915824595911,1.0693034269895334,-0.0319425686037493,1792.2754087261387,1741.4231475778251,1722.9549760666164,1790.5522430394044,-0.0552126039975577,-0.072,10.233581210136547
5.74,0.0368783335856441,0.9912689792527156,0.5470489809432864,-0.0012595214783942,0.0190231140092499,-0.0019114146996181,0.9998164237663244,-0.3642806867757266,0.0147623834703968,0.0382370321235243,0.0125659002310309,1.0277215929412251,-0.0321302131175472,1788.6847414302954,1738.0018077060731,1726.577963266388,1794.849266965632,-0.0025572527014819,-0.02,10.236774761445062
5.75,0.032924657442628,0.99133609726994,0.547039549966521,-0.0013905499723939,0.0237139283995218,-0.0020608821287297,0.9997156939527796,-0.3614400825124114,0.0162161785368134,0.0336116295349761,0.0310377802572895,0.9995270482323944,-0.0330174671927373,1785.3458127942342,1736.3465735503062,1735.6372377695654,1794.554462939965,0.0334684852927597,0.008,10.312652720643328
5.76,0.0288924075208331,0.9914692764000398,0.5472213408340113,-0.0015589551308851,0.0284871616666005,-0.0021444764975045,0.9995906424630197,-0.3579704304635215,0.0181543479692747,0.0340502301117906,0.0386771940140167,0.968436401353361,-0.033722453011463,1783.4062930997131,1733.5498852636742,1738.3250428218366,1788.989776274716,0.1756803684796544,-0.0066991473373621,10.132507906024838
5.77,0.0247683904109789,0.9916559231926804,0.5475863482839044,-0.0017002323776947,0.0333545783505232,-0.0021522434209439,0.999439817678472,-0.3527750174917734,0.0217072735202853,0.0402403386279955,0.0461029109864793,0.9139373109415112,-0.0336866945128989,1785.8180965114957,1727.004742758484,1730.0555917676734,1786.7439386534725,0.1756803684796544,-0.0066991473373621,10.132507906024838
5.779999999999999,0.0206034614570821,0.9918675146694632,0.5480825562357544,-0.0017330600933556,0.0382119551186774,-0.0021284079270904,0.9992658869732404,-0.3451453238088292,0.0261030754961524,0.0486694953246422,0.0677112837481861,0.8394149402651165,-0.032057626208059,1788.7485909100728,1719.0377172186336,1718.7496661734317,1794.2440736047274,0.0629054079884148,-0.025,10.091737385888806
5.789999999999999,0.0164946021580338,0.9920690888426584,0.5486413646680248,-0.0015860491382787,0.0428667823089298,-0.0021473379726992,0.99907723042928,-0.3358761087277789,0.0290574933153052,0.0558529337605415,0.1012754762616731,0.7707727595635222,-0.028605762863532,1783.905535951796,1714.9259137975605,1714.599216064537,1807.7906014259624,0.1028404707921089,-0.0479728902404685,10.121159813750063
5.800000000000001,0.012544686872842,0.9922304310993004,0.5492062521494739,-0.0012320621971415,0.0471194478978397,-0.0022628710479093,0.9988859389675908,-0.3268818448013481,0.0290634129415674,0.0611810125340944,0.1251813564019764,0.7279532369104811,-0.0251758760632562,1771.3195571750086,1717.640775235019,1717.2791955381686,1817.138778035378,0.0683380236056337,-0.014,10.223875014427245
5.8100000000000005,0.0088173658899224,0.9923341928013976,0.5497459340953729,-0.0007067351207474,0.0508599863140532,-0.0024692949134085,0.9987024906849056,-0.3195703329131911,0.0266249759937295,0.0655747544456765,0.1190766412518536,0.7048886975788213,-0.0245852474986644,1762.2046419194778,1724.178171772784,1716.3601324825331,1815.639593615288,0.0550377837264033,0.0207853658336889,10.201286281985702
5.82,0.0053098729095943,0.992378158119005,0.5502511523337889,-9.650466506944366e-05,0.0541192203008727,-0.0027042541064967,0.9985308145924204,-0.3133163551752184,0.0229364074156766,0.0689325618561714,0.0853230123972724,0.678343333178128,-0.0275602040460735,1765.5683089557654,1726.8471529230312,1703.766577586085,1806.208874463268,0.0574522605134997,-0.0144303872428043,10.087426790702668
5.83,0.0019582206486312,0.9923722704068364,0.5507251592217534,0.000495642738069,0.0570396614453273,-0.0028898198254036,0.9983676077987784,-0.3055285893962297,0.0181914661659446,0.0699278974331985,0.0460741008424017,0.6303884889827132,-0.0318450235743186,1776.925922881114,1720.297213350151,1683.5312571861425,1797.2486402297284,0.0574522605134997,-0.0144303872428043,10.087426790702668
5.84,-0.001328503321933,0.9923332956952609,0.5511762855251617,0.0009850536244896,0.0597839280409088,-0.0029809735025634,0.9982064042142452,-0.2937939773992922,0.0120699208114257,0.0678952379572486,0.0185794490751545,0.560205232482143,-0.034899530419864,1783.420119528511,1707.9940479419324,1668.308692727404,1793.3642779816544,0.1473063323375205,-0.0853045329178986,10.083012291831093
5.85,-0.0046241086094707,0.9922800616257698,0.5516140893153914,0.0013246780099022,0.0624405141905686,-0.0029910690311877,0.9980433261746896,-0.2783091736890415,0.0053876002719526,0.0640223125526818,-0.0030326237921445,0.4794214030929632,-0.0365548944371183,1777.2853283868508,1699.352898739383,1666.4311370416597,1791.178149777933,0.147771381513631,-0.088170772070407,9.907877199978715
5.859999999999999,-0.0079545299800772,0.9922307387568629,0.552047233757059,0.0015043778456372,0.0649862806352331,-0.0029831695216819,0.9978805644344924,-0.2618718402673891,-6.919379206718587e-05,0.0604298447068562,-0.0370317263932965,0.4008577594316703,-0.0383591229191837,1762.0392173079,1700.0339157546252,1673.555290105464,1784.5607370136038,0.1508392594345877,0.0142307264435831,9.795712448838936
5.869999999999999,-0.0112927051043305,0.9922018677138656,0.552481608739004,0.0015342127254327,0.0673188040482338,-0.0030356892843462,0.9977257185235818,-0.2472957332486125,-0.0037544729406561,0.0584627216420667,-0.0858394917900745,0.3305044319244177,-0.0411587276589915,1747.0304558300709,1707.0750259167,1678.6422671925463,1773.2716232698278,0.0872307527313944,-0.0079709357178175,9.776075716567547
5.880000000000001,-0.0145762387098468,0.9922077458394984,0.5529177388931701,0.0014214461400567,0.0693219652305235,-0.0032011799313867,0.9975881901238084,-0.2351335670121215,-0.0074618722670082,0.0580665343578123,-0.1268673132152581,0.2666101996876914,-0.0442366361641526,1738.4765122934757,1712.651893474738,1677.1079733283825,1764.8995603148785,0.1659099860962039,-0.0596950567845702,9.78625702875257
5.890000000000001,-0.0177355981814752,0.9922588264762924,0.5533471599397889,0.0011542783005486,0.0709185280156668,-0.0034787573964906,0.997475377276388,-0.2239181384593691,-0.0133041095201385,0.0584080715804295,-0.1388127576898044,0.2056148098623546,-0.0463056961466286,1736.5893876586165,1710.6353313810675,1674.519834396683,1766.5907620991538,0.1893615066602247,-0.0772172870845763,9.679831404857769
5.9,-0.0207193720448883,0.9923588758731894,0.5537499305826635,0.0007029349470302,0.0720897208952522,-0.003814372659009,0.9973906098339422,-0.2120714121822301,-0.020825437906598,0.058739147184776,-0.1317927500550988,0.1495938998416672,-0.0464408555540682,1739.0359772185648,1701.714842706516,1676.6691977403127,1775.3584061228596,0.1347441066511139,-0.0925813648384625,9.72044653052047
5.91,-0.0235072388737226,0.9925022075724964,0.5540976814234693,4.145157874836996e-05,0.0728687800112024,-0.0041286714466415,0.9973329901560116,-0.1992481572262558,-0.0268983878626759,0.0589064920170789,-0.1389518756231199,0.1058392452746066,-0.0444612143018519,1743.3030538495111,1694.4537451430172,1680.6066831032238,1779.5354585916489,0.1150235805869517,-0.0796840759994524,9.6985737776253
5.92,-0.0261081354893983,0.99267340097403,0.5543642018569975,-0.0008171549741837,0.0733222566725239,-0.0043555638563405,0.9972984548256806,-0.1861272457820591,-0.0286822322720356,0.0592716208792507,-0.1757195242807325,0.0764979791908793,-0.0413910264466383,1745.4790207094215,1698.2641554146398,1679.5851070279425,1771.6895158877865,0.1591750337200104,-0.0422297797238633,9.767688355514048
5.93,-0.0285479745842971,0.9928514060185448,0.5545395445094289,-0.0017930942902974,0.07352670653369,-0.004468605823992,0.9972816251195872,-0.1733954540382999,-0.0263553161427651,0.0598563528564077,-0.2172941190407651,0.0511338326057166,-0.0391931877216329,1741.017037687971,1711.7641528473291,1673.9208433125673,1758.3343541836864,0.1922277823067344,-0.0399654726682751,9.789604974502488
5.94,-0.0308548269452749,0.9930174239139152,0.5546404871965813,-0.0027475282335602,0.0735452754198595,-0.0044829180264556,0.997278018908464,-0.1610996039990837,-0.022889264389848,0.0595074443420678,-0.2231271654217561,0.0149520779033205,-0.0389009855420999,1729.2476130141188,1720.603683860257,1670.6334210846396,1753.1796194456788,0.1619687150021207,-0.1028504577244346,9.67466851188228
5.949999999999999,-0.0330483373301247,0.9931628046732672,0.5547120765952177,-0.0035399461621958,0.0734121576566724,-0.0044378356728377,0.9972855305798344,-0.1487870921308826,-0.0214820859831391,0.0566451297393645,-0.1789856660845417,-0.0352305485643553,-0.0389785704219216,1715.296104476382,1711.9612889998791,1672.5860525484115,1760.0305285125344,0.1353260060182102,-0.1403118819120934,9.602599121279065
5.959999999999999,-0.035136121604868,0.9932921481072798,0.5548174082301484,-0.0041143465142888,0.0731328171549365,-0.0043751249407898,0.997304126878805,-0.1360378492389928,-0.0232699474318618,0.0513707910594974,-0.1103762513527683,-0.0876173913058068,-0.0365363113900235,1705.9764557765006,1690.7330883161112,1674.6608723707486,1767.2566015560317,0.1591032907320637,-0.0721734464016509,9.603490377597758
5.970000000000001,-0.0371161429738116,0.9934192884601224,0.555015316536378,-0.0045617103116657,0.0726979139466263,-0.0043249648107377,0.9973341961379985,-0.1228457312303039,-0.0270039510633393,0.0461574264238576,-0.0610690693307873,-0.1289819315853414,-0.0309649141124187,1704.5091442766306,1676.0509392443928,1672.8688450762977,1763.093198761068,0.1779386255699471,-0.0607062478713473,9.62556643076654
5.98,-0.0389822752141907,0.9935582558625786,0.5553333366445375,-0.0051034196345376,0.072097379845758,-0.0043029409370046,0.9973752591811684,-0.1096546860120724,-0.0302734987945051,0.0435588637137418,-0.0654118765369019,-0.1578062637623591,-0.0261383180282073,1709.3855762428425,1680.7423991659484,1671.0424711524604,1750.8128681788571,0.1970406882500828,-0.0268085733379573,9.516106090395876
5.99,-0.040730002189433,0.9937144733200988,0.5557522971683555,-0.0059721507815289,0.071321950060544,-0.0043136368350852,0.9974261403191008,-0.0971265526583189,-0.0308580002402737,0.0435477383167053,-0.1287607977834938,-0.1829391591070621,-0.0270389144367907,1717.3485207307504,1698.944849574843,1673.2696549572252,1741.1943240451417,0.1820717882843854,-0.0158602935347295,9.500644754494294
6.0,-0.0423596353020159,0.9938812760013004,0.5562152697303553,-0.007221134803091,0.070354378476628,-0.0043539971716416,0.9974864206343624,-0.0857498765919764,-0.0274877807258831,0.0439158313237968,-0.2042104996972589,-0.2135457507861747,-0.031695779394656,1726.0298644822233,1714.8718973597684,1674.6365337586622,1735.97547453856,0.175035254275371,-0.130609191631853,9.454085075506883
6.01,-0.0438756302474968,0.994043391500924,0.5566552563050758,-0.0085461420618688,0.069165689499547,-0.0044124485174419,0.99755882089729,-0.0754847848034295,-0.0203773931819236,0.0430325535771301,-0.175121217341976,-0.2530350618739631,-0.0273188612553583,1731.1858852041378,1717.5639324609056,1669.7355490847792,1732.2968582513938,0.172919626208305,-0.0897705735212937,9.554086502806095
6.02,-0.0452826709992446,0.9941844965015916,0.5570212187754573,-0.0092269453252581,0.0677275750889907,-0.0044651416844657,0.997651192332404,-0.0657735828070856,-0.0116594809864641,0.041326235226824,0.1049037774660298,-0.2991479452713149,0.0010341175324863,1721.5201881758812,1703.8960970891465,1670.2136555163793,1741.4379654453503,0.1542434309655593,-0.049257797238737,9.623765374816406
6.029999999999999,-0.0465812205065497,0.994293606553046,0.5572867778093835,-0.0082617472463512,0.0660351766318154,-0.0044749498024459,0.9977730572649814,-0.0559955994490303,-0.0047447029055241,0.0401128586533729,0.6961877900369285,-0.3446206211843388,0.0554451957514112,1684.275225356831,1674.680626492802,1698.99142924044,1783.713942373783,0.1661100842661704,-0.0601246257976048,9.538423908873929
6.039999999999999,-0.0477657793760847,0.9943664936527358,0.5574434719434734,-0.0046790881226508,0.0641234366826441,-0.0043988916452506,0.9979213099010568,-0.0459209897741732,-0.0021402392151174,0.0399129763655376,1.4746297148762608,-0.3773741471099593,0.1207960794406008,1624.3452915877565,1638.136164303886,1756.8454352124315,1855.0893692302443,0.1822331417116882,0.0010250499864849,9.5472999087404
6.050000000000001,-0.0488274099445869,0.9944020155303748,0.5574916426893013,0.0020946918792371,0.0620646213991514,-0.0042044185032161,0.9980610792439312,-0.0357094634279628,-0.0036436188931511,0.0402647246378364,2.1806100013461016,-0.3852321874489113,0.1769852217187315,1572.6199496996514,1615.7661757376866,1805.9791971371917,1913.812927503304,0.1518515805009235,0.2785825121796602,9.90222230499331
6.0600000000000005,-0.0497590107893048,0.9943962534265032,0.5574385923994095,0.0119906382891007,0.0599479607315469,-0.0038869993426037,0.9981219153157892,-0.0255976536502172,-0.0074033389245597,0.0404310693892426,2.6064475530520896,-0.3664649841324253,0.2140488447985074,1562.3228462837935,1631.3933284877116,1803.777515317653,1917.5803551518547,0.1434795198761647,0.751534576452548,10.363080877030365
6.07,-0.0505598425720363,0.9943380647331832,0.5573041443326202,0.0243081507396655,0.0578525630448189,-0.0034768668940385,0.9980230990079156,-0.0157301649653054,-0.0129358739014111,0.0397107988181415,2.7495191774897223,-0.3371272163281945,0.2350583572905956,1595.6383215492572,1686.0059782027447,1750.716614676998,1869.672183834112,0.1509461773103351,0.7837817263806748,10.23499926688064
6.08,-0.0512368763452934,0.9942082720737152,0.5571276916495765,0.0379865523914254,0.0558260447430846,-0.0030274510973753,0.9977130394585456,-0.006258418887854,-0.0220001398189269,0.037710991352091,2.78266325305282,-0.3236082507151542,0.247357096090343,1641.3792140905157,1748.6374233711522,1691.9045528793265,1815.9865192265397,0.1191075842429292,0.5117809675035694,9.851551284989434
6.09,-0.0518034247180935,0.9939823693194412,0.5569687987429267,0.0520121765094143,0.0538762016480047,-0.0025899202719587,0.9971887387569728,0.0025044711603917,-0.0356320882522475,0.0351527489206442,2.880317998172881,-0.3421583508538307,0.2538818813397001,1665.802442182136,1779.8721113370432,1671.664457465648,1799.3838487348298,0.1161592010201768,0.5256290466090388,9.760931654380093
6.1,-0.0522769849218579,0.9936347071897534,0.5568949916365008,0.0657786359153747,0.0519761687298023,-0.0021877468633714,0.9964772263855032,0.0100999253002952,-0.0513378491965711,0.0339611759036117,3.072665165389634,-0.3833286548902562,0.2530850180772095,1662.9149085899653,1767.7385082622068,1694.9460416238437,1823.9751360703287,0.1329256641764249,0.4614116319946836,9.844740288588792
6.109999999999999,-0.0526771207007322,0.993141641391885,0.5569585775830175,0.0792444701665827,0.0500782073361996,-0.0018060440882845,0.9955949102434992,0.0162747770674704,-0.0652970065905906,0.0356362149412393,3.255335912237568,-0.4176534114006885,0.2451687845318131,1657.6513217905624,1741.4592278939072,1730.4812744842864,1857.8516292662755,0.1739509328927212,0.4514151855835833,9.914733688771992
6.119999999999999,-0.0530225445649699,0.9924819059194828,0.5571754024085646,0.0928127491412822,0.048131164430681,-0.0014038734714114,0.9945185839121662,0.0215159644747338,-0.077928145440625,0.0397296571864925,3.3224789557092445,-0.419690151600588,0.2354319965657757,1679.228384299326,1745.3053621744102,1744.020022653453,1864.519401077808,0.1793996093489522,0.7010949180911243,10.198741121927366
6.130000000000001,-0.0533265983627864,0.9916332690564298,0.5575203818422213,0.1069769804095735,0.0461007292231007,-0.0009455236281871,0.99319170073688,0.0270429747230113,-0.095297497471435,0.0446029134123883,3.275410503459796,-0.3903647105221806,0.230114497028523,1728.2463421414873,1792.6999002757736,1730.072681061854,1837.3684669353388,0.1793996093489522,0.7010949180911243,10.198741121927366
6.140000000000001,-0.0535922362920599,0.990564831906554,0.5579435667682598,0.1219258385680679,0.0439892219442437,-0.0004323803157589,0.9915638412575742,0.0337940235000569,-0.1226794928095401,0.0493613499486013,3.2019967739984603,-0.3569496999499905,0.2305248559017106,1776.1494085923632,1850.8007832410367,1715.5476522266663,1806.589446731224,0.0110245011094471,0.2646922637997533,10.457288132300834
6.15,-0.0538095443678336,0.9892257494542837,0.5583973187384575,0.1373814632620732,0.0418398637090846,8.797025676026289e-05,0.9896341503899362,0.0413506644392031,-0.1572537237346359,0.0543728599926455,3.17204039304674,-0.3479143151901014,0.2328285252256391,1801.682146345116,1878.417335749633,1731.2992533422175,1807.6021739041437,0.0500192368915637,0.4491613586651608,10.743308698251338
6.16,-0.0539584734453997,0.9875354697234252,0.5588607480912049,0.1528127510906544,0.039710717502501,0.0005451920846262,0.987456847049598,0.0482898106216768,-0.1903159176766504,0.0603491690013134,3.175165855152265,-0.3655815115394883,0.232312336953995,1815.547105628178,1872.812699414173,1779.889736644925,1843.6452454893656,0.1029375670989585,0.7161193142422544,11.077200093035648
6.17,-0.0540164480573846,0.9853854191729104,0.5593513514035289,0.1678466753080901,0.0376311600102888,0.000888137504354,0.985094208995299,0.0537999523740964,-0.2182705710458589,0.0679248350250803,3.1551600064797567,-0.3856409752573509,0.2262909314952994,1839.5354825321317,1867.512215001826,1834.1802842205295,1885.7387060242145,0.0990314332967617,0.7006021152054167,11.398535629960932
6.18,-0.0539672845565726,0.9826604752072394,0.5599198889983763,0.1825036990877391,0.035579967414313,0.0011165544576839,0.9825605421775452,0.0586351897995301,-0.2490427549770429,0.0779569125753384,3.079557452624199,-0.3838735911998276,0.2142592133066359,1874.5751356052467,1888.0116618660595,1866.5276507990352,1907.9493495919644,0.0990314332967617,0.7006021152054167,11.398535629960932
6.19,-0.0538070861538489,0.9792768105413516,0.5606304153767635,0.1970549298396728,0.0335085023702968,0.0012803613845474,0.9798188075197916,0.0642162831283832,-0.2945994568137703,0.0910485706073867,2.9651383886368428,-0.3587369137709546,0.1976194866360009,1903.7580826825745,1924.1096525452808,1875.0745634538173,1914.310037202477,-0.0145291631444863,0.3109995305589716,11.958238148302218
6.199999999999999,-0.0535447325814462,0.9752182674854982,0.5615330419152762,0.2116715664898547,0.0313874132716441,0.0014471094213108,0.976835648459949,0.0710331280416653,-0.3577549190157822,0.1064332339810103,2.8491590251891674,-0.3263784114091433,0.1793892128189627,1919.0276565448223,1949.51355878138,1881.3029585354288,1927.6718273510876,-0.0246191877826198,0.7405020449262887,12.253262135168454
6.210000000000001,-0.0531976220289515,0.970549990633968,0.5626408401760853,0.2262055203759746,0.0292342923930423,0.00166049968897,0.9736393898361424,0.0782636010367558,-0.429201716350619,0.12216267173927,2.7515914577859557,-0.3006970790839842,0.1627182811244664,1930.6893007672445,1957.048641493512,1905.3679507271431,1958.0747562087645,0.0646486558424651,0.6133224611726877,12.316844776403526
6.220000000000001,-0.0527855587734278,0.9653997572185736,0.5639214639247498,0.2402556793485482,0.0271043915591554,0.0019180422964068,0.9703292645348408,0.0847768739885176,-0.4978763463850056,0.1367964584075865,2.665736872275202,-0.2850336964103657,0.1489263444224589,1951.5053728536805,1962.9414564615088,1946.086730235864,1991.46728255994,0.1324695119316256,0.6012389383265422,12.566267962428167
6.23,-0.0523258165678824,0.9599135271802924,0.5653080612447737,0.253393553122772,0.0250620132460348,0.0021801503028661,0.9670361160124938,0.0900380190954397,-0.5617645021570826,0.1502896415664567,2.573385120125974,-0.2792192633691158,0.1371723721249414,1980.693990092376,1979.2334582994367,1984.748701951028,2010.5049653420335,0.0427406668795592,0.7147865507280375,12.9149601942241
6.24,-0.0518307120199868,0.9542001165680156,0.5667257202603003,0.2653420405135517,0.0231580148756062,0.0023989034792561,0.963873203873426,0.0940292495841544,-0.6271440048750277,0.1628364286930251,2.461605687366254,-0.2840830874261876,0.126224767683564,2006.5309418339157,1995.853043232656,2005.2336787611127,2014.8974882779164,0.057163672133495,0.8106616340560251,12.986252426537762
6.25,-0.0513072323308465,0.9482801308765924,0.5681230653744039,0.276025808593889,0.0214218382258822,0.002542628640978,0.9609081084457076,0.0968194724137401,-0.6983734964933918,0.1734541425369748,2.332761688558388,-0.2952940721329458,0.1162633967238447,2020.0494273389093,1996.4122685760387,2007.186386977044,2014.0347373055736,0.1342203927874288,0.5799938801523341,12.90801224903532
6.26,-0.0507576278384302,0.9420531819046952,0.569496205241673,0.2855469013799768,0.0198610442063123,0.0026012104556666,0.9581553839224064,0.0985714631151356,-0.7704949666905326,0.1805217600021058,2.2064667645541536,-0.2998276150441338,0.1084715633220575,2021.4852397107973,1982.008024234157,2001.861207944352,2010.1141302800263,0.0390031851968271,0.7756980976495402,13.152467464660289
6.27,-0.0501801891463166,0.9352978259602064,0.5708943367503594,0.2941565714194872,0.0184596300529152,0.0025756734365864,0.9555754912383372,0.0998157869399808,-0.833889276614932,0.1837525373968436,2.1030395687975574,-0.2867430214221964,0.1027758832852405,2015.0488034881544,1969.332939434605,1999.5545243685813,1999.4863982388176,0.0856174059053656,0.7347114441229428,13.004770419726016
6.279999999999999,-0.049570099855876,0.927716128532082,0.572402275700938,0.3022206624138961,0.0171732421926871,0.0024665433133997,0.9530800948119628,0.1014153965671953,-0.8869504316459105,0.1849405500761811,2.0141170402639217,-0.2618626492878281,0.096486432964099,2003.617788970789,1969.807997915225,2000.905858662451,1984.088993364172,0.1456227849789009,0.5721314567591147,12.717710413308748
6.289999999999999,-0.0489208478936522,0.9190214254948436,0.5741042333514378,0.3101218482955162,0.0159283190593325,0.0022720370688989,0.950560658616416,0.1040843852105048,-0.9416529306325574,0.1861685884509394,1.8980046692591448,-0.2461086886835687,0.0860390493168723,1990.313506347552,1978.680601087221,1998.471294196759,1970.9621958964076,0.1456227849789009,0.5721314567591147,12.717710413308748
6.300000000000001,-0.0482264067424662,0.9090419127307608,0.5760430125697785,0.3180891933358296,0.0146362527946477,0.0019954871828731,0.947945706893594,0.1077959309238726,-1.0128596884314205,0.1873691721835664,1.7191380256614814,-0.2549482418035212,0.070717773479987,1980.1041734047003,1981.9818010444656,1986.2791143884133,1962.342826134682,0.0539538252531429,0.3948503617918772,12.587387047065546
6.3100000000000005,-0.0474831223953977,0.8977901929050283,0.578193884270701,0.3260510271107678,0.0132248434234921,0.0016528286559649,0.94525821836886,0.111613690765574,-1.1023457951511997,0.1860894602569165,1.4888544976359468,-0.2805159519562801,0.0542295670049566,1975.362276136004,1968.7187234288056,1966.382015725769,1953.196524144114,0.0957517537532244,0.4634794033899938,12.236571495332608
6.32,-0.0466897932959907,0.8854569795998164,0.5804666878404441,0.3336343318020537,0.0116720368488549,0.0012727912657706,0.9426294479811194,0.1142951261906887,-1.1967391579305011,0.1797887780692281,1.2516013887551511,-0.2980940747547964,0.0417198957224184,1971.3200980190225,1938.8597700107584,1945.3940118327823,1938.6343559784743,0.0894914118531652,0.438303130519051,12.149663033561126
6.33,-0.045846291564355,0.8723302349372076,0.5827342482963269,0.3403265874599174,0.0100193220330308,0.000890958432324,0.9402534941423816,0.1152710322028594,-1.281317731602024,0.1681987314574902,1.0285920547307257,-0.2913828106124695,0.0354364924917581,1959.900896448913,1903.8002109907109,1927.1397776646156,1918.945606645544,0.121703200267715,0.4987228876844245,11.9292985824165
6.34,-0.0449531458909649,0.8586848520333632,0.5848706005759269,0.3456870869874609,0.0083544388779672,0.000542588395694,0.938312499564506,0.1150397639935568,-1.3525552244336143,0.1534132142016698,0.7896384121088146,-0.2680172224679397,0.0338029834327031,1939.197017215136,1877.8933754336967,1909.8118582399677,1895.662392993584,0.0888837260657089,0.4223095834939769,11.541435261484152
6.35,-0.0440136822513975,0.8446965109728772,0.5867799565702408,0.3494764847181448,0.0067740908863415,0.0002545795852046,0.9369206121710348,0.1145791772406374,-1.4169203688308465,0.1378142062053812,0.4909974825327742,-0.2483957496686323,0.0336516858437233,1916.8138930888413,1866.7343680948345,1888.4501135294668,1866.9583730189065,0.086484084276565,0.330204487860211,11.277854587440997
6.359999999999999,-0.0430374001334105,0.8304084813587675,0.5884075091328956,0.3516569210816759,0.0053477976366087,3.475396701084362e-05,0.9361136734969508,0.1144763811388255,-1.481369717786755,0.1218997240772415,0.1338286844198612,-0.2432859250144156,0.0321469168163452,1901.2399371197628,1862.7071246877333,1860.1725990684315,1831.9722026766851,0.078312183740783,0.3414594910809647,10.97662406816998
6.369999999999999,-0.042041662205362,0.8157498091715704,0.5897354515394776,0.3523008468321488,0.0040975650985542,-0.0001364308142395,0.9358778257167154,0.1146712033273011,-1.5475230621850125,0.104017576635646,-0.2296340199064389,-0.2466818768810907,0.0276659130065297,1890.441051776451,1851.5882886996335,1828.4377124784096,1797.875211327853,0.0779003354284631,0.2819178570198666,10.638947087740096
6.380000000000001,-0.0410497239314006,0.8005864615847803,0.5907716182121441,0.3514763931038011,0.0029958107941336,-0.0003007890238952,0.936191903262569,0.1148561697304016,-1.613219069896881,0.0821966567680569,-0.5525861492053619,-0.2477349322622555,0.0209274217066241,1872.939683945861,1824.6963715094296,1800.780865171423,1775.2575600193882,0.0999056270734987,0.1898545699463936,10.252490051887374
6.390000000000001,-0.0400851886707239,0.7847838628402883,0.5915351619287379,0.3491637964939921,0.0019784745977615,-0.0005004485584391,0.9370594849887643,0.1148650497874682,-1.676386697810949,0.0562080915430492,-0.8474916379548547,-0.2423651854944729,0.0154373593175186,1842.8936161594804,1787.574242576074,1780.3659426539853,1764.1928045137588,0.1025992610157526,0.1811713450638317,9.954413421767592
6.4,-0.0391647435672529,0.7682627384479747,0.5920425459536505,0.3452349938971587,0.0009705599083668,-0.0007513292399557,0.9385154727049876,0.1146199805005276,-1.7362752240058517,0.027829903112844,-1.1736448911272055,-0.2315450892764913,0.0153356870096085,1810.463702027468,1757.2584614633415,1761.4581476556823,1751.0001476261689,0.046340912894571,0.1520807924202492,9.754472193228546
6.41,-0.0382921129537151,0.7510351867693196,0.5922997641974026,0.3395097053571286,-8.173397036418797e-05,-0.0010317495064572,0.9406019821267813,0.1139172936954767,-1.7923892903607492,-0.0005887514280546,-1.569831059619514,-0.2149929301271639,0.0218964328096936,1790.989415378893,1747.4829558404674,1735.9360202436785,1723.4426575674368,0.072,0.0646040167086159,9.355399796755089
6.42,-0.0374563213197768,0.7332129133269187,0.5923058702951846,0.3318760619493423,-0.0011856950824767,-0.0012956188728425,0.9433213635892616,0.1125244028880468,-1.8441227183791529,-0.0275117667085704,-2.004489178626072,-0.192171687333693,0.0323112317654197,1784.849753558457,1754.1922275546303,1703.820449610743,1686.3456547227163,0.0018402306562777,0.0578974755437329,9.164679051225786
6.43,-0.0366360450794401,0.714984756550423,0.5920657275856998,0.3224266372492754,-0.0022982918723447,-0.001500021662594,0.946590477123875,0.1105259155652455,-1.892031031217129,-0.0526606688085449,-2.397087619560401,-0.1664154145912007,0.0421391075252903,1775.697546045643,1757.6508903730044,1675.1784361406503,1658.2352029911358,0.0225452249298231,-0.0574822374653187,8.95435360153422
6.44,-0.035808882330513,0.6965661457730641,0.5916035018387837,0.3115295486564611,-0.0033466927588071,-0.0016261391064601,0.9502291805838664,0.1084143337158487,-1.9387947279472488,-0.077031141993684,-2.689092839199344,-0.1423913524186182,0.0490075307726526,1750.7902678665173,1741.0657754267645,1660.899421265543,1652.8225551712635,0.0339873974339616,-0.102658048191464,8.699071192837613
6.449999999999999,-0.0349611470090408,0.6781292371101882,0.5909687737678664,0.2997592268476329,-0.0042602961256103,-0.0016800194006212,0.9540038958680646,0.1067284188598834,-1.9877287486418107,-0.1025265128753765,-2.891957626393637,-0.1201634842447332,0.0542193648969474,1716.3642115797795,1706.3021833065602,1662.4559739992617,1665.8619370333363,0.0318515105587301,-0.108902484425335,8.643969661345482
6.460000000000001,-0.0340928815815821,0.6597300522157401,0.5902312331223569,0.2876697692427201,-0.004997129045003,-0.0016769705904368,0.9577151561580232,0.1056413253336674,-2.039262102032339,-0.1303942092307013,-3.0656273515790677,-0.0965182108776149,0.0609616118371057,1689.082386276964,1670.7463224290557,1671.386372975913,1680.7416975291017,-0.0019263531920673,-0.0952547430354657,8.655117773848755
6.470000000000001,-0.0332154561149543,0.6412578538119245,0.5894628542015296,0.2754931619288818,-0.0055563331848261,-0.0016245376556287,0.9612856005211832,0.1049309414866086,-2.0888818815974592,-0.1589248987309722,-3.2546755398013225,-0.072769363399794,0.0705717117678775,1677.657954368619,1650.6434992185157,1678.3775060708083,1685.6010912696374,-0.0116057736400159,-0.0161974231943364,8.61829124743415
6.48,-0.0323436358181483,0.6224378804283511,0.5887094110605271,0.262937671975318,-0.0059782517906439,-0.0015171363560203,0.9647931070747784,0.1042379720067812,-2.130207305605216,-0.1830103572887824,-3.4513485959375534,-0.0567148036490201,0.0802264055168546,1677.775311669302,1648.312269851228,1681.9718639329903,1682.7743558629418,0.0429554864319195,0.0082638147612561,8.700080840523897
6.49,-0.0314871731556048,0.6029111446619516,0.587959419693479,0.2492730353474404,-0.0063345492223786,-0.001344458363675,0.9684115962577748,0.1032371324335355,-2.161924108511528,-0.1974775016813764,-3.620528136785312,-0.0536871971443203,0.0848791332602106,1681.0462740203943,1653.4434723018303,1687.842962745652,1681.4385777091277,0.0379082714386578,-0.0433570982971933,8.595073771706895
6.5,-0.0306468066751346,0.5823819813780253,0.5871250706856938,0.2337524590153907,-0.0067071602559066,-0.0011044069591693,0.9722723806582332,0.1016658674760767,-2.191117498896447,-0.2020850169661349,-3.749852130530499,-0.0577285248812253,0.0822787293373353,1682.5407954028974,1654.472809368117,1700.0899681365263,1685.401269751908,0.0379082714386578,-0.0433570982971933,8.595073771706895
6.51,-0.0298162161020971,0.5607686206883166,0.5860482097658596,0.2161618099274746,-0.0071577305831433,-0.000808019065827,0.9763309817510488,0.0994559114837406,-2.227155639564369,-0.2031300128139554,-3.8632864705667074,-0.0555496120915838,0.0757360362752345,1680.610370120968,1648.3175227361205,1715.490003121059,1692.1523012174034,0.0345592674294341,0.3094696601311115,8.885462540723083
6.52,-0.0289872872413017,0.5382556138574762,0.5845322906341219,0.1970901556349614,-0.0076995764092094,-0.000472070522533,0.980355019482395,0.0969497212182124,-2.271316455149046,-0.2091229971419544,-3.987078249597932,-0.0401481597365653,0.071005602883619,1675.611767643144,1640.3696209122186,1727.9521588538903,1700.917217889407,0.0892666779212615,-0.0728287219855441,9.125614807428969
6.529999999999999,-0.0281541942626698,0.5151879627873136,0.5823872143444111,0.1776297801918898,-0.0082894786389798,-0.000107939017174,0.984062464522473,0.0948202091676014,-2.314540735673981,-0.2240024189791331,-4.115376304086361,-0.0184324629854525,0.0706752798374798,1670.742826090547,1636.69797424796,1736.7042641730934,1715.2663906594605,0.0524434813261071,-0.0189971512498416,9.239885572105903
6.539999999999999,-0.0273137267929588,0.4918625168477938,0.5794696754191454,0.1586484413268402,-0.0088468021198624,0.0002807899779692,0.9872954610013176,0.0935394175677704,-2.347271640404545,-0.2443757503750816,-4.216808290104594,-0.0034763534406702,0.0725395519048434,1670.0708758432263,1637.2856922454598,1747.1697875389978,1737.0914002890015,0.0167504608673578,0.0310519550696612,9.441752150646996
6.549999999999999,-0.0264629924408205,0.4683665561124338,0.5757093848283152,0.1401721909382229,-0.0092890941914497,0.000688953497136,0.9900833272809716,0.0928344118343216,-2.3702637870011456,-0.263788925854063,-4.270866234326168,0.0009625097927824,0.0729983555538092,1673.7738663971247,1637.698632899649,1764.1953823934928,1762.1659982879864,0.0323481340971675,0.0052553106990855,9.559525148041084
6.5600000000000005,-0.0255976701078987,0.4445885491936162,0.5711228946584558,0.1213730279722428,-0.0095628135132138,0.0010968500234112,0.992560294188009,0.0917592035657049,-2.39299234426264,-0.279577174009975,-4.290232670835434,0.0066701445979472,0.0705505401318542,1679.3753641719118,1637.829670428343,1787.5180338163495,1783.7320159375513,0.0323481340971675,0.0052553106990855,9.559525148041084
6.57,-0.0247128374384601,0.420391692375979,0.5658201894599872,0.1011773024849497,-0.0096539436084271,0.0014637175944086,0.9948204925339436,0.0894967201977448,-2.4209170464229923,-0.293801687588318,-4.301752360005626,0.0286288807910262,0.0658813654282954,1689.7708191076365,1646.9425098669751,1816.0870635465808,1800.6090266619822,0.0354027507038141,0.5472449595983462,10.112333699771622
6.58,-0.0238057576484956,0.3958116829729545,0.5600012810559601,0.0790211385226554,-0.0095793840951449,0.0017337023086426,0.99682540564697,0.0862087051806809,-2.446951310262607,-0.3064667947480398,-4.306213773668961,0.0648643205557277,0.0602675980765164,1714.347495690762,1675.883896334847,1854.7409006535177,1822.486226075091,0.0123948075909295,0.1235095802189567,10.655511318019371
6.59,-0.0228788415893364,0.3711307732050316,0.5539333336973165,0.0552078289242656,-0.0093713930733992,0.0018562504938906,0.99842917973757,0.0830084771523462,-2.4578024151083997,-0.3110902949721634,-4.269119476366868,0.0930516042128882,0.0551685391912412,1757.7887633722464,1723.1147219547224,1911.441126406368,1865.4442615559287,0.0107088538224098,0.1309226690610341,11.351128026380277
6.6,-0.0219418863914206,0.3467929131979836,0.5479092108572047,0.0306971271663711,-0.0090656829220869,0.0018146362569463,0.9994859713233312,0.0809301769364764,-2.447427029848452,-0.3011586877613805,-4.164937940246039,0.0939672298696208,0.0524898117982928,1812.9819659762636,1773.6470397876717,1986.7190529873235,1937.3757060815465,0.0277802673126069,0.0672939952875244,11.88782076963841
6.609999999999999,-0.0210134468313929,0.323244722211584,0.5422073283419001,0.0065939677144409,-0.0086951438639427,0.0016446735189705,0.9999391027017506,0.0799110150778167,-2.421777922660092,-0.2789531165395444,-4.02350682231956,0.0764870088603389,0.0532896559384758,1870.1998115525369,1817.1044551333607,2069.041010827556,2025.7173280497489,-0.019446589605373,-0.0724241695984148,12.54781065867312
6.619999999999999,-0.0201206315876863,0.3008094553883634,0.5370721794645454,-0.0162693822482264,-0.0082886098814477,0.0014260042063687,0.999832272263452,0.0788797790784672,-2.3912678310284186,-0.2522524587226206,-3.906661212463293,0.068831294400582,0.0555921760612447,1927.5585977287349,1861.8040111594337,2141.027526398373,2103.294503507557,0.0391413789155921,0.0442673868149432,13.303699104648343
6.629999999999999,-0.0192961348131943,0.2796373867379331,0.5327102782212912,-0.0374601719799855,-0.0078714461578916,0.0012468122992543,0.9992663415274746,0.0768073262081028,-2.3616443214893503,-0.222599923359641,-3.83141693385828,0.0820349563172627,0.054791934803933,1984.3417325751157,1919.485470641372,2190.0654699936777,2151.6355345817906,0.0977390524719583,0.226779289124264,14.39839649571251
6.640000000000001,-0.0185719681211094,0.2597082534062359,0.5292794537391661,-0.0568458897028895,-0.0074737068331713,0.0011656849564239,0.9983543107076972,0.073566188807287,-2.3323324633370306,-0.1831296436643205,-3.74735735623656,0.0933883682171356,0.0478535162396272,2028.65053660488,1977.1902416333123,2216.8136141721093,2178.5672350679206,0.0868322362837862,0.284725432160698,15.083179069649836
6.65,-0.0179703896276689,0.2408420395369248,0.5268630272915243,-0.0744895064522604,-0.0071332963419444,0.0011936315308992,0.9971955699638688,0.0698665563401196,-2.3006062196919603,-0.1302333839612275,-3.617474020310082,0.0743156383245633,0.0374083309725599,2045.7415742171868,2002.538640239662,2233.842678205173,2206.5375205256773,0.0004531462549222,0.0702861292029992,15.566413612351443
6.66,-0.017493531511152,0.222700772886053,0.5254452910603987,-0.0906749849199482,-0.0068868948592444,0.0013042116103399,0.9958558715100496,0.0665625170295676,-2.2654708546695463,-0.0725167718398668,-3.4960881900664784,0.0274530247719446,0.0303577279551087,2042.3461923386683,1987.6603842223133,2250.7442389319467,2241.404268502999,0.0195897620876978,0.0217956027183814,15.848935522899431
6.67,-0.0171149432110512,0.2048073541565516,0.5249108970760488,-0.1060190898671161,-0.0067502665096869,0.0014606861763439,0.9943401092592468,0.0639985355432907,-2.227997476743227,-0.0235172564344861,-3.4787069861427025,-0.0125119865844731,0.0307604667646752,2048.3139749219545,1971.988308739987,2262.361349008788,2262.0170371157265,0.059205547505718,0.2123694299464893,15.875551630871566
6.68,-0.0167783100837568,0.1866310804296213,0.5250770746933805,-0.1214669939308107,-0.0067018466951924,0.0016399624037331,0.9925714912083669,0.0618476108373446,-2.188558991214212,0.0138963767726552,-3.575750726873741,-0.0126288971276139,0.0345470137626255,2081.962161394392,2000.5823491326237,2259.9134846884376,2248.96732623099,0.0727374809421041,0.402278048299634,15.886308881764274
6.69,-0.0164085615612483,0.1677607080685724,0.5257533512111542,-0.1380114864607146,-0.0066837778632037,0.0018380434011665,0.9904063702919296,0.0595195605893559,-2.144311402282072,0.0522329490102501,-3.6853309449148446,0.0265769387029703,0.0337885208597191,2123.1520256918534,2066.2862072679764,2250.368155693031,2216.3352893798674,0.0727374809421041,0.402278048299634,15.886308881764274
6.699999999999999,-0.0159364240955724,0.1481066253943552,0.5268184553498974,-0.1562225273964484,-0.0066227767521003,0.0020576886346389,0.9876975380547632,0.0567149852195378,-2.090526267245361,0.1063017842420502,-3.716338239920231,0.0701583371159343,0.0266339345857328,2135.662987136066,2115.415540209407,2250.6712723968294,2200.522886957762,0.0635838952253975,0.4690287174316809,16.146868733181442
6.709999999999999,-0.0153302414604747,0.1280060931161199,0.5283015758425014,-0.1759174779047196,-0.0064607878346071,0.0022919065217343,0.984381047335174,0.0535484426081215,-2.0245874007710345,0.1767115712182577,-3.705459794098755,0.0804275536594864,0.0197742616381298,2111.937750788412,2111.564589692679,2260.7276890551984,2215.79223977211,-0.0049120778794663,-0.0580867632315103,16.146971886874894
6.720000000000001,-0.0146227872832301,0.1081314293980443,0.5304461862654639,-0.1962645674655996,-0.0061797536752496,0.0025144182030124,0.9805282800119304,0.0503266632862112,-1.9480152250798315,0.2485541196634353,-3.768207825202565,0.0554948540280708,0.0193602746962938,2080.693652111196,2073.334097378992,2256.522691177264,2233.7221739208853,0.0163081490211872,0.0293757056300671,16.220581828291312
6.73,-0.0139201039771547,0.0892254650214493,0.5337217693510939,-0.2162760953999445,-0.0058080447537441,0.0026780371890157,0.9763112952801,0.0475358570682631,-1.8656964622910448,0.3055451300330032,-3.938229619864696,0.0347407264251435,0.0230230973578373,2068.1155236110444,2041.3579698611395,2219.054540605452,2216.334594348307,-0.0451303026197379,0.1713653874581693,16.07110417475622
6.74,-0.013384624484522,0.071810376083828,0.5387471108122653,-0.2353425510543283,-0.0054072430887421,0.0027198070989392,0.9718936402892884,0.0458573731821338,-1.7844538713393805,0.3433404198551633,-4.1020192522284615,0.0566038390302763,0.0244820086666361,2063.4833000594963,2024.6102836977973,2162.267393765507,2163.2598973369363,0.0303691097447921,-0.0615289408725079,15.513892750780135
6.75,-0.0131931691675424,0.0560305513988082,0.5461129364463552,-0.2534693255634866,-0.0050499944350999,0.0025768987396547,0.9673268104149094,0.0454044234265322,-1.7095600097430048,0.3710224173522087,-4.1209404218961465,0.1097857687755601,0.0234157099659468,2033.5968757178416,1996.26389445602,2121.5464323735805,2114.2639528212985,0.0393181619908879,-0.3115007276448045,14.927566157110626
6.76,-0.0134795624476413,0.041695413481086,0.5561385440025415,-0.2711255759333378,-0.0048012841884491,0.0022158174921828,0.9625294592363388,0.0445588865079697,-1.638475383764418,0.4041492702583311,-3.9956718762728154,0.1383195423022638,0.0254943664266517,1968.7949413078172,1938.6975775224253,2114.498185727848,2103.8838486966183,0.0188443109347124,0.3525093849938789,14.267178381219484
6.77,-0.0142802916354271,0.0284648403222474,0.5686451407423551,-0.2888595667996534,-0.0047051524864339,0.0016644661319236,0.957358470877493,0.0403639693116861,-1.5595906720203194,0.4554011851712333,-3.878828757937277,0.1025181501744731,0.0330230698230404,1901.741646710561,1874.039071261405,2119.7768951364533,2120.897452844258,0.0188443109347124,0.3525093849938789,14.267178381219484
6.779999999999999,-0.0155064615686823,0.0160482477573747,0.5828528494550447,-0.3069605224116554,-0.0047704342091269,0.001023672931958,0.9517097418498712,0.0312388663213909,-1.4631258547554449,0.5249649551826593,-3.932529829759123,0.0264069353366526,0.0408801281074889,1871.992548778221,1839.6857742299176,2098.6682292946844,2117.572679046701,0.0259303450597006,0.0650949617292031,13.984787533575997
6.789999999999999,-0.0169601431941309,0.0043045817785985,0.5974872184476516,-0.3254155149516348,-0.0049548920551694,0.0004389626648143,0.9455580357573314,0.0193422352545162,-1.355158130594031,0.596753801873864,-4.20032867572521,-0.0246444983642161,0.0434337138969374,1878.2614943766807,1841.8769283781328,2035.234130126624,2057.8391696143226,0.1019801417095095,-0.0545439388148016,13.471130315067684
6.799999999999999,-0.0183946125056214,-0.0067844589117493,0.611100289686584,-0.3441903500352014,-0.0051596545190119,3.848545698982586e-05,0.9388857115894136,0.0092805225029414,-1.2567417273917874,0.6480016810981778,-4.611018549892404,-0.0080434186007388,0.0413723988997023,1877.8638212808928,1846.7795650066807,1948.2433552408552,1950.4651601695884,0.0685034535959913,-0.3734106155699308,12.538948362806394
6.8100000000000005,-0.0195938110766305,-0.0172083108300306,0.622495179483507,-0.3635675170142882,-0.0052474028403892,-0.0001295106861581,0.9315530626660394,0.0041112004247694,-1.185121364878289,0.6651136048336604,-5.056375618041164,0.0629830883363992,0.0388079464469511,1834.73809340352,1818.131948465563,1862.863350366399,1832.549636139344,0.0267492872722712,-0.4760355697482987,11.68985176758306
6.82,-0.0204347868567167,-0.0270018652066119,0.6310696351654924,-0.3841624236591445,-0.005084222055465,-0.0001213239771151,0.9232515194760934,0.0031069780842993,-1.1356089428869651,0.6485520373069096,-5.424726947502652,0.1444244060590892,0.0363992952712013,1757.732579010771,1754.1712584018942,1784.0683579531,1731.3150474776694,0.064206487228157,-0.5483919210994888,11.042121567161388
6.83,-0.0209085248213783,-0.0362516447096872,0.6369284125316061,-0.4064668546712882,-0.0045886119726685,-6.844430581936859e-05,0.9136540023494512,0.0034060209321049,-1.084477262072686,0.6051764547386429,-5.582237061490521,0.2046634854481679,0.0313361008731723,1684.631294460486,1682.7461365267284,1708.3249770689963,1653.979945417665,0.064206487228157,-0.5483919210994888,11.042121567161388
6.84,-0.021099081908517,-0.0450467876065404,0.6407343894520925,-0.4302064630228777,-0.0037634477288437,-0.0001104938985056,0.9027226724889744,0.0030435430347371,-1.012222861938423,0.5434255614082742,-5.395402714990168,0.2391529458338034,0.0235437030589731,1635.5036620291494,1625.619305991827,1650.0942881184023,1607.7417350333385,-0.0085548825700537,-0.174191364374951,9.284119000673217
6.85,-0.0211387981456322,-0.0534271752366535,0.6433898644601053,-0.4540766634969954,-0.0026924370340806,-0.0003292604119747,0.8909584872696567,0.0020804352072418,-0.9232549547764026,0.476098758148089,-4.827305112324081,0.2547245622776053,0.017932914894663,1594.5218432417737,1576.3916579609504,1638.7760263142156,1610.3170268387958,-0.0116603175281888,-0.6806211900133423,8.76115644357524
6.859999999999999,-0.0211602755192116,-0.0613724259135534,0.6456968004448972,-0.4761920316428439,-0.0015017063544328,-0.0007211039711253,0.8793397374660994,0.0014621085111487,-0.8391560147115891,0.417891442486801,-4.002981966680322,0.252700758357719,0.0187759482413289,1539.208334320977,1516.4628554628882,1686.9200139209877,1671.201322502904,-0.0344783102364722,-0.4513733244110094,8.731231978606077
6.869999999999999,-0.0212594415919009,-0.0688299154687852,0.6481259036589895,-0.494967785534546,-0.000309140544923,-0.0012171771690633,0.8689104178192882,0.0015417616007457,-0.7723085236588532,0.3730853515253459,-3.1395284377892287,0.2291114875952325,0.0239825206217124,1475.5049695356909,1445.9874061583346,1768.9689057578737,1767.5040992360657,-0.025,-0.1910426463713497,8.882668522655083
6.879999999999999,-0.0214766117860087,-0.0757441498031459,0.650756647170307,-0.509764912557698,0.0008096630401197,-0.0017276288260915,0.8603116259062429,0.0018067962948185,-0.7112720443885296,0.3292124701868333,-2.396854370857448,0.1862837097616445,0.0271102080122218,1435.23061112997,1390.5308910982092,1835.3458959138943,1848.1550276333887,-0.025,-0.1910426463713497,8.882668522655083
6.890000000000001,-0.021797088485974,-0.0820591612821751,0.6533748745928968,-0.5208713130588625,0.0018264648149408,-0.0021776579819049,0.8536304803978887,0.001635975634448,-0.635159587610399,0.269095017237867,-1.7954328051404895,0.1410571824622976,0.0247191132591228,1443.517122866266,1377.5895867740403,1849.128117804545,1868.5748062118616,0.076781244964818,0.6427793739337071,9.46453199651029
6.9,-0.0221684204471479,-0.0877027852254985,0.6556623607629967,-0.5289530725306483,0.0027471509689385,-0.0025227553820166,0.8486428789115144,0.0009957818338877,-0.5378564108254604,0.1888884913166057,-1.2444790421456855,0.1190373006801488,0.0205979725082432,1493.3280109229238,1410.3330348475629,1814.4821199711887,1825.400811099154,-0.0327472732784258,0.3282325569014541,9.270575160192749
6.91,-0.0225271904759231,-0.0925813085305375,0.6573913109621425,-0.5344403598330841,0.0035980417172591,-0.0027503005370575,0.8451940556607342,0.0004139727305927,-0.4326169290778211,0.1008548100611542,-0.6108320037260606,0.1355244137611974,0.0224289071069551,1547.119377177396,1461.2701964710284,1773.9365633909233,1761.196031958606,0.0324634226568413,0.2810401686144117,8.896403853575592
6.92,-0.0228253876621244,-0.0965981299539123,0.6585416614884154,-0.5372260420076591,0.0044174610937787,-0.0028757867180757,0.8434218373252034,0.0004318573930157,-0.3352542683330244,0.0197932419054599,0.2148046435075754,0.1789977726783235,0.0343213773343775,1562.589714142634,1489.456365617977,1772.6501806800215,1732.3870566081523,0.0546606086183478,0.1615550798649105,8.73529130768604
6.93,-0.0230469590555424,-0.0996849254186422,0.6592894930433151,-0.5367584686849153,0.0052449110594644,-0.0029335056618343,0.8437145439943152,0.0011292934798099,-0.2492889572062092,-0.0487372380858492,1.251488032597959,0.2159085280439674,0.0524717472860379,1525.9443160389924,1470.4926997548737,1816.614430580124,1762.0255553789136,0.0111222909063411,0.2621074629952327,8.929458987451994
6.94,-0.0232094990148235,-0.1018256344907492,0.6598694491043633,-0.5323745889585535,0.0061021063604501,-0.002959969529179,0.8464817185914668,0.0021157326080852,-0.1680045952479877,-0.1072039829201769,2.3939807368118133,0.2153840756009139,0.0682125851989621,1464.127657307842,1415.0442446709371,1866.080371609332,1819.0416918992585,0.062057064152298,0.5743898106727849,9.307978429405823
6.949999999999999,-0.0233525015737043,-0.1030629392243012,0.660376779185018,-0.5236518008930877,0.0069734317981257,-0.002974784506496,0.8518986520282344,0.0029152866009444,-0.0854485764954146,-0.1589470845965638,3.459625992753929,0.1710851504695704,0.0756915789770342,1419.864322996326,1357.286556376396,1873.305603214789,1847.656204197292,-0.0013057281214542,0.940521805777458,9.460644817560334
6.959999999999999,-0.0235190232002091,-0.1034885032654776,0.6606159398665861,-0.5106122978169576,0.0078014904974099,-0.0029686269340975,0.8597705538794822,0.0033363523232497,-0.0023387533553583,-0.206138587699566,4.295430398044056,0.1019832607120355,0.076746082603872,1413.7187402412123,1325.8186421661246,1823.923624627624,1817.614878642995,0.0262021410134691,1.202616885296762,9.225671137164246
6.970000000000001,-0.0237392732113488,-0.1032231594915465,0.6600950335664191,-0.4937163139847708,0.0085068775651142,-0.0029060313985076,0.8695765574812226,0.0034896110780015,0.0763194639408591,-0.2531279631826776,4.86168920914939,0.0362368126596542,0.0782517128866277,1432.454729771929,1325.713988616732,1740.9338120478264,1742.9717175759038,0.1484902783353271,1.0808935784804057,8.739640103879548
6.98,-0.0240220838751384,-0.1023930485869478,0.6581984757920663,-0.4736833211994602,0.0090254588393991,-0.0027433513945137,0.8806447219698267,0.0035297187137675,0.1462120570995714,-0.3070264643082251,5.231339156136738,-0.0055853653172366,0.0849378192770899,1448.7714229734402,1341.722877234719,1656.6066033735265,1657.42112618406,0.0440828224891953,0.9467872915340578,8.304460652291093
6.99,-0.0243555166832313,-0.101106853117635,0.6544647879255071,-0.4512557485441074,0.0093436159600337,-0.0024535281589656,0.8923423818502974,0.0034903927571129,0.2063159033362889,-0.3719054919397959,5.514988254419526,-0.0180266291263987,0.0949334049722775,1444.5226277736715,1352.0169350703536,1587.228536897303,1582.421109513945,0.0447561467539994,0.824776613964175,7.851801575465693
7.0,-0.0247140893057255,-0.0994392001650628,0.6488161699253702,-0.4270397707313129,0.0095106446647694,-0.0020444847395622,0.904180514020269,0.0034092935838591,0.2583963559073553,-0.4434643702381214,5.769763385113928,-0.0093288813933841,0.1017435348195863,1419.0607579466025,1342.819648333085,1531.7196766860825,1520.9803263412696,0.0801504610396279,0.7610211840897128,7.449663863360671
7.01,-0.0250687376023453,-0.0974240839462437,0.6416059709024707,-0.4015010879698287,0.0096187498561041,-0.0015614915052781,0.9158067032701434,0.0035315669212627,0.3049824473738991,-0.5118519932438085,5.955365177570432,0.0053667514399708,0.0996969805877618,1388.393681674535,1320.4571251653072,1484.8774907460493,1470.5543097134005,0.0350470816088166,0.7007458165544933,7.195422453112261
7.02,-0.0253959989770016,-0.0950586052337958,0.6334679831586628,-0.3750843289120046,0.0097595268463359,-0.0010734664732071,0.9269386956590482,0.0042679352139969,0.3477113945639035,-0.5697137496942455,5.972268140818407,0.0131301705865097,0.0875005115226012,1379.898169083776,1312.3149557670556,1445.316699075211,1430.413435624111,0.1000902568147253,0.601778926863159,6.698713595890943
7.029999999999999,-0.0256839291812277,-0.0923137434682158,0.6250699687268713,-0.3483375971597225,0.0099809465646308,-0.0006506337550345,0.9373157823201216,0.0058822490734032,0.3871592695986482,-0.616175422087693,5.760099783695356,0.0101509446311411,0.06794109910913,1416.84201926897,1347.5408396412804,1415.0063792989597,1399.8701195836709,0.0293758538626239,0.5959749321487466,6.524464820623999
7.039999999999999,-0.0259333903588856,-0.0891478937754154,0.6169038015441074,-0.3219258092182189,0.0102697750554072,-0.0003426030201155,0.9467091357448056,0.0082190588006448,0.4238341411279181,-0.6537262175872451,5.376109403357114,0.0014722451201579,0.0458642536939784,1498.8782266013898,1429.626646051503,1401.7055564936695,1382.2660858524905,-0.0003074937439798,0.4660995726994845,6.615285915958355
7.049999999999999,-0.0261544328525155,-0.08551998502697,0.6091914992627336,-0.296504607789553,0.0105683913195798,-0.0001651636634672,0.9549729312317936,0.0107733762556423,0.459112622866528,-0.6834360813961853,4.974332960084628,-0.0057475620308276,0.0266580248995921,1600.6669500721591,1531.0821433093265,1422.9290562320969,1393.7144369519665,-0.0436219326702319,0.3771751439828481,7.125340864397411
7.0600000000000005,-0.0263589704719801,-0.0814000471081795,0.6019128467990015,-0.272531238115254,0.010812570065084,-0.0001014968999989,0.9620861719608768,0.0130442477888477,0.4952891462200561,-0.7038907918719877,4.6907993280487945,-0.0080850343198422,0.015067428035101,1695.0895630170564,1620.528355172029,1495.9502065934084,1456.3533749971511,-0.0031165905102926,0.3208379810040385,7.71681912661615
7.07,-0.0265529722934875,-0.0767754160227358,0.5949114472640483,-0.2501333347416322,0.0109653164308454,-0.0001163395160249,0.9681492979658246,0.0148241586220121,0.534774014382786,-0.7133467618967451,4.539010552171619,-0.0057219261697551,0.0132742654655037,1776.5639135639008,1693.8269743006044,1615.9921190463697,1573.421159329244,-0.0064505645554436,0.2432725092787979,8.582202763425375
7.08,-0.0267324506602292,-0.0716513326378976,0.5880201769971508,-0.2291142198045454,0.0110293814969398,-0.0001734357468874,0.9733370418037068,0.0162142329025114,0.5789460234835608,-0.7113480800457759,4.421553195340864,0.0001641058694031,0.0188045188849712,1858.6387833399983,1773.591341492644,1750.2090748274431,1715.4025826622778,-0.0210518667393323,0.3681440601739698,9.774219056577635
7.09,-0.0268857303458407,-0.0660464804191876,0.5811555432957312,-0.2090826352811136,0.0110380730299189,-0.0002452516598776,0.9778356469362908,0.0174704428181771,0.6272821357598712,-0.6981100320119331,4.246827506860362,0.0069951423678665,0.0247708984175299,1951.1424694898185,1877.1569737206205,1862.399302307948,1840.5191304208363,-0.0070890523214628,0.6402215498842478,11.113703813243408
7.1,-0.027000509962716,-0.0599864031762119,0.5743533906117135,-0.1896267477420899,0.0110352189041857,-0.0003108892154912,0.9817941860860606,0.018861298704445,0.6773229469489535,-0.6732872687314871,4.025179721851609,0.009586961304281,0.0241714087785038,2045.4721633366992,1990.765992918957,1943.719966687581,1930.010031699541,0.0070381855156318,0.6996973534053819,12.206880047484788
7.109999999999999,-0.027071266659247,-0.0534987664061337,0.5677463816770697,-0.1704494880790471,0.0110555728417852,-0.0003474286821735,0.9853043314712676,0.0205961689534049,0.7256232235998105,-0.6361178070335138,3.842992177416584,0.0042889516304066,0.015732248064574,2124.352765460111,2081.453688239985,2013.5120616622648,1997.484908765344,0.0717175705402185,0.5848977568076323,13.503989466830063
7.119999999999999,-0.0271028786717822,-0.0466127842018911,0.5615068295541277,-0.1514259432794986,0.0111117466116811,-0.0003249098496694,0.9884060942865244,0.0227960847626448,0.7691399561425254,-0.5867165881942091,3.754630042921602,-0.0050705201264402,0.0053435866475801,2181.318401532171,2132.99859208897,2089.8310721500443,2063.804425626312,0.0097145142252723,0.6469527595819269,14.643164749164804
7.129999999999999,-0.0271090566765511,-0.0393618426608242,0.5557881858932693,-0.1325846605950473,0.0111892145316406,-0.0002127694430901,0.9911085026283576,0.0254685776912175,0.8061486411540721,-0.5267451035513177,3.722246607788573,-0.0109282030754156,0.000347222246855,2225.2284589526694,2162.822402975821,2165.977978325499,2130.793638146954,-0.0405873180155727,0.6924010016926667,15.504600346947717
7.140000000000001,-0.0271068546304435,-0.0317860990731312,0.5506912460946952,-0.1140315640799512,0.0112492991885667,3.184734882732168e-06,0.9934134364156264,0.0284829223580473,0.8363095681909621,-0.4586970115900412,3.666515088233957,-0.0135609253773539,0.0022105577614895,2267.204841802414,2199.455447102768,2219.5529444268595,2183.4027430377505,0.0491005574162405,0.7539140856142805,16.22912460371396
7.15,-0.0271098153782962,-0.0239325849011673,0.5462623959196182,-0.0958442782863156,0.0112398234793295,0.0003042679976113,0.9953328328297596,0.031586282966406,0.8603504126088632,-0.3850229585900818,3.557774157633269,-0.022025674759583,0.005920601785763,2307.813300840718,2247.7863637775886,2238.906863781353,2211.228972828685,0.0126878132588849,0.8145021456875319,16.815944501875748
7.16,-0.0271223343248434,-0.0158534560561917,0.5425137510092417,-0.0779817173721313,0.0111116891355362,0.0006373880230447,0.9968926601479,0.0344844344198913,0.8797368347654155,-0.3083369628552479,3.441146822779684,-0.0393184024424566,0.0065145191913627,2336.603493457888,2284.2412960272964,2234.3619338431145,2219.743911884922,-0.0009307211881711,0.6855547534350461,17.21987623096928
7.17,-0.0271371903679429,-0.007605769466878,0.5394484359850239,-0.0602651177003572,0.0108363353122284,0.0009342783650401,0.998123146986132,0.0369523395972085,0.8959485120497529,-0.2319269632525061,3.3794614567974928,-0.0541686789613727,0.0044495055802471,2341.7484521003607,2286.506520801305,2225.4021865448613,2220.453322064361,0.0126348659262038,0.6586337758305159,17.302987049801498
7.18,-0.0271372619123666,0.0007442713623425,0.5370769950646825,-0.0424649795839345,0.0104168277475717,0.0011412623617217,0.9990429984384231,0.0389291555956513,0.909255845638274,-0.1589405870815657,3.388377926114017,-0.0561389621993266,0.0036735650846005,2321.581336092453,2258.537283606662,2221.4953134329344,2216.839290112464,0.0397101646021056,0.5898242356898185,17.36095774287583
7.19,-0.0271013079167771,0.0091141791469114,0.5354162153681934,-0.024466911091985,0.0098879646494701,0.001240532375609,0.99965096883669,0.0405408338251414,0.9181063686980616,-0.090698750533218,3.427524031679221,-0.054060957484164,0.0059649744211848,2287.5908534504024,2220.7544632473364,2214.9972110909257,2203.4906483857785,0.0126019997988364,0.6523378158022337,17.179425833239463
7.199999999999999,-0.0270123673777645,0.0174029569912594,0.5344687240886179,-0.0064189012407118,0.0093063655189559,0.001251038478355,0.9999353099928092,0.0419685228076684,0.9201611703829228,-0.0266668292145072,3.4407246999019523,-0.0672819550524521,0.0090988041298111,2253.36886240908,2184.7461609951365,2190.7313728862564,2174.8927708845467,0.0230822341806229,0.6564188556500015,16.74042960656961
7.209999999999999,-0.0268660100863014,0.0255038504288802,0.5341939132242551,0.0112619346088627,0.0087345907339202,0.0012123776354629,0.999897697714144,0.0432337032635212,0.9142571440547902,0.0330886546455392,3.401652367616607,-0.0973629816790756,0.0100184807045074,2220.0716854239827,2147.725194478041,2142.809550887207,2130.2753587031766,0.0115664794213927,0.6410093370000826,16.12561283184402
7.220000000000001,-0.0266749294056717,0.0333352852370167,0.5344918923946063,0.0280837040109486,0.0082183739138748,0.0011638926815111,0.9995711126543538,0.0441798457914092,0.9015970506155876,0.0858342994053825,3.333317585799281,-0.1204710124023811,0.0077732810578104,2175.723197895639,2105.0548983212448,2081.878933803493,2071.8445368989023,0.0001777828234253,0.651731471042786,15.335040033014115
7.23,-0.0264670926854367,0.0408786248583496,0.5352176581447093,0.0437958597607282,0.0077656679336828,0.0011307446381235,0.9990096788749976,0.044733874175431,0.8853366429448982,0.1274882173901831,3.288581501353516,-0.1150701048478391,0.0034950662664611,2110.0522765655187,2055.482985669837,2024.835432683024,2004.486597531712,0.0824273144529425,0.4936062953339153,14.485409807773436
7.24,-0.0262773158509468,0.0481986223671539,0.5362206696965023,0.0586427111055171,0.0073368975131769,0.0011206003897601,0.9982514445889084,0.045089165298143,0.8685738744932867,0.1561585461450945,3.2986722183565447,-0.0896662470733099,-0.0005480149233268,2029.1356204844024,1997.5735013141843,1978.870683706308,1938.9096972879804,0.0578574415381224,0.417683069942053,13.705261015596982
7.25,-0.0261355742823284,0.0554233231452398,0.5373848411132522,0.0733355302868829,0.0068604352860994,0.001128398434975,0.9972830897705018,0.0454926364994811,0.8513779560453818,0.1738730137931508,3.3300200803103954,-0.0741418434000593,-0.0020280388952928,1954.8826079504784,1933.916020323644,1938.1382049035567,1888.9180338352735,-0.0280038345422381,0.3050657548828264,12.878136375522224
7.26,-0.0260571324419198,0.0626803493707529,0.5386449499447303,0.0886722499505868,0.006273853536831,0.0011439958724612,0.9960404420122422,0.0458721442310824,0.8293834023931014,0.1845489892059935,3.298954100807494,-0.0860736110349241,-0.0007500039175746,1908.2686896794248,1877.8828261690885,1894.823189345958,1858.7468220397143,-0.0280038345422381,0.3050657548828264,12.878136375522224
7.27,-0.026038281325677,0.0700183861384275,0.5399752438051836,0.104983558648249,0.0055679806628206,0.0011581755961491,0.9944576957488824,0.0458204222270711,0.7968849423543922,0.1906412331134114,3.140254229507517,-0.112461660766213,9.205428609042332e-06,1890.410556350416,1843.9575172864008,1848.7862845405064,1834.3819182013424,0.0177121503536337,-0.0075959625487573,11.527100649217168
7.279999999999999,-0.0260584151734969,0.0773633935103678,0.5413647444025341,0.1217803988859091,0.0048024650684177,0.0011652304855105,0.9925447662520674,0.0450484918173391,0.7529489972376424,0.1923489043351969,2.861364005426708,-0.1247066004433455,-0.0040565665642036,1881.5904780304968,1830.088001112052,1804.815713731808,1794.795793642954,0.0090517002505345,0.2456134160149314,10.950839716327511
7.289999999999999,-0.0260867144121828,0.0845446903732951,0.5427966337395582,0.1378986897220879,0.0040787904289921,0.00116286251587,0.990437258281582,0.0438365631078081,0.7044926001000047,0.1898104853988175,2.5290079204167046,-0.1068850044288144,-0.0139749100195403,1862.875685527664,1820.0452080245336,1764.948914410879,1734.737444400202,-0.0007164477066645,0.1147421651243179,10.452831937726028
7.299999999999999,-0.0260908345494195,0.0913800512671056,0.5442403288282092,0.1520818076255637,0.0034869875185031,0.0011513121800271,0.9883610874511658,0.04294157077791,0.6623869473814175,0.1847702241383534,2.2141099061143072,-0.0681910922548919,-0.0262141969594974,1836.625819503526,1804.6990863905144,1727.7323447295676,1671.9049804993033,0.0162815547683781,0.080649552923012,10.110491766313231
7.31,-0.0260451893859176,0.0977674349202761,0.545656457485235,0.1636140399055674,0.0030601797926049,0.0011332369007211,0.9865190302368948,0.0429306126327968,0.6332379990516034,0.1793033844109869,1.9541243864755864,-0.0321652096295996,-0.0356144645025893,1819.317258084699,1790.4571860815868,1693.6919708466694,1629.0607992752643,0.0301500783277915,0.0789193070242828,9.735116128318944
7.32,-0.0259368465276106,0.1037272055747147,0.5470097027963328,0.1726043725936143,0.0027645823867333,0.0011144235501049,0.9849867236191272,0.0435029620975104,0.6136170433398563,0.17357278043368,1.7476503836291242,-0.0179889425887884,-0.0391112835652599,1816.5199189525897,1783.8266803461947,1667.9682981098315,1613.5398277170038,-0.0148946830702016,0.0607303159968255,9.66166665090631
7.33,-0.0257675165929769,0.109372130121168,0.5482798435581643,0.1797866217994072,0.0025289188593108,0.0011039189471512,0.983701761996144,0.0435328755453399,0.5922387227778191,0.1658243665181651,1.5627740591977024,-0.0291811876501942,-0.0370846494453119,1815.6374048642333,1778.1561991461958,1656.178523852785,1616.4527856054203,-0.0148946830702016,0.0607303159968255,9.66166665090631
7.34,-0.0255510720029423,0.1148273553581843,0.5494615734458038,0.1860144562307771,0.0022920511521583,0.0011116279407984,0.9825437053169724,0.0420251986465454,0.5593566743525092,0.1546836678170098,1.3569035343180356,-0.0521803349472511,-0.0323093929892098,1804.916467460974,1763.1278791209363,1658.42850659833,1625.1991522910855,0.0121870205426775,-0.3308474585933703,9.489506865573818
7.35,-0.0253078320854879,0.120150740295664,0.5505532034815663,0.1917933263572045,0.0020368254536195,0.001142519885954,0.981432558026898,0.0391897647895442,0.5151754910857471,0.1410089045193271,1.1090235433138385,-0.0634605493958226,-0.0280876307005837,1788.7010189688992,1742.6828029963358,1668.645884009476,1631.0366638056323,-0.0236425032442753,-0.1065539783324918,9.468727148769355
7.359999999999999,-0.0250585919869554,0.1252982179530795,0.5515449624718147,0.1971228714807571,0.001790187980148,0.0011891183360309,0.9803764352348334,0.0364604383600517,0.4687136221414215,0.1273528975448562,0.8382969485090908,-0.0456846199188215,-0.0266459463978226,1778.480469019543,1734.469791829816,1680.0765717936088,1629.8158133440863,0.0349952065051331,-0.0761269452752135,9.534608097862478
7.369999999999999,-0.0248211633204766,0.1301453122749123,0.552417055673368,0.2016795994403948,0.0015955826939155,0.0012266714122456,0.9794494823944088,0.0352566367359821,0.4282984895448026,0.1157976618796559,0.5855625688188805,-0.0045953994006618,-0.0283673889314558,1777.0011722024,1748.2643920597534,1690.165632263695,1623.9279824547102,0.0225542853772104,-0.1114595800140909,9.55407118574769
7.379999999999999,-0.0246095922758634,0.1345423618295498,0.5531473830830419,0.2051419123756265,0.0014815163083438,0.0012163078176268,0.978730361995372,0.0356840773279565,0.3939729395862696,0.1062979751852843,0.3758460746176407,0.0317362158447091,-0.0322201239418599,1778.66959258947,1770.9421771803927,1699.2838030890068,1622.734845091246,-0.0711306218365814,-0.1905723606679861,9.598468579210255
7.390000000000001,-0.0244336529049877,0.1383705046310869,0.5537214455180605,0.2074152071384764,0.0014467299743399,0.0011187893304876,0.978251290380196,0.0365027150863915,0.3593381188058948,0.096938385172537,0.2016735712335503,0.037057337317021,-0.0367597154641243,1780.6281877106337,1780.3072184490586,1706.9637209750565,1634.6681411094887,-0.0795600709731518,-0.2550901572591573,9.612360520854192
7.4,-0.024296546716698,0.1415761385787389,0.554138232904768,0.2086425028923833,0.0014657183724308,0.0009150278911036,0.9779904500456092,0.0363552009366499,0.319785196411154,0.0858915894297359,0.0410618948141739,0.0122967892336749,-0.0404772748084356,1784.828774497777,1771.081030883065,1712.299093123732,1657.6051423570475,-0.0714914008768726,-0.2408111078620525,9.612433398782589
7.41,-0.0241917147780623,0.1441776277201874,0.5544103289979929,0.2090498358394183,0.0015050381885142,0.0006223613412322,0.9779036320936354,0.0349990042371309,0.2778574403527995,0.0733377134437401,-0.1156899386164547,-0.0158569348151093,-0.0417344495323066,1790.6409913248788,1758.7542973827144,1716.431858269665,1679.4253753483365,-0.0247614520105044,-0.2448168835554547,9.660610892698273
7.42,-0.0241020059365037,0.1462490591497399,0.5545590696198203,0.2087639320456684,0.0015384502161917,0.0002940093234017,0.9779648088792774,0.0333990341656856,0.2399974453544639,0.0612834778082979,-0.2643570013955783,-0.0219773006101319,-0.0397180442345821,1792.9252514899456,1758.723782280224,1720.497607190703,1688.0366146096308,0.027380514517629,-0.2179255013580907,9.755135616657649
7.43,-0.0240036117550987,0.1478904306847086,0.5546072348740649,0.2077259334052627,0.0015540472388209,-1.8449803538325556e-06,0.9781858317951084,0.0327001807608812,0.2082035820835369,0.0512470769098637,-0.4094520512315361,-0.0046437770858373,-0.0358718840723023,1788.7470877018864,1770.4058251114952,1721.7316801507122,1680.422502129138,0.0311967548427521,-0.3255281345530685,9.750417850133486
7.439999999999999,-0.0238739633396652,0.1491945066839005,0.5545732136050663,0.2057441966738599,0.0015529699098166,-0.0002118758081678,0.9786045518635856,0.0331246130578925,0.1763218824336441,0.0425134101151402,-0.5731367284609766,0.017168588477463,-0.0332565041403426,1782.170626532336,1782.8302209279605,1716.5215305440215,1664.457268853758,0.0311967548427521,-0.3255281345530685,9.750417850133486
7.449999999999999,-0.0236999254085494,0.1502205361577457,0.5544697407882195,0.2026386762454218,0.0015433301963038,-0.0003175195179546,0.9792523087553912,0.0338665983913733,0.136123944445024,0.0332513192653319,-0.7685332630155148,0.0252173678744238,-0.0335271971568935,1780.792830328712,1787.5799390644802,1708.4106632348949,1654.2938517802454,-0.036854950990527,-0.2077724349687404,9.858915140316132
7.459999999999999,-0.0234821679412513,0.1509837585124614,0.554306813038792,0.1983799864758047,0.001533710342368,-0.0003342749943951,0.980123929387847,0.0340395266584192,0.0863667492683608,0.0230404742157465,-0.9723830868715336,0.0171394031502469,-0.0347426820812733,1787.7909807200372,1783.096440277057,1708.3488155461446,1661.5528541489898,-0.0360711460037493,-0.3408309100588775,9.890408254428856
7.470000000000001,-0.0232337796585812,0.1514641851792745,0.5540955241104422,0.1931429856918704,0.0015291107524953,-0.0002950461155748,0.9811693848903592,0.0335900707049817,0.0338693482458193,0.0134410150783126,-1.1426041975473915,0.0044706792253955,-0.0328375879796488,1797.8054449661793,1772.687925696679,1723.4004382637431,1685.9733471196434,-0.005050755602685,-0.3547977436990743,9.901245402828572
7.48,-0.0229743855389868,0.1516286019804666,0.553849955899764,0.1872584638510963,0.0015300797261543,-0.0002307748349022,0.9823094590377998,0.0331610211561326,-0.0139876561157453,0.0060639813090129,-1.2633939120263784,0.0002941120493867,-0.025952634882522,1802.2920247347488,1762.6829834451078,1747.1418303510716,1713.6257463579502,-0.0070421299650284,-0.3225893963090742,9.955635458668349
7.49,-0.0227227995120152,0.1514522666165164,0.5535865927197507,0.1811019008621069,0.0015341714287823,-0.000158928041035,0.9834631272010336,0.0331957597594964,-0.0553315104634075,0.000930114396903,-1.3582243086262216,0.0087498168241815,-0.017490079689335,1799.2262952058836,1758.881362420464,1765.069465100592,1727.8386160914947,0.0507718903238662,-0.3346583066066531,10.050414773981824
7.5,-0.0224907656349773,0.1509279795181534,0.5533219032675571,0.174968366317851,0.0015382765799385,-8.195050399793793e-05,0.9845728504165352,0.0334494478093124,-0.0920243945911193,-0.0029643256521126,-1.4559110365469792,0.0232738493049375,-0.013870533788155,1794.5826061102523,1761.208632169532,1769.9422870631056,1724.557265236731,0.0226376080804745,-0.2844616287312673,10.163762741061008
7.51,-0.022279270483747,0.1500595617534485,0.5530682383883636,0.1689657513328638,0.0015405620340734,8.711922411726497e-06,0.9856207188717384,0.0334018246830155,-0.124668595851494,-0.0061605578896793,-1.5564943735369816,0.0330409110031123,-0.0182216853403954,1793.5157871322067,1763.4560034088329,1768.6794552010842,1716.3444642086245,0.0275788148531237,-0.3130664175935878,10.209904496284302
7.52,-0.0220786047452511,0.1488474233863654,0.5528286745920802,0.162953546995976,0.0015413058304063,0.0001273835609873,0.9866325302113222,0.0329179495158649,-0.1520259512302337,-0.0083977897049317,-1.6361839500573268,0.0318699484900283,-0.0267460567293005,1794.5203448855884,1760.1080828261474,1772.5991373261686,1719.6207252390514,0.0100880820110076,-0.3298250894918464,10.233361552151036
7.529999999999999,-0.0218727658852003,0.1472791508074434,0.5525938514000323,0.1565673590446547,0.001542471970806,0.0002872571323132,0.9876660368491677,0.0323701914932921,-0.1751106821086414,-0.0093869984494102,-1.678296236151525,0.0223537562756008,-0.0321274846403868,1794.405307998691,1752.287532254481,1784.0669226688865,1737.8618660144627,0.0057241513994186,-0.3534154164021461,10.252776344660994
7.539999999999999,-0.0216467336239985,0.1453348923495514,0.552344659578903,0.1493627521605333,0.001546300872309,0.0004900301220677,0.9887811371032128,0.032209175886414,-0.1991971866843409,-0.0092685880882698,-1.6922034398088484,0.0119106514356755,-0.0301257986113091,1794.0927425464272,1745.6670267833888,1795.7334688651745,1759.001592287863,0.0057241513994186,-0.3534154164021461,10.252776344660994
7.549999999999999,-0.0213929940699687,0.1430069628241546,0.552061147726558,0.1410474786231599,0.0015535219130492,0.0007170247553862,0.9900013541501926,0.0325207733161212,-0.2296125386520905,-0.0083419683778066,-1.7031523251934302,0.0049147071963549,-0.0224732152899924,1795.4324942157032,1743.4395775311575,1800.4234434589134,1769.695834371811,0.0407779021095715,-0.0820642127807964,10.349104291859286
7.56,-0.0211138709176814,0.1403216082640328,0.5517334644162453,0.1316806782265976,0.0015620435765991,0.0009318037572572,0.9912905178318846,0.0329414513670056,-0.2660462953797423,-0.0068241692080618,-1.7285104809252556,-0.0002863557199746,-0.014475981820248,1795.840606852701,1743.3921044815215,1798.007141438707,1769.256469612547,0.0565070897635725,-0.3084739645864074,10.346340021383348
7.57,-0.020818884976035,0.1373469535215866,0.5513697320706213,0.1217024163773173,0.001567037456873,0.0010964303280912,0.992564790873657,0.032920052793383,-0.3026992770146918,-0.0048888447065094,-1.7658417931059125,-0.005447522161899,-0.0110488533744469,1791.0336778898986,1742.1083706370257,1793.3827435292403,1767.2506556423275,-0.0228817419187079,-0.2925714287345005,10.318713163039034
7.58,-0.0205192219611876,0.1341785228699667,0.5509979244752086,0.1117605127849679,0.0015630005495349,0.0011902045102412,0.9937332278959716,0.0321490973390447,-0.3338573021031245,-0.0025214566791622,-1.8004360971282842,-0.0058895349502893,-0.0142761567641854,1781.898204684407,1739.6568405076318,1791.0279761469264,1769.8003699040771,-0.0085115415324664,-0.2846617667887137,10.37249400329012
7.59,-0.0202225806013042,0.1309068801247619,0.5506604232169237,0.1024314532318081,0.0015475238131659,0.0012174690536488,0.9947381164547636,0.0308748806373866,-0.3578549047248051,0.0006987400646436,-1.8194428345829603,0.0051218555647739,-0.0225715440153011,1774.770965821396,1738.2639198293202,1792.6064017969532,1773.0126791499963,0.0082354837373529,-0.269726691326837,10.304605005767735
7.6,-0.0199310637958889,0.1275820266912305,0.5504009912174077,0.0939763464685975,0.0015252630729525,0.0012012478895658,0.9955725372269366,0.0297497346857015,-0.3760020885121637,0.0051984677570562,-1.8193736434700432,0.0250444829462636,-0.031155428635881,1774.6046869535226,1737.7696672680102,1797.871078568039,1770.819413686621,-0.009353242273389,-0.2762291228119697,10.32599144511894
7.609999999999999,-0.019642812986773,0.1241918265393551,0.5502476325518332,0.0862338800307054,0.0015095611234465,0.0011696109645388,0.996273090658508,0.0293004503112746,-0.389961601601087,0.0105544314125217,-1.8055795117410105,0.040756233112259,-0.0345468619392101,1779.7402533603026,1735.3810032837068,1804.9974187181028,1764.6625407731092,-0.0184191281966796,-0.206092622603667,10.312229201425112
7.619999999999999,-0.0193556182897037,0.1206670387180073,0.5501998464524682,0.0786965903121913,0.0015191894960041,0.0011437723073241,0.9968968003366344,0.0295823975382515,-0.4012658622615925,0.0153533172117624,-1.7871162672406584,0.042084781583549,-0.0303842733678159,1783.486747315848,1730.1455948889288,1809.9284808494965,1761.4786997732592,-0.0147999808148885,-0.2036620655955161,10.262920529737393
7.629999999999999,-0.0190695453582179,0.1169144665208279,0.550228444627273,0.0707576669800803,0.0015695372514948,0.0011329283604932,0.9974916569022932,0.0303184855132047,-0.412019568423296,0.0182522130660341,-1.7691159008973047,0.0334993243312517,-0.0215510965366393,1780.1439497991182,1724.655942030805,1808.8001799169335,1764.358246746075,-0.0147999808148885,-0.2036620655955161,10.262920529737393
7.640000000000001,-0.0187867641146613,0.1128646566604637,0.5502883517322328,0.0620271864172673,0.0016612113092905,0.0011357706904395,0.9980724315134056,0.0311568606327741,-0.4242490442292819,0.01916811464918,-1.7474812125894137,0.0278097473756893,-0.014351875034926,1770.2531892462491,1720.998514278942,1802.8364660491304,1769.6186461389711,-0.0139410065086381,0.0418316406445389,10.254828856605972
7.65,-0.0185090432737052,0.1085094374856982,0.5503367364554775,0.0525400048536575,0.001772841090017,0.0011455776090871,0.9986165893757166,0.0317173517923117,-0.4382409384633978,0.0193286330677612,-1.7127875450081278,0.0288445208105663,-0.0138524879704217,1760.6191210895845,1717.3322445699264,1798.1617471529344,1772.7061426140688,0.0482736779311641,-0.1395781434536898,10.164916009982033
7.66,-0.0182349719683202,0.1039082243897036,0.5503474057935672,0.042716798555317,0.0018656022344026,0.0011553931764822,0.9990848110726612,0.03165310469761,-0.4522046072112337,0.0202925276061688,-1.662112757464257,0.0261835276485162,-0.0198853794266918,1758.2450861161126,1710.2801026968864,1798.418818493324,1772.952176013785,0.0227064226234272,-0.1871311355082335,10.110659236300815
7.67,-0.0179591867986567,0.0991613314166531,0.5503162743551645,0.0331090131107239,0.0019011308978923,0.0011611204350568,0.9994492637205143,0.0309605234886344,-0.4637761435105273,0.0230541541471701,-1.606018191167783,0.0109356862685394,-0.0270868593033898,1763.2602642127897,1700.055642415341,1799.890163034227,1771.622541352364,-0.0173401775801583,-0.1469480513516893,10.069220162681193
7.68,-0.0176746301730993,0.0943687414535951,0.5502566407410967,0.0241118300616544,0.001863460659152,0.0011620960516079,0.9997068553822248,0.0301890747324045,-0.4716041193644418,0.0277483003468832,-1.5602977201451624,-0.0080375991709729,-0.0294506765308073,1768.2921590016867,1692.2879978115752,1797.372683985936,1768.8636803415125,-0.0281052116561836,-0.0905688401979879,10.167973939697278
7.689999999999999,-0.0173766837153676,0.0895982189418299,0.5501860307141366,0.0158237502895499,0.001769199907207,0.0011599475175378,0.9998725585694505,0.0300600597694144,-0.4757542148308467,0.0335044614017435,-1.5296461893960245,-0.0121708478946857,-0.0255997838707751,1766.1376456299895,1693.7684825109857,1793.282772524737,1764.6381388738196,0.0463501826584629,-0.0776625789286205,10.194745093453868
7.699999999999999,-0.0170666255288678,0.0848766545402081,0.5501108527320414,0.008096461932893,0.0016577446355636,0.0011569268615804,0.9999651797473396,0.030734665950438,-0.4772804596663181,0.0384225890110432,-1.5017474211799735,0.0020081074572308,-0.0197287898510624,1758.0617150825178,1704.7567938864115,1795.296642702977,1760.3741843748169,0.0859689764926596,-0.1010310429887943,10.09431410743362
7.709999999999999,-0.0167524589057306,0.0802037481426995,0.5500189424871448,0.0006941212458855,0.0015690164631928,0.0011545342892884,0.9999978617145184,0.0316102766466581,-0.4775433526046655,0.0405255949346914,-1.4593492895770828,0.0146918847717222,-0.0173211949852425,1752.33783703967,1715.497284746791,1803.8290695760224,1757.8756449510925,0.0015467753397708,-0.0854342012351196,10.05486032527779
7.720000000000001,-0.0164468429811895,0.0755766264923578,0.5498868355906777,-0.0065519376333894,0.0015258145945922,0.0011539305597452,0.9999767059523608,0.0319845483432138,-0.4773981064872344,0.0395248251541812,-1.3971177746697063,0.0054573711676082,-0.0201851500120519,1753.5366561013989,1713.3536992420095,1808.3710492566852,1757.77963749097,0.0209102855698307,-0.1025170710158245,10.055769106647572
7.73,-0.0161631502022086,0.0710107152590098,0.549698419514448,-0.0136635635930125,0.0015254654777768,0.0011542625255463,0.9999048193018364,0.03179477076795,-0.4766173477252291,0.0373444690846029,-1.324714699275761,-0.0200385153229575,-0.0258039953763378,1756.240183398569,1696.2507686056592,1801.0464286857784,1759.5918561328676,-0.0338770114326957,-0.1086386636625714,10.106562783902053
7.74,-0.0159111635190639,0.0665455752541342,0.5494640008778902,-0.020520531724706,0.0015487602751603,0.0011549916343719,0.9997875649925188,0.0315462132819439,-0.4741560592248191,0.0363181913652216,-1.2541790130346977,-0.0340544323588072,-0.0306268130292061,1752.5261668184996,1677.5524561896525,1789.1899845071298,1762.313354658786,0.0122527215930409,-0.0191611022437609,10.016039595522496
7.75,-0.0156936118798694,0.0622322957249786,0.5492295213271813,-0.0269322901560598,0.001571175514177,0.0011555865592377,0.9996353574049678,0.0316502248464224,-0.4691989891803457,0.0372346963930489,-1.1881387722880514,-0.0187566978476939,-0.0325222412530155,1743.5517635471565,1673.4262916130217,1787.4758722520385,1765.1938345817289,0.0517299375946785,-0.0099903336677624,9.97225461181621
7.76,-0.0155039573050349,0.0581079255945342,0.5490698648020511,-0.0327331276283468,0.0015748137918134,0.0011558376876663,0.9994622185737824,0.0320791703211397,-0.4621584013142607,0.039644916278212,-1.1225720563796535,0.0115551656339669,-0.0302568094582479,1738.7275244517757,1685.323162942209,1798.741581959627,1768.3371575364083,0.0338355739501706,-0.0369628913123776,10.022280551586118
7.77,-0.0153257380711952,0.0541688108875332,0.5490646331317031,-0.0378714591938154,0.0015560270185193,0.0011558336938496,0.9992807390352928,0.0326309788742106,-0.4547396030911294,0.0432798115207493,-1.0578605077703895,0.0245549657317416,-0.0232211074423053,1743.2353677873489,1699.1639798251383,1809.654949552013,1772.4206370732554,0.0170202209271916,-0.0216963668593193,10.074801070782724
7.779999999999999,-0.0151346596413613,0.0503569033435588,0.5492635382620046,-0.042460677416723,0.0015271515943194,0.001155759632976,0.9990963031164672,0.0332450904342113,-0.4486573092211542,0.0481133852650079,-1.001656226074857,0.0046081971958559,-0.0136187905626191,1751.4740571637813,1701.7276555108535,1807.375022892336,1778.0021765990682,-0.0007853729286553,-0.021475754433082,10.153754628277213
7.789999999999999,-0.0149046936610891,0.0465703397655078,0.5496593265290897,-0.046758322501499,0.0015116590518482,0.0011556802080603,0.9989044191347906,0.0339086288264068,-0.4437141955221847,0.0535637493552398,-0.9589938481781776,-0.0304533991458381,-0.0072080816687662,1754.7400598028785,1692.8338789758968,1794.8316787912606,1784.5123213315792,-0.0083243039992512,0.0235118533135129,10.166420911747492
7.799999999999999,-0.014617221724404,0.0427001074346514,0.5501858044580545,-0.051058849107872,0.0015328207248401,0.0011554427419837,0.9986938015930984,0.0344030844348467,-0.437329419355479,0.0587945331677475,-0.921688244935849,-0.0481440085645613,-0.0087478029466166,1750.9721426775277,1681.3135240080587,1785.5124241602653,1788.880155812505,-0.0083243039992512,0.0235118533135129,10.166420911747492
7.81,-0.0142693257040609,0.0386790688983878,0.5507430275410674,-0.0555389437924591,0.0015980251585197,0.0011547652424637,0.9984545751085752,0.0343980545147148,-0.4267844059742257,0.0635858464519214,-0.8702812415138662,-0.0342416576970022,-0.0166266386116438,1744.2138595831004,1674.491090218769,1786.8682127993638,1786.753098708827,0.028886190674772,0.1592211319432686,10.085473976726677
7.82,-0.0138767221845801,0.0345172602838305,0.5512355960244468,-0.0601498660481282,0.0016843584031615,0.0011534804619759,0.9981872700220062,0.0338934386466997,-0.4120581668482301,0.0679077149794957,-0.7890281207837806,-0.0047719282888738,-0.0242415185030895,1737.9186648321893,1672.8819747079738,1793.6890830248385,1777.4137601377618,-0.0152650331412944,0.0320887211208806,10.079814914413856
7.83,-0.0134694530134975,0.0303015353164508,0.5516068555569389,-0.0646389873072302,0.0017341340947189,0.0011518117874404,0.9979065424319272,0.0334051100311132,-0.3958463227302563,0.0707629275790805,-0.6816221418264864,0.0125223846808197,-0.0268944620201371,1732.0096900237606,1671.3936162084206,1796.0587077869025,1765.898218562589,0.0120651187083511,0.0133030933124806,9.997568788296425
7.84,-0.0130821873225605,0.0261592899355197,0.5518578963316823,-0.0686889761854306,0.001668419450086,0.0011504953537936,0.9976360645483788,0.033406408893985,-0.3808674580313482,0.0706360686626928,-0.5722950163421305,0.0039146994553749,-0.0256852719095016,1725.1778518201324,1664.7325379437211,1788.7681563546944,1757.38354871455,0.0308035461162196,0.0550014349225509,9.854376149701368
7.85,-0.0127431713960883,0.0222080197324417,0.5520451809714475,-0.0720746754361421,0.0014195575835767,0.0011505766016582,0.9973975647606752,0.0334829093077192,-0.3678497425939994,0.0675998231678396,-0.4875619595107364,-0.0226908427462589,-0.0249329455839676,1717.8458556623352,1653.7851555306531,1772.9761354160612,1750.90229294531,0.0497989043072661,0.0476244008993085,9.904749852554014
7.859999999999999,-0.0124656443389113,0.0185173789806076,0.5522545346988141,-0.0747410453265141,0.0009713820725475,0.0011528318541888,0.9972018369112068,0.0323573210082598,-0.3560130984126431,0.0641252391720325,-0.4334668774738456,-0.0483561714797199,-0.0276634024117368,1712.3556940435192,1646.0653704976105,1754.328233743677,1741.8996949181133,-0.0128212010555078,0.0936276845235317,9.921614328807296
7.869999999999999,-0.0122441248400609,0.01509843757347,0.5525594621555117,-0.0767818828084523,0.0003853557591118,0.0011569917839885,0.9970471680634472,0.029140390334997,-0.3445801916313339,0.0628951207664825,-0.391654961836234,-0.0561587075851681,-0.0335345408742753,1710.3621524728935,1647.328838954522,1741.909844371574,1730.0407280282886,0.0695856374499279,0.1032968521324075,9.706002204589709
7.879999999999999,-0.0120566479453939,0.0119187289217384,0.5529846750221626,-0.0783656502943386,-0.0002078593647056,0.0011611980806278,0.9969239857017422,0.0245084199612777,-0.3334221447612158,0.0641021677264277,-0.3397467622297921,-0.0384814573983256,-0.0394586787966405,1710.5782988677709,1653.88286402225,1743.4840749814878,1720.355032060094,0.0487232946918382,0.1125369923402523,9.56244225613987
7.890000000000001,-0.0118725476263632,0.0089312608658458,0.5534954372942739,-0.0796651846161896,-0.0006552090907536,0.0011622512079835,0.9968207854139306,0.020316671811421,-0.3226063357121304,0.065560823075717,-0.2747872674976663,-0.0001286130682023,-0.041993665558095,1709.7177374520272,1656.6737948051402,1756.5626329883603,1715.786661646654,0.0489357597580976,0.0831303905463765,9.542924334064717
7.9,-0.0116631825936455,0.0061029062201639,0.5540151418024177,-0.0808171120407765,-0.0008466014919133,0.001157022412828,0.996727916217078,0.0180073247281167,-0.3117345411870151,0.0651387729986994,-0.2147830688975129,0.0426143290786192,-0.0402743596280047,1705.7179808765377,1652.4952580364045,1767.4647190204005,1712.5092228925705,0.0173226079755694,0.0889312480798456,9.632511194723206
7.91,-0.0114112549153687,0.0034307972603629,0.5544547913552045,-0.0819038799060954,-0.0007640775091588,0.0011448166701994,0.9966392828083184,0.0176041516274498,-0.2999017861259497,0.0623893636909299,-0.1769495745216705,0.0694635017913217,-0.0369963278167957,1700.0447418090423,1647.2257493824743,1764.4567418311976,1705.7295075763436,0.0393217208689194,0.1026859352752536,9.609362812229776
7.92,-0.0111149687447185,0.0009419709151153,0.5547365345591655,-0.0829433039714219,-0.0004861361180705,0.0011296255258358,0.996553508821353,0.0182124212968137,-0.2862655765785288,0.0582038362333079,-0.1559107559357337,0.0682192457125287,-0.0360878039434234,1696.4058983222762,1647.1333179631256,1750.2889606981594,1698.2113547812587,0.0086766775483468,0.0641835492716775,9.565151984331958
7.93,-0.0107860636835141,-0.0013213972907733,0.5548059574205281,-0.0838842246768149,-0.0001448776697622,0.0011205331095784,0.9964748668513324,0.0191384505811067,-0.270449052074949,0.0538972450868447,-0.1250879716141202,0.0431895927421357,-0.0391861558514037,1696.4348099222152,1650.4666070437886,1738.1854965645164,1698.9876670642775,0.0179144922999673,0.0996233267873434,9.497624771479735
7.939999999999999,-0.010443500054339,-0.003323630485593,0.5546383414131041,-0.0846190394104596,0.000137100330328,0.0011286472809698,0.9964127285056458,0.0203051129919359,-0.2524307997541293,0.0506389845221836,-0.0604880046909492,0.0119350882556918,-0.0442263792788136,1697.8050776958985,1650.243572061488,1737.2917660610194,1712.5463392243323,0.037094391915977,0.1294020541795877,9.531021760050836
7.949999999999999,-0.0101057154860811,-0.0050543679878657,0.5542443133443491,-0.0850193589451544,0.0002934854934096,0.0011602832711962,0.996378580768149,0.0217643240381711,-0.2326625321566935,0.0486584067599985,0.0367224421560517,-0.008284031216382,-0.0472024659853789,1698.5566706017598,1644.0137007271596,1745.1350682540988,1731.7523821157115,0.0487595317069268,0.0586247188070381,9.49335572526978
7.959999999999999,-0.0097841981560947,-0.006536538987062,0.5536750762131329,-0.0849852658766495,0.0003242841037554,0.0012085914162698,0.9963814223130034,0.0232107226755847,-0.2128104022076914,0.0464730276673851,0.1405482762229453,-0.012677590057411,-0.0454274040843802,1701.5832030864117,1637.8703425243812,1752.5559220151235,1743.9024349204035,0.0269088732986184,0.0863937571971351,9.485910644073936
7.970000000000001,-0.0094803325498125,-0.0078209895633079,0.5530229206468507,-0.0844860753357571,0.0002742975513871,0.0012483332050114,0.996423840290578,0.0241969773068882,-0.1957317465560851,0.0418555417640485,0.2218265797861817,-0.0091322295188746,-0.0396297273765788,1710.8817642315123,1639.3178533841285,1753.0290863464547,1743.2487568162528,0.0141669174848894,0.1375172519868608,9.592197527154818
7.98,-0.009186381285242,-0.0089719435857404,0.552409687089971,-0.0835714765925259,0.0002001874631774,0.0012392249421193,0.9965009947544796,0.0246635666736057,-0.1832858919254729,0.0346236492839799,0.2702787676895062,-0.0082924633714089,-0.0334893171784753,1723.2387261451388,1647.20291991384,1747.783940816406,1735.2996704086231,0.0523373374383015,0.1618825175118639,9.669310125843204
7.99,-0.0088902277769423,-0.0100507468881737,0.5519567732584021,-0.0823470978285571,0.000144773383846,0.0011404025597086,0.9966030473573132,0.0249783836725349,-0.1737636048561904,0.0279707119008347,0.2984575668638217,-0.0149236924021997,-0.0312511626319689,1727.9445403204602,1651.6089876471676,1743.1713734049097,1728.7875891714998,0.0403669138520895,0.1889720494809412,9.732830491325792
8.0,-0.0085820006482186,-0.011103498558426,0.551741553403095,-0.0809273222207137,0.0001265978045652,0.0009319120120023,0.9967195613768112,0.0254497223835863,-0.1627848698938989,0.025671246633128,0.3271246230307705,-0.0276403001692583,-0.0348165885164846,1718.6550152651316,1646.205417279172,1743.3415371785954,1726.8163714254238,0.0403669138520895,0.1889720494809412,9.732830491325792
8.01,-0.0082592398033768,-0.0121543663791579,0.5517627524501959,-0.0793867613211445,0.0001425751404247,0.0006317661861323,0.9968436801579048,0.0260069256500931,-0.1478716095962347,0.027844911012518,0.3672581930977677,-0.0423345698372568,-0.0418786270143769,1705.2976551534653,1640.082400583795,1747.790217879035,1728.6264189046722,0.094939353266905,0.1351770091090325,9.601961565821307
8.02,-0.0079273893363966,-0.0132041677667599,0.551941919465716,-0.077727416251625,0.0001767813620121,0.0002955087598457,0.9969745885356204,0.0264231101894422,-0.1313416706528976,0.0308051531447537,0.4151806721074396,-0.052168601414396,-0.0468457105807205,1709.2565275874815,1653.2934800638022,1757.2436351021931,1737.269166015158,0.0845287041276407,0.1710993760627777,9.762268725956554
8.03,-0.0075951234275296,-0.014233031809709,0.552167659446392,-0.075872242172315,0.0002092865681775,-5.525323842517476e-06,0.9971175251876524,0.0266769652694047,-0.1172922316177808,0.0319300908067417,0.4630685917203254,-0.0469802097052885,-0.0446892899813416,1741.79595911979,1696.250247138369,1776.4584058035248,1758.872602904447,0.0554304742876218,0.154682466238796,9.870005137448436
8.04,-0.0072676634914973,-0.0152052498710372,0.5523593787799694,-0.0736940513394385,0.0002226143609301,-0.0002156101034018,0.9972808484836704,0.0269266788227459,-0.1060951270892503,0.0340475808543862,0.5098904592422548,-0.0202843562911374,-0.035344952318913,1789.909418118256,1754.4574506454942,1806.7375055743428,1792.9181442399058,0.0554304742876218,0.154682466238796,9.870005137448436
8.049999999999999,-0.0069427395940898,-0.0160746510318447,0.5525151309401617,-0.0710792191549545,0.0002066036073567,-0.0003162635672619,0.9974706020212464,0.0271920090095869,-0.0934629116334197,0.0440669641589995,0.5585855053479291,0.0192316417648244,-0.0254085154721286,1831.56463176352,1801.4385821834912,1842.030523525645,1831.044244280356,0.0094528828167583,0.1391866052175896,10.59128702509919
8.06,-0.0066117791273396,-0.0167907938212961,0.5527218278525959,-0.0679997789645073,0.0001630594892944,-0.0003266193046471,0.997685269407247,0.0272809415982267,-0.0752778925557687,0.0673082122128902,0.6057672258545781,0.0479114917479713,-0.0241946448654301,1865.1504495188751,1831.0240341562492,1879.94258771658,1870.7779863104035,0.0206949286363764,0.1890416852146736,11.579241506129836
8.07,-0.0062649812319233,-0.0173075043465737,0.5531298963630673,-0.0645480404051898,0.000109578198744,-0.0002865412185455,0.9979145536400392,0.0271035168973143,-0.0521267477709958,0.1037806208799089,0.641530554933174,0.0467321036489241,-0.0347976661246416,1913.1790324370047,1868.1582918869956,1931.0572238948976,1922.940769793596,0.0336811000845563,0.2027702296778153,12.306839502226133
8.08,-0.0058965409895686,-0.0175933390436171,0.553909753042875,-0.0609056100205191,7.917374750227881e-05,-0.0002356402544506,0.9981434991388848,0.0268850680486342,-0.0284464648965857,0.1497869989189345,0.6606114305396823,0.022390878211773,-0.0487949995793113,1991.500772208736,1938.0895338510832,2006.805827152796,1996.8012415764415,0.0077454401220132,0.2155111476247886,13.056243925015602
8.09,-0.0055072401037523,-0.017640174118572,0.5552098506939825,-0.0572651130494395,0.0001115876358545,-0.0001995207240274,0.9983589808115692,0.0269274492022119,-0.0080762073664203,0.201927163916326,0.6676780798332527,0.0030316567661222,-0.0534949923257672,2084.972738151376,2031.7376776182416,2099.2856966485283,2082.69983355053,0.0478858117004754,0.2562706413345559,14.214622469961268
8.1,-0.0051044090373278,-0.0174651751848277,0.5571311561803568,-0.0537549395170819,0.0002354956052766,-0.0001869464106942,0.9985541127402032,0.0272777653242109,0.0085505257642573,0.2590834811258913,0.6692720430067598,0.0085144541362316,-0.0453485631371881,2163.454629507598,2114.4201657099165,2182.392098023081,2158.164161069989,0.0648216248850847,0.2242612919801503,15.128411748956552
8.11,-0.0047009381198021,-0.0171040569659665,0.5597238890053693,-0.0504077755254639,0.0004478457305706,-0.0001948158509963,0.9987286005955572,0.0278086591006892,0.0234849921921323,0.3216809959213678,0.6666766704412712,0.0285049420089834,-0.0329913293874891,2214.5417873474835,2164.370576495254,2234.803931078974,2209.163667358768,0.0238446929132012,0.2512003762309838,15.59659894200339
8.12,-0.0043143397985995,-0.0165977830152897,0.5630006753852314,-0.0471772956079347,0.0007031171872201,-0.0002151369365612,0.9988862608532773,0.0285483210390086,0.0387870418150429,0.3900586956150788,0.6613321637879798,0.0358919825382034,-0.0267566585010512,2248.890443495869,2188.9882837245527,2256.956546542673,2239.547278935725,-0.006192052300495,0.2810816011292409,16.069852273374977
8.129999999999999,-0.0039651782192498,-0.0159781301889498,0.566953160618553,-0.0439786816198795,0.0009243157098959,-0.0002394916973606,0.9990320134245811,0.0296881632819084,0.0550793424022121,0.4631761498782554,0.6617374575079852,0.0197209180749603,-0.0287415029793843,2278.689521205089,2206.308714854408,2266.1487558747413,2261.813781756376,-0.039308221625743,0.2847190943997999,16.67591614086305
8.14,-0.0036734807878813,-0.0152584383877811,0.5715634669450794,-0.0407269244152719,0.0010350610632616,-0.0002598545298741,0.9991697447140258,0.0311931996632437,0.0715605827134,0.5383172764847874,0.6762118573305329,-0.0034971461984229,-0.0337843799096407,2304.219508320153,2225.2605282423306,2280.0610679527776,2283.320273640284,0.0045507548625417,0.2610759639046347,17.003535127372817
8.15,-0.0034526568635865,-0.0144340595962942,0.5768125098844857,-0.0373633938713331,0.0009957835215115,-0.0002677797338829,0.9993012126018902,0.0325740903232581,0.0866820768725435,0.6124757173080545,0.6990119568025551,-0.0127465883933093,-0.0367141170820059,2320.922564221939,2245.326698857961,2303.6455801180127,2301.027405533748,0.0922948205918291,0.2143069747692554,17.090855332684704
8.16,-0.0033023599570275,-0.0134928894377323,0.582691123085864,-0.0338735602454178,0.0008223528869993,-0.0002552272713832,0.9994257553770912,0.0331961122282672,0.0989992944558392,0.6845947033571522,0.7122296465654476,-0.0084611871939924,-0.0365998613962389,2329.399391101682,2263.998956051855,2326.933426311015,2307.9002469372795,0.0314208755225578,0.2351805898573986,17.296110453360193
8.17,-0.0032036185798962,-0.0124312607063396,0.5892135503662779,-0.0302957539717988,0.0005773977197683,-0.0002190461859374,0.9995407875229114,0.0327792241380959,0.1080468908216741,0.7560788085280412,0.7057710069994674,-0.0096991823884808,-0.035349422160433,2335.361529989428,2279.2385812303028,2336.1944459891347,2304.145787586814,0.052060317959936,0.2362856417051879,17.488456677331992
8.18,-0.0031199434670803,-0.0112670508468552,0.5964260482488634,-0.0267127336270101,0.0003412270886466,-0.0001679807051692,0.9996430789080316,0.0315568829968723,0.1148317772629103,0.8286692755181959,0.689075550184851,-0.0286992175627296,-0.0342425029051848,2343.241036168041,2288.9794603463306,2330.1518073875777,2300.520198689307,0.0479855047734884,0.2834045778587624,17.425929084920558
8.19,-0.0030058965195063,-0.0100426192159577,0.6044035338997951,-0.0232212770900691,0.000178311515559,-0.0001276814754811,0.9997303257342705,0.0301307840182713,0.1213662984909448,0.9025093130178806,0.6762557679827229,-0.0535200410272789,-0.0326739178686213,2351.7134722954333,2292.792487530888,2322.86785138652,2308.013595680539,0.0416400101690762,0.2078832042439525,17.37543016270522
8.2,-0.002820670681613,-0.008815144424922,0.6132305990957625,-0.0198904741877915,0.0001146157438013,-0.0001378895273195,0.9998021488706124,0.0293362796085781,0.129230230421478,0.976954161505044,0.6649495687657777,-0.0583402557046046,-0.030078046830753,2355.60700117133,2294.060826756994,2327.3100449546328,2324.2000181603357,0.0343412396941391,0.1711067005465706,17.427626115233952
8.209999999999999,-0.0025410186743705,-0.0076382475176195,0.6229676893320588,-0.0167311982162793,0.000133431324604,-0.0002386560655129,0.9998599863208906,0.0299640060539429,0.1381794472793276,1.052209281223868,0.6416900528290382,-0.0325220752330646,-0.0280769530064569,2351.952101939249,2297.4308471009667,2339.087556128252,2333.2247814578823,0.0733201379494689,0.2129035719029257,17.345711517333093
8.22,-0.0021674941422383,-0.0065429979832532,0.6336138406884904,-0.0136955211848601,0.0001874310336026,-0.0004492815006755,0.9999060934483878,0.0321312682162762,0.1461733190492742,1.1287174731925838,0.6086735677554902,0.0017640843468482,-0.0295257107871773,2342.980964916822,2302.0893798316965,2341.684702953837,2323.093250840781,0.0411038592495082,0.181655761830515,17.437124732966975
8.23,-0.0017211341347208,-0.0055266922162109,0.6450893483317363,-0.010707489510143,0.0002186361993727,-0.0007513289079077,0.9999423670249576,0.0349229508988561,0.1510693985797427,1.2054111024778271,0.5908308459757929,0.0070950100493636,-0.0350498455895231,2332.7474604505915,2299.548112932786,2326.476996315664,2301.164557817383,-0.0031731488828604,0.1305062182136443,17.371977958028666
8.24,-0.0012329658984406,-0.0045543846810692,0.6572575746433243,-0.0077065536553,0.0001779236315665,-0.0010889201185577,0.9999696953542716,0.0370409652082783,0.1525137450291555,1.279949150827897,0.6050820571670968,-0.0296246762537827,-0.0410637073887157,2322.176954918832,2281.635844392702,2301.2197742911267,2285.918146671071,-0.019,0.0981867400756176,16.970173389219486
8.25,-0.0007324509041753,-0.0035725478326594,0.6699805573286128,-0.0046763054175421,3.81340840336831e-05,-0.0013903585226003,0.9999880987374862,0.0379341633239085,0.1521746418118257,1.3505305009406694,0.6296052171597539,-0.0791899102986264,-0.0421399323163978,2308.7669855864506,2251.809118771683,2277.8480606476,2282.599245943821,0.0289999999999999,0.1411557831959833,16.774228263051935
8.26,-0.0002402556208756,-0.0025289976837315,0.683178900564111,-0.0016427925180301,-0.0002031656627651,-0.0015995590604826,0.9999973506801249,0.0381148047195517,0.1520658794324686,1.4163718636945577,0.6206817038889616,-0.0989960266981351,-0.0361309535137749,2290.7125277711407,2225.9970647406094,2259.162406545544,2275.2089146136914,0.087,0.165,16.68219
8.27,0.0002332952511514,-0.0013910759153531,0.6968631697095398,0.0013497640755629,-0.0005321523202494,-0.0016984295959966,0.9999975051407658,0.0383672889815608,0.15268452373932,1.476620171375058,0.5653669917869797,-0.0804738154676607,-0.0268424275018643,2269.1381579716813,2216.952042659345,2241.237588251771,2247.7629740331918,0.1031048532323909,0.1712097064647818,16.297269062691218
8.28,0.0006861275529571,-0.000155886896756,0.7111192581713621,0.0042657180832454,-0.0009322784204014,-0.0017068758916251,0.9999890104800512,0.038867501455849,0.1528860722906232,1.5303338947601286,0.5037378485129875,-0.0603697963488734,-0.0206969139285358,2245.398114042616,2216.045870577847,2222.1444175019496,2207.585992998788,0.0640634055768159,0.125253622307267,15.55963914254649
8.29,0.0011212734871333,0.0011494367342296,0.7260489840719959,0.0070840637518526,-0.0013905284995312,-0.0016657595445122,0.99997255348154,0.0391561682595106,0.1514719492197314,1.5781862754499998,0.484965451199608,-0.078851809201659,-0.0204018894190899,2219.188370922525,2198.5537264094683,2202.213935507988,2178.4347845714287,0.0339804583552302,0.0718827428995748,15.530102937708532
8.299999999999999,0.0015439121866723,0.0024755941852538,0.7416837157608638,0.0097937202114857,-0.0018906038129659,-0.0016163140899233,0.9999489467919872,0.0387938474992046,0.1485158264064037,1.622955784469914,0.5073457232842334,-0.1305126747830494,-0.0226000510969617,2191.319256770749,2154.2426257468564,2179.6257908539687,2170.0945275996714,-0.0080877650037907,-0.0167021200303164,15.14535223239604
8.31,0.0019585579315699,0.0037637451745421,0.7579060194698146,0.0123828449567903,-0.0024007599169467,-0.0015849149223708,0.999919191508637,0.0378363151917429,0.1449368714066742,1.667047167852525,0.5185915666162706,-0.1668928170920101,-0.0220076410150129,2165.229238045333,2104.8820476687624,2151.95192670499,2164.3664539014253,0.0920563826356167,0.0302819198290328,14.283531415019448
8.32,0.0023662744564162,0.0049601547239264,0.7744248227870106,0.0148330130787382,-0.0028754811950246,-0.0015792102903264,0.9998846030546534,0.036693305079393,0.141149758468121,1.710001029543715,0.4780297732614246,-0.1501541095184327,-0.0169370388783125,2143.4325917238707,2079.8724244727136,2121.415919258712,2138.1869200820943,0.091299430200761,0.1157965680300619,14.145857293390794
8.33,0.0027627711599457,0.0060303697499037,0.7908350913308572,0.0171191849852993,-0.0032790030440795,-0.0015925998348798,0.999846810901671,0.0357411040334863,0.1366317063539325,1.749387456469912,0.4051876791105512,-0.096050597242362,-0.0100368883620289,2124.0153069167727,2079.1205588314706,2093.532581568402,2093.3934736656684,0.0901965660814411,0.0318517778131434,13.755672405223136
8.34,0.0031389538748768,0.006968997207888,0.8067511265884435,0.0192126324839221,-0.0036159587064832,-0.001612087690598,0.9998075818721064,0.0351520549517646,0.1307608070610182,1.783434579534762,0.3582393529066968,-0.0569252879625892,-0.0045415519785254,2101.0205205073294,2072.6058529160664,2069.27806997545,2052.483881304591,0.0249737053142036,-0.032131448757011,13.249189356339642
8.35,0.003484572187478,0.0078000419310021,0.8219593433856383,0.0210865386764728,-0.0039412258374267,-0.001625362060061,0.999768564630694,0.0348561749012734,0.1237157757675079,1.8114107321553083,0.3690978828061443,-0.0663233195578471,-0.0015489064343007,2068.594321116426,2037.2900424532968,2043.7434308761813,2029.0881011570832,0.0004574714211925,-0.024893469681989,12.946426970480584
8.36,0.0037933902798888,0.0085650889445261,0.8365219456793546,0.0227256449096448,-0.0043320288632522,-0.0016252860129265,0.9997310323455728,0.0344125492950047,0.1165911358208637,1.8318611703387384,0.4075331372308291,-0.1081145144648877,-0.0010431419961586,2028.16179765886,1984.8524140460568,2015.2695025912824,2015.3712936592276,0.0071524947611604,-0.0410850314330244,12.790487999216875
8.37,0.0040669006097975,0.0093027197016069,0.8507860082965522,0.0241377965757117,-0.0048346774254102,-0.0016118628929058,0.9996956509701722,0.033068554875396,0.1109632400052069,1.8425332340694307,0.4114119341998176,-0.1388406443339971,-0.0034573128913191,1991.073651972607,1947.5335751892965,1989.553513098908,1997.501149583241,0.0071524947611604,-0.0410850314330244,12.790487999216875
8.379999999999999,0.0043145362400327,0.0100289850580258,0.8652989060541436,0.0253615804705768,-0.0054228554647158,-0.0015922427001669,0.9996623668208316,0.0303651912041353,0.1081312370889774,1.8434858349785035,0.349503472130029,-0.1314293513998844,-0.0087199161850246,1968.123091184788,1940.6600156311465,1970.033876866537,1971.19564046814,0.042304551339415,-0.0143033623952526,11.504083007126653
8.39,0.0045507390880676,0.0107301514628595,0.8806708681696841,0.0264649314609261,-0.0060011629196686,-0.0015787637296256,0.9996304822040324,0.0268093451350628,0.1078716941749853,1.839946154474467,0.2513725005241815,-0.093776060467846,-0.0146743077178552,1956.8418372210208,1947.1062625012448,1951.729722703163,1940.4970741565548,0.0428072290838825,-0.0682096463444438,11.410924462171492
8.4,0.0047907155253003,0.0113722526989133,0.8974299458389698,0.027530789288796,-0.0064556741096485,-0.0015844548918877,0.999598854248854,0.023649980190268,0.1074883035020627,1.8406411871327175,0.1760987870978751,-0.0524829814857585,-0.0180621520317905,1946.4617277791572,1940.667147422984,1931.683731429721,1911.922394582037,-0.0067963730466125,-0.0825447750446534,11.07885069515454
8.41,0.005046299248251,0.0119209084572412,0.9158910874823882,0.0286275300002972,-0.0067184636516331,-0.0016159358768046,0.9995662636981532,0.0217838005367005,0.1029888101820379,1.851981956444468,0.1552210251498612,-0.027297709496105,-0.0175132771450965,1933.9875546726469,1916.887331119848,1917.707029786356,1893.112353972017,-0.0067963730466125,-0.0825447750446534,11.07885069515454
8.42,0.0053225935878455,0.0123582441309412,0.9360528316425448,0.0297725687697445,-0.0068046519390331,-0.0016655423149732,0.9995321489725264,0.0210191898426985,0.0924036255917264,1.8733361229574623,0.1669361583755344,-0.0204778632794729,-0.0150400321835,1925.6216246276972,1893.4539947471192,1916.739420568792,1888.5736563087612,0.0112399195971294,-0.0647443697358738,10.7198707532738
8.43,0.0056163145278682,0.0126871187671521,0.9575571195647208,0.0309125823529031,-0.0068021913042052,-0.0017068481537723,0.9994974882985528,0.0204887635506917,0.0779428102062777,1.8977812221904973,0.1621040345739798,-0.023236965417441,-0.014071275544719,1922.488496491332,1884.584551235176,1919.951922015542,1891.9790473939447,0.0097334110215602,-0.0304796595600244,10.90016669721904
8.44,0.0059169854572172,0.0129228182804202,0.979753623853578,0.0319406400647209,-0.0068246946083304,-0.0016986088296334,0.99946502379213,0.0195692624042589,0.0641496873771234,1.9172064816738497,0.1128277632980355,-0.0275626095045031,-0.0159938535622462,1915.5910575854357,1884.4401917174248,1910.346196576708,1888.105354400975,-0.0010828950819832,0.0028020715341453,10.767802299068896
8.45,0.0062110484070558,0.0130804222357935,1.001864028725545,0.0327438200786057,-0.0069552701452343,-0.0015995247262913,0.9994382962366994,0.0182728558501101,0.0538617483768973,1.927117763887436,0.0370930094996916,-0.0322409584669958,-0.0189130102527626,1897.4773096281276,1875.813450896398,1883.2814425925544,1867.0356108121864,0.0708845627349985,0.0284227746701871,10.47532029680935
8.459999999999999,0.0064872484117226,0.0131667724148503,1.0231809747175609,0.0332512313038981,-0.0072100270024733,-0.0013897615583388,0.9994200516750747,0.0169367975278531,0.0463735548757571,1.9279864940529483,-0.0220568920610783,-0.0394200780437931,-0.019933877855066,1870.461822458621,1848.368919269912,1850.459731118256,1834.0095579993435,0.0421278367137498,0.004639145575303,10.20468883209097
8.47,0.0067406998138855,0.0131806006558899,1.0432210764271552,0.0334551089956517,-0.007538051989141,-0.0010878693358096,0.999411201655558,0.0157614703577012,0.0393026628498282,1.9231791694759333,-0.0398667078472499,-0.0472906884025511,-0.0183222943679237,1839.861188717526,1807.1194845005275,1823.4153219909808,1802.145236475733,0.04452570670012,-0.0666428948638327,9.856008547181109
8.48,0.0069733405463598,0.0131181971967746,1.0617896685197297,0.0333999262195221,-0.0078550798046042,-0.000750119078434,0.9994109164758818,0.0146565497473034,0.0315094680792183,1.915483423166713,-0.0310772602867561,-0.0485574508349895,-0.015910420690741,1806.2082758055424,1766.569561921102,1800.4173765505698,1777.4632254441958,0.0708975172223732,-0.1018405495333706,9.347708805938622
8.49,0.0071901746791187,0.0129792938425598,1.0789666968964409,0.0331541431084554,-0.0080892129026605,-0.00044848561201,0.9994174134414584,0.013419537535295,0.0239519035364626,1.9049580588263333,-0.0302594691166131,-0.0374023516550124,-0.0145417369295238,1769.3123564589491,1737.432648512267,1772.511037481626,1754.8744273527532,0.0341190111487289,-0.0847765437024689,9.115555491949795
8.5,0.0073934547371997,0.0127691984793372,1.0950493765270062,0.0327830522689095,-0.0082116670598548,-0.0002389583750704,0.9994287282777732,0.0119921531752297,0.0181026703936636,1.8898960955168664,-0.0570917355569652,-0.0168724761369251,-0.0140341912464784,1734.8121856274397,1718.2749470838664,1737.7063521291957,1728.0872012729455,0.0361600421912039,-0.0640047153956356,8.750160684459221
8.51,0.007578830416689,0.0124966798244195,1.110478210421433,0.0323322816981238,-0.0082384996993757,-0.0001396904068168,0.999443210577513,0.0105417411103551,0.0140161525397355,1.869824088185992,-0.103418354704649,0.0023439220800198,-0.0132141255638502,1709.8411290268268,1699.7258963874533,1703.8600856222683,1698.581908851149,-0.0114820211333078,-0.1024761137269002,8.413901824088878
8.52,0.0077363418189913,0.0121700478361329,1.1257501566030923,0.0318220413281777,-0.0082094761497966,-0.0001306130184997,0.9994598266700332,0.0093249641575013,0.0101660387912041,1.8472574327814564,-0.1485191432101303,0.0109019781189708,-0.0123714551877178,1693.9491081760673,1674.9949171943977,1678.3163797916636,1672.7425809614074,0.0478571519144776,-0.1410130735300099,8.017539912105473
8.53,0.0078555321275516,0.0117942586018761,1.1413191294863003,0.0312490448088685,-0.0081619170171843,-0.0001706283366824,0.999478289506635,0.0084874111176925,0.0051158596126909,1.826266170213981,-0.1792587918930704,0.0082546974118896,-0.0135434584680179,1679.3602322886622,1645.186465552043,1659.9337564650466,1653.315496750792,0.0478571519144776,-0.1410130735300099,8.017539912105473
8.54,0.0079310954983085,0.0113698798728444,1.157505064521897,0.0305930032107711,-0.0081154006573935,-0.0002192333444724,0.9994989546585112,0.0079490932147449,-0.0009979004977626,1.8091807194649168,-0.1952765990849878,0.0014002858938237,-0.0178639037812639,1659.3601609183982,1616.8020654251018,1643.322477923873,1637.1462185702164,0.0482787191828757,-0.1360008985713293,7.736774038122212
8.549999999999999,0.007965679796632,0.0108931212164682,1.1744426646100063,0.0298251240165527,-0.0080731496761476,-0.0002510614356853,0.9995224975956564,0.0074308366015628,-0.0069700271852793,1.794245008708709,-0.2022452128152558,-0.0030892632229719,-0.0233429589820182,1633.8030770314456,1596.2478591405452,1626.9575237303811,1620.909683098421,0.0566088579188239,-0.1416815172975097,7.452705966356208
8.56,0.0079688867889588,0.0103567935988632,1.19207561207637,0.0289188622512795,-0.0080354517097733,-0.0002592365181597,0.999549430352666,0.0066415035120845,-0.0122960090114589,1.776232904699459,-0.2062305954314576,-0.0051778996470995,-0.0263632678067403,1608.1684698938648,1585.1330585065025,1612.9386990198134,1605.805175451978,0.0566088579188239,-0.1416815172975097,7.452705966356208
8.57,0.0079537604652153,0.0097532278400798,1.2101764800845414,0.027863757672865,-0.0080142955146127,-0.0002501174508276,0.9995795713783936,0.0055349726756819,-0.0178403112399389,1.750053106195513,-0.2130818091198977,-0.0094098749467869,-0.0255418486914867,1588.7199691812766,1578.2312270885157,1600.096268197986,1594.1179594491698,0.001473224405516,-0.123586307159156,7.3202611654498115
8.58,0.0079328183382351,0.0090790484792176,1.2283857544975456,0.0266755406829618,-0.0080382760846718,-0.0002348848331761,0.9996117978875466,0.0043517965767726,-0.0246333287938516,1.7145784098225236,-0.2279788456602096,-0.0181222348750596,-0.0232879607147497,1576.4582879285222,1566.3454476451373,1582.7737065700949,1582.6904284765678,0.0223088146319954,-0.0430081485463987,7.047964711322577
8.59,0.0079152017249934,0.0083391521959158,1.2462854459500037,0.0253899466207942,-0.0081424632532165,-0.0002226940607618,0.9996444374426932,0.0033021560612626,-0.0325576722479802,1.673160572012279,-0.2529424219401975,-0.0286742612816964,-0.0229220323385989,1565.1558967457245,1543.7189210737602,1558.704210843268,1564.1386123924294,0.000559407958493,-0.1114917653723328,6.953610527590462
8.6,0.0079055696219899,0.007546909346422,1.2635049933965448,0.0240388311176982,-0.0083473361434897,-0.0002175877274932,0.9996761521779856,0.0022517123157708,-0.0405381645889619,1.630631228107112,-0.2855264197575857,-0.0374173140498674,-0.0247664309402212,1547.134002462862,1513.4590225148993,1533.3714387376658,1535.7272203440004,0.0264153915350633,-0.0934987715102105,6.757720322928149
8.61,0.0079045250875503,0.0067205113348453,1.279818413307218,0.0226258135221977,-0.0086397264090198,-0.0002188875877506,0.999706646861098,0.0008755277406526,-0.0476570803057685,1.5898864841760316,-0.3209868504310088,-0.0439200478620821,-0.0260763998663776,1520.8195600156423,1484.379011667872,1512.1785051177787,1503.5457761541315,0.009181592969036,-0.1011197468665395,6.624202844965135
8.62,0.0079099161907251,0.0058783302329103,1.295186304096199,0.0211205559203722,-0.0089704017844334,-0.0002234347660561,0.999736667371136,-0.0008740417319625,-0.053706456554861,1.5506258342098929,-0.3558306374980228,-0.0497611127824505,-0.0247375577881111,1491.39395571792,1462.3914779516963,1492.154281478678,1475.8851596225388,0.0696822749255747,-0.0931254031684803,6.369395850152973
8.629999999999999,0.0079183149778018,0.0050359080054035,1.3097302157970847,0.0194740230787319,-0.0092730307451435,-0.0002279481566369,0.9997673336159602,-0.0026104792267919,-0.0588396375202748,1.5107206745708668,-0.3893037966462798,-0.0541280637763412,-0.0217390156108655,1465.0760850748204,1446.299805974959,1467.0138399853147,1454.9684786021298,0.0454148996283832,-0.1325215677347054,6.205315566276778
8.64,0.0079262122723683,0.0042044048983439,1.3236606482433868,0.0176427148220594,-0.0094932654353237,-0.0002304538688878,0.999799259559686,-0.00388696857229,-0.0631169909018929,1.4689144959578448,-0.4219652201898089,-0.0522679170699377,-0.0194194737880587,1444.2327473090877,1431.7029337221147,1437.9317476570093,1437.173773206337,0.0746524351427052,-0.0727030733101787,5.947134395081258
8.65,0.0079307854128944,0.0033885606062147,1.337190339369922,0.0156091235786995,-0.0096089030235921,-0.00023058323689,0.9998319714207776,-0.0046345400647729,-0.0665284300887607,1.4260905736679064,-0.4532109902264693,-0.0395648798776085,-0.0184595112045547,1427.2571412368427,1416.2669077077603,1413.631909973495,1419.176205295509,0.0638958706214491,-0.1612575954543187,5.867636471504163
8.66,0.0079303389334465,0.0025836504603851,1.3504616267114933,0.0133909513172296,-0.0096304392424418,-0.0002291060559933,0.999863933029506,-0.0051689473211752,-0.0692579031690666,1.383585210769375,-0.4799511016884282,-0.0176493657470104,-0.0178096472255171,1411.4792519325028,1399.1713610791871,1400.0041087801987,1400.6921867638252,0.0164276535362695,-0.1638470218472045,5.687556711078237
8.67,0.0079245962636068,0.0017739631077889,1.3635111452542823,0.0110356667532391,-0.0095870445992886,-0.0002272226094567,0.9998931197908346,-0.0058241314951928,-0.0716770665264157,1.3409594928998805,-0.4976759775491094,0.0045093043847446,-0.0169264016354358,1395.300744450004,1378.0071791726418,1392.8421091480272,1381.447729859627,0.0279293830001111,-0.0403490513076332,5.484382255069737
8.68,0.0079149316243506,0.0009364952138183,1.376281400779379,0.0086015513438177,-0.0095114484759938,-0.0002259876998762,0.999917743912932,-0.0066515064502725,-0.0740052701385831,1.2964906055941898,-0.503788707069764,0.017075572127909,-0.0165765667981726,1377.29025423575,1351.1832191242815,1381.3916648177146,1358.8966238796131,0.0827286440544867,-0.0361158231305023,5.315278729744331
8.69,0.0079044472386921,5.102046999703151e-05,1.388665618384254,0.0061338606656372,-0.0094335825310497,-0.0002259889410104,0.9999366640957632,-0.0074660264272335,-0.0760791376259506,1.249481948616503,-0.5007875579395356,0.01724550782085,-0.0173203261218494,1354.2711596261113,1323.1160032322396,1358.2389977906194,1331.4741631758716,0.0411636790563769,-0.0669429210744845,5.133771166788072
8.7,0.0078976373326299,-0.0008869961562105,1.400556116725016,0.0036504994172293,-0.0093830138469273,-0.0002272263129277,0.999949289350893,-0.0081073282358614,-0.0775572250930638,1.2007388799727927,-0.4956618095637224,0.0101143014191682,-0.0184421713656411,1323.325499119254,1301.395983677944,1325.4091748145397,1302.8886541274064,0.0407323065136747,-0.1424340628659433,5.01822234790783
8.709999999999999,0.0078993552579412,-0.0018573316953244,1.4118718239708594,0.0011469996371325,-0.0093924130102601,-0.0002291123652956,0.99995520623536,-0.0085970463694129,-0.0783176359834972,1.150467324684853,-0.4947417196640222,0.0017752462700155,-0.0189921555793707,1287.2313270089671,1286.5718244175443,1290.8001294337166,1279.8886266671689,0.059033317918643,-0.2082784301869912,4.83417435959796
8.72,0.0079129881636994,-0.0028156134592723,1.4225605605965277,-0.0013840824529007,-0.0094935147259396,-0.0002305927755098,0.9999539511001914,-0.0090603825367684,-0.0785729065106563,1.0968030804794315,-0.4981394643107356,-0.0069510213393336,-0.0191142453742958,1254.4099355940684,1268.6094575980037,1260.0451309691528,1264.261057279106,0.0695228893210228,-0.2010699154355265,4.59770059193367
8.73,0.0079381347174865,-0.0037052027715017,1.4325875790501423,-0.0039346983089011,-0.0097036084032932,-0.0002304677145248,0.9999451510046968,-0.0095578514184486,-0.0785809604920505,1.0374250742102276,-0.4993340726800346,-0.0186638810385808,-0.0195822009531405,1229.8635560094413,1237.1921591529288,1233.7514096606585,1249.0403792885995,0.0150876634200105,-0.1411894498478431,4.56503917154762
8.74,0.0079685558432243,-0.0044768532004987,1.441924720936011,-0.0064744376231305,-0.0100102170649904,-0.0002279677385352,0.9999289100943558,-0.0100326311347619,-0.0782809147111281,0.9727582741002676,-0.4912419000203175,-0.0325908836628613,-0.0203279812723274,1209.0117239000165,1194.999566796734,1211.2543310547612,1225.7627504140453,-0.0290952354693908,-0.1555265827813595,4.40112296640543
8.75,0.0079915067402872,-0.005108766756372,1.4505500209856277,-0.0089541998234119,-0.0103663698162535,-0.0002234618263467,0.9999061509697634,-0.0104191763340874,-0.0772842094687731,0.907523614868004,-0.473421459330312,-0.0425190564282942,-0.0201086162869638,1184.5697228058884,1157.419206203159,1192.907216491545,1195.0542222867873,-0.0752222024243043,-0.1224344007644031,4.247603789652691
8.76,0.0079894982471306,-0.0056184552610468,1.4584613742317862,-0.0113155783812303,-0.0107027781560146,-0.0002189234905475,0.9998786727889272,-0.010778935198462,-0.0753609535956866,0.8488647881172829,-0.4523523233347781,-0.0423381117655886,-0.0178345664413911,1157.051347974337,1137.2310805019176,1177.8470795572491,1166.2901379111545,-0.0436146698674816,-0.0872118465973732,3.998192560455965
8.77,0.007944880081052,-0.0060603346070073,1.4656981016533148,-0.0135052851151478,-0.0109502536535305,-0.0002176318385718,0.9998488144991046,-0.0113007998760482,-0.073043600986082,0.8012543089386228,-0.4328855858527854,-0.0317123613430758,-0.0141067760961583,1134.533431040235,1132.2192464163868,1163.532562134604,1146.679534082488,-0.0659168724198332,-0.0254710399479038,3.886169806911989
8.78,0.0078463991066133,-0.0065088533099672,1.472352245233294,-0.0154927027069204,-0.0110587065507238,-0.0002227420270875,0.9998187993622892,-0.0121501546136867,-0.0716225180433031,0.7609878019099405,-0.4098964415386728,-0.0148643117475866,-0.0112257739438714,1123.495298480418,1130.2562294023649,1150.025890571094,1135.368614464895,-0.0852113296553231,0.0239675943729775,3.956606121389688
8.79,0.0076954197680658,-0.0070334491669843,1.4785498131949653,-0.0172798522300637,-0.0110049983876061,-0.000234928355521,0.999790098733761,-0.0133101717491582,-0.0721952052320973,0.7162552306291204,-0.371989877129496,0.0048424216583641,-0.0113777594087743,1122.4413747358124,1123.0941557663157,1141.85778444218,1128.8190759420104,-0.0852113296553231,0.0239675943729775,3.956606121389688
8.799999999999999,0.0075085793008276,-0.0076754010749773,1.4844011873099887,-0.0188932559666738,-0.010792284629927,-0.0002501470050318,0.9997632264180956,-0.0145582753428554,-0.0745072672850585,0.6559699474082628,-0.3163079765474701,0.0271521982580407,-0.0147123246094195,1123.8354037256274,1111.7312196388243,1142.3612122055144,1126.1572326855317,0.1595463566295753,-0.0571264246300798,3.725734854736072
8.81,0.007314320421523,-0.0084360768245532,1.4899476704601802,-0.0203639472681673,-0.010446218776965,-0.0002592471411318,0.9997380251625136,-0.0155921253495335,-0.0768964435870497,0.5800092375386982,-0.2575808130483407,0.0523212192116353,-0.019320706414217,1121.3808292125636,1101.6765181999683,1147.5659902686932,1126.687301667503,0.1356495559008854,-0.0105989384635362,3.724492316623481
8.82,0.0071434820993063,-0.0092812229103386,1.495139493864746,-0.0217147231828546,-0.0100087410249316,-0.0002510594319631,0.9997140755582816,-0.0162140542597431,-0.077638029501255,0.4992617302283083,-0.2180764796642452,0.0780982374514707,-0.0229379591842343,1115.9919988373777,1097.4771994864195,1148.9201927000245,1126.7509144306764,0.0569464839049378,0.0041162027260174,3.7542006567238766
8.83,0.0070177017939667,-0.0101583786112287,1.4998582315128677,-0.022962773343664,-0.0095276732304389,-0.000219239553366,0.999690895435784,-0.0164640524880406,-0.0763391722534706,0.4252892772438428,-0.2077770224372798,0.0994718221268045,-0.0244865519422184,1114.706398525722,1100.6552929202808,1142.456568958984,1123.3608041230266,-0.0113300450912408,-0.0123566660065472,3.896412572993706
8.84,0.0069411410097547,-0.0110182922801505,1.5039665435430989,-0.0241251803713552,-0.0090437074194526,-0.000170673045256,0.9996680238453528,-0.0166222194062755,-0.0739457427973919,0.3617196870833814,-0.2164279071392653,0.1106274486395124,-0.0245058436402584,1123.145903412162,1109.687363077481,1133.724315247881,1119.9760640967484,0.0470190288247982,-0.0422238402695133,3.8659275360954792
8.85,0.006899433521012,-0.0118306662508396,1.5073583859931723,-0.0252129272087959,-0.0085796900283106,-0.0001307203339171,0.9996452771522388,-0.0170435945996947,-0.0716111018916041,0.3056212863942276,-0.2239304285074892,0.1080468592811401,-0.0248024362305977,1139.5206472569946,1121.4137226462344,1133.0470562208816,1125.4530773572355,0.0807080806592876,-0.0130376525949132,3.824001469852112
8.86,0.0068660225531891,-0.0125893675245303,1.5099921514640096,-0.0262168326671769,-0.0081361727380924,-0.0001398562359529,0.999623159404738,-0.0178791597828925,-0.0697996683981337,0.2539858665411387,-0.214688787453115,0.0942789846805042,-0.0273637940675368,1157.2003164265518,1132.815209461065,1146.424859673357,1145.4933067410989,0.0705410532649003,-0.010010730936192,3.872864573048017
8.87,0.0068127216648051,-0.0133077505663345,1.511899479159991,-0.0271009098716264,-0.0076947342159688,-0.0002391340943327,0.9996030585009034,-0.0188863956329037,-0.0682759983985664,0.2060955325225364,-0.1822083179277467,0.0798393076076642,-0.0325507963918712,1172.3999616203296,1141.5867933620789,1171.3906276760565,1175.4294929776718,0.042965539577771,-0.0075268098526136,4.137374470076673
8.879999999999999,0.0067198308487947,-0.014007652693009,1.5131681949161404,-0.0278111458843457,-0.0072286119276742,-0.0004485842594545,0.9995869577512309,-0.0195580127052443,-0.0665260221364285,0.1606449119713365,-0.1266293704448362,0.0780970160421464,-0.0381119655472338,1187.1832386647066,1147.493260563269,1201.020890846418,1203.254448786971,0.0645857285323623,-0.0603040924497281,4.5107983967590215
8.89,0.0065815659237639,-0.0147067970533925,1.5139059883760455,-0.0282940826006291,-0.0067178169508695,-0.0007500561608272,0.9995767870658856,-0.0195408640249189,-0.0641060688178837,0.1144356768308577,-0.0546178535289616,0.0926155188600673,-0.0409641472130486,1206.2002734482242,1156.1630085538477,1230.656256319577,1221.866610455683,0.0645857285323623,-0.0603040924497281,4.5107983967590215
8.9,0.006404708082899,-0.0154100574221883,1.5142022128410575,-0.0285161610577931,-0.0061633365001176,-0.0010876326128129,0.999573738599115,-0.0189904519174042,-0.0608675471162664,0.0660918357953922,0.0188283825759408,0.1090160548202407,-0.0405853947476754,1234.4557463632852,1179.1030401559894,1260.6549938689404,1238.5635299292126,0.0373303129435833,-0.0483212517743333,4.793802494936821
8.91,0.006201796262905,-0.0161087243975464,1.5141080781027425,-0.0284781328978564,-0.0055929964747268,-0.001389477767807,0.9995778027190372,-0.0184995498747023,-0.0570725876126104,0.0191400365573623,0.0747135455470635,0.1062776199795925,-0.0397931469517967,1276.8669092152195,1223.7959149671665,1294.459187211562,1269.6092885958717,0.0049696263945316,0.0051518631504094,5.238766094913914
8.92,0.0059832740299132,-0.0167872517964785,1.5136444778141986,-0.0282189267390299,-0.0050520718536448,-0.0015994699425111,0.9995877202324897,-0.0186227967642691,-0.0532977817473303,-0.0212572128579725,0.1006239036094203,0.0809609578913329,-0.0411847435385449,1333.7552138870494,1283.4791779829688,1335.5100501398815,1322.8091966667089,-0.0037997127994234,0.0545486266397686,5.622216575836825
8.93,0.0057533892633504,-0.0174320342131859,1.512830199490533,-0.0278041446285556,-0.0045789415460746,-0.0016991122249019,0.9996014585090596,-0.0194302465028997,-0.0501124058720101,-0.053981033705936,0.0982155190291081,0.0555121571799627,-0.0434133120714263,1396.4679705220233,1343.1738520182084,1385.3445396604411,1387.5859470915975,-0.0292904723695895,-0.0178270269126765,5.988982224171301
8.94,0.0055116458989275,-0.0180361408037678,1.5117131587873296,-0.0273030976949902,-0.0041784021102954,-0.0017080817915967,0.9996170087931956,-0.0205204103436916,-0.0476943146909207,-0.0820081678505499,0.0823477562307095,0.0561741764443058,-0.0423087436411987,1453.3334705816455,1397.3277163016237,1442.9049974722186,1446.3708443986675,-0.0440454058459975,-0.0297124498160197,6.500204317454167
8.95,0.0052576933830878,-0.0185978226533473,1.5103861759981465,-0.0267675284025638,-0.0038115060382979,-0.0016672705389079,0.999633028692974,-0.0214505892464721,-0.0456512395530041,-0.1067724289633218,0.073642408729138,0.0850651525945749,-0.035698447253671,1501.5865605135352,1454.7931252804683,1505.4779427787446,1495.2800391786363,-0.0082368773272912,-0.0135787360362593,7.079610567529796
8.959999999999999,0.004995954646268,-0.0191151691921828,1.5089757836410729,-0.0262238297071353,-0.0034117320380025,-0.0016173837876806,0.9996489658423476,-0.0220936039332699,-0.0432456166223823,-0.1248203527094648,0.0861303756923337,0.119774688755094,-0.0259928980331628,1550.2807353820597,1524.061010087362,1571.4961386451878,1548.7711838138766,0.0153668193923809,0.0017990836457064,7.75504182840169
8.97,0.0047375116264926,-0.0195813401068247,1.5076085746389811,-0.0256803432411078,-0.0029184563276912,-0.0015844827489889,0.9996646897825792,-0.0225611035769449,-0.0398671909315187,-0.1312631047284366,0.115228531472386,0.1380828988364658,-0.0178401461287148,1610.69435954141,1600.647712838856,1641.3287259617205,1621.0567192893682,-0.0008748234389995,0.007873422592389,8.3360580480225
8.98,0.0044985534162984,-0.0199838987828251,1.5063768885091966,-0.025140877315888,-0.0023068115321755,-0.0015764394608526,0.9996800136778612,-0.0228943455431799,-0.0353042785012015,-0.1249948029077663,0.1394845129335299,0.1362835430485855,-0.0143373515126087,1685.5689672070737,1673.5398699100504,1713.0543780647806,1706.4927207250464,0.0508570333359044,0.0352152229364405,9.010675674239634
8.99,0.0042955726217044,-0.0203090221704636,1.505327170779163,-0.0246117356818866,-0.0015979535054026,-0.0015876737477442,0.9996945475010808,-0.0229656719709065,-0.0296264386936839,-0.1088707788828488,0.1414922881023406,0.1246951852779621,-0.0155884641249707,1767.904892830365,1739.1605458611214,1780.5061346685156,1785.2274131260988,0.0323567621149646,0.0629350509500862,9.889043369073034
9.0,0.0041384150579077,-0.020548283155296,1.5044758279513164,-0.0240960097886282,-0.0008481481588927,-0.0016068571714025,0.9997079978508712,-0.0226712530836972,-0.0229843921221099,-0.0857274541003498,0.1283613554621874,0.114024879968175,-0.0192579496118207,1848.3624796935164,1803.1100779565645,1840.6287117532263,1848.0131198547008,0.0651230847355603,0.0580306442310215,10.888295273561637
9.01,0.0040240098936256,-0.0207039240142862,1.5038367022224777,-0.0235816357199141,-0.0001254834383353,-0.0016232314918658,0.9997205888798149,-0.0221055138167835,-0.0156246410786881,-0.056289700722964,0.1253198758036967,0.1088283859227215,-0.0217406224241033,1921.7269830717976,1869.2279796622297,1899.332267268552,1905.652324635469,0.04,0.0176436695083964,11.551295838867013
9.02,0.0039345310732276,-0.0207892335397637,1.503439882542639,-0.0230366773404105,0.0005149869198749,-0.0016298558983639,0.9997331593256956,-0.0214999632614806,-0.0079912293661313,-0.0210005431398198,0.1466583112764368,0.1071328398575356,-0.0202813766821676,1986.083928068561,1931.978719590818,1962.0715875195413,1969.0399204080416,0.028,0.0406697257749304,12.432178805402753
9.03,0.0038420542344922,-0.0208235048123126,1.5033322169712449,-0.0224189839737387,0.0010488064841669,-0.0016244326664907,0.9997467931336694,-0.0210335044994229,-0.0006332723588227,0.0180239975390073,0.1794045397967016,0.1010906042844826,-0.0153998546040775,2038.048777968968,1981.0354928914417,2020.0596052059973,2029.135592045798,0.0321974978245313,0.049962458079476,13.301865491351824
9.04,0.0037182437030463,-0.0208241817210074,1.5035619989311566,-0.0216943633572973,0.001485646668658,-0.0016092036986051,0.9997622506956112,-0.0207241148435422,0.0060813256968133,0.0579758506160251,0.2007084864223597,0.0823235437711566,-0.0107752184412644,2070.9674762398727,2009.5407027642527,2054.460613696251,2065.955116863262,0.0553419422292445,0.0501291236818544,13.9725168962678
9.05,0.0035447486634412,-0.020800218901981,1.5041565479842465,-0.0208507044083537,0.0018561126684465,-0.0015907362199117,0.9997796119794182,-0.0204688889561894,0.0121819262383355,0.0973675954151184,0.2061445653658983,0.0526934459418994,-0.0097117505094285,2078.2642228700843,2015.9627916688407,2055.8660403349318,2071.858791804247,0.04474394975635,0.06041527677344,14.188358450130607
9.06,0.0033196404591363,-0.0207498495493818,1.5051041663901144,-0.0199001147433161,0.0021880081914061,-0.001579073749899,0.9997983319547246,-0.0201449675171759,0.0180250781531884,0.1358472764611519,0.2129261647107977,0.0277039788314359,-0.0118778124160886,2059.0914814227904,2002.327319733355,2033.5158247181864,2055.99205810814,0.0190083159580534,0.0461081304170183,14.092075700205912
9.07,0.0030574848015432,-0.0206636779555099,1.5063521257944303,-0.0188706095183455,0.0024873396020269,-0.0015848981132947,0.9998175840302472,-0.0196669792407134,0.0239566392716711,0.1723111251673562,0.236073542406808,0.0228812386886813,-0.0142252713147433,2021.2929085133487,1974.2409102079,2003.2488114446185,2028.6662273088648,0.0507848785059038,-0.039398267269964,13.771177605736964
9.08,0.0027838750462724,-0.0205314545743822,1.5078253977234637,-0.0177935429893415,0.002737558301391,-0.0016139219091846,0.999836632084714,-0.0189958112657396,0.0299581689280401,0.2043036702097631,0.2687748022728562,0.0361708495620329,-0.0146626235356212,1977.194225754953,1939.2244559489257,1971.135654819076,1991.6022793507375,0.0640353472641112,0.0502120960298103,13.365787277067264
9.09,0.00252710489738,-0.0203491168686122,1.5094570579392108,-0.0166904908573293,0.0029157881422096,-0.0016597818678159,0.99985507490766,-0.0181506267077515,0.0355935191864086,0.2294244839063623,0.289434027971751,0.0486280678185922,-0.013585082219126,1934.552587708206,1901.097380729363,1932.0563841086896,1943.979627416315,0.0726714818705033,0.0396931532881581,12.888970444740917
9.1,0.002309446846416,-0.0201226068448934,1.5112112690590958,-0.0155613182506051,0.0030113193742518,-0.0016992224293378,0.9998729369140188,-0.0172077029331927,0.0403151026099295,0.246622713830478,0.2848576243557636,0.0442331198975237,-0.0119069933445476,1893.0519046661252,1858.1862114224373,1882.1268481131983,1889.6173460063628,0.0545437653952411,0.0037188213011673,12.18844923376738
9.11,0.0021399577066274,-0.0198668990928405,1.513083770309795,-0.0143795807320556,0.0030329792098203,-0.0016944739839487,0.9998905727393376,-0.0162394384188121,0.04384100950936,0.2560294908493795,0.263784513448061,0.0257325978002,-0.0094313584862612,1850.9416224079616,1809.974030151437,1828.7185114607175,1835.1046332368776,0.0686271949679397,0.0098223853529647,11.450541836304378
9.12,0.0020111325712167,-0.0196014093458803,1.5150806288575016,-0.0131042494789879,0.0030040115812483,-0.0016055795278429,0.9999083341358808,-0.0152645933610177,0.0462858098649713,0.2583043350596736,0.2489402025183292,0.0091876617102261,-0.006361550304707,1811.082149757805,1762.4728054057966,1785.2373214386942,1785.1517701431594,0.0686271949679397,0.0098223853529647,11.450541836304378
9.13,0.0019017167300567,-0.0193443522862813,1.5171910142231484,-0.0117065711779412,0.0029522097045191,-0.001409619705347,0.9999261240818756,-0.0143103257526665,0.0479918778670638,0.2545818695859221,0.2572293051205001,0.0058987828487691,-0.0051784695526104,1776.3190764867038,1722.6229715329457,1755.8705142216716,1741.581578660821,0.0820869715374681,0.0163478861498664,10.10263713749149
9.14,0.0017858227466161,-0.0191079731171965,1.5193731880935863,-0.0101940768200394,0.0029029396688843,-0.0011170423914269,0.9999432013646384,-0.0134859429877389,0.0492653412431047,0.2464734050182455,0.2858976834606899,0.0126931228695455,-0.0087626271269286,1742.853826084395,1689.5625139434592,1730.250063138325,1704.3671401989218,0.0731905238851654,0.0025715761824343,9.722127090833023
9.15,0.0016449760030269,-0.0188955607978802,1.5215633394805352,-0.0086116781053055,0.0028769869940399,-0.0007736131949763,0.9999584808724168,-0.0128886154584783,0.0502720503446365,0.2354040651778652,0.3153877016272935,0.0184967163596697,-0.0162546440426092,1705.1967508563553,1657.0752874818268,1697.012417519526,1672.7739518961264,0.0982037241468951,-0.0037487870381505,9.207706190537328
9.16,0.0014773804414895,-0.0187010962950014,1.5237005966617585,-0.0070193321436649,0.0028900213528754,-0.0004445749804509,0.9999710891350428,-0.0124252269949659,0.0511117584562534,0.2221490682338503,0.3252329423980196,0.0163905778600516,-0.0225861811859021,1666.332790468184,1624.279679016761,1658.3884000519886,1646.115542504927,0.0460521246040182,0.0404125199862404,8.888573458443588
9.17,0.0012994167975474,-0.0185122036077896,1.525748811751986,-0.0054662781688038,0.0029495794996115,-0.0001908812824981,0.9999806914876372,-0.0118219333329523,0.0518405757105235,0.2075102915920413,0.3085351571208524,0.0075481068293257,-0.0235395166817637,1636.339324894051,1598.2398365520503,1625.900712001329,1623.2439794907673,0.0553691896198911,0.0250812348369758,8.636135103192856
9.18,0.0011381603293464,-0.0183154814404671,1.52769708939481,-0.0039813990556441,0.0030490424211644,-5.284376043323724e-05,0.9999874244256328,-0.0108682823078076,0.0523761786092876,0.1929572852675966,0.273504693343422,-0.0039738775831812,-0.0206276209339877,1621.1377046380103,1584.6627816358675,1605.4751036863029,1602.8711045859268,0.0719852162852326,0.0096287345912355,8.510902963387997
9.19,0.001018522137342,-0.0181015358138194,1.5295385665413013,-0.0025814889652172,0.0031634232911398,-4.7769419719772565e-05,0.9999916631581915,-0.0096433405812704,0.052529213879163,0.1797384203231175,0.2343653023813597,-0.0160172535297191,-0.0195735815743837,1617.7571547909822,1580.4803705243046,1593.7252679377907,1586.458595271449,0.0304041644723117,0.0025337164878641,8.425526731496586
9.2,0.0009513698596408,-0.0178673235702971,1.5312468548200993,-0.0012840702511711,0.0032542330626565,-0.0001749444648382,0.9999938652437814,-0.0084881159619805,0.0522230388870202,0.167658132485262,0.2020754044779807,-0.0267138266299926,-0.0237279659177757,1619.8871922606522,1578.174635295387,1586.7507285068357,1578.8898205883747,0.0244828439102439,0.0198692567943481,8.233451486411305
9.21,0.0009279791483165,-0.0176156120556734,1.5327722178918368,-0.0001109641881737,0.003285930651765,-0.0004178918269502,0.999994507841479,-0.0077459168733553,0.0515644560574628,0.1556509390973219,0.1806181218700549,-0.0317754498299872,-0.0299941439780428,1622.9703992242933,1574.8136170105113,1585.2707404044545,1583.3571967631474,0.0264468185405468,-0.0283535979627607,8.243803977252956
9.22,0.0009226736976491,-0.0173530020961162,1.534061959295338,0.0009199434328761,0.0032457386267306,-0.0007421632189831,0.9999940340215052,-0.0075290016938998,0.0506351946370063,0.1434052450422394,0.1675347484622458,-0.0280149708683474,-0.0322484850488376,1624.135400839845,1573.8233361099913,1590.1964666298509,1596.4916153843274,0.0519695444325744,-0.010268771243922,8.299788453622698
9.23,0.0009020612100197,-0.0170876876492483,1.5350898664280377,0.0018056624569489,0.0031520597168078,-0.0010960487599745,0.9999928013639644,-0.0077522583611968,0.0494074961907255,0.1315130442330241,0.1564943466954061,-0.0193981860841888,-0.0285188832758237,1622.771636198344,1579.0458079778496,1598.4583521944903,1610.6807352978349,0.0384905228632676,-0.0654905228632676,8.403022983853182
9.24,0.0008372130046365,-0.0168272830020974,1.535875414842336,0.0025607450368589,0.0030438392536389,-0.0014203796025178,0.9999910800348366,-0.0083340545603651,0.0479928259852935,0.1201209432122758,0.1415438268430421,-0.0150128971108018,-0.0232981158329644,1623.153813248918,1590.2599114182094,1606.143312198809,1620.7710398864783,0.0735073131115628,0.016739028376963,8.399876078606644
9.25,0.0007144084254833,-0.0165770701463394,1.536483266581632,0.0032088953697081,0.0029586376037323,-0.0016634022802318,0.9999890912139444,-0.0092168356032306,0.0467368287576555,0.1086503505691875,0.1216506808817474,-0.0184477559228773,-0.0219750255154344,1631.654687426947,1604.2781812074363,1613.3344469145754,1627.388725509988,0.0235666748311526,-0.0008500142419891,8.56975414731445
9.26,0.0005404326229989,-0.0163392063449122,1.5370044001791054,0.0037705349819398,0.0029149894840909,-0.0017906109424218,0.9999870397233708,-0.0101660937060863,0.0457957694769669,0.0973831330425164,0.1014844368938467,-0.0215774438144141,-0.0243293030520862,1647.8986988193142,1617.5729649921086,1623.272140160092,1634.4131071985807,0.040857444686492,0.0162851106270176,8.697902066618454
9.27,0.0003401146376657,-0.0161128902846517,1.5375260326472286,0.0042555202281555,0.0029085847556731,-0.0017854992489836,0.9999851212266804,-0.0107515443056491,0.0447587015210459,0.0882967004150576,0.0863590897402064,-0.0125434875137874,-0.0253108625695656,1662.9734323446394,1628.0570395968944,1638.3245523109174,1644.1428660998172,0.0258930107670136,-0.0327860215340256,8.872375817383155
9.28,0.0001469371191313,-0.0158951159305673,1.5381022039571997,0.0046653884015871,0.0029208909316329,-0.0016473746836632,0.9999834942157192,-0.0107092499122569,0.0430473672670103,0.0832506821798401,0.076281895737413,0.0091778657536814,-0.0217805874373929,1670.9005811704594,1636.5726058779385,1658.5780212236075,1655.0056467632028,0.0535274265934682,-0.0270548531869347,8.938470391829988
9.29,-9.067599196345126e-06,-0.0156822045216799,1.5387400889531508,0.0050036217129093,0.0029326416368832,-0.001393617190257,0.9999822104487214,-0.0102597037523975,0.040739837780557,0.0817680743323293,0.0663512102263,0.0280560645672249,-0.0162538127765339,1677.5288711572184,1645.9438967602232,1681.782009870777,1664.5437122775209,0.0095876030190754,0.0260309945728883,9.107894386810264
9.3,-0.0001106465851506,-0.0154724966830092,1.5394103401013215,0.0052874635183014,0.002934583820292,-0.0010646392270165,0.999981148567642,-0.0099017009134645,0.0386954354861484,0.0815743173353223,0.0530357776446702,0.0264655129409952,-0.0131354983757031,1691.8404279929878,1657.2601316779633,1702.4871676728244,1673.9459214836515,0.0470702045281295,-0.0266755091779827,9.201841600959876
9.31,-0.0001563745744753,-0.0152692321628559,1.5400729182537938,0.0055509870096239,0.0029309990058696,-0.0007214672190488,0.9999800374372972,-0.0098602937012866,0.0376386952489222,0.081068182066809,0.0381196826412646,0.0045528469395948,-0.0130524118777074,1711.6717243250905,1668.87318692219,1714.4026438787216,1686.3813323450208,0.0251883356602336,-0.0066139256478951,9.505476177437624
9.32,-0.0001575617744986,-0.0150812218139479,1.5406982152275772,0.005831810594895,0.0029351393847586,-0.000429316787286,0.9999785950854516,-0.0098286384834911,0.0371940070796671,0.0802509931083668,0.0253007104537595,-0.016775563027831,-0.0129178777516845,1725.4516119021046,1679.5894231538691,1716.7405703033312,1700.4388648520178,0.0367599445079268,-0.0780718628442596,9.547534007627927
9.33,-0.0001318371553868,-0.0149198152670081,1.5412695119491369,0.0061466533102102,0.0029587689548935,-0.0002337768736629,0.999976704572526,-0.0093142639215358,0.0360125194358512,0.0792793802224704,0.0143942360322454,-0.0163345651022089,-0.0111955114535463,1727.545461533883,1689.6636724015052,1716.2854723879836,1709.6936710799616,0.0367599445079268,-0.0780718628442596,9.547534007627927
9.34,-9.67390772517566e-05,-0.0147936551888687,1.5417707143118478,0.0064737539481429,0.0030003339842778,-0.0001449929836983,0.9999745334171448,-0.0082082710608365,0.0329573789266367,0.0774110166247871,0.0016081269977027,0.0037996905745687,-0.0107142780321872,1725.3913635228866,1697.7735614320295,1720.2847515814365,1710.7652288733143,0.082361603899043,0.0412904001086337,9.671439567363384
9.35,-6.554142269725816e-05,-0.0147048328812513,1.5421753272980958,0.0067577836391484,0.0030376912786349,-0.000139749168232,0.9999725422541124,-0.0069401125177285,0.0281902181252066,0.0742016756745081,-0.0138766055590789,0.0181603266445112,-0.0146168115289168,1729.4539798760793,1700.4618527072157,1728.1667735835726,1708.3144243467316,0.0075519691892741,0.0298194888113426,9.811239198080353
9.36,-4.591341450055579e-05,-0.0146491619380042,1.5424495084348822,0.00693544664039,0.0030309004459576,-0.0001780191327327,0.999971340355099,-0.0060612406869633,0.0230803051845805,0.0708651247705775,-0.0267387310265686,0.0035549735368737,-0.0207944639414138,1740.427463032595,1696.488751960249,1733.1447271378388,1709.3825668272434,0.0256395260984948,-0.0239363147963406,9.769225463855127
9.37,-4.069019244704933e-05,-0.0146203308820331,1.5425703170875378,0.0069645780642811,0.002937125189779,-0.0002224047550305,0.999971408833338,-0.0057662959834069,0.0190244596818485,0.0689717378547683,-0.0323729840052505,-0.0355627339048117,-0.0232694909440694,1749.916871027038,1690.163085709548,1731.70656862021,1714.3911584183838,0.0102116340457256,-0.0024243576211565,9.676768901917637
9.38,-4.942149184198408e-05,-0.0146152043454372,1.5425505592427102,0.0068393075431275,0.0027330487734185,-0.0002505045175001,0.999972845413424,-0.0058600349200063,0.0163569074611248,0.067813558924455,-0.0356411336967796,-0.0691034279558682,-0.0195448285494709,1751.6435769466768,1688.595555907722,1727.6129540818115,1716.5328229283846,0.0514990167219293,-0.0245795345882314,9.614354959842917
9.39,-6.949764238921822e-05,-0.0146369706873263,1.5424564402980827,0.0065847586933536,0.0024331514187273,-0.0002570084454167,0.9999753270325136,-0.0060448448119452,0.014396075338997,0.0646479264870874,-0.047726275657416,-0.0693503153596427,-0.0138031237543937,1747.6875176417643,1694.9370840115082,1725.7677205182945,1710.6297619674938,0.0514990167219293,-0.0245795345882314,9.614354959842917
9.4,-9.630187496310852e-05,-0.0146940523081587,1.54240284185572,0.0062364500916468,0.0020907872326238,-0.0002482506116629,0.9999783366006666,-0.0060866862522292,0.0124268620250597,0.0585510908796978,-0.0722151224977857,-0.0365792466564894,-0.0113901131814371,1743.804819504164,1704.512368968881,1726.6794445823373,1700.6418444461772,0.0745697022406419,-0.0274103021793959,9.816751793283874
9.41,-0.0001226557644233,-0.0147948963479554,1.5425180066181507,0.0058179220949604,0.0017780666022853,-0.00023434054372,0.9999814675013556,-0.0057914435033768,0.0104367435540569,0.0530780333373157,-0.0980134783306156,0.0024102694368841,-0.0123274864307487,1742.7108449209572,1709.1204034134937,1728.7537084492078,1696.5369650269356,0.0474698205742973,-0.0572500633066828,9.823090962751287
9.42,-0.0001384454777376,-0.0149410392732746,1.542887897090259,0.0053324619225646,0.0015555080668743,-0.0002231301132612,0.9999845476093372,-0.0050554924013226,0.0088534003505545,0.0535553464136483,-0.1097990503754364,0.0189831382847576,-0.012308908320193,1743.6919936438508,1706.231182723319,1732.0451203342109,1704.0207046670807,0.0474698205742973,-0.0572500633066828,9.823090962751287
9.43,-0.0001314506150682,-0.0151222121053508,1.54350995798436,0.0047753663767949,0.0014497728026464,-0.000217838634041,0.9999875232127236,-0.0040132450718659,0.0078173325929879,0.0616249430203628,-0.1039174517779286,0.0056388133204336,-0.0088282122387351,1746.167432336174,1702.0249953750958,1737.1155804539303,1718.6417519092493,0.1036517765809539,-0.031960205288602,9.782891324684616
9.44,-8.990992232051507e-05,-0.0153167420541298,1.5442870632448706,0.0041550492730301,0.0014500304630282,-0.0002178475986011,0.9999902927126936,-0.0029804151478844,0.0069878125450051,0.0733637731550144,-0.090568795835253,-0.0217673086790488,-0.0039285006676978,1750.540743183948,1702.88020558403,1742.3456616568249,1730.388298323338,0.0811972024262722,-0.0360597365441108,9.955460926839026
9.45,-6.3433047140352e-06,-0.0154977854513586,1.545068943027483,0.0035024423622073,0.0015191354712545,-0.0002209430278206,0.9999926881278172,-0.0021000547408355,0.0060082861155744,0.0827089644291151,-0.0815176174897963,-0.0408172237489974,-0.0008291479111116,1755.2430499221737,1706.0717788534664,1745.309907711974,1733.375456203011,0.079969616248803,-0.0489200240153583,10.038201172910782
9.46,0.0001190084123538,-0.0156423575492942,1.5457186186902283,0.0028605400995335,0.0016085543038977,-0.0002252545032111,0.9999945895472632,-0.0010868500703458,0.0049101854639661,0.0858945639265285,-0.0799644300643868,-0.0423126537552854,-5.298549822934558e-05,1755.626408535646,1703.1217490891804,1746.3147944190464,1730.2341533774488,0.0686263310152321,-0.0206158247081819,9.829926829359566
9.47,0.000277368430381,-0.015738371139766,1.546168747375347,0.0022658200607089,0.0016695257568411,-0.0002299099944131,0.9999960129343488,0.0005169190143189,0.0039973998666219,0.0830522906807795,-0.0826311622846412,-0.036599480864372,-0.0003735132729614,1748.7585355796332,1690.8957974599716,1746.8984977442783,1727.0549296518984,0.0686263310152321,-0.0206158247081819,9.829926829359566
9.48,0.0004546820150401,-0.015786406814662,1.5464418523920889,0.0017378189337392,0.0016605387111185,-0.0002344319571612,0.999997083814848,0.0027649382214086,0.0034833096716451,0.0772045306984896,-0.0862994241155433,-0.0411040954902538,-0.0022638956391927,1738.4370462568606,1674.9823775090233,1744.377060948968,1725.2375963800082,0.0577716591860823,-0.0169843845316741,9.794631066159512
9.49,0.0006379528881509,-0.0157963009781694,1.5466282856022149,0.0012808992216373,0.0015549790818633,-0.0002376773395557,0.9999979424212438,0.005080112577301,0.0033295811604163,0.0721951069486719,-0.0885502619408981,-0.0608953595808993,-0.0078327267343771,1731.8470567560448,1663.3249317127693,1733.672502508705,1720.285492447669,0.0328323992152473,-0.0280979602970148,9.761623161866522
9.5,0.0008209543086507,-0.0157812448914627,1.5468362688791344,0.0008905727407809,0.0013497979844296,-0.0002373946900058,0.9999986642837858,0.0067078799647635,0.0033742614687067,0.0703624589078702,-0.0854766095818491,-0.0828501940736465,-0.0168355043184028,1731.064475689477,1660.1506167623502,1717.0580082159709,1709.285649875782,0.0683289070146851,-0.0291915540324886,9.58172374000312
9.51,0.0010052012146316,-0.015752652745185,1.5471415202105587,0.0005562631193112,0.001069571866421,-0.0002311444509263,0.99999924657952,0.0073831588818471,0.003529471637698,0.0711895266609243,-0.0742633358227492,-0.0902378489239545,-0.0248918689628871,1731.0944106397674,1664.2990088259262,1705.4021510819096,1696.665512795803,0.0686101394509248,-0.0740774229108037,9.44865728345988
9.52,0.0011950696721357,-0.0157179693747311,1.5475612683393916,0.0002598910401982,0.0007580424654582,-0.0002184936529413,0.9999996550443364,0.0074908645403871,0.0038457423634914,0.0722772943614288,-0.0580794728305733,-0.0804506621419235,-0.0273789704804742,1726.7938231314415,1670.0313437590012,1705.374823040033,1689.1342982344618,0.1088169351081523,-0.0532939957112428,9.397373064891848
9.53,0.0013902665179922,-0.0156818236717796,1.5480593571109882,-2.264475788880969e-05,0.000456890344215,-0.0002033520277568,0.9999998746931829,0.007591650766416,0.0044127240798464,0.071815809425018,-0.0442040389677272,-0.0656245874716025,-0.0241615148492706,1719.1060788800537,1671.101883044718,1711.41499496369,1686.9143416994812,0.0519201228424684,-0.0157241667108176,9.546269877157531
9.54,0.001580955451076,-0.015649310321553,1.5485702628834566,-0.0003106985750151,0.0001842381747091,-0.0001946655121707,0.9999999158140108,0.0078735767098948,0.0051968264899231,0.0699195213223127,-0.0360651094991823,-0.0583785868968446,-0.0189903027130027,1713.499209411273,1666.560670355391,1715.0635130055846,1685.0246173068942,0.0019259030113502,-0.013547059732239,9.560264096988652
9.55,0.0017490180331343,-0.0156292201709783,1.5490250248253306,-0.0006038584991629,-7.211531968445681e-05,-0.0002034150269756,0.9999997943882892,0.008091093664793,0.0059767550623365,0.0677021803669095,-0.03025480756395,-0.0610582283270899,-0.0150861715123421,1713.5354777173825,1660.843631838965,1716.2623160389337,1682.4195879272556,0.0019259030113502,-0.013547059732239,9.560264096988652
9.56,0.0018747255037274,-0.0156349980689312,1.5493706500372768,-0.0008761877110874,-0.0003412603630632,-0.0002356262503129,0.9999995301582544,0.0079525061261378,0.0064725941619836,0.0657998098847282,-0.023172282181227,-0.0676869423552069,-0.0130712597245461,1717.0646226884724,1657.1624877842592,1719.4385403539825,1683.2904037780722,0.0168311150443537,-0.0610468145472286,9.49519
9.57,0.0019449428644663,-0.0156821187985457,1.5495832304565325,-0.0010934558610485,-0.000648389223899,-0.0002843705171867,0.9999991515391916,0.0074586922081795,0.0065477777307163,0.0641743255892942,-0.0175804505683455,-0.0713760011103017,-0.0125392951930329,1718.8736280989183,1654.4933839412552,1723.1757120272448,1687.923111551136,0.0641617515748323,-0.0741413686985752,9.527048631301426
9.58,0.0019589677195794,-0.0157822289998383,1.5496749882989924,-0.0012420671387493,-0.0010015911224313,-0.0003243205285014,0.999998674449442,0.006864180563751,0.0062613039148068,0.0626628260392744,-0.0187537209844149,-0.0679799266202337,-0.0131282572972839,1716.212431731475,1652.599271274442,1721.4154996092234,1689.4872024825029,0.0454829312648123,0.0049107702449037,9.564100770244904
9.59,0.0019302363764931,-0.0159363021620413,1.5496919543733467,-0.0013472751058215,-0.0013885021324025,-0.0003150614054815,0.9999980788221188,0.0064264505482673,0.0057575345324832,0.0609652610770214,-0.0253319579907789,-0.0561006926372757,-0.0134932839058929,1710.747398703758,1654.408976915034,1713.7792683614543,1684.202003036129,0.0494884356994612,0.0058996924420478,9.565089692442047
9.6,0.00188409194454,-0.0161303425485283,1.5497005658493457,-0.0014642146238745,-0.0017788560742238,-0.0002156115111176,0.9999973226255552,0.0062794635489427,0.0051964429617626,0.0585528301590851,-0.0293532990417667,-0.0380411763173818,-0.0115342210762727,1705.9463798612392,1659.2965719725903,1707.76262948493,1678.650587493005,0.0161897945794056,-0.0490085652721361,9.512181434727866
9.61,0.0018525339396045,-0.0163367928423771,1.54976661722097,-0.0016455888734885,-0.0021313359893761,-6.022646349179384e-06,0.9999963746973723,0.0064748194088846,0.0048090078198124,0.0554692481286528,-0.027345257136375,-0.021213745733234,-0.0074414542875168,1704.3153512029771,1659.8124401448922,1708.867217045569,1680.986580758415,0.0586310150896721,-0.005089434925407,9.511011130149186
9.62,0.0018668694685794,-0.0165222436392571,1.5499327801417868,-0.0019075016647436,-0.0024065793177805,0.0002954648713555,0.9999952412456252,0.0069855878475267,0.0049089764475064,0.0528976030596336,-0.0262390712994169,-0.0151500978987548,-0.0053761207237636,1706.93295894969,1652.1528520143502,1713.8407779456916,1689.0602376018971,0.0458582013052569,-0.0150537710931874,9.557082457813626
9.63,0.0019493551489989,-0.0166584920159657,1.5502021458270627,-0.0022169453552527,-0.0025828734832931,0.000632862973176,0.9999940066831992,0.0076064238842279,0.0057052060300525,0.0519340249352387,-0.0326809171057541,-0.0237935451698411,-0.0098193568768859,1713.682155267161,1645.2365911244042,1716.7000251056954,1693.630248771682,0.0378318899174335,-0.0445657110413249,9.576040233917396
9.64,0.0021056232385446,-0.0167320214068912,1.5505363563958263,-0.002509544851618,-0.0026645474612412,0.0009343388076375,0.999992864665772,0.0079275849800677,0.0070504819068129,0.0519338035861682,-0.0389772765593731,-0.0402335681531393,-0.0197632730324668,1722.66893350045,1649.924462720882,1717.0864160840183,1691.1582814595654,0.0689862428325881,-0.0097182500199949,9.568964871396302
9.65,0.0023204938447324,-0.016748070325512,1.5508722421038388,-0.0027247643571724,-0.0026766240709077,0.0011439038625515,0.9999920513817768,0.0075386468690001,0.0084443017439221,0.0510897516170214,-0.0282456175036976,-0.0508073710676299,-0.0281629535066166,1729.8136994154945,1661.9533129712113,1719.057670542585,1687.7609384201487,0.0890964686544365,0.0091680558161633,9.569906290143384
9.66,0.0025596292884314,-0.0167284029702744,1.5511488772688011,-0.0028348823353448,-0.0026500272048386,0.0012433277289323,0.9999916974325922,0.006360393507989,0.0093778874021469,0.0487093573299896,0.0026787087085084,-0.0463498611040392,-0.0285873359889552,1731.1107519666791,1666.6956320368204,1724.5205577327008,1690.5636124792402,0.1000458337970902,-0.0269671925518948,9.596745724346652
9.67,0.0027775776888685,-0.0167043687887614,1.551328738786815,-0.0028519191911981,-0.0026081248020817,0.0012525891653063,0.9999917475971122,0.0047980154592763,0.0097054440563841,0.0459186336686049,0.0319413542510869,-0.0299253307036604,-0.0219148254575528,1727.59449441449,1660.790385435718,1730.5628921461976,1698.97137631333,0.0535118030707638,-0.0118997088068147,9.66604619272857
9.68,0.002929814614254,-0.016707824582813,1.551402243912483,-0.0028139631889655,-0.0025628324703086,0.0012127189574575,0.999992021374986,0.0035084572172836,0.0096719346289296,0.0437920620455275,0.0328785697438181,-0.0129411872256848,-0.0152571534467515,1726.770681781682,1657.444454758749,1732.1064910808657,1706.0647068195192,0.014684438473907,-0.0057538269482377,9.69127839228872
9.69,0.0029845774693477,-0.0167624787328941,1.5513787035876752,-0.0027635957587435,-0.0025208422594582,0.0011641802626461,0.9999923262591076,0.0029424700824699,0.009602092028517,0.0417637570967711,0.0051923302985796,-0.0037939558341481,-0.014433267214434,1734.985804715886,1666.8643671851678,1727.352124703892,1707.1733892816528,0.0054363652708277,0.0194902392472765,9.621398421882692
9.7,0.0029308738737934,-0.0168779348120916,1.5512745628153353,-0.0027308504082649,-0.0024936028724163,0.0011323191564726,0.9999925210990782,0.0030530059733945,0.0095935382048652,0.038671911691566,-0.0218664710474735,-0.0015855928520693,-0.0184960313426862,1748.493416398107,1681.2784568575432,1721.8166508872891,1704.8611670854764,0.0226730620327661,-0.0108062987199229,9.694220232296464
9.71,0.0027809392038258,-0.0170482794982661,1.55110659296679,-0.0027263196286697,-0.0025020744559041,0.001124010209345,0.9999925216749116,0.0033693799504672,0.0095054785281258,0.0347544200878101,-0.021043139704108,-0.0013718076083927,-0.0217422000093338,1756.895531144784,1685.7707609825427,1724.536923132201,1705.0391669733783,0.030059089847063,-0.0551613911325433,9.80805815379099
9.72,0.0025668673918068,-0.0172559551429328,1.5508911164755828,-0.0027434229489928,-0.0025701497128336,0.0011329261210457,0.9999922921899852,0.0033044030714334,0.0092073093148068,0.0316201712800552,0.0031181732760806,-0.0027728681360561,-0.0202897866023067,1756.166904603438,1677.9823126055478,1737.3889411040827,1710.0487927180052,0.0363629270002714,-0.054344847678682,9.862026615821454
9.73,0.0023320369138584,-0.0174795186056781,1.5506477908590914,-0.0027657993883258,-0.0027080026466261,0.0011479679600975,0.9999918495892716,0.0024843258942763,0.008789571068236,0.0304566708253795,0.020909695591278,-0.0088223124526889,-0.0160898143379982,1753.2387208535288,1669.9464179026688,1750.4047493736157,1716.6957453625637,0.0725342450064353,0.0155633570295068,9.823020479532726
9.74,0.0021193397945548,-0.017701700481072,1.5504057221319385,-0.0027760677555506,-0.0028953342907429,0.0011601078718824,0.9999912822804442,0.0009698268977569,0.0084886712115562,0.0311555506086318,0.0114322399512614,-0.0157753158450026,-0.0144990060416709,1755.6365993966003,1672.7608616855532,1752.1626054998617,1720.105514180358,-0.0005136937826743,-0.0120854822865942,9.84234767082207
9.75,0.0019599747935929,-0.0179140034362817,1.5502066221981148,-0.0027638023026182,-0.0030790623505019,0.0011654294310769,0.99999076123038,-0.0007683232132706,0.0084001729014272,0.0331560455348588,-0.0158892983047044,-0.0104165137799063,-0.0182760297229961,1761.3120247894049,1685.5336726595183,1744.7030282799883,1718.7461307274853,0.0506835147845157,-0.0265062521670948,9.892025505225163
9.76,0.0018669240725432,-0.0181165872542716,1.5500982377651402,-0.0027315738519356,-0.0031941568798797,0.0011646461687053,0.9999904896874868,-0.0021757874183555,0.0083066018459784,0.0362204937622102,-0.0346362856347591,0.0158844707343195,-0.0243334957561389,1763.1170826260488,1699.2042594940403,1742.7550373218216,1715.8882681404184,0.0657217922923848,-0.0076974234654988,9.959004762113024
9.77,0.0018351247436536,-0.0183151649905251,1.5501174482247233,-0.0026976879853344,-0.0031990458457878,0.0011607670458956,0.9999905705580806,-0.0029989464970237,0.0078054299047521,0.0400306187525584,-0.0311705734451101,0.052011452994057,-0.0266366851932889,1760.495806471173,1706.5476262997147,1755.187001431094,1716.357827769399,0.0525724351484056,-0.049652718309004,9.968997141273896
9.78,0.0018471280813358,-0.0185172862900006,1.5502725660758176,-0.002693725095534,-0.0031004122071483,0.0011567090646757,0.9999908966152616,-0.0033701384065477,0.0065807587156357,0.0436542108178259,-0.0171727924412875,0.0732649688721639,-0.0224067791600206,1760.746857343078,1707.1653673067772,1772.3397572936456,1721.9961896252378,0.0304306142848245,-0.0097188774481382,10.010186429694276
9.79,0.001880997669663,-0.0187287835707229,1.5505372081348403,-0.0027558234158492,-0.0029455335612188,0.0011539761796872,0.9999911987654276,-0.0035799874975411,0.0045904392974612,0.0460080154026618,-0.0147571683112641,0.0658320431544918,-0.0152871260248608,1768.4844777249757,1705.1897086968386,1777.601126666004,1730.0271951706598,0.0304306142848245,-0.0097188774481382,10.010186429694276
9.8,0.0019172213294723,-0.0189500558102989,1.550859737576062,-0.0029117896839011,-0.0027861302477695,0.0011526276371455,0.999991215165718,-0.0038314054847141,0.0021139512618138,0.0467799139890017,-0.0336573646317594,0.0417179811770415,-0.0119925880078968,1778.6900163224864,1704.198990641596,1768.035350735065,1735.1068274868844,0.0124102924798776,0.0390290014167852,10.138424147656728
9.81,0.0019427892306606,-0.0191729470241608,1.5511814838883915,-0.0031701065639068,-0.0026421209217921,0.0011520865912305,0.9999908211168212,-0.0041562399427148,-0.0003461354134671,0.0466465837765141,-0.0634880909194783,0.0259731217413986,-0.0157835299838242,1782.1880909310291,1704.7530031223127,1756.3182962211918,1733.1310740880122,0.0288064758249731,-0.0139081102966222,10.082185127615867
9.82,0.0019522052586077,-0.0193805691899918,1.5514533895988645,-0.0035174397845156,-0.0024928025376128,0.0011520674883811,0.9999900430971166,-0.0044669719447852,-0.0022989301194709,0.0466561594841178,-0.0849177578208158,0.0302434901386352,-0.023604163452303,1775.8366895137897,1705.506843329377,1753.5775149602264,1724.4507288965297,0.0512870414216737,-0.0374718013959236,9.99800524002575
9.83,0.0019463086709599,-0.0195517783351014,1.551644612924007,-0.0039251394424776,-0.002299783326409,0.0011529980511656,0.9999889873756124,-0.0046810051010788,-0.0034479012665749,0.0475382967509634,-0.0863176130961972,0.04221388479625,-0.0294734392089622,1765.5824219666258,1704.751855419922,1757.5843142350343,1714.2165286510133,0.0512870414216737,-0.0374718013959236,9.99800524002575
9.84,0.0019301411016559,-0.0196690651336301,1.5517422294811294,-0.0043572276880593,-0.0020422898691354,0.001155657757116,0.9999877539620738,-0.004833568331088,-0.0036639884031516,0.0493723610660265,-0.0714497484251305,0.0419664652406141,-0.0298005962768997,1759.6005035663643,1701.2623796930031,1759.1986127557664,1708.7771216619085,0.0662477295022105,-0.0445543824411391,9.99788334706107
9.85,0.0019108253512956,-0.019726152606177,1.551745098370258,-0.0047729664176463,-0.0017385616135405,0.0011602111470556,0.9999864249604522,-0.0050649964040152,-0.0029267510794158,0.0514859845658747,-0.0541839748870579,0.0256430262284749,-0.0253676337739221,1759.343000467993,1695.6749475462188,1754.8007159145247,1710.293377771572,0.0427110206445179,-0.0124124542473061,9.982194793520865
9.86,0.0018958512051123,-0.0197318031369613,1.5516572985861763,-0.0051273529977075,-0.001439840291732,0.0011652309865432,0.9999851395635432,-0.0054810994015901,-0.0014318620570385,0.0527604806801947,-0.0461760934681431,0.0092314246592013,-0.0196075768238003,1758.621217108859,1690.8478515476118,1748.7624919760883,1714.345514504104,0.0363489344757768,-0.0452407284371897,9.890093036344652
9.87,0.0018916440154866,-0.0197085314413022,1.5514863805227352,-0.0053789726524617,-0.0012048048415805,0.0011675103752532,0.9999841258830168,-0.0060349523159042,0.0003164669981781,0.0527154195793171,-0.0472251922884601,0.0091785750687037,-0.0159590815900545,1751.77102884779,1688.8675262201637,1745.7356514714425,1713.819232628268,0.038042817645981,-0.0697436103829419,9.828882420139958
9.88,0.0019020805705659,-0.019687019745548,1.5512470257692728,-0.0055068882611839,-0.0010741336842866,0.0011632803025064,0.9999835834639712,-0.0065498781761997,0.0016945189937381,0.0524877384585139,-0.0462731965517094,0.0234727073116117,-0.0160986653667739,1740.8966254374377,1687.6320935822748,1744.3945541367852,1706.6390321905674,0.0614239366513443,-0.0212054976684931,9.869223154989196
9.89,0.0019267993275593,-0.0196980446428116,1.550965110324754,-0.0055261880796394,-0.0010585723843523,0.0011507905370282,0.9999835080394852,-0.0068492010092079,0.0023443786435645,0.0538799310025325,-0.0336271609104091,0.035061327399123,-0.0194142739298278,1733.4703604319325,1682.7040028995698,1740.9543418088892,1699.3776263023635,0.0514831993012287,0.0040894878637461,9.840459541727649
9.9,0.0019596244782371,-0.0197640299091877,1.550678185234847,-0.0054898063637156,-0.0011392621432705,0.0011332055131671,0.999983639842734,-0.006876817918356,0.002411096074498,0.0568623471295449,-0.0137621470740271,0.0322193208136871,-0.023701579491961,1733.812714875105,1673.9235596347287,1736.8130080696185,1700.7582297855138,0.0022326048881009,-0.0263973213699983,9.811340245501627
9.91,0.001987925723148,-0.0198925008125095,1.5504343349528598,-0.0054725662144145,-0.0012718168387779,0.0011198531581613,0.99998358958028,-0.0067352327687388,0.0023772152464208,0.0589375618452214,-0.003690298740953,0.0212939848499496,-0.0267246781694388,1738.7957534074935,1668.128782651267,1737.321434551447,1710.3519927963614,0.0682195141475948,0.0068265056104704,9.740432522881653
9.92,0.0019939348370997,-0.0200736782943839,1.5502910565221186,-0.0055429483308224,-0.0013902815005302,0.0011237270412719,0.9999830398955212,-0.0066360969254152,0.0026159066962821,0.0580322081732095,-0.0148451792831614,0.0176991572934803,-0.0277596160023959,1741.8323806883386,1672.078548000886,1742.171188311118,1716.5304450332574,0.0682195141475948,0.0068265056104704,9.740432522881653
9.93,0.0019586552980936,-0.020283548479818,1.5503086093170118,-0.0057340358341272,-0.0014160363461143,0.001154393897323,0.9999818913604632,-0.0067796333850827,0.0031455385970374,0.0553672305142054,-0.0370882211696766,0.0264329264346769,-0.028018173345523,1739.36575245598,1682.9617198242556,1743.3510569039731,1709.4368818343914,0.0420851727293062,-0.0475258047655343,9.800054855571869
9.94,0.0018679573304278,-0.0204915222920105,1.5505325864640092,-0.0060274519662939,-0.0012797568998494,0.001208138475807,0.9999802860289272,-0.0072051414355666,0.0038549490611822,0.0541576018698369,-0.0454585494162331,0.0347176030994041,-0.0295333399384388,1732.674727526336,1689.2997160349098,1735.686543885225,1694.8991659895028,0.024484951178239,-0.0852665393032072,9.65978415600168
9.95,0.0017190260577943,-0.0206692481779513,1.5509727378131188,-0.0063609413224633,-0.0009567020101297,0.0012603057989767,0.9999785171572684,-0.0077309252255473,0.0048038079315462,0.0557081495858312,-0.0255608165225436,0.0263489128418672,-0.0332444328074697,1724.987908172609,1682.6457660947826,1723.9923838138277,1689.8283079049806,0.0526174249961774,-0.0506278090853044,9.612110945449702
9.96,0.0015242497392401,-0.020796462974468,1.551592982591819,-0.0066586043555312,-0.0005003294342908,0.0012663766497181,0.9999769042076296,-0.0080904587700583,0.0060988885382369,0.0580849120563504,0.0097406269596239,0.0039972402637565,-0.0375361617334258,1718.8202730241333,1667.0296467659246,1716.2152486341963,1701.507126787461,0.0315726027644198,-0.032948240792975,9.561361085132352
9.97,0.001309930126881,-0.0208619850095905,1.5523187679516337,-0.006867424759246,-4.7965804572725086e-05,0.0011761059463306,0.9999757261810212,-0.0081614490894108,0.0075387879544351,0.0587747992558402,0.0314551932636883,-0.0060833353077232,-0.0386209516645584,1715.3087948813215,1656.174254648425,1714.378102845688,1716.505036834977,0.0272078907925211,-0.0158839316451198,9.641605781585042
9.98,0.0011094306983165,-0.0208613507690616,1.5530533131063522,-0.0069778136497505,0.0002225075308329,0.0009582503080278,0.9999751708734648,-0.0080298240924009,0.0086271338086777,0.057481961613313,0.0222686659686162,0.0206526231350283,-0.0335883159619399,1713.817313086989,1661.0493957217786,1716.182204612421,1715.4881609519268,0.0252782829911511,-0.0034494949400917,9.693746565982302
9.99,0.0009534922497992,-0.0207944497931543,1.5536913363005431,-0.0070167311558303,0.000182606590819,0.0006246320736712,0.9999751706784986,-0.0078289626511214,0.0090457444222502,0.0557242965484707,-0.0070757533445721,0.07145009296784,-0.0240875838156483,1712.4837977183995,1677.8987687061006,1720.1567789257065,1696.9790264842218,0.0411528474003535,-0.0257724661896411,9.624495694800707
10.0,0.0008620367079717,-0.020665691418224,1.5541284553258132,-0.0070206651154981,-0.0001409209567293,0.0002381748754941,0.9999753165330376,-0.0075973262054463,0.0090241917019722,0.0544545609273623,-0.0277759752047911,0.0936598606823544,-0.0159767372729462,1711.4589142237078,1688.2051620271232,1723.5101976872804,1680.3609787960302,0.0121191086561085,-0.0099259661922686,9.565666434624436
10.01,0.0008405375951518,-0.0204866217882623,1.5542733857310491,-0.0070073940607165,-0.0004924214191514,-0.0001037158655715,0.9999753212918022,-0.0073255165482763,0.0091575343409534,0.0529606903993592,-0.0185042956102613,0.0513294878816073,-0.0135713141514547,1714.0189661165796,1676.6829012360363,1720.9631158674702,1683.0630708977296,0.0121191086561085,-0.0099259661922686,9.565666434624436
10.02,0.0008813269666975,-0.0202783162261041,1.5540690441540488,-0.0069639606273074,-0.0003919960634312,-0.0003042433502055,0.999975628216734,-0.0070220236003557,0.0098912641601112,0.0499384346911942,0.0165303335540162,0.0054987990575535,-0.0146504337876779,1718.9372335261876,1654.805563316586,1716.050338096949,1697.5419840729478,0.0401091823993652,-0.0140991892510701,9.664626729597462
10.03,0.0009683897029343,-0.0200701157035242,1.5535197128842386,-0.0068574410495184,0.0007596066834579,-0.0003038211451156,0.999976152811981,-0.0065873640254098,0.011202390089846,0.0448663868164677,0.0512125868825306,0.1254107347715834,-0.0133411210090926,1712.7914420396846,1659.612834210201,1729.200411780414,1695.54493466575,0.0117029438945635,0.0318031065394887,9.587198669038765
10.04,0.0010841047447322,-0.01989323148383,1.552711785549478,-0.0066615117530536,0.0035026039020658,-0.0001023636062618,0.9999716723731534,-0.0056506966612058,0.0126788241701341,0.0382364999477556,0.0589960126345085,0.5684249651798499,-0.0082273843711116,1680.875242554689,1716.0660297888364,1777.9178389158308,1658.7222986723193,0.0117029438945635,0.0318031065394887,9.587198669038765
10.05,0.0012170506951747,-0.0197712613217841,1.5518115798235663,-0.0063816004154621,0.0081526527304062,0.0002405083376399,0.9999463743548124,-0.0036830048674416,0.0138263233408196,0.0313713218405261,0.0347924867018325,1.3072155729876362,-0.0048937231447447,1631.3470180362522,1800.7192013698484,1845.9480971021453,1603.87417893622,-0.0622901522902048,-0.0097232003733571,9.649475791585893
10.06,0.0013699088615812,-0.0197119870343905,1.551029542186437,-0.0060611251429725,0.014757820908091,0.0006274678087627,0.9998725297597664,-0.0003436680831363,0.0143967278725372,0.026618563767282,-0.0008200534983847,2.092083412235774,-0.0084698259462643,1598.7341561183334,1856.0456978909865,1888.9840941157024,1572.426655297086,-0.6819666516927838,0.046197278309688,10.174957704755128
10.07,0.0015651069071913,-0.0197041872637213,1.5505568018064058,-0.0057636367320873,0.0232212246631771,0.0009601930321182,0.9997132755175876,0.0042622594182662,0.0145644256926896,0.0267837529411643,-0.0190573180377156,2.629649791373168,-0.0154685671989359,1613.1673002655073,1845.606953836223,1879.921852095964,1592.197410425627,-0.7909113066185951,-0.0029936325150879,10.18675620987011
10.08,0.001844528398937,-0.0197205720635547,1.5505000899731496,-0.0055426472043735,0.0334986628671907,0.0011750565660086,0.9994227023087604,0.0096309818966472,0.0147808431828449,0.0328910132127995,-0.0071675929750113,2.815835668015098,-0.0162586639568942,1668.9969175541569,1787.199988762601,1837.15633319147,1652.040578984817,-0.7909113066185951,-0.0029936325150879,10.18675620987011
10.09,0.0022608787659462,-0.0197255076106665,1.5508485871394664,-0.0054200920807013,0.0457055823159923,0.0012605465741549,0.9989394543060792,0.0155062200550197,0.0153844896534742,0.0423725796682406,0.021855647712406,2.791459083376351,-0.0060102407406859,1729.0848286993898,1731.0550762931543,1801.6445441469475,1713.9089215381134,-0.2840101411828217,0.0061376757378757,10.001040748079264
10.1,0.0028628168603255,-0.0196849765822328,1.5514904518243853,-0.0053855487030805,0.0600319359063098,0.0012497451303154,0.998181146222276,0.0232641644113355,0.0163702919390295,0.0506409640835311,0.0426632516650321,2.786183311062794,0.0091307580395807,1757.1264671200593,1715.4489061226184,1797.0923150144488,1744.5514278286892,-0.5591364447244279,-0.0122472406088991,10.147790053867809
10.11,0.003680989523844,-0.0195759015071595,1.552267016311775,-0.0054113385404573,0.0764938676066798,0.0011959316366766,0.9970546501477704,0.0367027096283726,0.0175734142917441,0.0551875320806327,0.041723415058565,2.92202718699512,0.0178914011099281,1745.2431320655187,1743.349564945162,1818.00094870472,1736.8567580595882,-0.5591364447244279,-0.0122472406088991,10.147790053867809
10.12,0.004723816979966,-0.0193921391787546,1.5530325398627598,-0.005468991381504,0.0946590319470647,0.0011463687878557,0.9954940701193132,0.0600832653189075,0.0189896842492763,0.0577374874157305,0.0292233292649401,3.146014971149912,0.0148143779428832,1717.9315367436143,1788.678908413434,1844.612439647244,1711.5232607875623,-0.3212958049034213,-0.0170476757318755,10.479700632107942
10.13,0.0059882657541722,-0.0191453296942283,1.5536916270850627,-0.0055355188725804,0.1135492254378826,0.0011258470803574,0.9935163128512888,0.0940269333887264,0.0207950294283039,0.0619959152618539,0.0267413482910343,3.316133718865312,0.0048514422117714,1712.1121885867565,1819.1732633282863,1860.5977148474396,1702.7297728719066,-0.8622932179538589,-0.0361368803264189,10.561636125537134
10.14,0.0074825618371476,-0.0188606202190836,1.5542071573075869,-0.005588146620091,0.131884038645316,0.0011336070829394,0.9912487517787524,0.1333397158779933,0.0230580888146322,0.0697047157121524,0.0438291879867233,3.339062184375715,-0.0018294676920554,1746.8545089419315,1820.4091872905656,1862.055665481463,1733.406052274816,-0.7282599089213537,-0.0417837601739434,10.68970460857285
10.15,0.009248693876986,-0.0185692957453914,1.5545893318918669,-0.0055955009090818,0.1486124086264895,0.0011510040941919,0.9888790206902888,0.169817554854201,0.0255026116927509,0.0792827204584642,0.0689987094050993,3.2395952127725427,0.0012158735326574,1808.413653630575,1804.6219983567023,1857.2415759789376,1796.2390081399903,-0.6844953246351291,0.0504200335792303,10.992345265996086
10.16,0.0113688969425386,-0.0183009255842167,1.5548802359608846,-0.0055162347439504,0.1634234427927585,0.0011547930878843,0.9865399211146684,0.1986626467238176,0.0275588493623597,0.0879489992029868,0.0838203272936704,3.119807787304989,0.0121529264062965,1864.6090091525148,1797.7120499585435,1858.63699812996,1859.403756166468,-0.6559465457251874,0.0612421537752336,11.232999304008356
10.17,0.0139462480380604,-0.018076522955019,1.5551418654339348,-0.0053110756443004,0.1768827722345868,0.0011310474300619,0.9842169466605514,0.2236894788649545,0.028678144426313,0.0946792927873765,0.0823909629072925,3.061334012503912,0.0236587523888418,1891.9733909731265,1816.5616096680249,1872.7619739101756,1893.7356308543929,-0.6276725552898794,0.1111118648558589,11.47674212714236
10.18,0.0170635494225738,-0.0179033032179684,1.555447729491895,-0.0049640131392935,0.1900650792022648,0.0010854462698473,0.9817583440173988,0.2559259752894967,0.0287187719578779,0.101022585068338,0.0745876372571985,3.0601507999305446,0.0293476274979174,1890.7813947446955,1855.5230173493992,1895.5319331415212,1896.041230142217,-0.6276725552898794,0.1111118648558589,11.47674212714236
10.19,0.0207406600699626,-0.017772162341198,1.5558740908340567,-0.0044996992158818,0.2038878584132817,0.0010460207345522,0.9789833500827452,0.3048316970188155,0.0280943695363577,0.1091914656363808,0.0723926958140326,3.044605137386254,0.027950454047109,1881.3669749860337,1892.5103082129924,1917.226599106324,1888.4154048884316,-0.3769410718729631,0.0805525499202247,11.962465179516164
10.2,0.0249187766570832,-0.0176595094725569,1.5564875195007772,-0.0039842022663252,0.2185691601300712,0.0010553712154477,0.9758127558932266,0.3700189752465135,0.0275148282464923,0.1196273393154731,0.0768044647585592,2.951581985764069,0.0228356666313368,1888.200507325461,1909.3868634179105,1932.0067966043528,1896.7488009400336,-0.8311400166848202,0.0896026315479494,12.13803140205136
10.21,0.0294909483934606,-0.0175337137512472,1.5573290427246795,-0.003505105466923,0.2335533258830822,0.0011526607666764,0.9723369938338114,0.4427429771965319,0.0275755399265631,0.1306862717861502,0.0792843759101514,2.7861750038948285,0.0188674017633505,1920.595722274384,1907.5100969237276,1941.8598204672512,1928.7755518984627,-0.7315138966744392,0.1008175623931429,12.227730559436829
10.22,0.0343717628981815,-0.0173638711251189,1.5583991980334209,-0.003137294900168,0.2479057089994314,0.0013517542805159,0.9687781426036428,0.514767089844876,0.0285561848945571,0.1404880683156244,0.0740946469270737,2.612058532248952,0.019431239476816,1963.5575551439456,1904.174721008704,1952.6517724586731,1969.89003676727,-0.6561365920177984,0.0768397252252257,12.492027553817778
10.23,0.0395727804164091,-0.017127288282511,1.559650987860003,-0.0029076920149563,0.2608619746033527,0.0016277245825623,0.9653703569334772,0.5831300095616154,0.0304025326461359,0.14852805853506,0.0665063224243708,2.4885729858063,0.0249003384529948,1990.7572330561595,1915.8835236637733,1968.597095921549,1998.294782844141,-0.6981636386562622,-0.0304757261903451,12.666991398902564
10.24,0.0452435124400478,-0.0168132753006704,1.5609977895024238,-0.0027758278843345,0.2721858561819323,0.0019234921251524,0.9622387721621436,0.6472627476938695,0.0327252389494089,0.1554163837221528,0.0677703722085072,2.416843432896119,0.0330091723136317,1991.622533567816,1943.719532693324,1988.5037495173333,2005.3850685310967,-0.6386086578237107,0.0725334267465034,12.814714189565718
10.25,0.0516529186908049,-0.0164233292578963,1.5623389820284883,-0.0026445948600482,0.2821888964537944,0.002177397907643,0.9593527462693624,0.7070147139941254,0.0349526664794182,0.161532831367113,0.0830592093463031,2.342144259879021,0.0410257124011869,1983.5975886041551,1971.441883600762,2004.42352484002,2003.4055391547904,-0.5908142899612159,-0.0010166473766732,13.033095045203412
10.26,0.0591112649505156,-0.0159692785607002,1.5635980664920632,-0.002401916088397,0.2914749558195117,0.0023564454873643,0.9565725419923902,0.7665639438848658,0.0367384207522569,0.1662539050099993,0.105739597653936,2.2047765797698498,0.0480879724092981,1991.581072925752,1980.1197976247472,2006.601526524236,2012.1356305656232,-0.4070601132608988,0.1527532002606101,13.167017739036517
10.27,0.0678571823481962,-0.0154706142816523,1.5647612307890442,-0.0019742078460774,0.3005753716644526,0.0024730211177246,0.9537528152612228,0.8362880400348218,0.0382194902493583,0.1684367672954074,0.123346592232396,1.99059610361048,0.0556097710811532,2016.770115065864,1968.4517147621868,1993.6558418540808,2036.168356533425,-0.4070601132608988,0.1527532002606101,13.167017739036517
10.28,0.0779556111788541,-0.0149512904969565,1.565902517286081,-0.0013610892820875,0.3096577173580381,0.002573601040359,0.9508436370372684,0.9247953804042576,0.0397048961173002,0.1676063059893815,0.1282571982190774,1.7383446957232846,0.0655259061263706,2034.6762672904229,1954.9874060391392,1976.7404593151648,2057.407884402851,-0.4663000812987823,0.006786918365351,12.9728104375274
10.29,0.0892582341860787,-0.0144359585379841,1.5671835301341792,-0.0006296862378383,0.3184467610937911,0.0027082054306395,0.9479366695446808,1.027925706525839,0.0411379550482411,0.1645967928261422,0.1228094478855543,1.5010940006647326,0.0780163177352147,2025.56921429031,1956.332071921824,1970.2160877099552,2053.457922401898,-0.450635038274827,-0.044946756425426,12.853475595630387
10.3,0.101454928861269,-0.0139458487689739,1.5688193837175106,0.0001270853805335,0.3263851083947577,0.0029028784480211,0.9452324148928476,1.1287505706714196,0.0420841300724074,0.1607299474338304,0.1153377601665116,1.2986315342930517,0.0904584837905323,1997.893630823677,1967.747384709981,1976.4150227438067,2022.8552733295269,-0.5584902158564926,1.6223721361167953e-05,12.809356461377336
10.31,0.1141968215422566,-0.0134948719905011,1.571011380752242,0.0008398710722576,0.3329251883926502,0.0031544090236739,0.9429475930580722,1.211531099152474,0.0422857961513108,0.15634910370067,0.1118876807204965,1.105006253757337,0.0986364850307896,1976.7418147277908,1970.3605906623604,1980.4075137113452,1988.9265978138685,-0.532935851780139,0.0586496782696921,12.701140718424712
10.32,0.1272283170037291,-0.0130868738310105,1.5738619956538962,0.0014889526713174,0.3377773596771072,0.0034488526908252,0.9412185419575104,1.2765388615914852,0.0420057065032029,0.1510059778179353,0.1115062135798883,0.8810650719534916,0.0999124666840164,1975.2639036115256,1954.3418056067824,1963.6418795513375,1976.8654646568784,-0.4271032657900795,-0.0280008164945633,12.370043725497784
10.33,0.1404610349667022,-0.012715193828622,1.577302602954701,0.0020959992940888,0.3409849376442467,0.0037860434103204,0.9400587986727232,1.339331362721922,0.0417040017196661,0.145767776715854,0.1091659311879087,0.6184514190199981,0.0957298751072307,1982.8042566844135,1928.5010012872924,1924.8931888682669,1987.2778861821123,-0.4271032657900795,-0.0280008164945633,12.370043725497784
10.34,0.1539651380593829,-0.0123652970891118,1.581069735625569,0.0026953431603418,0.3428105083693791,0.0041875682119644,0.9393913746406478,1.413516780052568,0.0415329424169617,0.1438894836469794,0.1026539753176385,0.3509842550420843,0.0901659666863531,1978.0525779305772,1905.806841925421,1883.1035590657973,1994.575064831131,-0.1958280459605728,0.0126047476072948,12.032955736345624
10.35,0.1679089820720498,-0.0120200546842767,1.584754977839773,0.0033087487406148,0.3435233127090264,0.0046798530102463,0.9391266606709612,1.4964501344219456,0.0412876660271436,0.1462531175350065,0.0955976930558477,0.1174840729303296,0.0851604316349089,1950.152456426826,1885.437544881704,1856.073120961785,1974.0698455234967,-0.1350013934024421,0.0100913905493535,11.631875390654605
10.36,0.1824942030936097,-0.011665921441204,1.587924122058468,0.0039367596005937,0.3432198924056761,0.0052635207822306,0.9392320813994048,1.5750701352432734,0.0407389310367828,0.1458145944178942,0.0930111889644773,-0.0906991357916283,0.0779754556801302,1908.46624041952,1856.040366011569,1842.2890612720196,1928.9699507897385,-0.2249972634224111,-0.0475687564088604,11.178621744247645
10.37,0.1979019058558724,-0.0112977262201041,1.590260682619226,0.0045619618098181,0.3417743613017073,0.005890121577873,0.9397525104670132,1.6421731009090896,0.0398478049515445,0.1306173721939773,0.0940866535877725,-0.3345444969362489,0.0649657545664681,1872.481489970225,1814.501667136666,1827.7916835939543,1884.8069531868923,-0.2249972634224111,-0.0475687564088604,11.178621744247645
10.38,0.2142382453338566,-0.0109201756309067,1.5916632810716835,0.005154735037386,0.3389292930006688,0.0064649835718769,0.9407755136270164,1.700544254523179,0.0387128032351129,0.0956952528268049,0.0907670546479739,-0.6651661010198708,0.0475024450893866,1850.707276847248,1771.3479724760869,1802.828733755964,1857.0036021307544,-0.250651820557235,-0.0368033227676634,10.257975573005847
10.39,0.2314809515422149,-0.0105452312233051,1.5922450707325153,0.0056807155564269,0.334457325469535,0.0068819211445217,0.9423686465878908,1.753654723385008,0.0374827967112464,0.0500979637645906,0.0755092674780835,-1.0625918980957882,0.0316300478616986,1831.8969101979123,1735.132731757123,1766.177726637476,1833.2199782426912,-0.0356634230418633,-0.0165358854069047,9.869450770982688
10.4,0.2494507993340945,-0.0101863060190165,1.5922422888054557,0.0061139549498911,0.3282976013881822,0.0070736151925914,0.944528066520918,1.8011898637370436,0.0363335960835258,0.0087628546104861,0.0512748849706523,-1.4531199335973048,0.0208090452646147,1799.875813567856,1701.670916025524,1722.4863410347607,1793.0331673551218,-0.011741428356081,-0.0042395060691323,9.332350858253694
10.41,0.2678261822299738,-0.0098521722869508,1.5918924471837717,0.0064522857357832,0.3206109089359304,0.0070445288010079,0.9471628094968848,1.844995227589597,0.0354118220604692,-0.0217938715949336,0.0318851927859136,-1.7827166436977828,0.0114526650480801,1753.2697404788887,1664.7981818402595,1683.7070421469653,1736.581160287083,-0.1709221640853107,0.0137781381152215,8.884986471167778
10.42,0.2862035481874754,-0.0095439406081515,1.5913492413624548,0.0067226157444402,0.3117501947952813,0.00686196320591,0.9501155382076528,1.8916379670361787,0.0347691292212987,-0.0469946011159325,0.0297304785022153,-2.053238659098878,-0.0019153125909682,1706.7568667177648,1630.1576102346116,1665.7203351842836,1684.4633171116018,-0.1709221640853107,0.0137781381152215,8.884986471167778
10.43,0.3042078603342789,-0.0092564645613641,1.590665743749929,0.0069675217073638,0.3021526553007736,0.0066131467543627,0.9532111480810296,1.9443427182418045,0.0343753121389516,-0.0743856486403785,0.0428017917298806,-2.2908755574407604,-0.0186087701378855,1675.9321722091713,1610.3542416411915,1673.6280096877276,1653.3116057892748,0.0540069711794144,-0.0151250712343804,8.578872867421698
10.44,0.3216503513485472,-0.0089823902693716,1.5898338078618082,0.0072199865453122,0.2921589338069063,0.0063614465051997,0.9563213692004684,1.9961448820412533,0.0341478877597683,-0.1043376288596916,0.0554089280392522,-2.511223165021947,-0.0321454789976918,1664.952714653246,1608.907388354027,1692.3161571982778,1640.9007336133689,0.0120336244812158,0.0038034158351065,8.482932798390532
10.45,0.3386846522950539,-0.0087155680067908,1.588842603965101,0.0074852218762947,0.2818207172376536,0.0061292807133264,0.9594183064268966,2.03617495838571,0.0339255706577156,-0.1320904649697012,0.0523477106199578,-2.727306034054849,-0.0384152735698755,1667.923745483565,1615.0703940425126,1698.0497842942436,1635.8284738107936,-0.0041993593408187,0.0339675933090302,8.432218352490993
10.46,0.3558633372553004,-0.0084518840044602,1.587721065403914,0.0077432376116119,0.2708196999742137,0.0059088821838613,0.962580810887327,2.0622839593529565,0.0334716433272257,-0.1557083145768989,0.0323906280593526,-2.960196199082891,-0.040237652283347,1677.6019940352055,1616.485447810634,1681.3140677570884,1633.3960207332766,-0.0041993593408187,0.0339675933090302,8.432218352490993
10.47,0.3740181632192572,-0.0081881759733662,1.586548521851968,0.0079671238297771,0.2585704171462371,0.0056823135576744,0.9659428428366422,2.084074559336777,0.032575011299733,-0.1778493834394077,0.0085536402051186,-3.210898268871242,-0.0432079299760201,1688.5713266387295,1614.8190520606695,1657.634846889821,1635.7931247711845,-0.1714574006351656,0.0049561451445391,8.512549563585093
10.48,0.3939844386084016,-0.0079215879323261,1.585436538146248,0.0081390733930216,0.2444473837175461,0.0054344218985839,0.96961316984485,2.1136149227373773,0.0311473149455141,-0.1996095494068469,-0.0049730913862613,-3.436162736936855,-0.0499614844047126,1693.9960853269313,1624.3780994333574,1654.425199684395,1640.7275295765326,0.1120599803078734,-0.0353806836868837,8.560877951713552
10.49,0.4162813853796877,-0.0076516017630713,1.5844939410310075,0.0082515407388333,0.2280222018604037,0.0051582245981006,0.9736073028963804,2.155914291876796,0.0292357129180657,-0.215765436430952,-0.0072642434944914,-3.58548263221852,-0.059445823235955,1688.0346381595073,1653.2033154977362,1684.7907723842343,1639.5012659773197,0.1120599803078734,-0.0353806836868837,8.560877951713552
10.5,0.4408797495123209,-0.0073849194865554,1.583790186347103,0.008297156887865,0.2092440234943946,0.0048608589824775,0.9778161728409936,2.207687594643504,0.0270257265867509,-0.2183031921822159,-0.0114437138107408,-3.664347714302135,-0.0687721489382065,1676.0444554921305,1690.8823111757945,1734.6592182781333,1629.6411719237929,-0.3110571812866376,-0.0376374529011035,9.025268652411912
10.51,0.4671485672563246,-0.0071400700188711,1.5833317532455269,0.0082617220556381,0.1885216380938881,0.004570124267039,0.982023650368593,2.261516293043686,0.0248259428672627,-0.2048568090196419,-0.0292063136707753,-3.738389897790823,-0.0738311612644972,1674.999834847274,1720.4608933574004,1777.6744914729848,1623.0735573678185,-0.0893676192448116,-0.0250907026752395,9.448154112913793
10.52,0.4940098674080917,-0.0069465511169217,1.5830589657047314,0.0081314703101434,0.1666526506888605,0.0043296056620431,0.9859726303117056,2.310248931265908,0.0228739476106103,-0.1831044011915488,-0.0557415731573501,-3.8673909077773994,-0.0705927801006141,1694.6201002688883,1737.1187706569435,1799.8795809500702,1634.4514000240392,-0.0418821061475647,-0.0194799798083186,9.72713319615144
10.53,0.5202556746926795,-0.0068351098236739,1.5828577251594198,0.0079122902450707,0.1445994787441985,0.0041736354358695,0.9894498305509138,2.3498966799061654,0.021058418190432,-0.1658184178088667,-0.0733100773713535,-4.0464885957134245,-0.0590460663945125,1720.885063105044,1747.3403401818746,1805.762565894389,1661.511411674876,0.0009258376212795,-0.0602236127413562,9.909995696033029
10.54,0.5449208308215873,-0.006820993448112,1.5825705654656108,0.0076447314066935,0.1232089220240059,0.0040926908895941,0.9923428689201552,2.38024656060759,0.0189814264924239,-0.1605748659281514,-0.0698652411561523,-4.217838620704825,-0.0454242361235654,1727.9153589298066,1754.7115244688407,1805.0440896176076,1683.1651123853956,0.0295743598136422,-0.0793745970846921,10.101457056617091
10.55,0.5675925460286825,-0.0068871118295428,1.5819942566869294,0.0073958628462249,0.1029817297819764,0.0040153419744076,0.994647646944736,2.4032822093895785,0.0164788202762734,-0.1641230758512355,-0.0517071233359507,-4.332929786358496,-0.0379453500309129,1707.5268164812512,1757.535949796642,1802.855687882184,1680.88630485949,-0.0178518150848172,-0.0325269783733944,10.375980126449551
10.56,0.5885672043405569,-0.0069758273720477,1.5808693002956635,0.0072233448720232,0.0839291650888584,0.0038270813181323,0.9964381927570476,2.421376081063164,0.0140602594461334,-0.1670514201570752,-0.0374547258652878,-4.395781070099229,-0.0395631961310387,1679.55369939057,1758.9969588706665,1802.490393416446,1658.7696670408948,0.0026507982240295,-0.0330931016955665,10.29861021575188
10.57,0.6088008746402319,-0.006996151536127,1.5788878764293823,0.0071306463099446,0.0655339869584778,0.0034228507077546,0.997818988859984,2.436370767539102,0.0126459302639394,-0.164022065005653,-0.0406134953055276,-4.4443929618606655,-0.0457502257267124,1669.2588815782142,1767.661181200344,1808.4372485622416,1637.4333486661385,-0.0505525931181489,-0.0004921997635324,10.245433048396167
10.58,0.6296325792855036,-0.006848787531192,1.5757507720956785,0.0070457617383827,0.0468866968954965,0.002766879289019,0.9988715329184008,2.448418279860636,0.0126731626199257,-0.1593366698762884,-0.0571691012473696,-4.494534453067024,-0.0491446671063741,1679.5870659662808,1784.211474176092,1821.852918203712,1629.7526900475318,-0.1099985515547427,-0.050381619271022,10.36508211483129
10.59,0.6523134913551708,-0.0064657660052845,1.5712793081575356,0.006845656988911,0.0270594997494864,0.0019254712621813,0.9996085298826316,2.454499512543382,0.0134269230461153,-0.162063580435412,-0.0691974643229637,-4.507308470143007,-0.0453955349066455,1691.539872566559,1798.171723599574,1838.016907271572,1629.8978696288718,-0.1099985515547427,-0.050381619271022,10.36508211483129
10.6,0.6774639766693448,-0.0058552592919278,1.565545541578924,0.0064212914074047,0.0056052422687369,0.0010487989060861,0.999963123468373,2.4496743170201336,0.0135030593436437,-0.1755737425248148,-0.0623848011848234,-4.418348670241031,-0.0352547506086697,1690.4355448313097,1807.037722402314,1855.9487885843669,1628.6367864234176,-0.5895980942416912,0.0023259669577852,10.775028481319405
10.61,0.7046612715352947,-0.0051370620923465,1.5589530388988202,0.0057537401186866,-0.0171428346173512,0.0003012367301827,0.999836450101896,2.4329795660601667,0.0123642850230662,-0.1928354948147907,-0.0421311931094019,-4.208472121023665,-0.0228038018337539,1685.8292841356476,1831.5103887987216,1889.7140896047235,1632.5263368391857,-0.1606418967584566,-0.0348752000590767,11.20264575703109
10.62,0.7323562124406475,-0.0045519924820845,1.5522104539900206,0.0049569016747193,-0.0402511893334644,-0.0002332783723473,0.9991772697896152,2.4127877585159,0.0115192457758405,-0.2023479815919903,-0.0307812270357797,-3.9487951756373407,-0.0116652105844388,1703.843788177405,1895.6247466807624,1957.9193385526887,1661.479988100511,-0.0800523831056403,-0.0078364728096052,11.539011667458915
10.63,0.758202920394158,-0.0044308069265431,1.546188885515685,0.0042636499720536,-0.0627475179046729,-0.0006212481397583,0.9980201322300404,2.401606844589504,0.0133389924333566,-0.1966259843841938,-0.0448888861843411,-3.760434464187913,-0.0020870832851014,1762.1783107330712,1990.3460420529177,2054.791847200216,1728.145169687425,-0.102916345506919,-0.0608263583629437,12.154492937842196
10.64,0.7797280209256628,-0.0051173881250916,1.5417059876463717,0.0039425502614446,-0.0841495666520551,-0.001076794024365,0.9964447537341627,2.398510285725367,0.0174094677962437,-0.1737507417940433,-0.0733236800621033,-3.711048538156984,0.0067970072945862,1851.245514527556,2074.6400937026424,2143.7472096917127,1820.975150313509,-0.3795651359521956,-0.030237678182717,13.244745798485065
10.65,0.7951451273593743,-0.006858734500202,1.5393056312835711,0.0041702232926909,-0.1045769932117533,-0.0018644128214691,0.9945063024904915,2.3760713137218814,0.017934618290859,-0.1342391703899947,-0.0805029123453617,-3.7567935776430295,0.0104527744761571,1936.8987125922745,2121.007584736377,2192.8806260482997,1906.853779435227,-0.3877302919725758,-0.1331205509722539,14.287136328029344
10.66,0.8040509467822193,-0.0096975498464981,1.5391033575364532,0.0049063927731999,-0.1244462380078468,-0.0031401738559169,0.9922092523574874,2.294973580048865,0.0067897945560877,-0.0807387821918895,-0.0397499269363437,-3.797879067862517,-0.0004725761536035,1986.4918206045809,2143.590989989247,2210.0125614426547,1955.4101794187984,-0.0661702195964988,-0.1012804632673243,15.000070428697958
10.67,0.8077184980421453,-0.0134196670757454,1.540754309022515,0.0058343154244283,-0.1440520342355042,-0.0048174586940818,0.9895411887778458,2.142598966849979,-0.0185536239937082,-0.0197618343835091,0.0245166993208921,-3.770215339781142,-0.0240147257286067,1999.7450144051,2170.899027758878,2230.624792328508,1966.95295921798,0.0705044058677115,0.0233138963142314,15.439336124558334
10.68,0.8087838649190322,-0.0175988267672635,1.5435675557311308,0.0064211087014553,-0.1633472643011519,-0.0065523684884626,0.9865259789156924,1.9546536307741125,-0.0504643641428032,0.0405811671187533,0.0274520232149439,-3.655606773487999,-0.0301451097521345,2009.6254281781355,2209.1683783922026,2274.891190705173,1970.473561941194,0.5111299331601753,0.1146035730231183,15.71224220563628
10.69,0.8103652604439504,-0.0217353054152581,1.5467377928277002,0.0061055874645748,-0.1820042778848227,-0.0078769216746505,0.9832472317470656,1.7883845316127458,-0.0764963536891309,0.0957767839393486,-0.1166553804105287,-3.4346362205684957,0.0267968641496983,2041.4549944093744,2247.25753598751,2325.611665385657,1986.366527355164,0.5111299331601753,0.1146035730231183,15.71224220563628
10.7,0.8149763503232212,-0.0254245594129735,1.5496141320291448,0.0045440980977041,-0.1996253471553736,-0.0084017655301625,0.9798257407730984,1.6745541855311008,-0.0894573218536029,0.1457875830512836,-0.3925760458983052,-3.1027095211439746,0.1642510006636691,2073.2094033036315,2278.0678924022486,2345.968305410315,2001.1709395949665,-0.8000920878243241,0.0025174285142656,16.36858421091008
10.71,0.823758482870438,-0.0284657520296241,1.551908892707894,0.0017849568544759,-0.2159442496632692,-0.0079610777004265,0.9763716076413954,1.6021866320156335,-0.0910375259477551,0.1906126369616008,-0.6501792074392845,-2.7466344313188844,0.3414876181563409,2052.5864609781306,2292.147838942912,2311.677010540522,1992.7330675573144,-0.2375058332852342,-0.1080276503979453,16.73870107630831
10.72,0.8363855372488443,-0.0308543853544316,1.5537784056505213,-0.0017435717768491,-0.2309486217425995,-0.0066313684844355,0.972941786041013,1.5442428875668146,-0.0868298391773865,0.2275980799108852,-0.7200799257026993,-2.5344375211924617,0.4860543517814907,1960.2982899045244,2264.955786454423,2226.922608253538,1969.5826028684812,-0.5341884864908621,-0.4039754466818983,15.583495300974
10.73,0.8516032860509717,-0.0326719079199155,1.5557605601939035,-0.0054481352266647,-0.2448859969117547,-0.0046591516280422,0.9695253780305058,1.484389973475844,-0.0810634600912484,0.253962756848382,-0.5853639140253941,-2.568641506417709,0.552996715663038,1841.992485358658,2182.4902239737994,2116.8211457009998,1961.2586406576625,-0.7277269438341722,-0.4142908217356721,14.569108890606296
10.74,0.8680436698827166,-0.0339397155399638,1.5585985678434513,-0.0088797189174312,-0.2581162891836175,-0.0023785943911097,0.966070118644992,1.4184270968829624,-0.0767191057649743,0.2703302409234418,-0.4080695087103984,-2.7665482509452954,0.5524342249881383,1763.2337550952172,2078.275504674699,2010.2573225078504,1969.4955181995808,-0.5252071785296577,-0.2073751110838658,13.93928113350986
10.75,0.8848859270399964,-0.0345197782668709,1.563003675164584,-0.0119645828994077,-0.2708588153774071,-0.0001628441904016,0.962544712919956,1.3440492835460327,-0.0769273293339635,0.2817173689750731,-0.3607303488893305,-2.926835752602861,0.5253268654030971,1742.1527182446844,2013.3214274127145,1929.261337716186,1956.284725579607,-0.1629610440376891,0.0645430231735639,13.336287066960796
10.76,0.902089064427666,-0.0341211025028037,1.5694167680884492,-0.0150239500783303,-0.2830041771436704,0.0016120945616828,0.9589996443140122,1.2617029764322307,-0.0816810743240859,0.2963548496011855,-0.4527910602638259,-2.9148389685267944,0.5075311153187521,1742.4538141414862,2009.0980297385845,1886.607729790742,1894.7515536086523,0.085301732169281,0.0371496708042214,12.835564319208878
10.77,0.9201598217798214,-0.032422480897901,1.5778303212388494,-0.0185669228497254,-0.2941618173808511,0.0026355356654289,0.9555716344277092,1.1854824611622776,-0.0825946201853173,0.3223624665888462,-0.5471310316565497,-2.768954566976906,0.5155511035174916,1724.3176214162409,2023.978206722524,1881.7968410821627,1812.358074424149,-0.0530599572572434,-0.1794872550627079,12.290206281519689
10.78,0.939633320771572,-0.0292630397678962,1.5877292222900596,-0.0229620491936811,-0.3039594935573342,0.0027655740211341,0.9524041800483288,1.142651797565625,-0.0654659508876503,0.3624988763141331,-0.5303125071964253,-2.645165751956059,0.5442539202674691,1682.16815921485,2007.2789223092584,1893.8535345785556,1763.5829325593588,-0.3285636865243919,-0.2075218770045034,12.048493708782113
10.79,0.96056152511111,-0.0248058189980551,1.598189133387888,-0.0281546816678742,-0.3124223038716651,0.0021020414404349,0.9495236697236592,1.1512875618504994,-0.0233389633398129,0.4105948461486081,-0.4322745567966419,-2.684068764847443,0.5612827542618432,1637.1175905205146,1954.2594666864693,1886.6948892654625,1768.9702688538891,-0.2062809521054651,-0.1764098858595169,11.742950847085648
10.8,0.9822843777387112,-0.0195760122627866,1.6081227691778504,-0.033575321443615,-0.3201772450531623,0.0009412386788239,0.9467620311408114,1.196994202111619,0.0328438595276586,0.453448379474792,-0.3692639375090505,-2.914180218508812,0.5094414915198584,1614.4028914458625,1892.2776523941052,1839.173678833172,1796.6945321896303,-0.4744488198742909,-0.2938934575332571,11.37334565416171
10.81,1.0035937167290905,-0.0143331111855705,1.6165981421635656,-0.0382875830579741,-0.3283165875903464,-0.0004004585390746,0.9437913534937517,1.2381552259374309,0.0808136260625135,0.4771768425246073,-0.3841088585362354,-3.2377437920815915,0.3289187049604601,1629.6853963745991,1832.7523906250265,1776.821993907069,1798.6743758583148,-0.5678151424583078,-0.3081884950820591,11.085218989789698
10.82,1.023169189166622,-0.0098307104649407,1.6231027791985049,-0.0412985443697697,-0.3379589755173421,-0.0017844113789393,0.940252613384423,1.237165409512715,0.1059578708828374,0.4736362197118223,-0.3613596370843175,-3.4924674143993686,-0.0125495845702169,1678.3690353659422,1761.3318913266369,1760.3414546364395,1752.995536155247,-0.0014895025051417,-0.0971607474026085,10.472767605874129
10.83,1.040022632802001,-0.0065829325946779,1.6276332723408395,-0.0418763277567203,-0.3497386080110375,-0.0033182917270867,0.9359050529728576,1.185564638043606,0.1118813741472783,0.444171816427246,-0.11994589390334,-3.554578161492662,-0.4930809401483189,1734.799025653586,1668.8447402731604,1829.535668310836,1672.498147063069,-0.0014895025051417,-0.0971607474026085,10.472767605874129
10.84,1.0537342648484784,-0.0047430769423085,1.6305639649546937,-0.0397385621136434,-0.3635144627443187,-0.0052475519155622,0.9307258163690008,1.1025592546333636,0.1124565317599689,0.4001821683954426,0.3921104189409944,-3.419310822701603,-1.0186531225987057,1778.5450737313474,1569.946292482768,1963.3060620877557,1580.4891743687515,0.120947028604319,0.0879401686627214,10.38593928631914
10.85,1.064435173888557,-0.0041269988797515,1.63236047810241,-0.0350614771080103,-0.3784814095991743,-0.0077675755229357,0.9249119850998376,1.0149545951319647,0.1171985542079068,0.3584169536488314,1.000072230612012,-3.193574841211153,-1.4449410299478394,1822.7417842519217,1489.1469761248254,2098.0610477093387,1486.6905170575217,0.2895103708501754,0.3424153185068687,10.54588685938371
10.86,1.0726273245307574,-0.0043412626376364,1.6332917438610148,-0.0283510158976942,-0.3936107365259743,-0.0108958080937253,0.9187753203885232,0.937058332482532,0.1257814744132357,0.3299868933136575,1.4248176349549475,-2.9981009586878304,-1.6609847988766016,1895.956807332418,1442.9786138640443,2176.456781887377,1392.351110634315,0.1369422393414261,0.5226378134880665,10.737230189164084
10.87,1.0789567382228695,-0.0049443382122177,1.6333038479335793,-0.0202724885502844,-0.4081026876786965,-0.0144620108545043,0.9125963361527633,0.8647179014837587,0.1332698727560944,0.3109807909033728,1.5144771961906252,-2.862296535631751,-1.669570045982697,1991.6549712546143,1438.411239437437,2182.318799141379,1310.0724368087167,0.1369422393414261,0.5226378134880665,10.737230189164084
10.88,1.0840160855786694,-0.0055778302087846,1.632133174160313,-0.011523388548882,-0.421537289977155,-0.0181795734851184,0.9065555844971486,0.7865138924370036,0.1367360092863346,0.2859690185054795,1.348271328097455,-2.706366143683125,-1.5688241054709675,2057.5560560293275,1477.055658131872,2146.438436772488,1262.2623754696554,-0.3501302708785809,0.2106532740363379,11.02614219514932
10.89,1.0882175491387336,-0.006034307363322,1.6295947783244615,-0.0027638661482108,-0.4336890177316599,-0.0217376205118597,0.9007961327610956,0.6985319249762264,0.1367036882411167,0.2423647797070904,1.1201824210613336,-2.415768763371825,-1.4499780164431364,2047.6525350730767,1552.2252713372534,2118.805921761282,1260.0075668205625,0.033909940381644,0.1570230428602471,10.900550334549823
10.9,1.0917540742899383,-0.0062598842356636,1.6258703576171654,0.005431448024971,-0.4442348765720096,-0.0248793921951935,0.8955483737093162,0.6056911896657289,0.13478269401262,0.180165145645698,0.9469487963678968,-1.9257333206962668,-1.3256988438621549,1973.5611518001035,1641.3052644542672,2120.5527884733638,1294.32435849542,0.033909940381644,0.1570230428602471,10.900550334549823
10.91,1.0946396477390838,-0.0063117102693299,1.6216143870315378,0.0126184400244303,-0.4525948589687609,-0.0274484503235945,0.8912043823844397,0.5118442798187758,0.1316798497217026,0.1079989448933073,0.7987244293424558,-1.2451577442904014,-1.1542206849228207,1891.9161942957965,1710.85322382619,2123.3619887831787,1346.313149236034,-0.5378695112908387,0.0234579007347158,10.872837952982511
10.92,1.0967930263291767,-0.0062987823577568,1.6178028998521434,0.0185115760916284,-0.4579829413701044,-0.0293888894527718,0.8882821849735163,0.4150835275864974,0.127255063945835,0.0340739866428476,0.5937673232265036,-0.4264189998450783,-0.9115283679679832,1841.9738474849955,1744.8898279839964,2085.3925669379328,1398.299795930607,-0.5378695112908387,0.0234579007347158,10.872837952982511
10.93,1.0981222175600125,-0.0063305311925123,1.615393220661438,0.0229916413036945,-0.459614427425669,-0.0307055938761144,0.8872897661063447,0.313262751448034,0.1215273091662464,-0.0351931769467619,0.3262757308614259,0.4697426054676927,-0.6286540008547469,1806.6033449858453,1765.6673052190426,2002.0949048095424,1441.222282920622,-0.5043355217702548,0.0421359807754463,10.518343743037914
10.94,1.0985802265825677,-0.006486326627571,1.6149525520641583,0.0261085612999331,-0.4569672075436397,-0.0314163338257982,0.8885450625745224,0.2090209898202898,0.1150783606294147,-0.0913307869321037,0.0846798365280264,1.3904789617698452,-0.3671081252520831,1742.8043940257835,1808.0639103134963,1911.280540851956,1480.571336564655,-0.4973485621177342,-0.076751931974741,10.2495127701173
10.95,1.0981829340554012,-0.0068066932689596,1.6164194159637226,0.0280781553184174,-0.4499845634797935,-0.0315298283008839,0.8920377681192267,0.1072394413120868,0.1084715906024261,-0.1272252874647864,-0.0414300109277914,2.2942461958651084,-0.1718487147532246,1640.6386207164376,1875.371565584702,1853.262882239428,1529.541859086697,-0.804832139815792,-0.149443417761154,10.187997379647657
10.96,1.096995857222049,-0.0072990469004338,1.6191092612255045,0.0292456790292724,-0.4391169556670593,-0.0310594874397891,0.8974164572503606,0.0104026393996853,0.1015815921496161,-0.1464540546559021,-0.0451827659324013,3.1409091244434704,-0.0506168443461302,1535.4524561197657,1936.9826874816451,1835.0373665244456,1588.5640136397546,-1.0722687074953954,-0.0448357894773116,9.963491290055313
10.97,1.0951044768688896,-0.0079490558146326,1.6219750144490384,0.0299984169056144,-0.4251504985558412,-0.030053893144964,0.9041260487718004,-0.0812219913953312,0.0938254380057381,-0.1633832958135465,0.0090532168539872,3.875554319043213,0.0135591031197058,1467.5481886574064,1962.60524716766,1828.7611506432693,1639.2791425414453,-0.9652291674934644,0.0334295303128241,9.780631235090244
10.98,1.0925846221174242,-0.008731289146142,1.6240060904199602,0.0306490644674633,-0.4088673230424134,-0.0286138948662938,0.911630074106806,-0.1658418103582727,0.0851050798479512,-0.191143248853493,0.0544171387089254,4.440206923558248,0.0427527020052146,1447.815557552407,1942.7583437068904,1798.1233837042223,1665.230711275165,-1.0945092883266545,0.0360261650530918,10.002377041948494
10.99,1.08948730409068,-0.0096163782292759,1.6245762216289876,0.0313415253494437,-0.3906934847865229,-0.0268786405286651,0.9195943934243316,-0.2390064979807123,0.0762501907413281,-0.2318067684963362,0.0621615868104084,4.819685572177232,0.0550177545978605,1459.1055695049404,1886.2588230308304,1729.4175194037414,1667.064159905921,-1.2018476802560931,-0.0998417197008692,9.718378997578258
11.0,1.0858466394807154,-0.0105744435990483,1.6235923492532531,0.0320269437139199,-0.3705534319386553,-0.0249889414694243,0.9279224007205924,-0.2980935279660904,0.068216588882105,-0.2779027816157492,0.0304643563609228,5.065481669711102,0.0629134642930864,1473.4439213586506,1814.4251167010236,1641.466893253033,1650.8500646796142,-1.1003123637825878,-0.0575461194370707,9.224329390386323
11.01,1.0817092957693617,-0.0115757532717097,1.6214123633057145,0.0325246169774965,-0.3481009263792374,-0.0230558437217864,0.9366089485023408,-0.3478099753420505,0.0608399428542481,-0.3202428171990885,-0.0390096419927627,5.252545663175836,0.0732459905722083,1469.2682604454264,1751.4223530002132,1565.688853189899,1617.448919965586,-0.3541365452518104,-0.0485654935245896,8.418996582506482
11.02,1.077169990120144,-0.0125904086679108,1.6186067763357943,0.0326389798665584,-0.3232909671764081,-0.0211573738303947,0.945499874705446,-0.3986426850331588,0.0527243764896808,-0.3543149748927688,-0.1426144371178967,5.405324693080626,0.0870343692781512,1447.2557990405123,1707.594416691975,1517.699263936429,1574.957855759826,-0.3541365452518104,-0.0485654935245896,8.418996582506482
11.03,1.0723862329739722,-0.0135898062979954,1.6156934961081206,0.0322739328028712,-0.2969598186742667,-0.0193590760859078,0.954148041724911,-0.4576971887705873,0.0426396557478151,-0.3817053459092817,-0.2622360266614683,5.473012619450081,0.1004987894790004,1431.6895854069078,1672.9657313898206,1488.8365286816709,1548.225132808952,-0.7901612739753467,-0.049956033871751,7.843670485932559
11.04,1.0675484609461314,-0.0145523743328278,1.6129612575925352,0.0314866579993238,-0.2709266199760838,-0.0177301779861511,0.9619215132977054,-0.5216797542691675,0.0309637304750237,-0.4065329235834636,-0.3662143872872412,5.387558292473941,0.1074501641778474,1447.8664570309184,1632.5512086162332,1462.6376429090344,1560.8929424024072,-0.7391154276809679,-0.0385279863459076,7.679003423292119
11.05,1.062805136666323,-0.0154731187783966,1.6104274819113629,0.0304531899268411,-0.2473560255530302,-0.0163325780633645,0.9683082395289696,-0.5796927563826215,0.0196661368588986,-0.4306347364444208,-0.4295840085824353,5.15096806389563,0.1032731929973394,1497.400950842958,1587.5116082792065,1437.0086658522544,1611.8134626346164,-0.6647911187826829,-0.125719916758091,7.882349199763864
11.06,1.0581747213245398,-0.0163721866731879,1.6079006824851625,0.0293618546205235,-0.227643880107853,-0.0151885918759221,0.9731831544059482,-0.6221191152754161,0.0109300109080651,-0.4523469557979294,-0.4512899417296627,4.860354261325563,0.0888250149870656,1560.1434589118755,1557.3234476450432,1428.5014044699246,1677.004631101571,-0.5096918269357675,-0.0503815667553707,8.021763805759067
11.07,1.0534950373631922,-0.0172956661405636,1.6050874024215496,0.0282911876045407,-0.2114983481732485,-0.0142553778011033,0.976864802123436,-0.6474362773326675,0.0055477887456139,-0.46923038970735,-0.4503459022526146,4.637399324109598,0.0705729459026838,1616.025892085458,1560.2246715013928,1453.4153999328887,1731.2093751799143,-0.4179527991599223,-0.0445150510945726,8.31193813162733
11.08,1.048451092227594,-0.0183044696043974,1.6017007259003002,0.027146506549353,-0.196851087658132,-0.0134310081616877,0.979965471070148,-0.6633858321797645,0.0021084368663408,-0.4804965840935932,-0.4489360403043264,4.5284031430905545,0.055821184179615,1657.2169528867062,1594.48149738867,1506.936334069484,1763.136390341468,-0.4179527991599223,-0.0445150510945726,8.31193813162733
11.09,1.042686874898151,-0.0194532658978879,1.5975541643357098,0.0257041608868068,-0.1807687040586082,-0.012596169276028,0.9831090012128086,-0.6826564376629745,-0.0023787952258096,-0.4860953090408222,-0.459815041936573,4.47349570601343,0.0471983785897449,1684.290412779023,1640.8188248751155,1565.8111530518804,1776.7686689667032,0.0433228893519563,0.020619138423461,9.227579417945362
11.1,1.0359601652642558,-0.0207676800439237,1.592631581225847,0.0237477246517271,-0.1609319653850822,-0.0116719880912606,0.9866107199828908,-0.7146575636590348,-0.0104777594780629,-0.4842644519628045,-0.4833945567027089,4.373333787139578,0.0416083712880383,1704.911222022928,1681.737753927856,1612.8817179744335,1788.1859444605775,0.0433228893519563,0.020619138423461,9.227579417945362
11.11,1.0282670299626575,-0.0222307405976553,1.5871142605654431,0.0212158365145154,-0.136867314826276,-0.0106612160291597,0.9903047838347616,-0.7582311676025129,-0.0223021481116594,-0.4713245496629892,-0.5108061596419565,4.183886872839127,0.0341503532654619,1737.9958401879328,1717.0341349347782,1655.6360566094932,1820.390669510945,-0.0918677842089348,-0.0147592389741376,10.729322572799711
11.12,1.019868903754304,-0.0237865726389082,1.5813455232541995,0.0182667219538312,-0.1102117828123295,-0.0096458968180993,0.993693436867208,-0.8020025804801694,-0.0354024813205707,-0.4443905488242898,-0.5302790837589623,3.945446886461317,0.0227966951483266,1804.6206913492945,1761.008663232607,1716.9859016213304,1889.7562267293545,-0.5373897751939816,-0.1098794601621984,11.600664574491043
11.13,1.0112035835826585,-0.0253612006469709,1.575736985943194,0.0152157197657447,-0.0838576193556844,-0.0087402571071543,0.9963232354279952,-0.8335268365947563,-0.0468290354967555,-0.4042763957253111,-0.5347610790878252,3.726900247100368,0.0096439151293962,1904.9429366963905,1824.5403101892568,1806.9850571266804,1989.0922175516323,-0.4364227952723709,-0.0655843782622291,12.43115424364104
11.14,1.0027235217041202,-0.0268913845616381,1.5706538237982977,0.0123837857715338,-0.0605045265219516,-0.0080276588915908,0.9980588163094596,-0.8492780509151128,-0.0552614813026096,-0.3563394278065415,-0.526682162880997,3.5588340644377867,-0.0015361356740997,2010.7866006565164,1899.789027109976,1906.8978704303736,2087.473117826076,-0.3715084290713362,-0.1190796712282942,13.135074323167307
11.15,0.9947384650095764,-0.0283485526408026,1.5663292885654014,0.0099455713592966,-0.0414495764242389,-0.0075202207294946,0.9990627930739728,-0.8558616279974745,-0.061200719772527,-0.308697905002829,-0.5163458208564433,3.428640708020696,-0.0086623822698981,2089.6006287566483,1964.97515059706,1985.2609774801963,2153.519440604222,-0.5359860178311562,-0.1151102122054013,13.912544518665
11.16,0.987326462478744,-0.0297481253308374,1.562840028542815,0.0078555222914563,-0.0261862700448354,-0.0071612350267542,0.9996005635970596,-0.8616810434089366,-0.0657089662053207,-0.2676016889505637,-0.5145606113420551,3.3225501885084903,-0.0132662449554281,2132.1757421553725,2005.831220366225,2028.0293762911792,2178.818483934367,-0.5489395993061161,-0.0262575576649507,14.521939609194057
11.17,0.980336858862444,-0.0311413498921811,1.5601405200673073,0.0058837850283593,-0.0128741273070635,-0.0068630587275871,0.9998762605166318,-0.8680231160942613,-0.0695112214070939,-0.2319125951122418,-0.5252061581712376,3.2468846441417574,-0.0200309858365105,2151.808437904867,2028.66978475343,2047.7148692592127,2177.9594784089213,-0.4136328176316973,0.0434743222146984,15.011818907500386
11.18,0.9734716892240152,-0.0325931859120706,1.55812962921598,0.0037427045968,0.0006500311208775,-0.0065566212240597,0.9999712897578446,-0.8686005598399318,-0.0730093825058405,-0.1925885534984948,-0.5438115710116536,3.2053669450251974,-0.0335931960774032,2162.7076050613377,2048.2954329191007,2063.3248200011744,2170.851227158668,-0.4136328176316973,0.0434743222146984,15.011818907500386
11.19,0.9664097302364278,-0.034154679986809,1.5567134998627397,0.0012395813914603,0.0158346966003678,-0.006227005040205,0.9998544645246016,-0.8572961928861378,-0.0763975257291777,-0.140667590690973,-0.5614698599458536,3.172870844463977,-0.0541804796520491,2167.4503735145768,2065.9599161551,2077.4103210159765,2167.542784399169,0.0281138482847864,0.0489263079139739,15.394181037782705
11.2,0.9589273286680056,-0.0358408778301863,1.5558360513401637,-0.0016320080110492,0.0328532631956814,-0.0059156532416547,0.9994413463000076,-0.8352716506114929,-0.0794964881780474,-0.0770717262635433,-0.5691728303863259,3.1062347905245185,-0.0764186851569708,2162.474007877921,2065.7928409893466,2076.3180873817587,2165.23790004051,-0.4412808251683927,-0.071023612598478,15.341055380119458
11.21,0.9509739584628036,-0.0376234828736915,1.5554691671282206,-0.0047138431749186,0.0507732395140469,-0.0056977672604475,0.9986828291705117,-0.8099149789579494,-0.0818112504915396,-0.0132348970901195,-0.562285370827847,2.9847608482146604,-0.0937539625989686,2146.8540740774565,2034.0922348870963,2050.210185424884,2154.767105130907,-0.4859115652751102,0.001052015238944,15.031128362172147
11.22,0.9426819004218638,-0.039440692065287,1.5555790579910402,-0.0077996879195672,0.0682704151134981,-0.0056450713216823,0.9976203929643586,-0.787645508054087,-0.0830108390244629,0.03840204555949,-0.5465529790961758,2.8366007844130032,-0.1043349069290684,2122.4744662688354,1977.522592431271,2007.157587864193,2129.018831740199,-0.3565650743608006,-0.0342624001195746,14.59933767716139
11.23,0.934318606038236,-0.0412185038170356,1.5560958435768306,-0.0107598626052725,0.0843870212896526,-0.005794991086043,0.9963581053380798,-0.7689924340725978,-0.0832600496464081,0.0735691686792959,-0.5386815475645856,2.717754967694518,-0.1118655576533879,2089.5173717410244,1919.2884271440628,1965.2928456730087,2086.8742830943484,-0.278654603244854,-0.0762021741607221,14.161273098731048
11.24,0.9262100797906444,-0.0428932251248195,1.5569037881071768,-0.0135933532268245,0.0988979303786339,-0.0061351702743279,0.9949858188942085,-0.7502260263172851,-0.0829706572702418,0.0966101474480831,-0.5534610636774855,2.6595859965730506,-0.121063616701836,2046.983058878048,1877.9051847234816,1934.6450525514324,2032.5730828598253,-0.2037120959045246,-0.0558415967437457,13.66907484412004
11.25,0.9186661614245536,-0.0444260000956484,1.5578529639899463,-0.0163848322537786,0.1121771287998464,-0.006606041117564,0.9935311717641228,-0.7276570123542208,-0.0822990603447971,0.1141674240873174,-0.5866954479393522,2.63762447581349,-0.1334072659723195,1998.4933442732488,1850.6107935908144,1910.2744371221747,1974.5766582537208,-0.2074620431791172,0.0116194521818735,13.10923415631405
11.26,0.9119274938745462,-0.0458053420837242,1.5587847379647586,-0.0192072583171833,0.1247621249032324,-0.0071196008641179,0.9919752036725024,-0.6993512034763469,-0.0809733932271162,0.1292924026977241,-0.6146392525065891,2.592466086297519,-0.146882433260146,1953.3330929967792,1818.6896669244643,1881.5567207882516,1923.760996900054,-0.233215635991927,-0.047008079283667,12.48420870474821
11.27,0.9061380724416468,-0.0470396630755737,1.5595642038388788,-0.0220391004224435,0.1369220892392754,-0.0075880276108842,0.9903075488795882,-0.6644132831197973,-0.078589019395992,0.1403840054620974,-0.6134560787864813,2.477424215410177,-0.1580187956520545,1918.5516935275448,1769.595645089802,1844.282452209516,1887.899429359721,-0.2691919686386979,-0.1395459188971376,11.918898684720816
11.28,0.901335665089946,-0.0481460594510179,1.5601136899483634,-0.0247490755583027,0.1484634356114803,-0.0079529650269668,0.9885761689888772,-0.623339187402313,-0.0750523573203309,0.1443754066416811,-0.5784518832852595,2.2873221263643684,-0.16368150052073,1892.4390097427508,1711.0341703484005,1802.7187647580197,1865.9456316841145,-0.1723631325814758,-0.0643786387706004,11.448246460375351
11.29,0.8974496561728587,-0.0491426700600794,1.560438325149026,-0.0271571085373471,0.1588452461003686,-0.0082060651990475,0.9868958099724372,-0.5800421547689787,-0.0708369929253362,0.1407934100011101,-0.5256007453323027,2.055024575216815,-0.1625891008720564,1868.7603437452733,1661.0422083174512,1762.4998535993427,1849.8859080191928,-0.085662067622048,-0.0674938407046307,11.071950383186229
11.3,0.8943013662723003,-0.0500489667227394,1.56063149404123,-0.0291361981674264,0.1675116067641538,-0.008391864718128,0.985403734599272,-0.5420577842885681,-0.0668981186951806,0.1333640985860844,-0.4785336132787454,1.8325424805112165,-0.1565509646255498,1845.594854529181,1628.370139395494,1725.0732255316934,1833.43361650676,-0.052365469587349,-0.0378152949163355,10.691906855989968
11.31,0.8916129545393203,-0.0508920651612406,1.560851079568346,-0.0306970309530584,0.1742426781539786,-0.0085878712162044,0.9841866844600012,-0.5161674264343615,-0.0641512284666726,0.1277121949143975,-0.4532103489007733,1.6658281174284886,-0.1497739141843612,1827.0114426102664,1607.5248618944172,1690.093826179148,1817.7550560953296,0.0576926061878606,0.0135970341310164,10.280864711684233
11.32,0.8890416121886582,-0.05171126002008,1.5612684875200384,-0.0320037809396848,0.1793229770625026,-0.0088676345835509,0.9832295728668348,-0.5015318032473807,-0.0626056365645209,0.1265350939227618,-0.4477348898664568,1.5606331564809266,-0.1456618976852352,1816.7208074343405,1589.91614938486,1660.393772290181,1808.819759720693,0.0576926061878606,0.0135970341310164,10.280864711684233
11.33,0.8862536189332544,-0.0525526183927094,1.562006678376855,-0.0333039116791516,0.1834276224085499,-0.0092641577497256,0.9824252298193497,-0.4865259533089751,-0.0608176821546284,0.1264117073098287,-0.4423582999174532,1.4589991464673877,-0.1434070649296996,1812.813972602779,1573.23103793471,1641.123268914915,1810.8195654561555,0.4808068959929685,0.0831332776203173,9.648983200473394
11.34,0.8830289076939352,-0.053452269100143,1.5630912989423489,-0.034802480509136,0.1872851051590915,-0.0097516488351757,0.9816404545865836,-0.4550563480617769,-0.0566343708480841,0.1202811620813242,-0.4137731458622996,1.2688945334383237,-0.1375527093371171,1809.174043535362,1559.97731757988,1633.941085791383,1821.4151453132235,0.4808068959929685,0.0831332776203173,9.648983200473394
11.35,0.8793526753631087,-0.0544165167016903,1.564434510621132,-0.0365478271519158,0.1913041707973322,-0.0102527513226024,0.980796539378242,-0.4004540767814541,-0.0491398131237951,0.1043780670741236,-0.3559973246048009,0.9476558363736992,-0.1217678241543035,1799.5476586249256,1552.2385514202042,1634.2119321488844,1830.636672137145,0.4808068959929685,0.0831332776203173,9.648983200473394
11.36,0.8754376293110221,-0.0554115527018241,1.565857677941201,-0.0383975549155371,0.1953775355564651,-0.0106665394608066,0.9799180941855914,-0.3337817805531612,-0.0398704511101193,0.0824345527499829,-0.2861205690639077,0.5560342017170782,-0.0945072605665349,1780.036098808122,1549.891340836316,1634.2386341568358,1825.416390789039,0.2151220610411268,0.053395368706661,9.425614398518228
11.37,0.8716511300086346,-0.0563707484318116,1.5671441461447368,-0.0400906553037646,0.1989673188407059,-0.0109058595058071,0.9791250214447056,-0.2747299214223424,-0.0315174065383001,0.0619403411072372,-0.2242811624787341,0.2040834533954882,-0.0615888934318787,1752.3519535140413,1551.509382883851,1628.3185695760862,1800.515975315457,0.2151220610411268,0.053395368706661,9.425614398518228
11.38,0.8683793119818308,-0.0572162591911627,1.5681021016047676,-0.0413826191262539,0.201394589975658,-0.0109288342018678,0.978574605508326,-0.2332826739909044,-0.0253382345540342,0.0468031740482286,-0.1707566538364295,-0.057743109344237,-0.032577430801291,1726.410963455074,1555.3863448544494,1615.86731126658,1766.8351055191515,0.1972817629304391,0.0691937300023188,8.99524893984838
11.39,0.865897734625047,-0.0578831667950399,1.5686144867230871,-0.0421581277823264,0.2021385154330763,-0.0107493944850587,0.9783900875206196,-0.2031663269736519,-0.0203327028629786,0.0350561682818578,-0.1110040128617983,-0.2690403664347546,-0.0137434475826993,1713.884555694061,1560.3427978889072,1601.769417063019,1744.439632408238,0.1972817629304391,0.0691937300023188,8.99524893984838
11.4,0.8643051719853462,-0.058335380058924,1.5686606588294771,-0.0424585726811568,0.2009927418613889,-0.0104210732175089,0.9786166708971984,-0.1723998587550195,-0.0148302715153038,0.022884372700142,-0.041165013252133,-0.4859856459966752,-0.0039940660035841,1715.8681134510912,1566.1151029328687,1593.1935153508998,1744.1324615841518,0.2751796695465467,0.0746460002778334,9.092619232114078
11.41,0.8635324112528262,-0.0585702408794069,1.5683080658279158,-0.0424257855701963,0.1980635168718344,-0.0100051328949594,0.979219481688792,-0.1351438310471504,-0.0080944613801005,0.0086089292431788,0.0234427152907591,-0.7137712083174885,0.0030929340790944,1721.3529850931618,1573.1836690104851,1594.041932012828,1757.6259676292382,0.3033303244682628,0.0312453620820934,9.172969108075442
11.42,0.8634012898217165,-0.0586151069755203,1.56768240097839,-0.0422127619758609,0.1936866056385854,-0.0095453152214654,0.9801083962908874,-0.092646722180882,-0.0002968088888834,-0.0071672880033622,0.0683775520526804,-0.920566483583482,0.0139762377872414,1719.8550701367094,1582.9949572668038,1602.567254500918,1767.310643879334,0.3033303244682628,0.0312453620820934,9.172969108075442
11.43,0.8636990857409472,-0.0585197941759445,1.5669274086685157,-0.0419169350940098,0.1883304919629558,-0.0090647512762967,0.9811689083096828,-0.048063046825669,0.0082087666177708,-0.0229938257860474,0.0986937563236511,-1.0876851307126172,0.0307417079449644,1711.6763332017888,1598.034259463956,1615.2526430805633,1764.4893273146583,0.4127835797160224,0.0431297439990445,9.179256188689768
11.44,0.8642419306317898,-0.0583460416394043,1.5661644464887383,-0.0415620569995826,0.1824960168361227,-0.0085797535529315,0.9822902763877304,-0.0038415622535872,0.0170383875320393,-0.0372036915241043,0.1310278996232587,-1.2255906117776836,0.0494255372106721,1705.381991669989,1619.4116643132784,1631.1055084004113,1756.8270743682606,0.3776561125345408,0.0285368432001275,9.316642048793412
11.45,0.8649144015314705,-0.0581537579059847,1.5654615607238556,-0.041119356722842,0.1765975380681112,-0.0081104733362563,0.9833904251482436,0.0375573966890751,0.0255178701963325,-0.0482916493016093,0.1721872416938643,-1.351062606518447,0.0623430786805974,1709.2917930786416,1643.797636235683,1650.376963626918,1757.796848417289,0.391082508243636,0.0254369862483984,9.380671117120375
11.46,0.8656830962956494,-0.0579856018877258,1.564821372081701,-0.0405410062301977,0.1708374775115431,-0.0076748586504395,0.9844349037067062,0.073250606920872,0.0327625709349321,-0.0557092062160857,0.2121597487913933,-1.464013111887991,0.0643903680130227,1725.515190567799,1665.3814450644877,1671.7790328680348,1770.1702152668909,0.3461315929471449,0.0631301423558419,9.571551684110055
11.47,0.8665876855446935,-0.0578544775935424,1.5641927614848414,-0.0397845944767518,0.1651251310699819,-0.0072724376446255,0.9854430418761638,0.1017078645042026,0.0383096457410592,-0.0602787462135641,0.2374842732736283,-1.5501900845069674,0.0582809199992322,1748.2572763837286,1681.6489334484777,1693.785395604577,1782.4984161139869,0.3665611835643236,0.0708291941182085,9.744137977269435
11.48,0.8677151720612137,-0.0577393787442842,1.5635023165148074,-0.038824250634645,0.1591028238723499,-0.0068770105499695,0.9864743664811558,0.1253691804514547,0.0427985309097564,-0.0635018277197313,0.2466778381036849,-1.603669375606413,0.0522869020956461,1766.8744786459724,1694.534793675054,1716.398156592175,1782.558235073947,0.3941192179247448,0.0626689019463941,9.869198216009814
11.49,0.8691650986337747,-0.0575922023685922,1.5626918749798402,-0.0376556942069733,0.1523096265169035,-0.0064499058587564,0.987594160107524,0.1504022882649079,0.0478146325788341,-0.0663073827918491,0.2506973069060231,-1.6411764306164431,0.0518858754312204,1773.7790373892426,1705.8562171177905,1738.840231734966,1771.9061793861556,0.3941192179247448,0.0626689019463941,9.869198216009814
11.5,0.871016375286884,-0.0573533586655908,1.5617451101058617,-0.0363005589562243,0.144430449495809,-0.0059657322772219,0.9888308878247588,0.1818314617993718,0.0546219108838808,-0.0684217354790517,0.2610074045135259,-1.6877794677055689,0.0547171712868783,1771.9311780731132,1715.6200984692562,1757.5338943722031,1764.9878526061184,0.1987337749409521,-0.0207006626871785,10.14470487620818
11.51,0.8733068825597637,-0.0569703710029834,1.5606925704384336,-0.0348055522939333,0.135491011077234,-0.0054303850049695,0.9901521450592736,0.2185298682094611,0.062957663181696,-0.0688470971228796,0.2803745591988204,-1.747520981092337,0.0546369933101322,1772.916969820751,1725.5814520658298,1769.4300299224224,1773.7621358965869,0.3498585051615688,0.0598172186224172,10.241745998745644
11.52,0.8760310202433363,-0.0564130539830068,1.5595968021372106,-0.0332294627432142,0.1258629980926293,-0.0048779412639864,0.9914789529818356,0.2543305636916891,0.0713538046849865,-0.0668240454133512,0.3040341051079129,-1.795171413170006,0.0493245585342449,1784.1429452993884,1739.77878676705,1776.643955607743,1794.566263711963,0.343129238870977,0.0499058611096114,10.391467344247337
11.53,0.8791503460833501,-0.0556808909142066,1.558528432652011,-0.0316218711837079,0.1160718368674217,-0.0043506062895865,0.992727786542704,0.2842497565830315,0.0786526655550439,-0.0624112381504877,0.3248561977359485,-1.8035107713564804,0.0421033872865354,1799.0396210870197,1758.7780665183875,1785.4042391115838,1811.9805296968004,0.3676537163374522,0.0074710701135995,10.47078375787002
11.54,0.8826068569354598,-0.0548012828277473,1.5575451241095244,-0.0300077117010446,0.1065427429721719,-0.0038769639033629,0.9938476494459928,0.3084785378771532,0.084898131482313,-0.0564354411465257,0.3360935446317331,-1.7765636712043853,0.0370348630892371,1805.270042662586,1776.3988667140452,1799.4846524747595,1815.3625513959375,0.4104966734509538,0.0203944538940005,10.572161674106017
11.55,0.8863319661588345,-0.0538201541555195,1.556680315361932,-0.0283866303634796,0.0974454445106923,-0.0034612714174431,0.9948299373063194,0.3303828145000248,0.0907686733811925,-0.0500262978542695,0.3350315725421353,-1.7487656337551156,0.0344237133192448,1802.1972105054392,1785.367366024665,1815.214036931584,1808.8293419365284,0.3094981821157745,-0.0009923642553517,10.613768656164511
11.56,0.8902519924833547,-0.0527884616696882,1.5559431041794172,-0.0267423070827802,0.0887023226297489,-0.0030873385914517,0.9956943382948404,0.3521755796596347,0.0965950032407008,-0.0439309999486661,0.3289221705260368,-1.749388704556308,0.031574157190259,1802.248611220704,1785.01604183555,1824.604304625294,1804.212662040536,0.2051482010167613,0.0184573584416871,10.700248429715964
11.57,0.8942948153114141,-0.0517490054869928,1.5553267677163003,-0.0250525565216821,0.0801121778299867,-0.0027335457504223,0.9964672278116802,0.3732784161195197,0.1021638179538563,-0.0379787063659279,0.3330639299278187,-1.77325307169024,0.026488571279454,1812.7123972710503,1781.1239341653657,1824.793670191996,1807.0413215838616,0.2925874687759395,0.0526886336273832,10.7001452745793
11.58,0.8983994950130377,-0.0507272588828647,1.5548209594065483,-0.023298486841417,0.0714924400579201,-0.0023910758953113,0.9971661317360953,0.3919728428097754,0.1071952028671278,-0.0313799649416601,0.3554394533795831,-1.7908385974361232,0.0197158626638646,1824.605600428634,1779.254189528885,1822.8637479062656,1811.8452152376733,0.3096326284908131,0.0823707922106969,10.68235024065699
11.59,0.9025253865799748,-0.049728174791668,1.5544224364127504,-0.0214753702503813,0.0627628397262342,-0.0020738934975083,0.9977952362022326,0.4074657214871358,0.11166001090337,-0.0237828673180195,0.3836614716254315,-1.7831743394707076,0.01279341576233,1824.9896279470356,1780.534758236528,1828.074595405598,1810.2631249421047,0.3261177148163079,0.0780392249621895,10.763697060561968
11.6,0.9066554911363394,-0.0487390444692058,1.5541410196053624,-0.0196012184442731,0.0539476992070053,-0.0018121069863653,0.9983497154074018,0.4202106423414986,0.1156530746783595,-0.015619668189025,0.394359689673852,-1.759034905848764,0.0059201564665525,1814.402027588997,1782.878224229471,1839.674493594814,1800.5597110073586,0.2777787678615311,0.038592922620511,10.689694214454828
11.61,0.9107917068971132,-0.0477370839459618,1.5539981501728366,-0.0177128791916038,0.0451232167711655,-0.0016328029371756,0.9988230489799154,0.4309381665269785,0.1192188866106997,-0.0070161601840905,0.378636446532368,-1.7373414220834276,-0.0017748242733495,1805.218655136756,1783.4935169980113,1846.7376807132,1787.613446686183,0.2708841848514796,0.0662065792687854,10.708247541188005
11.62,0.914943716237179,-0.046699526595262,1.554015545806653,-0.0158468377867767,0.0363585840376163,-0.0015430316805521,0.9992119645761712,0.4399250673797773,0.1224189594140967,0.0028351900725906,0.3539151659709588,-1.721220405080136,-0.0097423663574782,1804.886761566589,1780.5442360867023,1841.5815069649043,1776.1698650002886,0.2457099150767618,0.0693499489075134,10.736682334795956
11.63,0.9191156501866872,-0.0456133917737313,1.554196651863666,-0.0140174666519269,0.0276922490568938,-0.0015266323874705,0.9995170430584897,0.4470673635309579,0.1254340170719923,0.0140647712529998,0.346346946472085,-1.6965848182465546,-0.0155067774865601,1807.015728247558,1774.6727133041093,1829.219121251496,1766.7998544201123,0.244713327197056,-0.0196289908428605,10.675905791374833
11.64,0.9232957358381152,-0.0444817552499822,1.5545118308721575,-0.0122117869919847,0.0191551829336902,-0.0015542236747053,0.999740734197626,0.4522128486676448,0.1284141193188096,0.0243135899181715,0.3629552488342815,-1.653251139497566,-0.0181089159321995,1800.3214167704027,1768.672730851061,1820.345711405914,1756.850037490262,0.2489565664858105,0.0428323321131098,10.539275681726396
11.65,0.9274543078500476,-0.0433236789862032,1.554898112539251,-0.010407803326219,0.0108178128154147,-0.0015969106750552,0.999886044723152,0.4552429740769311,0.1312015746916589,0.0301750667446906,0.3849712277470888,-1.5981424805522295,-0.020915390959951,1782.754229989624,1764.1780414452248,1817.692692229207,1743.5571384295924,0.1895972180096845,0.0833975584896359,10.410507902031531
11.66,0.9315534971913576,-0.0421667033432356,1.5552731398130208,-0.0086026697816921,0.0028170414707911,-0.0016348044796981,0.999957691987162,0.4560743946575024,0.1333326761959725,0.0310338763335825,0.3888847040271944,-1.5438900366534924,-0.0285539588782674,1764.1123007063416,1759.5666925348105,1813.913571761671,1727.7241552678108,0.1862205717549622,0.0275514269569373,10.439761391604115
11.67,0.9355666297587568,-0.0410342007064097,1.5555539030409762,-0.0068270320294026,-0.004672272688821,-0.0016576588239971,0.9999644062009478,0.4549426363450829,0.1344372477404275,0.0302712193738011,0.3705499375822476,-1.4915224506228657,-0.040871564014985,1755.128112769988,1752.4620545663474,1803.3012444302997,1714.1796536945992,0.0890866219166156,0.0072178342256723,10.36852295907014
11.68,0.9394987944373168,-0.0399334721492462,1.555674386490932,-0.0051308045887033,-0.0115229802970007,-0.0016606327957814,0.9999190657588568,0.4527061928267887,0.1346472906088731,0.0315369433338872,0.3466402529152849,-1.4329921787983233,-0.0519193474257275,1755.9851862219173,1743.3192259331447,1791.0178720443223,1705.8511673410906,0.1435422900895508,0.0078192366368177,10.138174191963476
11.69,0.9433963704317914,-0.0388513854832863,1.5556045646465326,-0.0035488769159692,-0.0177533758411313,-0.0016409417456884,0.9998347515610098,0.4504282314750288,0.1345536826638743,0.0345208235043659,0.3351205155541552,-1.3677945828949976,-0.0556641465381118,1757.231667544247,1735.577503671736,1786.6290873363823,1698.798575317407,0.1487021340595249,0.0015212771293599,9.92792376467215
11.7,0.9473359260199264,-0.0377609518061863,1.5553712528576478,-0.0020698400766258,-0.0235676109822775,-0.001599444641768,0.9997188230955156,0.4482309802694614,0.1346992068827452,0.0359402715134559,0.3378113810622281,-1.3056108758276717,-0.0516923936711079,1751.0905642882842,1732.779339957227,1790.68368765456,1687.7365178269367,0.151074380796322,0.014,10.004079408299749
11.71,0.9513923018156772,-0.0366360312788667,1.55506872605085,-0.0006313825061418,-0.0292803519967507,-0.001546412176719,0.9995698429586884,0.4446989794937294,0.135065551105272,0.0346809954167496,0.341243684758146,-1.2487998091651464,-0.0451477249889338,1739.2100134871157,1735.496055085741,1793.577317125867,1675.285477865937,0.151074380796322,0.014,10.004079408299749
11.72,0.9555988885887116,-0.0354660917462827,1.5548412641291856,0.0008491416421022,-0.0351470968788428,-0.0015068981611933,0.9993806531034072,0.4379252304404734,0.1350534761340799,0.0341330395536332,0.330937805735777,-1.1814288050616129,-0.0422155028874911,1729.1102490686933,1740.9524121715608,1788.575169989329,1669.6658388095186,-0.0469191800468736,-0.0212138768851646,10.046625470180086
11.73,0.9599221425149804,-0.0342623520418591,1.5548346806180433,0.0024292480324848,-0.0412103865900419,-0.0015190226329253,0.9991463833499756,0.4273600182873886,0.1340168197666066,0.0382858255316655,0.3045812586848868,-1.085639887516053,-0.046057721239797,1725.7905063738428,1746.347734631432,1780.8082353055995,1672.92480698023,0.0406868706473589,-0.0045786857620254,9.934645289606149
11.74,0.9642672257729584,-0.033051958020468,1.5551388892722586,0.0041130107994848,-0.0472779299131005,-0.0016212598965315,0.998871989797313,0.4144279350505224,0.1318537065589043,0.0466812119431232,0.2749343598326171,-0.9690907988913072,-0.0558993135580278,1728.3762122647684,1751.4724217493465,1780.206773505611,1678.0128230342548,0.0893734753664615,-0.0256251663365268,9.88826358006557
11.75,0.9685124941371114,-0.0318646571166723,1.5557528877339135,0.005854127712834,-0.0530445130162212,-0.0018320057495833,0.9985733085670412,0.401233707265171,0.1290702221276397,0.0548559777969286,0.2606188129553404,-0.8678548399510064,-0.0680216653497049,1733.4895898858658,1756.1333799537715,1788.3183312677556,1679.7268350596885,0.0438841347666396,0.0038283312873751,9.999018665983948
11.76,0.9725527776004392,-0.0307206678284405,1.5565876364619429,0.0075768020749855,-0.0582548202636737,-0.0021327368052989,0.998270714495864,0.3888385400061482,0.1262873467411218,0.0591677261193371,0.2689073414679342,-0.8133629195066999,-0.0766987572791835,1739.0960787804086,1757.0817891594093,1796.1785081074909,1681.909189697736,-0.0054592317392268,0.0255058186688297,10.105058435561016
11.77,0.976329465546353,-0.0296262554831936,1.5574993031968962,0.0091944315248686,-0.0627931667537403,-0.0024681280960281,0.9979811566265532,0.3768151950566727,0.1237384658769323,0.059477880009369,0.2838267894767938,-0.7954193190762291,-0.0760789280630777,1743.5871855377586,1751.6467707239733,1794.9094765929274,1688.768626304193,0.0170140850957489,0.0056463304751417,10.102204155329696
11.78,0.9798371360725768,-0.0285777765203768,1.5583351565659331,0.0106233254440402,-0.0666706762341246,-0.0027673619379004,0.9977146423676958,0.3641693636351203,0.1212346981419801,0.057499121256239,0.2755098698182558,-0.7651339270347726,-0.0643834539803175,1743.242500214441,1743.6542992043,1784.8497898204855,1694.30711759465,0.021337185872178,0.032046391491343,10.010997878802664
11.79,0.9831097386911491,-0.02757022113361,1.5589762171327546,0.0118017008095898,-0.0699611308361238,-0.0029752718420525,0.9974754672610237,0.3504368530675749,0.1185233793821399,0.054517868830314,0.2282331320469627,-0.6806712057716149,-0.0470587784196471,1734.4457208124386,1740.5573213002228,1773.1757181485418,1688.349881634094,0.0420003247012987,0.0634498126685505,9.932252875863428
11.8,0.9861965238837008,-0.0266047727969216,1.5593652040474162,0.0127142281779172,-0.0727485681757468,-0.0030739455151793,0.9972645311496786,0.3359526192324984,0.1155975181090368,0.0510290443834139,0.1598645948391949,-0.5488306675076081,-0.033923490053336,1718.7866342741893,1742.9872569420331,1765.0870527742472,1672.0818679779927,-0.0066583312718779,-0.0266498297064984,9.797047880320957
11.81,0.9891388519069568,-0.0256912946443101,1.5595139627313743,0.0134048984577153,-0.07510963539951,-0.0030831433947861,0.9970804107965908,0.321249713294102,0.112647098118229,0.0470886845575208,0.109118897026111,-0.4177366102157301,-0.0316959609619853,1703.2255782272491,1741.7013876610176,1759.162546017502,1660.086682393027,-0.0344164432586067,-0.0523285648916721,9.683680192252831
11.82,0.991956161030168,-0.0248446629188271,1.5594916832161254,0.0139614794016756,-0.0771135587442856,-0.0030433324493204,0.9969199136732656,0.3063034256978371,0.1097551940875347,0.0424678589506755,0.1008897985975484,-0.3291854394909033,-0.0390044825430631,1694.125791680682,1728.6052834531863,1750.891237879435,1664.0982561483172,-0.102180894532003,-0.0790008026605301,9.609244400787798
11.83,0.9946446227047312,-0.0240770530639121,1.559399215143695,0.0144746014152775,-0.0788145880060048,-0.0029943842083184,0.9967797049973106,0.2905043111466696,0.1067236014172719,0.0372590494714872,0.1241842259086889,-0.2813130984326972,-0.0481683773621322,1691.971976150427,1708.3281065169067,1739.5703391388236,1678.6481338388144,-0.0702849998905255,-0.0738679575525725,9.610528722174315
11.84,0.997186821935348,-0.0233902208475285,1.5593352335461892,0.0149943996872289,-0.0802322101220751,-0.0029613632140946,0.9966590142896722,0.2736668761696674,0.1032945753267351,0.0325288277636664,0.1437044870947991,-0.2378454599908349,-0.0513323699416849,1692.3824563498608,1695.2332128052103,1730.1932655440253,1686.3216194762408,-0.0260619177967453,0.0103124637324587,9.625324795851435
11.85,0.9995668469696076,-0.0227716111343826,1.559362889503813,0.0155114840612229,-0.0813375146081019,-0.0029514154294185,0.9965615343402324,0.2571360421967829,0.0995714692386222,0.0296462610831718,0.1320036341620138,-0.1693915605738449,-0.0458575541425661,1691.9271760235013,1699.367925272045,1727.5666945373473,1676.6648307458731,0.012544653413596,0.004189850839812,9.617524566795796
11.86,1.0017835670088957,-0.0221962155397809,1.5594904466144774,0.0159739101906137,-0.0820665057559574,-0.0029590591347646,0.9964944389183849,0.2432815270363151,0.0960781611528396,0.0287085190008424,0.0909667838769953,-0.0810958842687817,-0.0355748018449562,1691.7533158065007,1716.714578780441,1730.1329715821632,1657.815221265732,0.0046533581220702,-0.0227473862855788,9.580525554413777
11.87,1.0038556161758934,-0.0216338660544799,1.559676619314842,0.0163278503303797,-0.0823607674202932,-0.0029743106891364,0.9964643790770714,0.2330054096921377,0.0931918077282389,0.0281014019385735,0.0450597808693723,-0.0002017292135479,-0.0272796502876856,1694.7775768085548,1732.530317050887,1732.0504304101073,1648.2327790158784,-0.0695712314878282,-0.043090128287053,9.555170414005888
11.88,1.005814713837363,-0.0210596498365599,1.5598576013606045,0.0165539499162023,-0.0822118837692598,-0.0029888980993923,0.9964728994796762,0.2236746657334636,0.0905142569304035,0.0259006122989613,0.0168039958086814,0.0576583029218107,-0.0250101874517769,1700.916460854918,1733.9127995097044,1730.6815648886056,1657.64503794931,-0.0695712314878282,-0.043090128287053,9.555170414005888
11.89,1.007689743500415,-0.0204631412767812,1.559979087310524,0.0166755056987537,-0.0816800146287033,-0.0029985467422037,0.9965145816481464,0.2104962635324501,0.0870504923940358,0.0215637579130538,0.0081524061921944,0.1043053865712113,-0.0270089597940977,1706.7428072794553,1720.8053129116126,1729.188801103257,1678.5141014434726,-0.138750651077367,-0.0956478508057064,9.689654298351508
11.9,1.0094904693671187,-0.0198514120398276,1.5600153982314071,0.0167351069528881,-0.0808731437052293,-0.0030020371050343,0.9965793789737618,0.1908571473089545,0.0821910764187345,0.0161727664981255,0.0020177650487727,0.161920314816561,-0.0282108747404493,1709.1317043443917,1706.256931849254,1731.5732995066928,1696.494180004913,-0.0809467530047374,-0.0254873656718802,9.683636350744957
11.91,1.0112016085953155,-0.0192434642992848,1.5599691622435023,0.0167579231305997,-0.0798973469021911,-0.0029992156404694,0.996657709886339,0.1673068662227343,0.0764639680030203,0.0113072471458292,-0.0191775517216539,0.2350383625933275,-0.0252971895353621,1708.5955598749565,1705.2139696130569,1737.6759742009483,1705.3774323092591,-0.0559389486279358,0.0363712620111213,9.728450895256968
11.92,1.012791800864801,-0.0186590770942483,1.5598581831343656,0.0167281858871122,-0.0788039234680862,-0.0029900669371503,0.9967452878958966,0.1457636892664096,0.071205012594266,0.0080321975760376,-0.0541631861742101,0.3035383542134187,-0.0188199251295594,1709.4429308824565,1720.694285856281,1744.0085513153424,1709.276842297862,-0.0957221898573728,-0.034338501992283,9.826095559567383
11.93,1.0142317401446566,-0.0181088332233125,1.5597012886966313,0.0165970694641601,-0.0775618624533645,-0.0029756960690149,0.996844942812508,0.1304268146582394,0.0674333282795861,0.0067249081012751,-0.081876273059573,0.3445228800377287,-0.0112027187475406,1715.2786116295988,1739.979134252003,1747.9976634177526,1713.7057101297128,-0.0953912791767124,-0.1053274155734456,9.853437038692933
11.94,1.0155095752976744,-0.0175911144350842,1.5595113028692855,0.0163209115501028,-0.0760754282025652,-0.0029603702907809,0.9969640882588056,0.1202004776353995,0.0649678208342262,0.0070484607917402,-0.0837189942248753,0.3590892009575772,-0.0043940479128125,1723.0523605035812,1746.460687693307,1750.2250630125204,1719.585487868672,-0.1324122968484535,-0.0603910123695955,9.88233508667705
11.95,1.0166341512879868,-0.0170970766827542,1.5592965959133906,0.0159081221200989,-0.0742450405150056,-0.0029524961096603,0.9971087645669652,0.1099480975506111,0.0625853250152827,0.0077980435045575,-0.0684282393382019,0.373530460198175,0.0001031848204323,1724.9094303451138,1736.6205485525084,1752.8793978497674,1725.6842450481415,-0.1324122968484535,-0.0603910123695955,9.88233508667705
11.96,1.0176253489787204,-0.0166196134436895,1.5590672491747712,0.0154420688724594,-0.0720387390738803,-0.0029623215556476,0.9972778886712492,0.0953885592328595,0.0591290134202787,0.0074765061382456,-0.069141879076166,0.4125280750260852,0.0003468396665154,1719.2451887670252,1723.4696546227335,1756.6129859214163,1731.8716076617466,-0.0846759862779837,0.0060782160524435,10.041932192000576
11.97,1.0184992329903189,-0.016160399549915,1.5588390364460667,0.0150543364255105,-0.0695237733797518,-0.0029956359273879,0.99746219881017,0.076975397091412,0.0545631320253874,0.0056111058601786,-0.10642893596127,0.4735004532393072,-0.0052146996480807,1716.064889234,1722.5970819959766,1759.1594488988835,1737.41148096733,-0.1254188368984425,-0.0367733742184866,9.985832812059275
11.98,1.0192581337273363,-0.0157312955685091,1.558629938037006,0.0148470777472882,-0.0668294982897056,-0.003045478495452,0.9976492908339312,0.0590224069985159,0.0499023563412555,0.0032395485231249,-0.1525110044333388,0.5291643850240924,-0.0152314245118398,1725.8715093178791,1736.8826720007942,1758.2678633071785,1739.8063141138982,-0.1395703643749348,-0.0109839840531904,9.976576858902186
11.99,1.01989128572444,-0.0153504032913795,1.5584502726662883,0.014792835501532,-0.0640664213718278,-0.00308664869299,0.9978312173259954,0.0452085995319856,0.0460800872049338,0.0018223304819118,-0.147358623397468,0.5541924801001058,-0.0239526669781231,1744.7863814211469,1754.3467594795086,1756.885791386367,1739.5480995129376,-0.1177614607979344,-0.0365986618162375,9.93235252054638
12.0,1.0203845324835643,-0.0150354167547875,1.5582939002945078,0.0146612722552143,-0.0612653529648446,-0.0030786934258512,0.9980090807546496,0.0352587268198044,0.0430257951869029,0.0020660050306716,-0.0756742935266898,0.5491485513918597,-0.0233542151978854,1756.498866974923,1758.7699092366397,1762.059168824796,1743.1342058412515,-0.1297874559485716,-0.0451171838585594,9.945684073611986
12.01,1.0207326884976131,-0.0147967653458521,1.5581379385728098,0.0140232590830132,-0.0583856050636915,-0.002980210592262,0.998191157880525,0.0259069891370843,0.039977172874874,0.0039484464588191,-0.0375295091670284,0.5407524790545382,-0.0082971140182864,1752.1884848272507,1745.8245831661604,1773.464788986271,1754.0821244426656,-0.000366505117086,0.0136236494949676,10.015717865332892
12.02,1.020947284898766,-0.0146321294449353,1.5579525392334883,0.0123534207470576,-0.0553831021158128,-0.0027705544669956,0.9983849102544674,0.0144889558543478,0.0365619089991622,0.0069810888282505,-0.2145236626284525,0.5591155261780736,0.0193361384007823,1746.3103878186914,1733.9878271121845,1774.5621264981617,1760.278598467428,-0.0701687992768704,-0.0449163169119636,10.132154684971166
12.03,1.0210553451710562,-0.0145231931357495,1.557716941871209,0.0091943506466649,-0.0522797729081321,-0.0024674607726881,0.9985871023091554,0.0012246216557976,0.0332833914184234,0.0097414680938588,-0.7170491453081471,0.6105309822605178,0.0516023485555387,1764.750172071856,1753.7057312395923,1744.8468000640228,1740.9117389304658,-0.1644231689999107,-0.0476138746908035,10.113708155594216
12.04,1.0210899164247385,-0.0144347179216509,1.5574359245202765,0.0042892273400705,-0.0491766518415539,-0.0021272568184795,0.9987786212274008,-0.0115563925484052,0.0308885852307087,0.0101065216029335,-1.444852548460828,0.6688909127549432,0.0803459214165144,1811.3927115813635,1813.0117711963012,1687.2362731096034,1695.6605991367303,-0.1045020410101598,-0.1357503401683616,10.031008706240312
12.05,1.0210774187628011,-0.0143157375040203,1.557149059958615,-0.002414794253337,-0.0461987918107348,-0.0018233688590801,0.998927682933027,-0.0216817634105203,0.0295934323063774,0.0074034999499635,-2.126231712413284,0.6954151642729159,0.1023499658427702,1853.8580703176592,1876.0597127414237,1636.005538629416,1659.3954677995043,-0.1548503237544823,-0.514883323735845,10.092021285960106
12.06,1.0210281037529718,-0.0141037471296766,1.5569247579227972,-0.0109082324195102,-0.0434103175022841,-0.0016143003400285,0.9989964708817768,-0.0286803795489528,0.029318504441739,0.0041473900697248,-2.5306837985349317,0.671073798638981,0.1183740492906349,1855.4043878199177,1892.8638247704653,1626.2489711935957,1671.2472477710987,-0.1006803361159186,-0.9004902407595452,10.064818728239292
12.07,1.02093391085491,-0.0137339313579996,1.5568377655282972,-0.0212887689858715,-0.0407596260936728,-0.001520389905727,0.9989410040689614,-0.0338799963913407,0.0306755588726073,0.0042711811578138,-2.6516964128660847,0.6121658550912683,0.1283377349598932,1818.1526916498449,1853.7561748732232,1657.5596333967062,1728.9267243698832,-0.0777030602157244,-0.8979532189376639,10.012345327001691
12.08,1.020774298569992,-0.0131539443972864,1.5569410055678092,-0.0337772328712769,-0.0380970247133414,-0.0015213735264043,0.9987018577484192,-0.0393538274180229,0.0352467441611936,0.0092087869673612,-2.6791394836887,0.555504926934221,0.1301592603738867,1780.6354691165443,1799.7958249187925,1696.8254841426822,1787.9808458937716,-0.0777030602157244,-0.8979532189376639,10.012345327001691
12.09,1.0205270108331272,-0.012340068331452,1.5572479970846749,-0.0485102563706684,-0.03525855580356,-0.0015719401564346,0.9981989372232593,-0.0463481279100174,0.0444607538473382,0.0165230264819524,-2.802160075187481,0.5292279817437844,0.1239538824673895,1773.4440598686597,1776.5606980654695,1714.127178442274,1807.854274616612,0.0526941664100147,-0.345005014305338,10.153743289104296
12.1,1.0201787596227645,-0.0113064459352956,1.557733646525324,-0.0652581485878057,-0.0321627428324978,-0.0016236028859882,0.9973486330917846,-0.0543766394910698,0.0584170508214938,0.0228149501917915,-3.0451565453732146,0.5346547128914418,0.1147650985108345,1790.8982848869446,1790.914036468447,1708.9029611175663,1788.324037817907,-0.0114550632813256,-0.6329870960700436,10.332255878259794
12.11,1.0197313614203365,-0.0101000058885308,1.5583480571039818,-0.0833138518427021,-0.0288604329939311,-0.0016424852211945,0.9961040004642252,-0.0619303230205778,0.0763856347089822,0.0273660505540996,-3.282571192345649,0.5494434533645051,0.1087095194279699,1806.9006039433173,1814.9928160021848,1705.1203527171697,1762.5232151671737,0.0222244796902106,-0.7173188186277186,10.342132199940446
12.12,1.0192014841983608,-0.0087801814328525,1.559033448614691,-0.1016589693076507,-0.0255147318843965,-0.0016186616172048,0.9944907402036192,-0.0680372288386532,0.0982731752584644,0.032329543290406,-3.388861173391392,0.5462035131033693,0.1066576219709783,1806.8410022605929,1820.7881034323464,1725.8040505703464,1764.2523735136035,-0.0500356109775915,-0.7958104944642348,10.341249628097886
12.13,1.0186150474397,-0.007390526239058,1.5597394956994528,-0.1192941433452025,-0.0223309120012984,-0.0015673079149131,0.992606559155552,-0.0728871745302739,0.1245279987716347,0.0397778395685095,-3.35545563728369,0.5141873456029633,0.103291780241103,1799.891635776118,1806.8483860887104,1768.6760074926258,1800.0559711438202,-0.139458662291262,-0.882409685341355,10.37487282836892
12.14,1.0179989235237064,-0.0059337849321852,1.560437471487514,-0.1355421754270676,-0.0194748478005513,-0.001523078675637,0.990578986863234,-0.0770698262811086,0.1541052891896148,0.0494283124732745,-3.2672052530244238,0.468545185214536,0.0930959506743231,1804.1893845029929,1795.548147708148,1807.6964190046867,1846.355695106858,-0.1104228533143127,-0.723569961430516,10.651792411631076
12.15,1.0173729230130344,-0.0043603647195405,1.5611317096783712,-0.1502077609071833,-0.0170146290455946,-0.0015285225068303,0.988506851053971,-0.0807016734154511,0.1837524892131848,0.0593083690106768,-3.198984923012774,0.4367878464063601,0.076722890343875,1824.46942080282,1806.247066512837,1823.8407176729293,1874.894940373223,-0.0364496316031321,-0.7033840707067998,10.93225708577748
12.16,1.0167448541894573,-0.0025736943559616,1.5618623027553424,-0.1635726547161204,-0.0149052973830772,-0.0016179460822149,0.9864173563910552,-0.0834902794959639,0.2113657931207498,0.0680079166872037,-3.163139990493125,0.4324683172497034,0.0607014378055574,1849.1707447274923,1833.9437466010827,1827.3748133995773,1880.0476397046727,-0.0026442269996317,-0.7262448864376281,11.116656560723946
12.17,1.0161106306319003,-0.0004485152222548,1.5626934019016991,-0.1762427879945169,-0.0130180419668683,-0.0018014805275549,0.9842589928119414,-0.0853649632349536,0.2403999406116067,0.0760248653378744,-3.1405409114599445,0.4425632999087442,0.0509125874200663,1868.494287429893,1857.9792952948844,1839.9982506931904,1876.45566078682,-0.0678653925610327,-0.7733076598660928,11.338215516904985
12.18,1.0154593542681405,0.0021465384001301,1.5636881475001894,-0.1888858123362865,-0.0111991236295838,-0.0020581210788115,0.9819330392983094,-0.0867345277895925,0.2782861942377304,0.0850825344040062,-3.121832880903328,0.4423211051197956,0.0471721942862942,1885.419299709309,1867.46366288091,1864.1208949261447,1876.580290913009,-0.0678653925610327,-0.7733076598660928,11.338215516904985
12.19,1.014780664732418,0.0053311897509226,1.564879179167619,-0.2019605370142684,-0.0093329873520096,-0.0023455558160229,0.979346381625985,-0.0881098552192947,0.327995652688606,0.0962467975282141,-3.107189210954276,0.420642865530322,0.0445799471087984,1906.154567295429,1870.5421283962385,1884.877916634786,1882.8091882041024,-0.017527984276482,-0.2955460394715361,11.789063050319983
12.2,1.0140704236485747,0.0092054239594308,1.5662474717085937,-0.2155911037218375,-0.0073796334695231,-0.0026245981918269,0.97645231757121,-0.089625945681638,0.3833034774538515,0.1089208146534565,-3.0892671012478923,0.3879570378985094,0.039039811826606,1929.3567997842208,1879.9062722693952,1897.23142568331,1897.2025607115013,0.0106709439585109,-0.7696523143904974,11.928746470690388
12.21,1.0133322518030434,0.0138470953812618,1.5677195448753412,-0.2296531844196974,-0.0053687397428486,-0.0028827554249563,0.9732534516972574,-0.0909771257664939,0.4365232937659873,0.1217893647723901,-3.054078180301926,0.3604874043048803,0.0301299787411675,1949.0439680721731,1896.490125988866,1913.2543425138515,1923.039549920053,0.0185892645201413,-0.8110387366940559,12.166595288860655
12.22,1.0125753612576212,0.0193048549774133,1.56918603165167,-0.2439456154258589,-0.0033639702658148,-0.0031390618440055,0.9697779986725256,-0.0917012614968558,0.4897459329576084,0.1341056916513064,-2.991736980680815,0.3421884568274138,0.0194301221364134,1962.1083627358605,1910.379855459268,1939.874428405029,1954.3677083964387,0.0185892645201413,-0.8110387366940559,12.166595288860655
12.23,1.0118108870934646,0.0255828147476863,1.570537425559812,-0.2582541196584015,-0.0014309016668918,-0.0034267139610037,0.9660698835132544,-0.091493990686787,0.5532095004433697,0.14536223058307,-2.894000952996788,0.325254742008295,0.0083422883212615,1969.7910110041312,1914.459805807482,1964.842360623957,1976.5698210415064,0.0401588229250759,-0.5596514332749125,12.495793065599102
12.24,1.011048458751916,0.0326304757481279,1.5717068820578537,-0.2722826496791224,0.0003747066955027,-0.0037681963288215,0.9622098622312264,-0.0904137418488156,0.63209021170255,0.1541868019598949,-2.7446246814515085,0.3044158892877303,-0.0019802566131032,1973.694867286292,1912.054490910778,1974.328667981369,1983.0946237247565,-0.0199663279271856,-0.5769039323194551,12.692721746525583
12.25,1.0102936574662844,0.0403578157605952,1.5727047337028794,-0.2856080233006469,0.0020112826886709,-0.0041615041454622,0.9583353763957014,-0.0888761871203621,0.7194179130817444,0.158618382180894,-2.529606614850083,0.2837522125844973,-0.0102778773130764,1972.3179415003085,1910.0672782473112,1974.089167552604,1983.6887033505316,0.0030027618376683,-0.6461690283766153,12.602224170609258
12.26,1.0095468111150292,0.0486785017160864,1.5736279827451791,-0.2977725589703316,0.0034627404626546,-0.0045841421938324,0.9546195567832744,-0.0873100010990666,0.8032120487555071,0.1578570116159612,-2.265274228775234,0.2682724393790122,-0.0157927567791624,1964.861314228465,1909.916962815088,1979.7498238527076,1989.8610385003508,0.042154566641211,-0.868875606585064,12.507065919267106
12.27,1.0088035661345371,0.0575589730337525,1.5746349744612365,-0.3084559159054718,0.0047476933929123,-0.0050078042700098,0.9512136086320236,-0.0857211326365011,0.8775533204088469,0.1536155705063474,-2.0011119969030844,0.2548222526383256,-0.0187234804699244,1958.6218590536469,1909.4513260810816,1991.5644188795927,1998.4015361110332,0.0398136156439913,-0.7503995488288187,12.556142247889154
12.28,1.0080569019806456,0.0670418283735598,1.5758901224155155,-0.3175888961232764,0.0059091167882102,-0.0054116883963435,0.9481946472252852,-0.0837169564355013,0.945957469310378,0.1494618998889888,-1.7782578195835714,0.2359848224854902,-0.019732058295014,1964.334751357049,1909.5170762916916,1994.902935060477,1997.9301796352308,0.091034337007686,-0.5073293478109706,12.67202623018258
12.29,1.0072996155678815,0.077226569198832,1.5774995998234362,-0.3253382266499156,0.0069869841240293,-0.0057858336226859,0.945554199642955,-0.0810481143063845,1.0164346722975606,0.1482442109642004,-1.592155232016307,0.2103694278759244,-0.019208361109286,1980.536962726728,1912.9543622425867,1985.6501016242844,1988.4181492995845,0.0489374625450456,-0.5369201401157957,12.75138887353051
12.3,1.0065266747967756,0.0882186054639913,1.579466890945412,-0.3319907811554759,0.0079966973928441,-0.0061243775241141,0.9432288513709312,-0.0780061293503308,1.094405963529964,0.1497069319442607,-1.40936547174031,0.1846607404375247,-0.0169936714859491,1991.996208031073,1919.0596152181863,1977.8849566546205,1982.9834049585088,0.1167915679392052,-0.5919076737203408,12.437674155224896
12.31,1.005737191973517,0.1000786190921045,1.581689032270468,-0.3378110723863391,0.0089307035662112,-0.0064177604649723,0.9411496874873936,-0.07516253293364,1.179159867087775,0.1506723156108007,-1.2128114383456552,0.1662670495383332,-0.0128682048965241,1988.3513682088144,1923.223504405033,1980.2904824395816,1988.0514609597333,0.0858127748367696,-0.553456140757068,12.542233085221833
12.32,1.0049352213456506,0.1128025053998188,1.5839929485664843,-0.3429342897833118,0.0097779021875795,-0.0066536087112302,0.9392849381368484,-0.0727740634419042,1.2657123344954029,0.147613313199461,-1.0120306219662578,0.1570068241918531,-0.0074967837227448,1974.960747959388,1921.182365134086,1979.9265087395488,1990.976899759667,0.0652182647339106,-0.5267216583646173,12.549653591579917
12.33,1.0041284081462616,0.1263388854032333,1.5861915350792388,-0.3473230325514321,0.0105412629645299,-0.006825292637814,0.9376614571447404,-0.0705672861619566,1.3493799678254712,0.1390347093942384,-0.8087563100706978,0.1534680566628552,-0.0022699015843565,1960.601678628508,1911.0880300764247,1960.619716380741,1974.04501948134,0.0071464693422808,-0.3684575142662014,12.36775520554384
12.34,1.0033249592844558,0.1406260068479659,1.5881343592230737,-0.3507865106141238,0.0112398972597634,-0.0069370900328002,0.9363623045929572,-0.0681107245541855,1.4286168993382444,0.1257825125975361,-0.5716945553978494,0.1506617134539881,0.0026404462034794,1943.3308451380692,1891.688364702224,1928.0963885918136,1937.454663600692,0.0733994385020758,-0.31023283993426,12.062212105727289
12.35,1.0025311208179253,0.1556202646251658,1.5897374180347668,-0.3530432648434145,0.0118974230532884,-0.0069980760291015,0.9355051744406788,-0.0652871940130725,1.5043429851674677,0.1097010556110656,-0.2623302138316353,0.1444939682537337,0.009448396382541,1915.1209226954995,1861.4368225350613,1903.6461704027968,1901.3033950778977,0.0798325703491079,-0.3536685006897837,11.70077905903839
12.36,1.0017510256992943,0.1712967136912873,1.5909898604414252,-0.3537998187046202,0.0125285510854422,-0.0070093405457521,0.9352109884071031,-0.0623378225460138,1.5775791920419129,0.0920613249752672,0.1154440610841802,0.1324318524612742,0.0206539377048385,1875.6970205078264,1822.3783210513816,1895.3015457497415,1882.4851756261016,0.0753401644654737,-0.3634036194836971,11.31524689987207
12.37,1.0009885477202332,0.1876196630514381,1.591943820664785,-0.3528200571219664,0.0131347719632322,-0.0069571919131397,0.935573130513382,-0.059536218886492,1.6480069501670531,0.0727188858568806,0.5061192517217384,0.1144792074578018,0.0358863846140955,1834.9107887923772,1783.385624218411,1886.8832962511915,1874.6693856515244,0.0685424489046725,-0.278363260220468,10.922979742000695
12.38,1.0002492040189008,0.2044996070743932,1.592694094822499,-0.3499744414678474,0.0137117001193116,-0.0068215047401618,0.9366340516296566,-0.0569515445825602,1.7144850333923376,0.0503654114017336,0.8530520885065593,0.0952889866618587,0.0519754853484597,1801.2056333239366,1754.1249876641975,1858.9186689330445,1856.6557839126492,0.1172917916099718,-0.1548550978854272,10.562939907543726
12.39,0.9995406687473356,0.2217642628306873,1.5933505396672238,-0.3452720166808161,0.0142614778780353,-0.0065965070212432,0.9383711050757132,-0.0544939330006222,1.7767312910305784,0.0238099776612315,1.1549661358299217,0.083549870844318,0.0661373982753093,1772.4344421838882,1734.317563921044,1813.282470537074,1818.323589368368,0.0515480364927851,-0.1030885439200162,10.141461443408748
12.4,0.9988717946726464,0.2391711519786473,1.5940033288923414,-0.3388752183229084,0.0147990728720445,-0.0063093609600732,0.9406937683502556,-0.0520331173049801,1.8363487681925568,-0.0064163565547889,1.4652414569490824,0.0846582511564512,0.0779264633525833,1740.7312970644728,1713.1096365848518,1771.0613471479164,1772.4116516595675,0.0647488374279378,-0.1547788925498654,9.733245770994008
12.41,0.9982505954062796,0.2564747477055811,1.5946840689530508,-0.3310797174907632,0.0153449129715843,-0.0060190810564839,0.9434588093686797,-0.0494525637623357,1.8955868619828729,-0.0373563135567692,1.833837356714536,0.0920555591887964,0.0879506192528349,1703.7087093511434,1681.5290707242698,1748.0395194752496,1740.6135961457924,0.073785213797086,-0.1040310849654657,9.351569027264132
12.42,0.9976817489879646,0.2735355386482124,1.595334119740866,-0.3222317980413004,0.0159071349602728,-0.0057898811216414,0.9465094340074078,-0.0467394011627975,1.95423583635005,-0.064745422178291,2.2509644706498237,0.0893088217655095,0.0960669102636071,1668.1001878444451,1643.5254318936074,1738.1660893899095,1732.3116614590574,0.0514332249018545,-0.0899352802861024,9.049502577757302
12.43,0.9971645776940397,0.2904302187391677,1.595798618541702,-0.3125783216348338,0.016466532623695,-0.0056528931015498,0.9497324312388652,-0.0440817382988842,2.0079613515323715,-0.0857203131259329,2.647557698675618,0.0650247988309689,0.1015317091810819,1644.5749607427824,1612.8610943292788,1723.2149651231337,1737.052704520971,0.0510643621722619,-0.0307562441992512,8.910145455628584
12.44,0.996692654926356,0.3075043626469489,1.5958608712322613,-0.3021036767873172,0.0169763296124985,-0.0055820265915789,0.9531075561989858,-0.0417296880631148,2.05161005237955,-0.101505923646322,2.9525388417148237,0.0256015081984146,0.1040317017031665,1640.2344180184796,1600.2567755314317,1694.8451529015654,1733.968856281486,0.0422421179392718,0.0574984032935619,8.837273550886081
12.45,0.9962556413841424,0.3253154862567629,1.595313169400544,-0.2904701452034142,0.0173774015434178,-0.0055022955029052,0.9567104292341048,-0.0396346970490385,2.0858360332482584,-0.1177574113872393,3.152930868164565,-0.0098514118014832,0.1039511972126594,1652.0487610675573,1604.9713316812106,1662.6821855697365,1708.521963516289,0.0821109108884228,0.0999089647022759,8.642253751955286
12.46,0.9958430098621104,0.344456775839034,1.594036517607745,-0.2771670827670624,0.0176187738860083,-0.0053280385041876,0.960645407547888,-0.0373328808752369,2.119384155436614,-0.1410985083446305,3.298329174019752,-0.0284006023580787,0.1022482751226534,1666.3816461752,1617.5067008006752,1641.0144014051525,1664.686002258765,0.0821109108884228,0.0999089647022759,8.642253751955286
12.47,0.9954483590413716,0.3653238542540609,1.5920511236301031,-0.2618367705561031,0.0176728005788807,-0.0050095311604237,0.9649373463090763,-0.0343612694333967,2.1621709599851524,-0.1734775975213702,3.4471789882814337,-0.035241959074237,0.1003194084474978,1670.4857072966497,1627.9975702995966,1631.9338394891276,1622.489377704596,0.0892593705475709,-0.3391367039911657,8.41313511462139
12.48,0.9950721970635674,0.3879446561825038,1.5895116274529255,-0.2445644771060829,0.0175419432456616,-0.0045607849478663,0.9694636125227464,-0.0307584876952107,2.215671544105339,-0.2094407314216129,3.615109656317494,-0.0455147859981767,0.0989687400584631,1666.6521401981322,1632.467671750071,1625.5626894372829,1600.9527346274022,0.0661075985904869,-0.0329585798713996,8.357937275041099
12.49,0.9947211491945184,0.4119739192313069,1.5866490968075349,-0.2258971211776425,0.0172590590497968,-0.004051642803149,0.9739898355295936,-0.0270097341239828,2.27183780585091,-0.2400838587562482,3.7782051404245873,-0.0660975723214563,0.0970129854715413,1670.201269353934,1634.2812060808153,1616.2839421219514,1602.663196930368,0.0328857343860388,-0.0688222716283575,8.430714722934336
12.5,0.994403361040204,0.4368530381023177,1.5836885121029054,-0.2065626496305382,0.0168812179768129,-0.003568554718676,0.9782812283154833,-0.0235261332751385,2.321501886725969,-0.2602260816047561,3.91352647583586,-0.0884017623532593,0.092183066768079,1691.627297128973,1641.5962599196805,1612.8985091518334,1616.414764836634,0.0185284584623022,-0.133469716385989,8.529756472909108
12.51,0.9941226771558332,0.4620334550901162,1.5807796180515188,-0.1871038102158152,0.0164751556336618,-0.0031684512990683,0.9821968714906072,-0.0203168804949463,2.3620380709180813,-0.2711266509865557,4.021202452845952,-0.099192081668965,0.0844554022249235,1724.9292300324944,1661.9901811369964,1627.9782894391826,1632.433518451635,0.0428146454216975,-0.1613036821810611,8.77293904825243
12.52,0.9938756171390132,0.4871413811980613,1.5779664710174526,-0.1676773173018525,0.0160963014872207,-0.0028551098108733,0.9857063836096702,-0.0171465224173265,2.396925224596096,-0.2766181309414217,4.110848950355658,-0.095670835270545,0.0773413990220921,1755.3590636714052,1696.5737816981775,1660.2510615731042,1649.8972144234897,0.0331323016610157,-0.1629151851962142,9.14007009760424
12.53,0.9936535427795608,0.5120224987730099,1.5751982088429275,-0.1481087607760547,0.0157688064301623,-0.0025919505547342,0.9888419598285012,-0.0138531825783242,2.430272485341624,-0.278458802614789,4.183623073470298,-0.0880610473580081,0.0743986889032465,1775.6406329283298,1738.4132537264582,1693.7932039807984,1669.98541206824,0.0403657431150812,-0.0982866990005595,9.48753463380674
12.54,0.9934486227548452,0.5366834859299893,1.5723667865834554,-0.1281187964529384,0.0154758296322579,-0.0023389699610024,0.9916353169951972,-0.010464708631204,2.4630542560551563,-0.276424406123656,4.236254473318791,-0.0887752590267565,0.0751277252366954,1792.5946545342076,1778.2035174298862,1714.737354353488,1688.8893520783122,0.0242040912107757,-0.1781099570951698,9.842002048427558
12.55,0.993259353336888,0.5611916002978057,1.5693533812240854,-0.1075668968700849,0.0151672237122732,-0.0020846728989566,0.994079962659698,-0.0070980580554782,2.493453684007401,-0.2715361252342369,4.274917910692928,-0.1009943389216099,0.0756435945957053,1818.2346759100767,1811.6675775279195,1724.6003305700165,1703.0167318544552,0.0431122194965133,-0.1402144635244062,10.257446832270135
12.56,0.9930920177035372,0.585594795373264,1.5660691838733765,-0.0865867505817689,0.0147846801516661,-0.0018507472330138,0.9961328840025224,-0.0038252793885041,2.5192388388876803,-0.2666184065709625,4.310851497271597,-0.1168620049754195,0.0728210919660328,1855.538104031415,1840.346209379638,1736.3436019856117,1717.417278507335,0.032701442805465,-0.095228101984806,10.652659552446554
12.57,0.9929578708430208,0.6098980525086379,1.5624814446887827,-0.0655578735487294,0.0142928125277888,-0.0016712369065501,0.9977450013370232,-0.0006488594887758,2.539540193184668,-0.2625136656363654,4.338700353798927,-0.1247466280724878,0.0663431932285007,1896.0471968133256,1867.8816530917204,1759.5370240600553,1741.223993838776,0.0210139041742316,-0.1641345103428793,11.070359057160063
12.58,0.9928687083060934,0.6340957126775877,1.558620967975829,-0.0449297299089745,0.013697882881663,-0.0015667003295551,0.9988950059064988,0.002411618766908,2.5549949487366934,-0.2554546400541469,4.334321024048098,-0.1192911399416775,0.057174490688186,1932.720936160324,1899.3453098334617,1791.0413619046385,1773.9920659476795,-0.004751031434054,-0.2006032835342758,11.448592762712613
12.59,0.9928335004766204,0.6582289004165381,1.5545757826733664,-0.0249736158987052,0.0130428661372014,-0.0015324196076762,0.9996018476583648,0.0052667045440461,2.566590847702685,-0.2406993875851056,4.289511365865213,-0.1071747053439464,0.046405375776198,1969.182876650848,1940.232095990806,1821.2904896652092,1804.42961349604,0.0117350083852685,-0.1494711110238964,11.935269188109984
12.6,0.992856852222278,0.6824220782404237,1.5504840354354623,-0.0055850427083889,0.0123832332814346,-0.0015445593266339,0.9999065342160384,0.0078716278445655,2.5742278776374232,-0.2184954736425393,4.238849932163988,-0.102250861246454,0.0367396621984477,2011.1363096871253,1988.8903393381015,1848.2168447183396,1826.7426295906205,-0.0221868114351667,-0.097,12.293450857326368
12.61,0.9929385772165572,0.7068620654371673,1.5465357966341935,0.0137283681138821,0.0117599464334685,-0.0015754012183962,0.9998353632872828,0.0103935132554569,2.5762516303848293,-0.1938928505946525,4.226493629769336,-0.1110864928690529,0.0329955752391835,2054.7096476941965,2033.1394810780637,1879.35276389859,1850.8796842429092,0.0439334471016633,-0.17988351475661,12.656732812596012
12.62,0.9930737816754334,0.7317198430497088,1.542975241611447,0.033616818698363,0.0111830666448913,-0.0016057745798697,0.9993709371444698,0.0131519475978673,2.570646000756045,-0.1699946077310028,4.243288992003159,-0.1230813659203865,0.0379913696719519,2091.364708156668,2063.952689852136,1917.997798946345,1888.767822955092,-0.007964826573675,-0.753061534821638,13.385512289875562
12.63,0.9932538128742514,0.7570641367224175,1.540079443046097,0.0545258215395527,0.0106371056145458,-0.0016287387183689,0.998454372507712,0.0163240997784724,2.5570288129562235,-0.143291500989173,4.224215939549524,-0.1203443568695624,0.0475371769843779,2120.9744709045463,2091.0393640392745,1954.8223376382728,1934.745254772719,0.0148528959580747,-0.1076909406894086,13.90611771016178
12.64,0.993468774332503,0.7828334417126347,1.5381009920312614,0.0764416491813295,0.0100984052481657,-0.0016445735082811,0.99702156037864,0.019783819340815,2.537297299535472,-0.1064271783117346,4.129702630342636,-0.1008401415657636,0.0518467726422745,2152.1466179034933,2133.2133077390886,1980.276397485225,1970.1341421839063,0.0467085128284972,0.5837423943176498,14.262913288946464
12.65,0.993711193998164,0.8088877064663363,1.5371969277190345,0.0988884901663271,0.0095506975687413,-0.0016524066282255,0.9950513153807242,0.0232835472709336,2.513522195344257,-0.0543208481541995,4.016633222317367,-0.0863859936204831,0.0439385401604444,2189.4888378949404,2190.1483317451984,2000.39281849677,1988.7432326917176,-0.0373423022343674,0.0793326991771485,14.695242675485328
12.66,0.99397874085912,0.8350850319946308,1.537393857706013,0.1211210065139506,0.0089893068709764,-0.0016451839735327,0.9925956817922996,0.0266835382747498,2.4845516019143887,0.0123600076475516,3.998360782198543,-0.0987790863756367,0.0268777743963398,2225.511088704988,2234.5218874182856,2030.713836502986,2007.6957100258976,-0.0027992828823288,-0.0322771096711225,15.160651792330915
12.67,0.994273700797039,0.8612965470414247,1.538628133920806,0.1423624423028342,0.008415959909361,-0.0016124491795632,0.9897775036077652,0.0299024969181598,2.445394311289499,0.0872800685481032,4.123887656563987,-0.1288367407078172,0.0115937180824307,2247.5357923579027,2241.6831741402734,2073.923512162014,2044.0487631845883,0.0073537541747533,-0.0892393986856463,15.628613066044018
12.68,0.9945989312435404,0.8873135733325729,1.5408530358535175,0.1620273386701824,0.007833916668246,-0.0015509038274677,0.986753954119471,0.0327433589322223,2.3924994697892386,0.1601753547606461,4.3154932947463,-0.1411813708457075,0.0062437120990592,2251.1252722108125,2221.6781444543863,2110.765836859793,2085.916714706917,-0.0792355462894597,0.0606324301193312,16.119114619380372
12.69,0.9949523449073276,0.912677516937565,1.544154385653266,0.1799592025642704,0.0072483881950412,-0.0014774725548656,0.9836462592598294,0.034974401401136,2.331934943075014,0.2203334489984276,4.443392460772796,-0.1158458176894666,0.0082278734843937,2243.2511647467973,2208.0398799670584,2117.816683329508,2101.06536608002,0.0475604386389055,0.2863798372687327,16.305270752415687
12.7,0.995322723403686,0.936524326077656,1.5487963617436928,0.1966596851425177,0.0066680681794148,-0.0014360397779377,0.9804480827132852,0.0366841554509395,2.280335441640642,0.263188414480573,4.451785216510151,-0.0755230427258157,0.0083751542589092,2231.2826320098493,2213.165607991586,2092.069801933549,2077.1581992737392,0.0289294674863805,0.3921158574553294,16.10129200580944
12.71,0.995689076122678,0.9575572781770338,1.5551447249253856,0.21334756053018,0.0061021173299828,-0.0014897014110853,0.9769561726964102,0.0384210975276648,2.250491878451165,0.2967472364049855,4.393632780992954,-0.061185487094812,0.0021319661570359,2213.892171714458,2210.8152249524983,2053.9295984976898,2039.7797653500825,-0.0485511148603692,0.2563710884031893,15.67631415130409
12.72,0.9960247570571836,0.9742399545325144,1.563475878268148,0.2316560553962416,0.005553929769219,-0.0016967752150791,0.9727804206583526,0.0406551365319074,2.229341234923803,0.3384108290623306,4.354160963050249,-0.0843236561248972,-0.0063113915302581,2187.4956543476555,2173.137945262035,2026.4094076644903,2021.770408358422,-0.0485511148603692,0.2563710884031893,15.67631415130409
12.73,0.9963061075304996,0.9852336686731922,1.5737510107286683,0.2529835672000701,0.005018104746658,-0.0020794133837681,0.9674553268195172,0.042923411930634,2.172370750864828,0.3991204008841376,4.3759396830513415,-0.1134598062286953,-0.0107483315811087,2156.280782603243,2111.543551591505,2015.5855494373995,2025.1528367277108,-0.0128085128713374,-0.4639150029983838,14.938124289484646
12.74,0.9965233474541044,0.9899821481035476,1.5854746092741956,0.2778315015556181,0.0044834876566238,-0.0026022993802708,0.9606158353471584,0.043817397497072,2.031986064554829,0.4698076844197724,4.467209779985455,-0.1101779017790968,-0.0103254543003865,2126.3612841212707,2063.189939808277,2012.563129085141,2025.607979553884,0.1306689552172502,0.3096967652598277,14.310436600391686
12.75,0.9966892982637786,0.9891919430985504,1.5977273296276586,0.3055632963900375,0.0039385968290675,-0.0031773078619445,0.9521583188047156,0.0423153893744556,1.8035634219534225,0.5276816580812784,4.642407968633558,-0.0718763746736895,-0.0091032335803805,2092.5764140297792,2042.3856468122967,2008.5459610501332,2007.949387799744,-0.0185780186830345,0.3363337173565082,13.849247091589168
12.76,0.9968406416033654,0.9848856613810076,1.6093718540799749,0.3347336908018295,0.0033755682216302,-0.0036958808967185,0.9422994758810828,0.0391515996729906,1.5430491228631564,0.5559175472553658,4.908078514753541,-0.0338831493763037,-0.0106837478378465,2042.8649428341453,2024.2034986570145,1999.4288031563783,1980.231972331452,-0.0366445153266743,0.7335483666624443,13.587596032755878
12.77,0.99702885828105,0.9798685160988194,1.6193416467905166,0.3637186348501772,0.002794175156096,-0.0040731070946768,0.9314957633003575,0.0364569560780505,1.3284793765180958,0.5534798582566497,5.207886757921721,-0.0325088738843648,-0.0148730263848451,1976.7004430958243,1978.700168327411,1975.4300667207651,1950.114536110612,-0.043140366199227,0.6369029600027174,13.45729265507903
12.78,0.9973037897518412,0.9768086808358538,1.626894759687792,0.3912169774240778,0.0022086094827773,-0.0042796554030574,0.9202858703516816,0.0358987328111168,1.1986943668080217,0.5277819950478888,5.409986229593869,-0.070986521402101,-0.0187223442345916,1909.0389719201564,1906.4134201057475,1918.684272811676,1904.0631145675384,-0.0011943820226659,0.3232972518699908,12.727010515297176
12.79,0.9976976862930732,0.9773956283824088,1.6317455404315502,0.4163893661076913,0.0016524039245173,-0.0043458968614552,0.9091745038958003,0.0373691026826149,1.131753320107289,0.4850120515493644,5.360344435152404,-0.1195268342369734,-0.0197121617910877,1855.3962573195065,1834.886055816487,1821.9576248683447,1823.161703227284,0.0572176483378344,0.568994509220059,11.845140429108309
12.8,0.998217252692616,0.98196970941452,1.6340430146890643,0.4387104861474903,0.0011705135806312,-0.0043401366389332,0.8986172168705348,0.0394605895542617,1.079417514985102,0.4295775187742577,4.950940406115752,-0.1428754674173567,-0.0179752459083919,1823.34456760194,1793.0039612804435,1703.9493693412658,1711.359819996978,0.0620136891424333,0.418564249314187,10.796723998864422
12.81,0.9988463113453782,0.9897039484874044,1.6342262907060765,0.4577713995610973,0.000793949001654,-0.0043366978730445,0.8890590016643524,0.040900699945859,1.0131896679879182,0.3676633371584923,4.166979105799416,-0.1286449997544681,-0.0160086604292485,1818.3739718372356,1794.940430244888,1595.5374510251288,1595.7453445075253,0.0252650458260551,0.1266168230375077,9.822777873579517
12.82,0.9995563252223498,0.9991393084982834,1.6328374975026407,0.4732097471172533,0.0005094687070121,-0.0043908876798562,0.8809387014885001,0.0414393797113885,0.9365462329935113,0.3065104951436831,3.111381426389518,-0.0959838570573677,-0.0164660930795785,1843.4586732097096,1835.3581549238377,1515.3371465422106,1504.934247443598,-0.0041198107379528,-0.154550919314258,9.192803697273137
12.83,1.0003187864343674,1.0087804352487304,1.6303823947189824,0.4847805252775787,0.0002485638534487,-0.0045279395609264,0.8746240782707382,0.0416263753404237,0.8634961778643855,0.2498756981081165,1.984831560700684,-0.0793776892785617,-0.019605174700497,1886.256329532659,1888.067005692866,1467.5261288212596,1457.3280595904423,0.0200307063914759,-0.4933536667445128,8.941259004548028
12.84,1.0011132474946176,1.0175231507586988,1.6272863689695605,0.4924593486466913,-8.78305904034172e-05,-0.0047412340128659,0.8703225280988073,0.0420166299399971,0.795301084022199,0.1957760252269999,0.9958213710731328,-0.0985346900901284,-0.0220284848639729,1917.9853279867184,1917.7518390588543,1455.190725602779,1460.9681808236082,-0.013006350327536,-0.7393347089236713,8.967511632506085
12.85,1.0019280435794586,1.0248174140027804,1.623928864277946,0.4964649511002093,-0.0005773040314844,-0.0049927599502655,0.8680422175200934,0.0426510091347928,0.7196551317673704,0.1398460842724923,0.2440600117787102,-0.1392025117306318,-0.0184450744800197,1916.3298526369213,1907.7224832775,1480.301653327194,1508.229128219319,0.0021207619755977,-0.9418290628318756,9.025590949897625
12.86,1.0027561133283112,1.0305961866944218,1.62069630789608,0.4971711240304827,-0.0012281898015382,-0.0052179397126407,0.8676359478982144,0.0432020361744139,0.6274648298096889,0.0809285530801923,-0.3259709534244836,-0.1654438925350186,-0.0063237972614526,1887.1900422545325,1876.9642181233824,1531.534394232564,1572.0382113599949,0.0463262878149421,-0.8479892893441416,9.090754805642648
12.87,1.003591441324558,1.0350771068150753,1.6179933669891975,0.4949687723392588,-0.0019690007959147,-0.0053436351973898,0.8688921009007446,0.0434777619710701,0.5240616503140534,0.022245236241691,-0.855149211538186,-0.1545074626302596,0.0107993960773503,1857.6644146332312,1861.9504756135173,1584.250621646992,1620.27940258715,-0.0058048497936035,-0.6712090440574365,9.239195514707674
12.88,1.0044294096878048,1.0385543568653794,1.61618882818591,0.4901663580736132,-0.0026843698675728,-0.0053187360785966,0.8716085397802105,0.0436790292916959,0.4224706650933816,-0.0327338047543967,-1.4406775304251365,-0.1190071441063182,0.0259337262987581,1848.585493695204,1879.603278551644,1617.0878943796747,1639.2710354378569,0.0460069725506405,-0.7640498406806686,9.531078484386358
12.89,1.005269441092014,1.0412577954146969,1.615519144786198,0.4829749037133164,-0.0032761503740113,-0.0051399427137124,0.8756129796952187,0.0441672915187886,0.3297326662964047,-0.0828858758049477,-2.05767610005896,-0.0921775177001321,0.0351531877148045,1856.543248703567,1911.1732899262188,1627.1076573164305,1642.1386288293213,-0.0306631934267043,-0.8129256777096701,9.858869555237517
12.9,1.0061163350694715,1.043300782937997,1.615996689893831,0.4735605156492181,-0.0037136848415528,-0.0048527571438272,0.8807400849916207,0.0450738955868113,0.2427358582397997,-0.1272627307699183,-2.5997590661477163,-0.0926872727004644,0.0406450526977468,1861.5648948887451,1923.4752479174076,1629.3831832490132,1653.9752924955587,-0.0527442898738467,-0.8233541005215383,9.91386541976136
12.91,1.0069790839780288,1.0446972457267305,1.6173645642654535,0.4621111205397636,-0.004046308920945,-0.0045251365458508,0.8868012532675187,0.0461938916074445,0.1551582336403897,-0.1639019293503592,-2.995660416655926,-0.1088614534188693,0.0470858005389204,1850.736670366216,1904.2425937895048,1641.0691090980083,1686.3671654250938,-0.0507747636125495,-1.0779340721658044,10.089168931856785
12.92,1.0078689008320605,1.0454116441557462,1.619125000415229,0.4488687628488905,-0.0043748058806217,-0.0042123428921006,0.8935770537448758,0.047216204930184,0.0650709318968335,-0.1929624447480897,-3.276818038773785,-0.1184492572688802,0.0564788180844834,1831.2842863237668,1872.561792029956,1663.126009303501,1723.8681641908884,0.0133475180239902,-1.1504052581505126,10.091854376767548
12.93,1.0087982565099214,1.0454078669923057,1.6206470361760272,0.4341112226094483,-0.0048012228013498,-0.003936195099159,0.9008378883196928,0.0479955110862158,-0.0242689754778896,-0.218689923045995,-3.5271602926793437,-0.1171771343023275,0.0675063261500017,1816.4953152501469,1851.9403325514304,1679.3277945314612,1738.9155373644985,0.0563322475969054,-0.8573776316412607,10.212267463729193
12.94,1.009780560060175,1.044676753845569,1.6213234408787764,0.4180993021458746,-0.0053846815474722,-0.0036867287834023,0.9083778876550456,0.0486090397353136,-0.1086686841795329,-0.246131303493532,-3.789009543828137,-0.1206970167993175,0.0784871520135759,1804.0704528987592,1840.2720696963788,1675.5377390664216,1722.2174819515508,0.0166740191253733,-0.8474760401006849,10.305799313718538
12.95,1.0108284940925751,1.0432388868483071,1.6207176953768236,0.4010169188399351,-0.0061215647350893,-0.0034358243265975,0.9160437502436856,0.0492081965938585,-0.1865342635346215,-0.2769384625441452,-4.041045745710148,-0.1400207389401108,0.0888153446588665,1779.7043696526598,1816.6428824738089,1655.3200385951286,1692.2087256611678,-0.043523801649869,-0.9431805237226856,10.020903070804556
12.96,1.0119495166069394,1.041132104186646,1.6186482606207149,0.3829263036810998,-0.0069525170772903,-0.0031492767921415,0.9237473629251164,0.0498615608816952,-0.2587994108479319,-0.3096270574900516,-4.256471174314784,-0.1634254753227522,0.0977101611193482,1740.1423758756998,1773.723498897326,1632.7098751949136,1671.4644067504278,-0.046556451766234,-1.0052874284222373,9.601367424442998
12.97,1.0131392585225576,1.038397788480354,1.6151931839560745,0.3637596815021522,-0.0077885955687016,-0.0027951343995255,0.931456074711099,0.0505373170398877,-0.3266943459777509,-0.3429861995931844,-4.452510085609851,-0.1673427832876886,0.1039079580715552,1699.483275968129,1729.3257392175265,1615.7883426648075,1661.9623080580925,0.0444926696921295,-0.8853904901797689,9.43052400338088
12.98,1.0143759756956734,1.0350767420395643,1.6106321393755674,0.3433699546471996,-0.0085456994244021,-0.0023539874518781,0.9391584019802008,0.0511934338477805,-0.3901999837004209,-0.3775645327721059,-4.673711557118591,-0.1416821931642378,0.1075730362018648,1671.0767934624696,1703.5486370617898,1603.2257583456208,1648.9665133119422,0.0143810569075016,-0.8310734398621458,9.278396640522429
12.99,1.0156200790641463,1.031217568493048,1.6053561566126944,0.3216469332268633,-0.0091745678491263,-0.0018310282654264,0.9468134583887295,0.0518475508721678,-0.4484849362910024,-0.4136228914511092,-4.936960023035552,-0.0993735451572475,0.1106849531608319,1654.341807849246,1696.0935546775177,1591.415389891128,1622.4687763248926,-0.037903463014074,-0.8567917076052627,8.972109427184357
13.0,1.016820973944137,1.0268921023016937,1.5997722899066944,0.298669071857985,-0.0096739208243725,-0.0012605517848813,0.9543068750567456,0.052537401218749,-0.5014812199708851,-0.4488387467568122,-5.195115797486865,-0.0618592235804523,0.1139554849894409,1641.9755947669885,1691.7509999212218,1579.4891480274457,1589.4903824423295,-0.0131952542967158,-0.9457326285474688,8.779124441347482
13.01,1.0179297839947905,1.0222073812491406,1.5942246329233616,0.2748245602566558,-0.010081800666074,-0.000695380770822,0.9614412799649538,0.0531851465217622,-0.5508263086804439,-0.4789077329452827,-5.351205864994592,-0.0403299722198279,0.1145658041898793,1630.544261871947,1679.5370369642053,1573.0875938439135,1570.442627749659,0.0226092761121849,-0.8810239974591934,8.750270196550202
13.02,1.0189134886606854,1.0173037568479182,1.5889477801831755,0.250825311579195,-0.0104514369687036,-0.0001849051914857,0.9679759275656388,0.0535098418445936,-0.5989701132515467,-0.5002850101069571,-5.321926076364131,-0.032416661171004,0.1089020127813973,1620.8294076028528,1659.749070386833,1587.1017822194478,1586.587549110006,-0.0153482019658652,-0.9411617470834744,8.603707436600992
13.03,1.0197653549039918,1.0123335047282134,1.5840581597261316,0.227565813739243,-0.0108237029268692,0.0002465030899614,0.973702514687301,0.0531760018203151,-0.6467710747068159,-0.5123035716028886,-5.1104852588389775,-0.0313779129704441,0.0974978520572725,1616.825861556078,1640.4399134479513,1635.7936690324143,1644.3174492433543,-0.0275508790271475,-0.884669600260235,8.647481669453843
13.04,1.0205078595380563,1.0074225655779028,1.579573609330887,0.2058443311171175,-0.0112075560700427,0.0006103226031831,0.978520377682654,0.0521464879548381,-0.6916696000259659,-0.5171230863587055,-4.820050573891074,-0.0320405818562538,0.0861260343162173,1629.3927608627555,1636.5978747128,1713.7292274874085,1726.255940483374,-0.0533651395402388,-0.8266741000529101,9.088427574134238
13.05,1.0211864408731792,1.0026282247915983,1.5754437364969152,0.1860493389617809,-0.0115773491523811,0.0009494848802436,0.9824717334035368,0.0508688622440522,-0.7290309970606081,-0.5175434525612699,-4.5772047310199895,-0.0288295109648406,0.0814373526303313,1672.3489174782462,1666.4293958564845,1794.8783601925534,1802.487260267212,0.0471109098922004,-0.6933170310621879,9.783221261563506
13.06,1.0218552614866947,0.9979134576076268,1.571579367335577,0.1679785279533932,-0.0118895032476012,0.0013189581726195,0.98571807034693,0.0499651514353996,-0.7566086377983301,-0.513927021554138,-4.430702205073726,-0.0159920608932238,0.0849308342599527,1746.130732471181,1735.1814066727418,1858.845425827129,1856.870491475888,0.0731135751875354,-0.6502332218509932,10.574939489114092
13.07,1.0225595969148475,0.9931568812575352,1.5678803027981398,0.1509346495562937,-0.0121090797020302,0.0017571547575759,0.9884680137259104,0.0496577246774484,-0.7777979867150655,-0.5029746613323484,-4.3296399198189714,0.0050082284135406,0.0903916175792263,1830.0639773859657,1822.3936683907643,1911.3389212731329,1900.2212905862425,0.0493051922335019,-0.2584955603682584,11.312953557731454
13.08,1.023321852149739,0.988200651619787,1.564263829215626,0.1340878571701429,-0.0122290438238877,0.0022623629330118,0.990891406139256,0.0495739390308752,-0.7993085510062184,-0.480627504403782,-4.200161962174484,0.0227634320671378,0.0877813778145562,1900.3960773146896,1895.4691865699308,1969.8290107897683,1953.140239183714,0.0123052897695464,-0.3603104478453223,11.987878431028452
13.09,1.024137240787113,0.9829145649999328,1.5606898923640613,0.1168882900045597,-0.0122710276532426,0.002790815649129,0.993065335659319,0.0491789373867347,-0.8250203030541271,-0.4471444090941903,-4.029343462143868,0.0274228598513078,0.0714344488029486,1953.907126159861,1939.4792026424125,2035.3626774568413,2019.6671977329784,-0.0127509017358021,-0.9036572323992518,12.821077265851631
13.1,1.024980398452615,0.9772426969807456,1.557173208006938,0.099253866468146,-0.01227046897989,0.0032809205150732,0.994981075771148,0.0483129955997575,-0.8525492436741524,-0.4084913707710201,-3.8665981279437514,0.0225740536603996,0.0457307949036279,2004.6749215541176,1967.9075261623352,2091.202576690261,2084.4519553284026,-0.0662577337375884,-0.8600163853297791,13.855727663525444
13.11,1.025818488578709,0.9712116342554742,1.5537776119782103,0.0814438974955248,-0.0122580405519874,0.0036886681171209,0.99659571829809,0.0471758209998218,-0.8758140889981173,-0.3706806179753155,-3.756594595523152,0.0186642752377081,0.0230996883023281,2059.1739292700345,2001.655262181639,2127.716478911898,2133.030822529555,-0.0642795376997831,-0.6596576002878827,14.582443746077526
13.12,1.026623815389024,0.9649057404585096,1.5505993156286793,0.0637912962205788,-0.0122483883673786,0.004009616123374,0.997880038124545,0.0458457047669914,-0.890383594737716,-0.332274488664793,-3.690654436489864,0.0170831883142025,0.0153860730269953,2105.780620706261,2043.778172616975,2155.0236034309464,2166.0777382549363,-0.0253041323081557,-0.6742949804069363,15.046045611268967
13.13,1.0273809627131214,0.9584311810939904,1.547750337773439,0.0465367112348087,-0.0122406370506614,0.0042729259388583,0.9988324401099332,0.0440928648124552,-0.8965940127258349,-0.2853700384582192,-3.627852363288312,0.0098459736511346,0.0243972015060048,2131.2307375943656,2079.472080498243,2185.776902615715,2191.562901304368,-0.0253041323081557,-0.6742949804069363,15.046045611268967
13.14,1.0280876455747128,0.9518850072984232,1.5453461097566683,0.0298215285860525,-0.0122283767532411,0.0045153610481882,0.9994702370502968,0.0418300191279511,-0.8985125094768431,-0.2269106980583781,-3.5488356662257257,-0.0053339347431319,0.0398228017685697,2136.839128073376,2094.9483212533523,2214.63713749334,2208.97696557753,0.0283943534410355,-0.1687601017548754,15.687370813646512
13.15,1.0287514953785502,0.9453309251453588,1.543491512540652,0.013683208632212,-0.0122126756702874,0.0047584332582281,0.9998204727186908,0.0394990009791217,-0.9000653144445622,-0.1665119206199746,-3.471949783338296,-0.0196371913163101,0.0487323151601038,2132.472110614852,2089.170723500179,2223.9999457645185,2208.1557966524424,-0.0043465438008626,-0.6212263088953356,15.788790569793283
13.16,1.0293852592604622,0.9387818793549731,1.542260455718827,-0.0020579513139918,-0.0122109717628815,0.0050057506810128,0.9999107957538588,0.0376297545832382,-0.901086021991727,-0.1173555148632987,-3.4167662622385064,-0.0261056414803578,0.0481327800280281,2123.2606800792014,2071.151700884856,2207.6472904550305,2185.560268588298,-0.0015552578009433,-0.1086101015757937,15.258781335451037
13.17,1.0300012937660912,0.9322024865139078,1.5416754185928516,-0.0178716410851707,-0.0122566797094372,0.0052565149404119,0.9997513427338344,0.0360574257287451,-0.8965417264510629,-0.0794768496164442,-3.369949278834489,-0.0300621994464113,0.0460700468711797,2110.275253022338,2053.0194160285537,2179.8961895267294,2155.4123840321386,-0.0015552578009433,-0.1086101015757937,15.258781335451037
13.18,1.0306055744210996,0.9255444625000228,1.5417005215047517,-0.0343171880316197,-0.0123883745405968,0.0055171017773131,0.9993189782896268,0.0339877508935016,-0.880850977221297,-0.0388738810418824,-3.3010297056055413,-0.0406933189522977,0.0502884834807734,2096.086296345289,2041.694893938432,2157.6503834380114,2135.0881804605656,-0.0015552578009433,-0.1086101015757937,15.258781335451037
13.19,1.031193183411499,0.9188006105472216,1.542254634486513,-0.0516459412538597,-0.0126370140032252,0.0058008918023582,0.9985686517628032,0.0309646355623249,-0.8541660196404774,0.0141708851256388,-3.203001621985605,-0.057103568146152,0.05910919115034,2078.7279678233267,2029.528162628544,2138.9369682496963,2120.7304130948582,0.0436037808964097,-0.0361946182952122,14.563466166953456
13.2,1.031748871038105,0.9120376490163218,1.543237008080652,-0.0695861016983918,-0.0130149277396952,0.0061190998264552,0.9974722766692142,0.0274162810081442,-0.8232100674534406,0.0716808595847948,-3.097505695928901,-0.0695401178938665,0.0645763998634869,2046.8103761950615,1997.6778818707976,2107.5863134881024,2090.430977567783,0.0700509346604844,-0.4761263971313192,14.000804723179591
13.21,1.0322542112973183,0.9053828831249904,1.544550449281764,-0.0875382362167972,-0.013511816491784,0.0064730731623084,0.9960484864397816,0.0240304708957179,-0.7941467233717541,0.1169703715556205,-2.996672505700784,-0.0724703721186145,0.0616065104929231,1993.7142613573053,1938.3440261438857,2058.7645753225524,2035.668202891191,0.0556028048536335,-0.5005385407600405,13.361991657436636
13.22,1.0326977516218996,0.8989818438306607,1.546110797642482,-0.104960819475889,-0.0140948667659344,0.0068509151466579,0.9943528679837222,0.0209158832991379,-0.7656857693777319,0.1428321572528338,-2.877341956068404,-0.0698251754219689,0.0520708943264141,1932.365953997228,1869.9219050406373,2008.6927854145329,1976.1593489399456,0.0556028048536335,-0.5005385407600405,13.361991657436636
13.23,1.0330814048037098,0.8929639462136024,1.5478416343976582,-0.1215547066788281,-0.0147102505017153,0.007226258226403,0.9924494158426646,0.0176990923677671,-0.7314738283684636,0.1560574561694083,-2.706057563475044,-0.066835264628852,0.0416898829196457,1882.131456056941,1819.0458538284904,1973.360357069796,1934.818902190068,0.0638196878840704,-0.0047208220856633,12.079434570267653
13.24,1.0334187181859122,0.8874321848393727,1.5496626522606962,-0.1371481580315239,-0.0152890420637048,0.0075608022297493,0.9904036864889876,0.0142187424799135,-0.688381593053998,0.1663718282962825,-2.4809327739856384,-0.062576772915627,0.0349161689323638,1843.694834528888,1789.5276237957569,1947.6793610712016,1909.133024610088,0.0894111323682247,-0.3115384421589029,11.622049037263862
13.25,1.0337265227441006,0.8824635769464917,1.5514833577838354,-0.1515147322907096,-0.0157621871046482,0.0078150345062147,0.9882984187947582,0.0107605165100745,-0.6397131395999027,0.1760974559729944,-2.234051383468694,-0.0536100521981133,0.032251333165545,1801.9212003897787,1760.8458977773053,1914.7955569726564,1879.0369844029424,0.1172178766974079,-0.2049508487979823,11.094014807771783
13.26,1.034015606457421,0.8781033122183849,1.5532089542399676,-0.1643470622494137,-0.0160817996810161,0.0079648139227632,0.986239312027351,0.0077042203421913,-0.590887719529141,0.1810866596706425,-1.9950381377268136,-0.0411522839165331,0.0310850204561672,1753.055216141288,1717.58861052179,1869.4414687038216,1836.13258415992,0.0419257108646716,-0.2326509325164325,10.735657991686756
13.27,1.0342857300982553,0.8743522414584445,1.554756325104914,-0.1753814093666581,-0.0162376267554271,0.0080133707848728,0.9843340320310888,0.0052360785041496,-0.5453729591078251,0.1780995819964121,-1.767107175822326,-0.0302143531672221,0.0285311589672384,1712.3386911190578,1668.1707553734873,1823.7322110588768,1792.897271764297,0.0451249018668174,-0.1359574007315713,10.35938598202219
13.28,1.034527014817436,0.8711596604835689,1.5560718993714198,-0.1845339453006152,-0.0162582184561536,0.0079902852828689,0.9826591721983364,0.0033630746593655,-0.5052355315740877,0.1689286548785609,-1.5404531518740496,-0.022817206878472,0.0233385187763068,1690.7064261664511,1630.602753517563,1793.477697151943,1764.9040172037148,0.0213527943482592,-0.1057742310231311,10.06366628055228
13.29,1.034726179612074,0.8684313115469271,1.557142849659385,-0.1919456752339813,-0.0161963596935715,0.0079386197853387,0.9812397841544906,0.0019193218790406,-0.471708787562152,0.1580312667489381,-1.3101894580549105,-0.0160606647861972,0.0152714198770326,1679.0258513549288,1609.665585370289,1784.4320704015463,1753.5246585304603,0.057355416534585,-0.0966475312393972,9.781668019668192
13.3,1.0348737909780883,0.8660534782261343,1.557996339290373,-0.1979157127690201,-0.0161082197142341,0.0078979944968027,0.9800548543728036,0.0004592563577025,-0.4422164646902479,0.1476608074047708,-1.066920846983948,-0.0073325678360206,0.0034094556821354,1663.028146321061,1594.8189544408608,1789.8548069221406,1748.1721677475127,0.0628065136380331,-0.0050243868747892,9.574255674123249
13.31,1.0349684629428515,0.8639261798786704,1.558686240124119,-0.2027556543585309,-0.016037161210037,0.0078909533796156,0.9790662321522112,-0.0016543779395011,-0.408847114325314,0.1359792787640208,-0.7842666484247431,0.0017297821538822,-0.0139423321408855,1643.3098549242932,1575.7130958586174,1797.1302428105678,1739.8747826907725,0.0628065136380331,-0.0050243868747892,9.574255674123249
13.32,1.035016081553523,0.8619937356730629,1.5592725140933033,-0.2066342517794109,-0.0160069604176754,0.0079162119762618,0.9782552820188076,-0.0048033474868134,-0.3638891425698746,0.11983037988256,-0.4424635258888636,0.0078177335510916,-0.0370079375352897,1632.3028108743208,1553.5330245004056,1796.4234550805174,1728.022289648057,0.0148566303749012,0.2149948948872904,9.37223141475958
13.33,1.0350252644573243,0.8602600291597247,1.5598024928855605,-0.2094999127306448,-0.0160221295348936,0.0079495381468147,0.9776450699380996,-0.0087074212792519,-0.3077329451373659,0.0988221108283053,-0.0656339162654008,0.0102981339837678,-0.0624361041359419,1637.1933199561145,1537.7397846920735,1785.962139299582,1715.2857214031856,0.0149233733920132,0.1803438161252013,9.31451118937607
13.34,1.0350022378580184,0.8587812731294964,1.5603010650089473,-0.2111319282762579,-0.0160704323444268,0.007951925317041,0.9772931069798684,-0.0126027170145741,-0.2491188370766016,0.076202869872591,0.2864484550292611,0.0116109083419067,-0.0844101067521019,1652.3882545807933,1535.3237767018477,1771.847085716949,1701.7389664449952,0.0295395903263295,0.1876332817347354,9.215443447837377
13.35,1.0349481287685554,0.857640193883817,1.5607694269182202,-0.2112877813862491,-0.0161250105040668,0.0078836862965536,0.9772590777084128,-0.0159114118672123,-0.1969282963429464,0.0560745745160032,0.5713556437264968,0.0153384150465181,-0.098422410917835,1666.5384002495862,1544.2333095356023,1762.4904218335569,1687.1151586375277,0.062886946699902,0.2086750905056842,9.221415354197925
13.36,1.0348598772767552,0.856914604509922,1.5611870305613107,-0.2098558544544514,-0.0161476180103136,0.0077204475158916,0.9775684986096572,-0.018696717329628,-0.1530714466456225,0.0404861199510828,0.7959396822082871,0.0252277638052636,-0.1038858497531904,1673.0416815565998,1555.970709418545,1761.378377354618,1675.4800539258272,0.0709624996058174,0.2506215023059104,9.241001944720695
13.37,1.034733720258409,0.856653408027868,1.561513310954041,-0.2069368390636047,-0.016096288923471,0.0074636610853016,0.9781934102642788,-0.0214589685775656,-0.1131172551412914,0.0288841984215273,0.9922486265017249,0.0436023432903124,-0.1035842517615603,1674.3770264100665,1563.774344851714,1765.153504849981,1672.7218711626952,0.0357195671303188,0.2489287067710583,9.188693044583072
13.38,1.0345686322498944,0.856866210663379,1.56169144584638,-0.2028301405164669,-0.0159381427294285,0.007138469342447,0.9790581964111498,-0.0245816812602513,-0.0717417430581111,0.0190976478723391,1.1757408871534625,0.0683095120733052,-0.1016389647395767,1678.1664475729945,1568.42423840403,1768.3112434532786,1678.7278646856184,0.0031400448471508,0.2726526253122174,9.2879734206192
13.39,1.0343672007530738,0.8575259146894815,1.5616588581519746,-0.1979410768564888,-0.0156624025552976,0.0067791406716022,0.9800653358275886,-0.028013285993448,-0.0271142068593633,0.0086332354027037,1.3361353858177611,0.0924876906789545,-0.1017544647343842,1688.996886052871,1576.1862991997252,1767.4239728328855,1685.0170384028245,0.065148526257943,0.2690651851832251,9.244576259177528
13.4,1.034133400959058,0.8585804812169054,1.561364555679506,-0.1926418892639847,-0.0152853026405614,0.00641232913859,0.9811291169153056,-0.0313724847931847,0.0180321536506136,-0.0037648657334828,1.4615844495097643,0.1091390636280491,-0.1056627483606032,1703.797948717136,1591.0581129588036,1761.647725333247,1682.9777202478708,-0.0078769036972892,0.2750987271994858,9.406264087339956
13.41,1.033869279452415,0.8599693856577086,1.5607858066604643,-0.1871335388388785,-0.0148423870673274,0.0060499649085331,0.9822037161976058,-0.0342476703541539,0.0583185049364118,-0.0171064021323086,1.558816995163511,0.1157818472752154,-0.1119665606175991,1715.9887795400548,1609.3943718528526,1753.5133267148003,1674.581371103136,0.0107378720380614,0.2931480031068254,9.528686402777597
13.42,1.033573334974304,0.8616399192760231,1.5599353723790352,-0.181370603077554,-0.0143724901556244,0.0056937981021893,0.9832933013751198,-0.0364880061266048,0.0901357561481293,-0.0291772482739202,1.6460518715638357,0.1149770745677058,-0.1167023002602118,1723.584049834219,1622.9025439045322,1749.4339006802093,1672.0188319909855,0.0110964510436956,0.2737931853419999,9.520662190023051
13.43,1.0332416566139555,0.8635581129234364,1.558857803525423,-0.1751073091796765,-0.0139027187049231,0.0053442449539151,0.9844366834542166,-0.0384036083568961,0.1161765988903767,-0.0388355476761078,1.7333832832462996,0.111928997366001,-0.1158841975109795,1730.673347693324,1627.3521227661472,1754.9951663893971,1684.0805973546617,0.0129621201866837,0.1921813780622407,9.448997790108027
13.44,1.0328705890853294,0.8657109229612453,1.5576200320659646,-0.1680699282043257,-0.0134410736987815,0.0050066437905096,0.9856707210266376,-0.0406504825377848,0.1448339224704152,-0.0468331391888173,1.816288055434947,0.1119383839558293,-0.1083593079807904,1741.06037557291,1628.196928535173,1768.4727648413389,1704.7566962333922,0.0129621201866837,0.1921813780622407,9.448997790108027
13.45,1.032458883347836,0.8681019019785126,1.5563005350718924,-0.1601631740299232,-0.0129776104895167,0.0046923575925623,0.9869940836149254,-0.0436632197425643,0.1824349950531813,-0.054291006419774,1.8853489824777796,0.1187027393155792,-0.0971496635029767,1754.337879959006,1637.2761175528633,1781.8774105486264,1719.5441473804135,-0.0070921867533009,0.0950980423233822,9.736173602567558
13.46,1.0320079127809525,0.8707476371075602,1.5549773038710026,-0.1515527994694511,-0.0124907820522211,0.0044130073284407,0.9883603870567736,-0.0471324017240225,0.2256962941378991,-0.0610720533037449,1.936412844004153,0.133039117846836,-0.0882303051167042,1769.1584919877296,1662.6819446434638,1789.5166158274576,1722.902752597893,-0.0254447859727936,0.2741235710106586,9.91907001017652
13.47,1.0315198603060447,0.873679297448518,1.5537151262746456,-0.1425366612235371,-0.0119542353070585,0.0041684138624903,0.9897085534597247,-0.0502520251267258,0.2643632345764825,-0.0660116733544487,1.971036685589987,0.1516808099807685,-0.0865299836114779,1786.344475643475,1699.8824292401982,1793.596472269618,1724.7331352482022,0.0228153307552241,0.2268882894298762,10.081071847819665
13.48,1.0309955161533664,0.8769432685228193,1.5525561842977154,-0.1333050181636883,-0.0113421200671146,0.0039367293134596,0.991002336327758,-0.0525654856335962,0.2923730179298591,-0.0680815890342104,1.9915896972778413,0.167751901676342,-0.0915597492857676,1806.7889035587184,1733.4991961421474,1800.395326155784,1737.5134049931366,-0.0138783046155684,0.219984912383929,10.23723961266339
13.49,1.030434214769342,0.880589656543307,1.551518108605294,-0.1238121348925633,-0.0106353720954201,0.0036788644287071,0.9922418606722117,-0.054391649480571,0.3143010395415396,-0.0667677068518037,2.000045651537251,0.1749130460101245,-0.0973472174635229,1828.746868272418,1751.2047980512184,1812.468717663878,1760.8095247835522,-0.0138783046155684,0.219984912383929,10.23723961266339
13.5,1.0298368514955258,0.8846472585094404,1.55059904951455,-0.1138801543329576,-0.0098304061338143,0.0033590857175991,0.993440179430794,-0.0563576783885267,0.3393328915851021,-0.0618901645673132,2.001881991919684,0.1724524820610088,-0.0978951079519146,1848.555118408863,1756.2350152925924,1826.0153720494145,1782.253008962126,0.0672952257557083,0.0140787378266802,10.608194818998744
13.51,1.0292099319648844,0.8890997105245524,1.549785676121273,-0.1034257612662933,-0.0089448179609458,0.0029681588304567,0.9945925256964736,-0.0586984105496606,0.3707295293807378,-0.0538048527527805,2.0067051882239366,0.1651224210448812,-0.0926746913728617,1862.62333851979,1762.691129579667,1835.107584548767,1792.091705495336,-0.0157893795055069,0.2874424808501095,10.7391298535681
13.52,1.0285673764958905,0.8938808202030829,1.549061056298381,-0.092591654636857,-0.008012681159054,0.0025316468632141,0.9956687065467168,-0.0611005216272468,0.4033635200008827,-0.043584908098385,2.0197023828371465,0.1572276470548337,-0.0859327822105143,1868.682164111216,1778.144636736175,1837.086724406243,1792.6992462855103,0.0233143687876841,0.1881750840452796,10.937018428897913
13.53,1.027928319561049,0.898892391313766,1.5484120885338042,-0.0816811791236575,-0.0070710507504103,0.0020971868145942,0.9966312191707216,-0.0630846548952405,0.4304676430315755,-0.0326056679361233,2.0330457789375007,0.148885782109125,-0.0809052121996175,1867.247412436485,1795.8043606198842,1833.846888858353,1793.1609116171803,-0.0025727159372499,0.1326966342490394,11.029611630537664
13.54,1.0273115458893067,0.9040311436373768,1.54783650744206,-0.0709819296915084,-0.0061485275978277,0.0017087534395872,0.9974571877666386,-0.0644322558551655,0.4501284935600559,-0.0220464765098492,2.0318475572160204,0.139874004096289,-0.0764759308833578,1862.299800499347,1805.645833748521,1828.68836838996,1797.6800494667286,-0.0458883698374067,0.2415520880461832,11.13786076238944
13.55,1.0267288769846192,0.9092091112366943,1.5473474563466303,-0.0606313985527462,-0.005263140910638,0.0013831431254547,0.998145390097248,-0.0652975302435139,0.465027695119686,-0.0125731440090218,2.0110215242729206,0.1344836359715505,-0.0704521447098647,1858.220781385749,1806.976532694759,1822.4573075892188,1802.1443936974724,-0.017329581022722,0.2548917409908382,11.022387484664849
13.56,1.026180387719095,0.9143622077935576,1.5469714945425013,-0.0506068001928259,-0.0044256864098633,0.0011032585214438,0.9987082396249066,-0.0659722226121776,0.4781755629500638,-0.0038519047645897,1.9809677744574616,0.1376782893074411,-0.0640934534500789,1855.534773568926,1805.2639704984736,1813.4390789381343,1801.2483102726983,0.0824533512748076,0.2061136168785955,10.900520746180009
13.57,1.02565357924601,0.9194512829260324,1.5467369288782853,-0.0408166152530658,-0.0036411080383684,0.0008340959259895,0.9991596721923488,-0.066566934852249,0.4902951447849215,0.0054306192249676,1.952600166257652,0.1462544582683246,-0.0606433730582431,1852.2259009308077,1802.2319915529483,1801.1327623967718,1795.3221979323266,0.0735924856922075,0.1959391736381364,10.86768974908576
13.58,1.0251267995666464,0.9244620652042554,1.5466562471319825,-0.0312119466505556,-0.0029067087705379,0.0005516848569445,0.999508409706604,-0.0669610655746225,0.5004644555027041,0.0160976223110973,1.9218553647399803,0.1489554619854925,-0.0599623576925059,1848.938978139225,1795.9206540152918,1788.4647395763664,1788.370873663349,-0.0356595052572031,0.1614248278858863,10.783360264812025
13.590000000000002,1.0245753953520158,0.9294074466284792,1.546714741634014,-0.021836401175302,-0.00221123986659,0.0002635653255492,0.9997590772457546,-0.0670712242253234,0.5078968576224243,0.0269230765839702,1.8761961592985477,0.1383525217736547,-0.0576365003932926,1848.0981928155493,1787.2485995442598,1778.9406058287072,1782.1961490381736,0.0157435615383159,0.1271787386961229,10.624700915545516
13.6,1.023978302923994,0.93433147716416,1.546876095431487,-0.0127793593570462,-0.0015374573324045,5.049351001018005e-06,0.999917158655595,-0.0670825114593256,0.5127879685291368,0.035404379482301,1.8147152553044383,0.1199739286978871,-0.0504381095202617,1847.053306834624,1780.2468101617935,1772.2783609271917,1775.8207727631575,0.0047393803345628,0.101950413891351,10.529055456567862
13.61,1.0233232343120244,0.9393104313839676,1.5471023104637889,-0.0040636560105104,-0.0008669621174695,-0.0001844838196557,0.9999913504837108,-0.0673058388161973,0.5159143181337211,0.0403455850006143,1.7536468335604254,0.1069775552544505,-0.0409141960066466,1838.6115878591013,1776.8836376620527,1763.9539330301943,1769.1354866889142,-0.0254373617729792,0.1169124805518537,10.550665118778875
13.62,1.0226097533670857,0.944443374663003,1.547373073007508,0.004447623889943,-0.0001852953416115,-0.0002859673895789,0.999990051215522,-0.0677953569242101,0.5177021301106985,0.0429489119663081,1.7084977617613508,0.107041292108879,-0.0349984791155716,1821.9308188938091,1775.4550941581297,1750.3602209975163,1762.9020742743685,0.045966884164383,0.0600690027744889,10.420355579180873
13.63,1.0218503114504065,0.9498256622286624,1.5476912351542844,0.0130412729862291,0.000514838401839,-0.0003092080834936,0.9999147786339994,-0.0682019080500078,0.517575979657016,0.0450784775050595,1.6740923987175556,0.1158806623126847,-0.0354007933972439,1807.1260064178036,1773.4876622991935,1735.254721744277,1755.4892314702165,0.0176691717069624,0.0379505199498046,10.34782911119558
13.64,1.021069056428867,0.9555068817847336,1.5480730802293496,0.0219949066029747,0.0012305574830345,-0.0002841150077191,0.9997572850899712,-0.0680811662043893,0.514219934733923,0.0473398239210619,1.6257309252975112,0.1222206526836794,-0.03856491204362,1803.9429990128967,1770.230315780269,1728.107640895451,1744.0221942925475,-0.0003640424615759,-0.132414546749565,10.24279326118526
13.65,1.02029768882844,0.961448733618422,1.548531518230389,0.031361758518892,0.0019480642451541,-0.0002443805789657,0.9995061707795666,-0.0673239885892703,0.5068464330129724,0.0495139979808922,1.541426107724328,0.1178671897295091,-0.0386675662590276,1809.933711761712,1766.9583681655738,1732.411130370615,1729.8378419739513,-0.0003640424615759,-0.132414546749565,10.24279326118526
13.659999999999998,1.0195681660163438,0.9675087660919294,1.5490616077648458,0.0408409158659082,0.0026444991804289,-0.0002140025375344,0.9991621392037592,-0.0662305423764805,0.4964164641499521,0.051962604313094,1.4246781637943378,0.1039524282872151,-0.0339216122723833,1815.077983485868,1766.0259128980892,1739.064423430978,1719.509453738497,0.008476262172523,0.1208645050449997,10.21826804700776
13.67,1.0189039034265583,0.973469051850532,1.5496350573918063,0.0498636568294295,0.0032934973712985,-0.0002022519562923,0.9987505833273932,-0.0651680715340141,0.485224939757552,0.055294147978997,1.3055027237997128,0.0888416043486717,-0.0278578620745199,1814.6624246449708,1768.7258884053906,1737.2674284184343,1718.788601550864,0.0007252988824608,0.1650776937852576,10.161747854825768
13.68,1.018313039540259,0.979102763887484,1.5502070227455478,0.0578607845186035,0.0038737328995614,-0.0002063336797011,0.9983171245825282,-0.064213957426218,0.4748632235994524,0.0588346699411088,1.2154066038860685,0.0803788579234861,-0.0244604118701602,1811.1514697721063,1772.6854127204356,1728.9028800987503,1726.8954241795186,0.0370366349816223,0.0052912897876999,10.049704265600138
13.69,1.0177873954078018,0.9842459456395616,1.5507329906796077,0.0645265337315408,0.0043769468921921,-0.0002177893785335,0.9979063690288192,-0.063171290066393,0.4648409238971437,0.0606776897056627,1.1577064342225707,0.0795130802384233,-0.0236450455297313,1805.8008873161195,1772.4136305523484,1724.4174213912988,1737.0365790850592,0.032084770928366,-0.0220073085983087,10.02214291865481
13.7,1.0173080104749377,0.9888401454268984,1.5511867648126092,0.0699082971358008,0.0048111904336242,-0.0002285341160277,0.997541793716104,-0.0618933889058973,0.4536931384586459,0.0597010646294577,1.1033532186132105,0.0804388244180009,-0.0226294976459396,1797.3847109714495,1765.0112284733582,1726.0484564179765,1740.999145716862,0.082462543077669,-0.1719136110110377,10.056728762149168
13.71,1.0168541520096297,0.992933548293083,1.551568783209354,0.0743073981803295,0.0051975834993428,-0.0002341756474936,0.9972218112652788,-0.0604979116902333,0.4411423301923244,0.0568758065235896,1.0199188545787932,0.076739386131719,-0.0203870467329853,1789.9020404190685,1755.0888393948171,1724.080269543236,1733.969838490576,0.0764556678208654,-0.0541046648822038,10.083091490817491
13.72,1.016410806765357,0.9966510515753711,1.5519005892217237,0.0781047220360078,0.0055618910746537,-0.0002343571929971,0.9969296177965914,-0.0592136705175215,0.4283121514208921,0.0541505441971785,0.9057403144272088,0.0675308245075754,-0.0185471876992971,1791.563804390158,1750.6553275021056,1711.7561778468107,1718.5517343980837,0.0143664573503235,0.077940219372149,10.016807977754562
13.73,1.0159715798559243,1.0001506491459236,1.5522110126369195,0.0816213061114795,0.005922864286283,-0.0002312259343246,0.9966457889350006,-0.0580741070015023,0.4158080149278024,0.0525449169320757,0.7909902960050823,0.0570678619224734,-0.0180879804289972,1801.7427035267665,1753.2984687084972,1696.756877781415,1705.311919876448,0.0272129704604972,-0.173417749553399,9.90029558116719
13.74,1.0155375016084225,1.0035792469671831,1.5525240337165682,0.0850458020518765,0.0062806718516356,-0.0002274663639945,0.996357221569402,-0.0568424069427141,0.4026124743407592,0.051804559689104,0.7017917779416083,0.0488733921585559,-0.0174747414906066,1807.895342620638,1756.1828670285213,1692.7756009132636,1705.2139842443908,0.0679476825180645,-0.1726918938685906,9.916253303457536
13.750000000000002,1.0151139241204916,1.0070376712366589,1.5528547507660386,0.0884138582996961,0.0066126483253147,-0.0002249234259414,0.9960618514691442,-0.0552354860284877,0.3873252538553635,0.0513779395805381,0.6293081883204538,0.0424181466888875,-0.0151858067697458,1802.3471756510785,1754.200485888585,1702.51825016424,1717.7084882646384,0.0192386719048551,-0.1333122372824624,9.94723770385498
13.76,1.0147069124901524,1.010563251193299,1.553213058136112,0.0916288676510445,0.0068827637794428,-0.0002241601275001,0.9957694150394362,-0.0531788456853619,0.3698114905601817,0.050949221952468,0.543479648010012,0.035763349064451,-0.0126033205604101,1794.3162498553847,1752.2130492248589,1714.1064655922137,1728.9606563112327,0.0487103982189901,-0.1523851497449131,9.980518429387454
13.77,1.014319691082444,1.014133342629092,1.5536099128080407,0.0945216631210231,0.0070611451720493,-0.0002247490143448,0.9954977372739606,-0.0508514911071939,0.3511742794635355,0.0503020657226515,0.4347032327294379,0.0288589028750363,-0.0126753594919525,1796.1776281211874,1757.4754035922374,1714.9861612142013,1726.313228059831,0.0376205457047406,-0.1003373134912486,9.988437993708636
13.78,1.0139501140358604,1.0176851717340063,1.5540597833249357,0.0969331892106935,0.0071406233941331,-0.0002258651159101,0.9952652497258891,-0.048516771884458,0.3325281938926967,0.0495010844894062,0.3285457934811906,0.0227876199961418,-0.0160161705184457,1804.2409156922472,1765.9074129184037,1706.0860911348118,1712.8109268514006,0.0881371192034068,-0.1029916323117536,9.949275130781752
13.79,1.013590563988104,1.021141978870103,1.5545752303240596,0.0987848337638095,0.0071399974803744,-0.0002267996640338,0.9950831752251412,-0.0463254673184329,0.3141770901987975,0.0491377501019704,0.2540786066887325,0.0167551993428142,-0.0198571637348127,1804.3209828833665,1764.8708351077566,1699.5457494119194,1703.1264724910448,0.0400333812359043,-0.1827338836062741,9.947422478826812
13.8,1.0132308247461674,1.024435321204365,1.5551559351355153,0.100100975315318,0.0070947250598576,-0.0002272088616017,0.9949519626561778,-0.0442867332833757,0.2957528378771342,0.0496286247028346,0.2076763561156325,0.0072694564667081,-0.0213983709459639,1792.9137224989684,1751.1012385442395,1703.3734736505478,1706.4315856541818,0.0608903575152421,-0.2372213641537883,9.881300614031066
13.81,1.012862830245278,1.0275175923589146,1.5557807588263417,0.1009762479941511,0.0070430953157675,-0.0002271055516018,0.9948638804240836,-0.0423851915771479,0.2767946932947995,0.0501973479691322,0.1569558061673968,-0.0081667169980882,-0.0212276537739273,1781.679153234882,1736.07860160165,1711.7727861000517,1717.1568574313674,0.0508366360369123,-0.1831491729780932,9.818024281543304
13.82,1.0124850833025831,1.030364548742175,1.5564102936935775,0.1015161487562374,0.0070149697944378,-0.0002267094396793,0.9948091326195768,-0.0406365150642537,0.2571876841698353,0.0492488537188053,0.0765697621091679,-0.0257144522629608,-0.0224140226685558,1780.659427639678,1729.7350653284834,1712.7359147897591,1721.8793723941806,0.1152391250391131,-0.1330819726105201,9.864665302417832
13.83,1.0121044522635594,1.032971423606064,1.5569987677148518,0.1017910566626754,0.0070252224001001,-0.0002262816368293,0.994780968771692,-0.0390137981703222,0.2372479451708868,0.0460442882708802,-0.0267227591768716,-0.0358142429909868,-0.0264230134851596,1785.5922926590397,1728.4722545177162,1703.4615226061446,1712.7065512328493,0.0663539850511553,-0.1576403462715652,9.853842670044775
13.840000000000002,1.011733933416112,1.035346497529382,1.5575072408302195,0.1018230839564613,0.0070706479656257,-0.000226017790555,0.9947773692776188,-0.0374092215170419,0.2174809356033789,0.0415447501594644,-0.1233373330275506,-0.0326267951349321,-0.030842346291269,1784.816855899469,1724.6337144800157,1694.3866340585869,1694.68955850961,0.0793982235751128,-0.1851422954973849,9.77703452835322
13.85,1.0113868951497922,1.037504475193426,1.557911447184595,0.1015978472983367,0.0071293985095682,-0.0002260103304016,0.9947999789005658,-0.0357257291811925,0.1982023971181798,0.037278092918596,-0.1903132677092423,-0.0223616140553565,-0.0315517259645249,1774.133121366795,1718.914015341811,1696.413736519778,1681.4965589959916,0.0865028019395786,-0.1718464994350681,9.699712172120806
13.86,1.0110706393825564,1.0394611179311868,1.5582038218838994,0.1010834939470284,0.0071644482638743,-0.000226250986968,0.9948521230529824,-0.033962499777365,0.1793409023202275,0.0337685855473676,-0.2310471561025689,-0.0183022158189701,-0.026881247341411,1760.909772633731,1716.3528890724838,1707.1905512298397,1682.6750706051207,0.0596385373004676,-0.1978958425594414,9.688416942744896
13.87,1.0107830220295986,1.0412304429036423,1.5583927739112184,0.1002464730907727,0.007133914800181,-0.0002266422166405,0.9949370334477404,-0.0321679128870979,0.1605997009886912,0.030485538017369,-0.2688659198393092,-0.0264078572906243,-0.0193980615995713,1754.301177699262,1716.4247416158196,1714.168630841372,1694.5569957740372,0.0230049016338708,-0.16216666787252,9.736660106136595
13.88,1.010514170746982,1.0428248799734003,1.5585011692776174,0.0990627236148366,0.0070085174286381,-0.0002270101389971,0.9950564837936888,-0.0303598225836998,0.1418000336481988,0.0269200498775479,-0.3231562770957974,-0.0391318403553221,-0.0137217943241345,1754.8328533622043,1714.8529657534343,1710.659330409526,1705.0210966804186,0.0606927153246233,-0.1943005209327535,9.757124279108664
13.89,1.010252176960612,1.0442568372372154,1.5585638349025528,0.0975248977451135,0.006789984462369,-0.0002271384794958,0.9952098968754868,-0.0285622459963162,0.1230750416534861,0.0231091834522077,-0.3917819194674921,-0.0456648868907022,-0.0127852856136249,1755.7598795950175,1712.125723574644,1703.5121397499188,1706.6978887007435,0.0405343620660934,-0.1683847866875514,9.700639427646204
13.9,1.009989640994233,1.0455391202228677,1.558623000619149,0.0956441767904603,0.0065179137469453,-0.0002268488783979,0.995394221796595,-0.0268817998191266,0.1047596797897661,0.0194264153332316,-0.4562139971722297,-0.0452487286790169,-0.0159870298483609,1752.7781878723326,1712.8581274653034,1702.3264775381235,1702.834808424721,0.0554864971252129,-0.226279992323338,9.70053479916499
13.909999999999998,1.0097282687677682,1.046683098344796,1.558720080144528,0.093446637385569,0.0062538314345872,-0.0002261259408616,0.9956046225388756,-0.0254380336091123,0.0870846544796712,0.0165547278279608,-0.5024869397697267,-0.04615594196608,-0.0202738452034855,1748.8652232904417,1717.0645582070874,1706.319644833708,1700.478271846071,0.0941566082853732,-0.1982655451421862,9.705446365975432
13.92,1.0094799438074025,1.047696032119677,1.5588828923346416,0.0909684036311416,0.0060447271497017,-0.0002252344093942,0.9958354081292492,-0.0241950642320618,0.0699545545924371,0.0153678497038023,-0.5343980837445981,-0.0525231067662931,-0.0227348948376806,1749.381455398634,1718.5915191926306,1707.7541420102689,1701.659577585399,0.0792957767441587,-0.2035134403220362,9.78442633757845
13.93,1.009263494890563,1.0485797921523905,1.5591119688232509,0.0882537621470859,0.005887322839451,-0.0002247311734725,0.9960806003494744,-0.0229448010564636,0.0530766031553443,0.0159450777817953,-0.5647661542516358,-0.0573701029392148,-0.0226379534096887,1755.0324316906683,1714.162076033876,1705.1062089704628,1702.8005045003888,0.0924989846302663,-0.2148967467809099,9.768343255750452
13.94,1.009097509366908,1.0493317883416953,1.559375060569223,0.0853547730009386,0.0057213993037216,-0.0002252778578031,0.9963341696267636,-0.0215039563548432,0.0364288971839475,0.0167711028259749,-0.5974012736364163,-0.0517119250425309,-0.0212408289659582,1760.6110660132715,1708.7768254242594,1705.470161098941,1700.418629300191,0.0771850337360784,-0.184282678201789,9.804663317074276
13.95,1.0089916871785318,1.049947315563397,1.559617242298512,0.0823264046227478,0.0054649160707934,-0.0002272409700247,0.9965904104273592,-0.0198811617210143,0.020652542097015,0.0158506360183551,-0.6236076322749992,-0.0392314352472187,-0.0196750791316203,1759.485369375272,1708.3695970006574,1714.0540564821822,1695.489639430824,0.0831725493297071,-0.2016045517745781,9.718083076813134
13.96,1.0089408043487238,1.050422168582162,1.559783803495071,0.07921342425479,0.0050747783278445,-0.0002302183850772,0.996844735674643,-0.0182096095489108,0.0067771837397883,0.0128565823948368,-0.6366237826308543,-0.0377119794382367,-0.0178752712496475,1749.6512783885769,1710.487299481917,1726.417825311643,1692.8868135529024,0.0172400550596002,-0.210163895927582,9.80492196161959
13.97,1.008924496121636,1.0507549214417062,1.5598442317043306,0.0760340243477336,0.0045960408384183,-0.00023278851594,0.997094604016894,-0.0165673362569833,-0.0048403455348175,0.0094153281120236,-0.6427762014594518,-0.0599893497685405,-0.0162402652123682,1737.849670566669,1707.3459236270078,1732.1435856711423,1697.6780699305566,0.0716758642036627,-0.1790525133939806,9.885499443327989
13.98,1.0089132907299223,1.0509488652406371,1.5598064861700698,0.0727739060185312,0.0041633206308427,-0.0002328283309092,0.9973397471048164,-0.0149585974263314,-0.0154000476328057,0.0070125909122307,-0.6536352040137843,-0.0904324994279987,-0.01678078146562,1736.4951351061568,1697.2688014323871,1725.5030787917394,1710.7390788761336,0.0479449876042198,-0.0945697810811458,9.766815127295589
13.99,1.0088786004305077,1.0510134867348797,1.5597175989545748,0.0694015473058045,0.0039390481546103,-0.0002285751382468,0.9975810026682556,-0.0134764950068719,-0.0269929666819014,0.0055688479779954,-0.6707584345927835,-0.0895198888846081,-0.020139078629334,1750.1551136526318,1688.336979688988,1714.109415713133,1724.971919472192,0.0479449876042198,-0.0945697810811458,9.766815127295589
14.000000000000002,1.0088028565493936,1.050964341893081,1.5596507304042222,0.0658970644213492,0.0040010366187413,-0.000220184254115,0.997818380330568,-0.0123472164413436,-0.0406133478968038,0.0046687062421836,-0.6851883575898241,-0.0433309644158537,-0.0215810669971257,1765.2138879318331,1689.571284280828,1714.786202723501,1727.2672611183837,0.0616622846528606,-0.1785752433392209,9.79512606356946
14.01,1.0086856753058646,1.0508197525248464,1.559680465139387,0.0622714464857906,0.004217414195687,-0.0002109920947157,0.9980503172948774,-0.0116854256213246,-0.0550608602961048,0.0050987498216162,-0.6928166883220801,-0.0216777149459499,-0.0130923198266941,1764.172763317716,1700.582225979078,1733.7135486612765,1712.6411998867693,0.0828091465691423,-0.1842390834112612,9.780447377369212
14.02,1.0085427938651912,1.050594682988858,1.559853996905169,0.0585615780335528,0.0041673279316593,-0.0002073429649688,0.9982750783050856,-0.0112651695863919,-0.0681312658240106,0.0078629120016398,-0.7023625048634266,-0.1681263143533573,0.0081576647830425,1754.1958492712256,1709.459104743859,1750.639227125213,1700.0966802501662,0.1150122151008429,-0.1979430506963264,9.755550847346278
14.03,1.008396839206123,1.0502951741763118,1.5601732374830923,0.0548109724125895,0.0031690234300436,-0.0002160655027656,0.9984916964649154,-0.0107042211008101,-0.0786473165938269,0.0121680171536153,-0.720917269180359,-0.5904745091701041,0.0348988329843149,1766.8132510938242,1700.2951386216366,1734.2297107802217,1722.805812590355,0.0771570807173746,-0.1335088641024999,9.76876729194637
14.04,1.0082627570781328,1.049917300692601,1.5605997822930693,0.0510565837148303,0.0004408703041031,-0.0002397212571815,0.9986956360305496,-0.0099475240807099,-0.0870944082025176,0.0158299802907782,-0.7358898728295858,-1.2386599700985363,0.0561669126717824,1816.9692576349732,1667.8206982500712,1680.6083696680869,1789.39064757618,0.0841336092630187,-0.1302366299765838,9.805349511980934
14.05,1.0081343452819242,1.0494515609494246,1.561079121055531,0.0473295062196639,-0.0046536113655371,-0.0002713787553867,0.9988684538495708,-0.0095358162552794,-0.0946714904879154,0.0178458331035263,-0.7229784050394616,-1.9086767679746863,0.0683849963886954,1873.511249219201,1628.6978697327377,1627.6829292983364,1861.600919231499,0.3354571666147247,-0.1525510882865633,9.99408703238717
14.06,1.0079789814832925,1.0488897036901532,1.5615672563076377,0.043661402216998,-0.0123917431761411,-0.0002920742854135,0.998969489699317,-0.0103931294211464,-0.1021871725085271,0.0194152016542173,-0.6756540139485187,-2.3939643666205312,0.0778295313722437,1888.4123443420797,1612.243651644622,1618.9103493748753,1887.4897658693485,0.7105825619617707,-0.1403298083374521,10.216997009083826
14.07,1.0077438993475565,1.0482296104341682,1.562044826888815,0.0400851628663367,-0.0226215083858699,-0.0002740676553157,0.9989401243133884,-0.0133752032181605,-0.109719210938123,0.0219131007557165,-0.6185582952419323,-2.6397201947271456,0.0926688471249922,1851.6457505399296,1632.0657642153246,1656.4646966919952,1856.1938410885675,0.8796110353514754,-0.1484548369827998,10.118126259538588
14.08,1.0073711915398802,1.047475646907322,1.5625161321389405,0.0366258976485576,-0.0348670083415351,-0.0001904835140761,0.9987205810769996,-0.0189911387823208,-0.1168515669815573,0.0248465428035528,-0.5849762860342366,-2.7510074416617427,0.1151978722006048,1800.447483363935,1669.9990878015096,1701.2422680895709,1805.892952579101,0.7020835552484174,-0.0996813145453074,10.059219979356264
14.090000000000002,1.0068139920917751,1.0466352941931467,1.5629991787253876,0.0332892842659028,-0.0485387322114142,-2.7245868749646383e-05,0.9982664044662805,-0.0274605032595154,-0.1230688738817731,0.0267676673646591,-0.5844285050831513,-2.8657106831212737,0.1416070497272216,1775.001255569014,1694.9919933778092,1716.6754444072444,1779.3162369647002,0.6696212478002641,-0.0785939295143355,10.103277567939916
14.1,1.006045907170521,1.0457156880833465,1.5635131506539572,0.0300599588385867,-0.0631281125107619,0.0002109005078466,0.9975526030272422,-0.0389304218116665,-0.1281420204280694,0.0275917722163769,-0.597769055293628,-3.0313153143078853,0.1663694327304057,1779.9749643765808,1695.9515182514765,1702.83973839724,1785.7053396120373,0.6908437002810168,-0.1490770680536726,10.010239762646176
14.11,1.0050597990317036,1.0447237965900062,1.5640680557161868,0.0269149150100125,-0.0782971968917299,0.0005070880884194,0.9965665452796276,-0.0535852175508469,-0.1323385313945861,0.0288310490539702,-0.6011348250431505,-3.1948587381935543,0.185675926520129,1791.572682690261,1690.6451977357797,1689.1442844343203,1805.6194628022863,0.6464462510018948,-0.1502163871845728,9.969446044675042
14.12,1.0038577489334377,1.043670635415362,1.564661500443927,0.0238409548121689,-0.0938535473503655,0.0008489908810222,0.9953001556002494,-0.0715852516213497,-0.1362323347080977,0.0316745728560767,-0.5872994038994648,-3.287223767917199,0.1982000872668645,1790.4683655256836,1703.0585128101034,1701.66299339046,1818.896057800893,0.7187882512002293,-0.1363433206087853,9.988423060972233
14.13,1.0024379431892874,1.042575632123763,1.5652849303327354,0.0208396551612944,-0.1096668754733258,0.0012416371793555,0.9937491351109652,-0.0930184348983643,-0.1401983723870782,0.0359200139066836,-0.5638138999043368,-3.2945693606093216,0.2047834915789978,1781.275569722667,1736.7166481231366,1739.2646286588567,1822.616493237877,0.8171623031063522,-0.1026830560860725,10.152569636130291
14.14,1.000784707895091,1.041466226533305,1.5659346018194662,0.0179161990325127,-0.1255966019389998,0.001703114791095,0.9919181431920742,-0.1180242546081351,-0.1440571620449484,0.0410217703505965,-0.5397473781594704,-3.2485113821642706,0.2086375069302183,1781.8718828801684,1773.6960254019789,1779.8059860314916,1826.4556388421247,0.7926565890313224,-0.1341699498059769,10.334775181518673
14.15,0.99886555112854,1.0403713380311128,1.566618343225484,0.0150646882045324,-0.1414663859988753,0.0022450146430205,0.9898258820171202,-0.1469552448133366,-0.1472229891083499,0.047309617030209,-0.5204250873330306,-3.1772538768535585,0.2145802661819087,1799.196788574193,1798.2092533926016,1806.6971176659467,1836.3363944317657,0.7424397354638979,-0.1444860321056064,10.519410755447792
14.159999999999998,0.9966353488212448,1.0393119538367912,1.5673534432919307,0.012264524901566,-0.1570827582415322,0.0028541681979954,0.9875051606022466,-0.1802930757559367,-0.1492048601763163,0.0555376737731038,-0.5091122356911424,-3.0932294286945203,0.2250500650763247,1822.7212497047533,1813.407524522635,1822.977093987488,1848.4534922471048,0.7932366954900529,-0.0519972653626132,10.789838503213236
14.17,0.9940445554975028,1.038293718551274,1.5681591112373023,0.0094911934945371,-0.1722765175047849,0.0034913812717698,0.9849967152327402,-0.2183352491953221,-0.1499798653222703,0.0655745749543235,-0.5040760220865864,-3.0151242443868904,0.2362656781205817,1842.0522348434308,1830.8335959462804,1839.0760933959864,1859.4628267427447,0.844536357894424,-0.029612045436003,11.133934336211055
14.18,0.991047201752272,1.0373047313867634,1.5690501919980977,0.0067333798073361,-0.1869423683008733,0.0041089834713471,0.9823392126883989,-0.2610200337318785,-0.1499081471070544,0.0762062188075828,-0.4942245019204676,-2.967580620064594,0.2409369805273788,1860.5442732594904,1851.161496410574,1857.8838764700115,1873.7772039063889,0.7667109453822869,-0.0404535875257283,11.375475139509
14.19,0.98760557361481,1.036319161752986,1.5700352475545762,0.0040048828002362,-0.2010546539547587,0.0046755748128756,0.9795606801199492,-0.3080847949114876,-0.1493335958088035,0.0863492682838736,-0.4667873651010987,-2.949801886090936,0.2359547600983604,1885.7999533820368,1864.5804279037957,1877.3874520201664,1895.8842196658447,0.7027813435232328,-0.0481104267280797,11.692296128910511
14.2,0.9836903347248224,1.035305438322003,1.571117604752079,0.0013436236105726,-0.2146488238715995,0.005192115913805,0.976676568275532,-0.359299402648622,-0.148344809654515,0.0960802279212553,-0.4238515940354959,-2.9234594861808256,0.2256074955652521,1915.1798165152893,1867.7994164474003,1898.7069718148505,1921.2735741841689,0.8284982082245929,-0.0227146488118341,11.897664778425977
14.21,0.9792764176732756,1.0342367045476462,1.5722974535249197,-0.0012022481611879,-0.2277794306346383,0.0056894020072969,0.9736953919393468,-0.4144971836577708,-0.1469409762780368,0.1062574257240877,-0.385412102906478,-2.847574359877264,0.2163497143878383,1939.1058591029637,1871.6591939974055,1923.8811288753757,1940.198275091511,0.8002385218305497,0.0282360114072327,12.051567156678765
14.22,0.9743366955741436,1.0331005495761172,1.5735747516849288,-0.0035932763832203,-0.2404804769468397,0.006209188405528,0.9706274643505608,-0.4734902431166357,-0.1452933566531516,0.1172803839413216,-0.3688523067242251,-2.722488951484285,0.2100553792077196,1955.2349043275624,1887.8867620561512,1950.0581428451976,1948.7370334316572,0.7897183450122318,-0.0179594825589375,12.142138246974351
14.23,0.968837120849174,1.0319047657578484,1.574952722218772,-0.0058113301488229,-0.2527499500779409,0.0067815836556148,0.9674904140613598,-0.5360633183114745,-0.1436602163543722,0.1283849092709111,-0.3671255727309335,-2.5876064344918808,0.2037266793427373,1971.2657966855425,1912.0191028695597,1971.419063960439,1953.285938830693,0.83259874070888,-0.1055106581683236,12.352903658415007
14.24,0.9627368641407008,1.0306766828048528,1.5764402176923495,-0.0078593415943267,-0.2645620014954946,0.0074117829532212,0.9643081683714269,-0.6020336738754497,-0.1420290071842642,0.1382102873379855,-0.3552037721183912,-2.472094558961243,0.1948651229236138,1991.622975376212,1926.287720898039,1985.788630759781,1962.780536855513,0.85895205397909,-0.0368416803207315,12.622370762089671
14.250000000000002,0.9559940148087596,1.0294559502170957,1.5780504182112671,-0.009751776670348,-0.2758920654489106,0.0080807275001401,0.9611051830664396,-0.671267074051868,-0.1400120962259934,0.1461041673239646,-0.3205588515751318,-2.359214285617563,0.1849966387802815,2007.7154465479043,1921.701805248592,1996.1802667793645,1976.59555749613,0.7349282616959103,0.0003059941982624,12.79660590284112
14.26,0.9485735961764816,1.028283573136163,1.5797940117669222,-0.0115057257966358,-0.2867342848662244,0.0087555312538379,0.9579010433383036,-0.7435934718602945,-0.1372212876384853,0.1527151213985755,-0.2800514096605157,-2.212145774742869,0.1770041822641511,2008.8738795869265,1910.8369571322053,2005.2393674917312,1983.2221603195449,0.8616726279018021,-0.1396593500128194,12.799060477409222
14.27,0.940452933093198,1.0271914215188551,1.581667194577264,-0.0131382981855619,-0.2970980591623174,0.0094023453776156,0.95471028289433,-0.8186053406898974,-0.1336788147645373,0.1587509475617495,-0.2599921591761494,-2.03109157943485,0.1704637269026275,1999.8875935897347,1911.8374180073183,2010.3519065635292,1973.7768003637912,0.9036018344498542,-0.1221404354490901,12.791059384386706
14.28,0.9316208865642276,1.026195266684225,1.5836379464418902,-0.014666579955797,-0.3069819793552529,0.0099956203410183,0.9515498112855308,-0.8954459759033897,-0.1297431423137847,0.1627179633872971,-0.2629005404409506,-1.866732370440105,0.161412097354498,1997.064742347751,1923.461142198092,2005.8912458763095,1954.5055462492264,0.6403588862370544,0.0561638541647547,12.82279461328156
14.29,0.9220712656116686,1.025292111649186,1.5856349363086168,-0.0161032448597655,-0.31633262602813,0.0105205673949029,0.9484533055859012,-0.9728816475840134,-0.1256560636184719,0.1604524516344126,-0.2617503711635643,-1.761540310481447,0.1461890025806521,2005.7993176665573,1924.9498419116064,1989.290524451422,1940.8999141937063,0.616895792750868,0.0166215531923501,12.69527739677065
14.3,0.9117945841152714,1.0244613654659642,1.5875397005013556,-0.0174477602349231,-0.3250059903863793,0.0109693801878209,0.9454873635189676,-1.0498404183820818,-0.1212963881544292,0.1484686534914126,-0.2281015216828988,-1.675845960060336,0.1238919344830207,2011.4196983214747,1901.5819209120184,1965.56816442456,1938.084756087139,0.7013128342946855,0.0104052421583716,12.48981518980522
14.31,0.9007734935069592,1.0236696633351512,1.5891801060645825,-0.0186814300723502,-0.3327593437151261,0.0113358331147032,0.9427585704878668,-1.1261157804947883,-0.1164409245359833,0.1289977228089203,-0.1612352551244436,-1.4888609138447684,0.0953505427477989,1995.4302739540583,1864.6867862486404,1948.8662536457664,1931.3150613556356,0.6682389588863362,-0.0897246859784464,12.202583103206166
14.32,0.8889850682872795,1.0228793452495148,1.5903314780603,-0.0197737489432192,-0.3392973101408369,0.0116134722107862,0.9403996285873004,-1.202544358268231,-0.1111763450264343,0.1109536790159615,-0.0887249893221263,-1.1017635414393483,0.0616401395123628,1955.9143830304497,1843.3771971906767,1955.830819632547,1901.506459588405,0.6916322653803189,-0.1282894632062862,11.927194492386512
14.33,0.8764101624308995,1.022059328384534,1.5907477901573626,-0.0206972854614781,-0.3443667681785803,0.011797591792422,0.9385328807115206,-1.280177531656955,-0.1059345647764178,0.1031100262949376,-0.0426222583374992,-0.5558384545747173,0.0246094523310933,1911.3633677685057,1855.8145482366172,1988.0492913557875,1850.2883265610085,0.7004816439531467,-0.0028475120356858,11.692376956558489
14.340000000000002,0.8630484682113115,1.021194889243736,1.590246306513289,-0.0214388427988528,-0.3478522287810281,0.0118864005117184,0.9372288495529746,-1.358845062492032,-0.1011483440172647,0.1036991072566765,-0.0355334720290543,-0.0348211764583534,-0.011985433042488,1887.2272344388,1887.3004520895263,2020.9832974280237,1803.927240399119,0.4492444273707754,0.0726126055206561,11.690267910107783
14.35,0.8489366195224581,1.0202920594899447,1.588836043636635,-0.0219971634843837,-0.3498012749701502,0.011879114025678,0.9364902986565656,-1.4364507678273322,-0.0969829599046551,0.097349853890916,-0.05277887158974,0.2800008038920503,-0.0433102581518207,1895.6178460413291,1898.302792370596,2020.502749292575,1788.953970589575,0.1617920920868876,0.0540475254754059,11.560527813211134
14.36,0.8341635708068047,1.0193744348448113,1.5868269393529904,-0.0223715667225693,-0.3503429714597735,0.0117746612208594,0.9362802319307229,-1.5102205092991363,-0.0933650206284017,0.0667823716922398,-0.0617683473321295,0.3809374464505333,-0.0662112973426805,1922.559120883167,1859.708221535618,1975.312732863409,1805.5132154535772,0.1504436051338835,0.0164862573719709,11.475439521041976
14.37,0.8188733294978998,1.018473944712391,1.5848273405965536,-0.0225567524147156,-0.349543592848704,0.0115750974590074,0.9365770052364808,-1.579377231053506,-0.0900725051733553,0.0117417619922691,-0.0333274466743412,0.46773282218286,-0.0813346719012664,1935.248343082509,1784.38812767347,1910.7344806181936,1825.1876466465744,0.2593698115990825,0.0149819444728596,11.227510545898896
14.38,0.8032441834358757,1.0176198889913532,1.5835751038412311,-0.0225532972531872,-0.3473076756681831,0.0112912173936846,0.9374119881966212,-1.6466218737015537,-0.0867306841490188,-0.0451088750112061,0.03464530901851,0.7942976186001521,-0.0923102449860655,1907.377469506739,1722.814134755904,1870.5399801989352,1814.2836988835145,0.425487800683241,-0.0282448920912298,10.77595412822644
14.39,0.7874403009693705,1.016830686671229,1.5836513385812976,-0.0223866188596335,-0.3434068111715483,0.0109424864016096,0.9388561462377356,-1.715939814943725,-0.0829459535875102,-0.0762843473133389,0.1081126946106193,1.445088601864711,-0.1022451313134098,1843.9785935022549,1721.4238956412787,1883.217253085576,1763.5423511388808,0.4240823657501762,-0.0118997581879062,10.429454209061705
14.4,0.7715461546644995,1.0161105240995558,1.585227328049506,-0.0221163971119619,-0.3376133311593411,0.0105471866357051,0.9409659188601628,-1.787710191253625,-0.0787024694241821,-0.074568282077699,0.1369099068748274,2.2352045502089517,-0.1107833769376101,1783.9884157265024,1778.5682069889176,1935.6254471448624,1700.556912959726,0.163942544516952,0.0420771641995473,10.13227453686734
14.409999999999998,0.755510424768288,1.0154503101618109,1.587997928389775,-0.0218228367665615,-0.3298308270166468,0.0101090921117261,0.9437336465346838,-1.85615256089766,-0.0745770926114846,-0.0571602927647799,0.0954928353473308,2.837723143706525,-0.1152490104631706,1772.0388868837117,1840.7636671181283,1975.2658980108324,1670.7716301080152,-0.1186505921967668,0.0403090746609917,10.094956644363132
14.42,0.7391340339489211,1.014831335482909,1.5913369881381965,-0.0215724927073292,-0.3201355751804007,0.0096129478614952,0.9470773106223792,-1.9137181614711205,-0.0712536220816659,-0.0460058461804348,0.0107432953231257,3.039231574776366,-0.1147240297978832,1818.4686181620405,1847.689757181245,1950.798910465552,1699.2407618902046,-0.3811827436482575,0.0604403765482271,10.640503966115864
14.43,0.7221276950799637,1.0142309973112664,1.594569524746811,-0.0213838401156344,-0.3087473812924415,0.0090360928338352,0.9508607337319523,-1.9598883001143128,-0.0686557839426684,-0.0490977555765463,-0.0523868581390441,2.899570041781413,-0.1116429321482943,1887.0632110115407,1784.4378433820807,1861.5277395463072,1768.21161436264,-0.3355085595001696,0.0135300509831016,10.647343257372825
14.44,0.7042318298340697,1.0136303384609364,1.597207303051092,-0.0212173110250375,-0.2960144042525397,0.0083718055983634,0.9549111011287408,-2.0043033205290985,-0.0657589525737289,-0.0610020270001371,-0.0400696507700732,2.6848245550189747,-0.1088665040682023,1926.792874155672,1690.001015791367,1761.5066180935255,1831.7431459104853,-0.3355085595001696,0.0135300509831016,10.647343257372825
14.45,0.6853418895268085,1.0130212075698477,1.5990531075524637,-0.0209994442506262,-0.2824320541979065,0.0076490413456769,0.9590269288550806,-2.057881041554601,-0.0615562184060412,-0.0748529610824173,0.0469506119682048,2.6541052601872144,-0.1068170762478502,1912.469036610052,1617.8998621327378,1707.3181926449347,1849.382361946248,0.5202604523181122,-0.0734320486993815,10.207435680526112
14.46,0.6655503946506907,1.012408851562333,1.6001701772991117,-0.0206662513306349,-0.2685870425036861,0.0069309597415314,0.9630087582426878,-2.120343683160459,-0.05621897215288,-0.089049832011031,0.1539556651749556,2.8880915362446267,-0.1046162861519523,1852.8519068929315,1592.3130014804965,1706.0234941046313,1808.24724166518,0.2805104280506079,-0.0303080701478192,9.71630009812062
14.47,0.6450536671940854,1.0118073468764648,1.6007699816046577,-0.020196517369254,-0.2549153367283029,0.0062868302145544,0.9667319936532062,-2.179294460016421,-0.0510812332709225,-0.1043394929615903,0.217556292547646,3.2766838226427373,-0.1026128073033232,1772.8644017712093,1598.795398701106,1718.7124341863837,1725.9920707887063,0.1462673773847069,0.0721413448891135,9.37357724440198
14.48,0.623974203198487,1.0112301816244456,1.6010813103369457,-0.0196139687988928,-0.2413604432386069,0.0057526066233624,0.9702202513783434,-2.222967180836468,-0.0473803011684504,-0.1189161477722234,0.214904700381423,3.641398367462215,-0.1019589925778221,1699.6923171270791,1608.190470538993,1707.2701732492983,1641.2338048407378,0.0257066249707889,0.0269738877933382,9.06670257231977
14.49,0.6022336368641719,1.0106820880688134,1.6012472461347962,-0.0189622666662011,-0.2272191595094919,0.0053073356384261,0.973644554333408,-2.252444622352858,-0.0451077608908558,-0.1286045575044042,0.1729511003467159,3.877205897523711,-0.1021730620770522,1655.673684100119,1603.7418147782855,1667.8973531136085,1591.9782691914445,0.0231628640911263,-0.0141611855985295,8.674526595650597
14.500000000000002,0.5795875938021467,1.01015741205335,1.6012741822426544,-0.0182764608843263,-0.2114066520122089,0.0048841734320948,0.9772150957247936,-2.280180017606731,-0.0431584910527107,-0.1320851935529198,0.1360239774878592,4.005424773052083,-0.101024638970534,1647.4308003244562,1587.3238109937963,1622.6952081927466,1589.7171771160538,0.0231628640911263,-0.0141611855985295,8.674526595650597
14.51,0.5558096190057535,1.0096456715773707,1.6010370536520562,-0.0175709315494547,-0.1930537992310037,0.0044111581282352,0.9810209144819122,-2.31708672169674,-0.0405124250791311,-0.1353247570550458,0.1293427218394016,4.114603560441807,-0.0973693265274535,1659.7671372068496,1567.156701939991,1591.6191814685037,1612.5564485715583,0.4253979382213027,-0.0824809218932908,8.37442112792166
14.52,0.5308897700130939,1.0091400351971578,1.6003282445742568,-0.0168448762760626,-0.1720438102940039,0.0038547830709691,0.9849377229704632,-2.362284752583516,-0.0371290798068608,-0.1485280951030874,0.1493890317766832,4.2597495220537525,-0.092735663210301,1667.3149461111186,1546.6821434908975,1577.353978640364,1627.7722329414064,0.0789598287602029,-0.0258202750875358,8.401266204265674
14.53,0.5051016267854659,1.00864267119766,1.598924232358046,-0.0160946908199423,-0.1491060421454778,0.0032368542956474,0.9886849204359244,-2.405746574106542,-0.0337016004806777,-0.175980254699239,0.1776699842166551,4.413604599453629,-0.0890592833645363,1656.59087989893,1525.7990586879137,1569.394140959825,1622.208478887439,0.1173671020008098,-0.0117059677131367,8.482161074265676
14.54,0.4788984538549624,1.0081635212547166,1.5966397967905692,-0.0153248660844664,-0.1254290677160315,0.0026161593008701,0.9919807725767132,-2.439199198528476,-0.0307791588895523,-0.2097684195332087,0.19700791387945,4.504096937165679,-0.0856084943266477,1638.9211065927575,1506.7014438720937,1555.699753285224,1611.7480693601856,0.1488426572484393,-0.0382213106941794,8.651619131173776
14.55,0.4527231146367765,1.007713927623776,1.5933535195940098,-0.0145535741564351,-0.1021063398332976,0.0020526178041479,0.9946649061896524,-2.462456603999776,-0.02833976959911,-0.2373706299126123,0.1987204615002427,4.492343560459241,-0.0794950899300681,1641.6627039281493,1494.75186998236,1533.8259419893147,1623.9082089720368,0.2370390428277395,-0.0136441843913817,8.589215643148542
14.56,0.4268542566758487,1.0072998013356582,1.5890144583987125,-0.0138093157966744,-0.0797686858556089,0.0015793288471758,0.996716491924604,-2.480142958895242,-0.0261006416041839,-0.2559423383238951,0.1825554348762892,4.412593788432334,-0.0695034926601423,1682.2910757244674,1496.794568276472,1516.6330630869534,1671.1176992102369,0.1127283065511486,-0.0126756018818269,8.650537097436152
14.57,0.4013601494484028,1.0069185904059637,1.5836529022352803,-0.01311733834872,-0.0585287660738646,0.0011955546486973,0.9981988226929532,-2.495408549848952,-0.0239367906130489,-0.2747467362743442,0.1545550733725693,4.332704826062893,-0.0587642970322307,1749.5371113159888,1519.8619255924202,1524.6303539704868,1739.7439934894132,0.155295281077498,-0.0700731016060029,8.956799448028653
14.58,0.3761574731663291,1.0065613132296924,1.5774024324926668,-0.012483286597521,-0.038140191518071,0.000877931177405,0.9991940365031892,-2.5080302924351905,-0.0218888618647831,-0.3013014950955218,0.1251725428458223,4.276776950905342,-0.0527378908747136,1815.967746876869,1566.1486778737808,1566.656183758529,1806.8519792616216,0.2800187128287892,-0.0568144005913703,9.628270595514604
14.590000000000002,0.3511249823354868,1.006217910307726,1.5705155368608883,-0.0118879489621685,-0.0182165083059682,0.0005984727635901,0.999763210627878,-2.5167042934565598,-0.0199408378794882,-0.3294920954975602,0.1068557462796389,4.202013160496831,-0.0536845124313099,1870.71739989891,1626.7305167531367,1629.5013089613908,1866.7501717387772,0.3443189185118619,-0.098636339967918,10.376011236062372
14.6,0.3262091367600245,1.0058828325492404,1.5633530523974115,-0.0113003299769165,0.0015876398245218,0.0003363017436344,0.9999348322982542,-2.5209386653666392,-0.0179756074959242,-0.3457439459373221,0.1082775456634276,4.065549468599292,-0.0571788210974935,1929.5672662545344,1686.0771482244586,1692.133785813522,1934.635003701848,0.2535291545521045,-0.0579987907752172,11.059892864949491
14.61,0.3014710415014534,1.0055581169813628,1.5563504822737788,-0.0107014024398716,0.0214641243729712,7.684115136031628e-05,0.9997123413493298,-2.520489736809321,-0.0159118591311376,-0.3435829787217155,0.1253586414853179,3.900735061072414,-0.055541316506805,2007.458043029679,1738.4441575907165,1748.931343420576,2021.8567984865524,0.1424385125310433,-0.0412666443068921,11.834525764487378
14.62,0.2770525071082212,1.0052524705311032,1.5499799749078649,-0.0100996008073314,0.0413941881856019,-0.0001946241753147,0.9990918282967878,-2.51422529830932,-0.0137386597629168,-0.325802132384295,0.1388057292521517,3.795877794851921,-0.0457538816826207,2093.596123011391,1796.907507066836,1811.5209882583936,2114.89949488852,0.2196094213838935,0.022893914927948,13.027134821087818
14.63,0.2530751964108843,1.0049766566828289,1.5447158683397753,-0.0095342344843579,0.0611340843290727,-0.0004916330228787,0.998083904490506,-2.500608235949365,-0.0114171297301562,-0.2941260125395607,0.1290836622432911,3.7897796916933695,-0.0328153270353892,2165.096547438811,1877.073516020535,1884.6071862404388,2186.44012840314,0.3571691783843389,-0.0597769154517229,13.98661269409042
14.64,0.2295197308746855,1.0047372963910624,1.540994436322063,-0.0090594479426728,0.0802530043853926,-0.0008144510141757,0.9967330226091828,-2.479520088191821,-0.0088994754107651,-0.2455471141594934,0.0985819194518271,3.8196078380626215,-0.0236536953785426,2215.355200822575,1967.757385163192,1947.5214509278435,2225.4254641954776,0.4214552825586444,-0.0578308057641819,14.741447700914865
14.65,0.2061510695206488,1.0045324283289412,1.539161110201957,-0.0087171062680355,0.0982671087785879,-0.0011390853518068,0.9951212438065876,-2.453229847009481,-0.0062979878815185,-0.1816840635985465,0.0719826272471775,3.7992326522622943,-0.0186874168684387,2253.479635982275,2028.332813251674,1971.8939320785,2247.4535553702176,0.1470833917779077,-0.0469940517128906,15.62459758941224
14.660000000000002,0.1825558590852556,1.0043522932976747,1.5394139304532737,-0.0085061257233487,0.1149016372501202,-0.0014212413101518,0.9933394382866104,-2.424661392720524,-0.0038893364508176,-0.1140898033408241,0.068085634303122,3.7309971707245055,-0.0118697199488298,2280.778143182237,2030.38389858224,1959.5792645657796,2271.76971566392,-0.0803946497984204,-0.0489643876337355,16.215971710789567
14.67,0.1583311613096018,1.0041870995220823,1.5417576305523093,-0.0083626852404316,0.1304039324197194,-0.0016152308298376,0.991424364706864,-2.3938920850879875,-0.0018140705603306,-0.0527459408113192,0.0784285741584946,3.707923004651996,0.0012937691456708,2286.333268582681,1999.129080154531,1950.6432207495436,2296.749444665721,0.1208396850136512,-0.1689171930322799,16.132746414932704
14.68,0.1334057677348672,1.0040397897295552,1.545978897045531,-0.0081677448830783,0.1457016965675009,-0.0016950849386976,0.9892933994765796,-2.3573403863800446,0.0001454838408405,0.0081674260170838,0.0841133460062714,3.813870634971383,0.0193227676540081,2269.3275880925976,1994.5644339716875,1983.434208623314,2307.9202544880764,0.3913471525670564,-0.0615519411449428,15.971273494647166
14.69,0.1083871052193884,1.0039377511184782,1.5516569275200374,-0.0077872549180118,0.1622078437973705,-0.0016661129603284,0.9867244793451986,-2.312847378801269,0.0022928584860502,0.084702494011102,0.0885554441602528,4.051233732898237,0.0393936364662442,2248.8942252155102,2044.8952661456865,2050.8549983376465,2303.512966925071,0.3913471525670564,-0.0615519411449428,15.971273494647166
14.7,0.0847394463611576,1.0039357506901123,1.5582303664501318,-0.0071306798560419,0.1812897004547484,-0.0015645433293905,0.9834026388605984,-2.2643863290588397,0.0045373884973297,0.1811016669075065,0.1170476130745146,4.358883817533954,0.0622796667148798,2239.106896684756,2112.310155707988,2103.883344289591,2295.353259324391,0.4333771036708258,-0.0381298662228427,16.78983189896241
14.71,0.0645869417020641,1.0041047610112557,1.5651248425147206,-0.0061994263599944,0.2036860190190269,-0.0014483490464625,0.9790155642552508,-2.214105053588908,0.0064799034685273,0.2791648993414855,0.177415756091799,4.663502700277714,0.0896340931271982,2224.368707915476,2134.011149727912,2097.089269566363,2283.773708819279,-0.2587553070085757,-0.1606816630014574,16.66263160879367
14.72,0.0500730363175597,1.0045073887107132,1.5719003520818136,-0.0050971824686025,0.2291947988548893,-0.0013808865775013,0.9733662497030646,-2.144974266155609,0.0081542892507076,0.3532365664943714,0.2334222260138204,4.903159470526999,0.1198507380722754,2178.354255130422,2087.7650859002624,2026.3923534798607,2250.0010863096504,-0.2171656037234486,-0.0014826393334583,16.257137068329097
14.73,0.0424720668662897,1.0051683001991116,1.5783457394702418,-0.0039878857686647,0.256728363931869,-0.0014072814347094,0.966474347036136,-2.0216150941892965,0.0103911782395369,0.3921580952563798,0.2352835605772768,5.025955699540988,0.15124809885297,2105.3666380911145,2006.8741309611628,1925.515094684321,2183.134679686433,-0.2830471789131232,-0.0230320846481388,15.283670703521656
14.74,0.041476225835344,1.0060538044499805,1.584467357352917,-0.0030103936666695,0.2846197076884408,-0.0015278133528148,0.9586345629653028,-1.825387174609584,0.0140032045117655,0.4040143852271803,0.1825504027150309,4.990141120297058,0.1876938301030811,2042.3406345834876,1937.859393780472,1833.8795225142524,2103.9337487365365,-0.3436490360553295,0.0262442866450319,14.340972787560014
14.750000000000002,0.045077296238083,1.0070739745091264,1.5903760156330324,-0.0021858643627515,0.3110640837585521,-0.0016800253045826,0.950384940593766,-1.589920043033929,0.0186327094303094,0.4039751775837619,0.1459582557320421,4.777420940885566,0.2360507529123263,2014.853995175903,1896.1462534833624,1769.2404928994767,2051.5211244808856,-0.8692411284873218,-0.0049358243588383,13.592399648122624
14.76,0.050171737453028,1.0081106400738349,1.5961237318614374,-0.0013697404059179,0.3346388798524776,-0.001741375076437,0.9423438393257222,-1.3863916764809927,0.0228079688473448,0.4021043565938904,0.2097543679009873,4.414911157954564,0.296930294490977,2008.6887258655247,1861.876095025608,1722.794550622623,2048.627260688375,-0.8114680088788324,-0.145,13.142258851760085
14.77,0.0536102406548449,1.0090594632581291,1.6015559604912908,-0.0002885785943724,0.3547683963757211,-0.0015536637833155,0.93495287998072,-1.2643458179624396,0.0252598762483823,0.400372986474186,0.3821919646382914,3.982329724957921,0.3608973335963162,1992.2932298364613,1810.0471592194208,1673.8861032522243,2081.8449546502443,-0.1409659794757587,-0.0336952930170633,12.909307892987874
14.78,0.0531838259706237,1.0098650065983974,1.60623692387327,0.0013383101238209,0.3718872308083138,-0.0009613291141499,0.9282764525366732,-1.2111165188879205,0.0259454486018969,0.3954726139665577,0.5657706906194141,3.5761620987257974,0.4152758583721619,1953.153328438612,1742.49776393665,1611.633893306197,2112.3280406191493,-0.0957049041872002,-0.0517379446040465,12.69617588616756
14.79,0.0481412706420935,1.010531986088275,1.6094904504731515,0.003643245520921,0.3871283360478292,0.0001433363885485,0.9220186319405878,-1.1712366054040988,0.0257482909267957,0.3822010294263451,0.6279846239811557,3.243307338842222,0.4521748747559778,1903.2106814871067,1689.7321769840669,1545.485367062617,2105.33034976368,-0.0957049041872002,-0.0517379446040465,12.69617588616756
14.8,0.0391333474852757,1.0111101506495153,1.610574768757607,0.0065055617953998,0.4016418787634601,0.0017744866969959,0.9157719858600428,-1.0998412183050814,0.0254841602233915,0.35582610995339,0.5141517718623181,2.944495236855944,0.4674866623311464,1859.4356349858997,1677.3555831417002,1493.672161188863,2054.392266273467,0.6255608039052385,-0.0304690664692341,11.3207107326663
14.81,0.0277358543801683,1.011663888553478,1.6089668301896618,0.0095708600864201,0.4159248592960871,0.00382244158722,0.9093405847079788,-0.9950828245263256,0.0253703736834103,0.3131256276353107,0.2960853193181704,2.5873839766038205,0.4548147203879419,1831.4017998604509,1693.618358001564,1463.0269445761537,1983.209585753622,0.2825334713773451,-0.0426920251819384,10.585604278671925
14.82,0.0158075613278816,1.0122429794551238,1.6046707728865677,0.0123963714906969,0.4295539159348843,0.0060610680759074,0.9029357821753716,-0.8853413592889917,0.0252696881526387,0.2531230545623318,0.1084390357830175,2.098037283577658,0.4061376696373099,1823.526199882397,1699.1176560927563,1445.6417368508678,1927.3255800507973,0.1878519009762769,-0.1637162592632181,10.157639028133088
14.83,0.0049229869806038,1.012866810376424,1.598411263228177,0.014637181295922,0.4414269393660693,0.0082016644973928,0.8971403139002767,-0.7938606004162734,0.0251354085397238,0.1804974647014373,0.0357737430123597,1.465476512073808,0.3209057942259418,1836.018068058602,1668.5097603435584,1434.8959049696366,1908.7776487055328,0.1517595846196036,-0.1578552852330173,10.061881076294837
14.840000000000002,-0.0039634428655575,1.0135251956225646,1.5915716072249504,0.016161381202527,0.4502907729630124,0.0099762633706846,0.8926799559255031,-0.7186796047443692,0.025065622940618,0.1096460075914843,0.0587795853974346,0.7274821402161027,0.2125888616273193,1861.1274825855528,1613.8516791334291,1436.1859449722947,1919.955230569411,0.402079899424562,-0.1196135066926466,9.9053802006584
14.85,-0.0105787375825495,1.0141909999488734,1.5858311023033227,0.0170424200946305,0.4552320266635805,0.0112162247029709,0.8901390644840276,-0.6418957390268362,0.0250222792570614,0.0595146255660608,0.0974876742671752,-0.0722889387233587,0.1041639623018452,1888.4995244772051,1565.0523358292369,1456.3820678723152,1933.283613133815,0.5239738642260257,-0.1361857826006918,9.952214348491768
14.86,-0.0151770610386841,1.014836641433044,1.5826312841709425,0.0174640356463864,0.4559310189197366,0.0118936397579082,0.8897642692191353,-0.5515269367286267,0.0247297441380296,0.0380603278142574,0.0909976195229536,-0.8939999408929244,0.0167981735758886,1916.735574384128,1537.3981245222265,1489.0457556380604,1931.0836654436448,0.7906365569438059,-0.1302185501117536,10.179051748573189
14.87,-0.0182826349179752,1.0154473802064845,1.582733061144331,0.0176143577174629,0.4526512401547291,0.012109813928286,0.891431400386597,-0.4523260800879424,0.0239573556587272,0.0348230030882871,0.0366354808489397,-1.6634872985721445,-0.0384515575799409,1948.357223478552,1527.9186805728025,1521.484199167165,1919.0166986349784,1.0111552532298775,-0.0535386622802087,10.125579820514323
14.88,-0.0204407894872345,1.0160268590381922,1.5860686655242788,0.0176256987134841,0.4460530928346903,0.0120396212919202,0.8947519324576034,-0.3580565325922505,0.0228002315100765,0.0341874166167391,-0.028736662262332,-2.25610563657732,-0.0619052962579454,1971.3580974385368,1538.263312029857,1556.5244075129308,1906.1477457206884,0.9066112926813696,-0.0395805860626667,10.084465038726126
14.89,-0.0220495560779668,1.0165937180210207,1.5918812365734314,0.0175690287164313,0.4369649581280415,0.0118610245674818,0.8992287087801022,-0.2761178734995831,0.0215900118723407,0.0316261454424585,-0.0687679419045959,-2.5639297141990784,-0.0615261848519846,1963.4466968949248,1582.0438695770135,1612.8835890103935,1887.503341556648,1.0147620598186269,-0.0535293050672355,10.34593775892508
14.9,-0.0232951144297208,1.0171717073210642,1.5990018868789286,0.0174778300504116,0.4262161207972331,0.0117023388924376,0.9043768015013068,-0.2004095957986313,0.020594097052956,0.030745748336357,-0.0709171394281902,-2.591873177996066,-0.0474676605073773,1922.400980865288,1659.1493034108637,1695.1163477007085,1857.485876343576,0.6919602932819338,0.0150994425322424,10.457893515209284
14.910000000000002,-0.0241747870359984,1.0177783305496946,1.60614693414078,0.0173728988564432,0.4145544316076899,0.0116242994430225,0.909784414728131,-0.1189054583725636,0.0198661582237982,0.0296038043981482,-0.0451245921606511,-2.4725948417771297,-0.0285381388006252,1874.0534533503676,1735.648145743202,1773.313384850261,1824.4054854548692,0.6919602932819338,0.0150994425322424,10.457893515209284
14.92,-0.0245710375300654,1.0184175173310677,1.61219703151829,0.0172761865768106,0.4025934126939646,0.011632372303208,0.9151419372684164,-0.0274393792826416,0.0193122890513557,0.0187937977837932,-0.0111572953431276,-2.381395040534437,-0.0122042691423553,1839.8580855529733,1766.027950409805,1804.296661619255,1797.1206340178414,0.6839187865730878,-0.0211768525044432,10.656009605400628
14.93,-0.0243385588418085,1.0190797814065575,1.616421883381903,0.0172151548931826,0.3907207151251753,0.0117014845206645,0.9202738920963084,0.0655168943021584,0.018807529056043,-0.0078588261689201,0.0137554523386082,-2.437502211281424,-0.0048733492329246,1813.340730738082,1733.708084859402,1769.9652550374317,1770.2548340456908,0.6891325538147353,-0.0919331609585612,10.450652999372288
14.94,-0.0233761363788987,1.0197493161199538,1.6185864414582345,0.0172204974248754,0.3789697481825537,0.0117958043137767,0.925173628802444,0.1478723998132304,0.018288494411754,-0.0465956904351928,0.0230319324737357,-2.669077372433852,-0.009720449670786,1778.642226585317,1660.4985401612505,1689.790995686882,1735.7565071354124,0.5326841073591639,-0.0547866862077034,9.73877434674823
14.95,-0.0216675502557784,1.0204134363808672,1.618900327252002,0.0173174550341382,0.3669445203673779,0.0118763192910547,0.9300057944785036,0.2152812177715783,0.0178233310667367,-0.0883055369870215,0.0217435948691532,-3.041352659395812,-0.0250580579602292,1737.1620026284163,1579.6790497885863,1600.826606742614,1698.6140193764031,0.5632522045664645,-0.032060415334475,9.30410452649365
14.96,-0.0192876279441708,1.021068489533429,1.61784223991645,0.0175129075850251,0.3538960488712678,0.0119005142623933,0.935045059032726,0.27246372337738,0.0175785024934119,-0.1268310089224733,0.0198091120050586,-3.501415534597375,-0.0460524288782416,1704.6054699605695,1510.0574700308437,1530.6759926598947,1670.0071556734208,0.6482341548592467,-0.055732363187002,8.760343448762015
14.97,-0.0163792399921901,1.0217190076425493,1.615945093754132,0.0177860611533188,0.3389633701775541,0.0118241653227453,0.9405571108768171,0.3259168244316479,0.0176488341437144,-0.1620980707329559,0.0234530472838197,-4.004099851741332,-0.0671816907094263,1689.4374297750685,1455.4504884689427,1485.866108369156,1651.3019084627722,0.6943912146956999,-0.0988593927556046,8.37445719420175
14.98,-0.0131132173198926,1.0223714280109168,1.6136291602975348,0.0180923728587788,0.3214964324626456,0.0116120377498522,0.9466667156594376,0.3779541611669778,0.0179218799866639,-0.197090317211519,0.0320229759566435,-4.5138171237382725,-0.0829857577674199,1682.233521778753,1416.1668146678471,1458.448386025117,1632.6482301172614,0.7554003486832026,0.0105692422058608,7.901813937345556
14.99,-0.0096451635077203,1.0230267700994151,1.6111278429725977,0.0183825731006331,0.3013389077776018,0.0112545609080147,0.9532734542220136,0.4271112895560648,0.018148417758341,-0.2337398524395091,0.0401273403273983,-4.9907751038633466,-0.0891256763528065,1665.2274749984294,1391.8013817365234,1439.1831778827077,1604.7919824754342,0.8459236485657406,-0.0388238312325868,7.668905806373271
15.000000000000002,-0.006081194160293,1.0236765732533095,1.608499712148759,0.018625431934216,0.2789620505020401,0.0107788236479663,0.960060979639172,0.4718316241104452,0.0181268838500878,-0.2717486784472604,0.0409470742899023,-5.371300984948631,-0.0852841296073696,1629.546161125907,1378.9573456742046,1425.7478376001268,1567.4317678947264,0.9208978080402064,-0.1460885790811032,7.426094346984073
15.01,-0.0024596842658522,1.0243041364339154,1.605690333547488,0.0188172999387463,0.2553796131215762,0.0102426788300578,0.966603460554158,0.5123605702978697,0.0177862657649561,-0.3096075624324866,0.0292397934611942,-5.564228537734154,-0.0769407399875193,1581.9986815178413,1377.4193026891005,1424.5852694011917,1526.1277395915995,0.8231475287244758,-0.1175115848157134,7.381191535889642
15.02,0.0012499095483566,1.02489047485443,1.6026033569430913,0.0189708382654197,0.2318332455280048,0.0097116457991941,0.9725220498782174,0.549366322245939,0.0171527796871265,-0.3453378283240468,0.0042244403426684,-5.49126534343594,-0.0725296697306513,1537.125070565735,1398.501533625923,1449.024880922213,1485.7460570641235,0.8101752015718238,0.0232673011381643,7.307081308672829
15.03,0.0051340630234606,1.025422314814306,1.5991535381372686,0.0190916273060132,0.2093275638172866,0.0092309362454605,0.9776156047287504,0.5819641090856366,0.0163322195789619,-0.3766310351038746,-0.0291918148015821,-5.15930579449803,-0.0772637985280997,1507.800098763305,1457.6786608159823,1511.2241320631492,1451.689290014442,0.7579444545244933,-0.0347996687568998,7.228213170833437
15.04,0.0093107364355586,1.0258982731841912,1.5952941997299384,0.0191604062832768,0.1882057793004893,0.0088082826583285,0.9819031915752012,0.608501518911563,0.0154731838972668,-0.4014956273428451,-0.0623172571076695,-4.694510171878071,-0.0890962851374078,1503.5693744997602,1553.7231441107504,1607.9979968969112,1435.547404928344,0.7152829452994882,-0.0863511610944435,7.656416736387939
15.05,0.0138941289191583,1.0263298697395695,1.5910277295983808,0.0191347684619438,0.1680247128771353,0.0084152060917058,0.985561129917824,0.6297978436068549,0.0145798954130174,-0.4191214486062047,-0.0866103646576456,-4.278993090185715,-0.1008912604122852,1529.8480901975645,1658.9544715694774,1713.3121271695586,1451.435816763047,0.5330757533017811,-0.0955424843301079,8.100094976667236
15.06,0.0189519241842015,1.0267364793091005,1.5864118001671434,0.0189712719182233,0.1478957087267308,0.0080034201764895,0.98878859997853,0.650418393479757,0.0133241808005776,-0.4293660764114062,-0.0974642065883409,-4.027262117345868,-0.1067923421592562,1583.8016418632965,1736.7654903740706,1792.2808871826674,1503.4028579382204,0.5330757533017811,-0.0955424843301079,8.100094976667236
15.07,0.0244686169793141,1.0271365496522074,1.5815646477253638,0.0186549609363424,0.127160811514103,0.0075277280481579,0.9916780998680828,0.6750337082739374,0.0111998292386722,-0.430967482954102,-0.0966712178744456,-3.913523973818103,-0.1064338880829101,1655.423067046298,1773.4361553166343,1831.5475877187564,1581.4584565525918,-0.056355657228635,-0.0407719701311194,9.713233269228631
15.08,0.0303377445017527,1.0275393447314412,1.5766593988440902,0.0182163190267354,0.1059580364460732,0.0069664609168374,0.9941793241945354,0.7034467351647377,0.0080022505414571,-0.4213571457103644,-0.0925376160451881,-3.8169648792146793,-0.1032936252321558,1735.2493481131592,1793.3601057373162,1856.0739552840107,1671.7689369101756,0.4988277724447325,-0.0565720896282197,10.571219115514204
15.090000000000002,0.0363983731536734,1.0279408389232203,1.5718960159589304,0.0177214461546123,0.0852266945774862,0.0063313703451633,0.9961838558354262,0.7304207645699715,0.0041573372147312,-0.3998938999158603,-0.0955046128798678,-3.639075162413124,-0.1000268159435296,1817.1506000295471,1838.167205057166,1906.2464985915267,1764.664929114071,0.6614136497633705,-0.0888284319068813,11.49703799461808
15.1,0.0425043000813133,1.0283248805064693,1.567455549728483,0.0172384682318862,0.0661065682853308,0.0056621755321694,0.9976475813686906,0.7505503455824801,0.0005187241993452,-0.3710365847070931,-0.1095296881587385,-3.386709892202836,-0.0962833838308908,1894.835684256243,1925.4382096843683,1992.81292630167,1852.2765187928744,0.7155961371765491,-0.0217545555296798,12.293030909579286
15.11,0.0485881171641978,1.028668432645134,1.563459509646245,0.0168011050766779,0.0491591920775915,0.0050082754685607,0.9986370781616872,0.7623875746342984,-0.0022744401133912,-0.3415383553463012,-0.1266690658872983,-3.1533811129924243,-0.0907969659780023,1963.0395641634773,2029.2078741360572,2081.9457147319954,1927.305786176828,0.6452727800695712,-0.0505845782085838,13.325938865830386
15.12,0.054680028315678,1.028948858409005,1.5599572257391237,0.0163945201885668,0.033969348045387,0.0044072951078402,0.9992786792737,0.7679493992823618,-0.0044028508154172,-0.312346184834079,-0.133532683300966,-3.0233718711264865,-0.0843635961893437,2021.5432220810328,2105.1172884633693,2131.8763041335083,1986.774045593968,0.5057359176377385,-0.0888930160352683,14.039486471000684
15.13,0.0608666781403186,1.0291512294808849,1.5569455800902936,0.0159732382980153,0.0193948879103821,0.0038718217868654,0.9996767992592752,0.7695236096840541,-0.0068364106030618,-0.2751951564159681,-0.1251749879267976,-2.992090066866649,-0.0797320094086477,2070.300302116269,2132.676378907155,2138.036779980819,2030.866281173242,0.5057359176377385,-0.0888930160352683,14.039486471000684
15.14,0.0672123634836405,1.0292735166275344,1.5544057254139292,0.0154970958964146,0.0042729694971478,0.0033906093368107,0.9998650336514318,0.7675894826215764,-0.0104996531713068,-0.2211572074330902,-0.1095305503998983,-2.979616050374128,-0.0787076136722128,2101.482193236552,2128.237691561088,2133.1033555391546,2057.4554290205697,0.0658046623336892,0.0057610667179523,15.053873290041516
15.15,0.0736906117490891,1.0293276690116562,1.5523349007403946,0.01495932076746,-0.0119160152235286,0.0029415236481904,0.9998127698434324,0.7611812447238414,-0.0153660834815254,-0.1527776172468808,-0.0959130956246813,-2.9184784155719425,-0.0801662039049569,2105.4968975991405,2119.1966391163,2145.0920403649675,2063.3545908067754,0.6245922531607209,0.004661877616351,15.186689086179673
15.160000000000002,0.0801686804955022,1.0293359266405424,1.5507583875643625,0.0143886311347221,-0.0288589637433723,0.0025064575886309,0.9994767857114462,0.7493774831599895,-0.0204543742978144,-0.0841938912069596,-0.0839353756543706,-2.816969565054237,-0.0811750892685334,2086.190383579591,2113.837336458619,2165.372510427836,2052.073641315294,0.6427485045052606,-0.0846040163202335,15.216613277483225
15.17,0.0864521249466046,1.029323745443361,1.5497179293361427,0.0138311247702537,-0.0457394033857934,0.0020799175889152,0.9988554854974392,0.7321972380636844,-0.0247013969188548,-0.0282294478204345,-0.0688901667961701,-2.7306933110156426,-0.0797938006506519,2060.678445422356,2100.3467208986485,2162.6712687557774,2035.0558632118475,0.4999962740118632,-0.0230180968286047,15.17265912387452
15.18,0.0923588935698937,1.0293120003646703,1.549242455496057,0.0133264362904871,-0.0617676478870474,0.0016680988091466,0.9980001909902924,0.7104191563728798,-0.0277341713700108,0.013696181540808,-0.0538528579645728,-2.685901856641866,-0.0766097212953286,2039.5081333666865,2069.906743929648,2123.1016595390283,2020.0823472407053,0.3624241432666553,-0.0260550015235618,14.820647177953232
15.19,0.0977807796483845,1.0293110614027274,1.5493153116074596,0.0128917576507894,-0.0765396733311421,0.0012816441549919,0.9969823661325689,0.6849758501990252,-0.0298724189755604,0.0481054198183839,-0.048096922016061,-2.650722908256244,-0.0734340447400483,2014.754824981748,2030.8393507171509,2066.779424716455,2000.5422792343995,0.4357805719561558,-0.0589995053602767,14.261300476729772
15.2,0.1027057448630072,1.0293184070753694,1.5498568913754305,0.0125190515996875,-0.0900817902343354,0.0009283670409722,0.9958552518061342,0.6566043484313449,-0.03162193081184,0.0796505088511193,-0.0532244678833764,-2.579457442034581,-0.0706264048383823,1974.129213787406,1996.65181882124,2022.821259368645,1963.7377707904752,0.499992394269467,0.0247114698146471,13.942851062283935
15.21,0.1071992083898748,1.0293203002401616,1.550734683628278,0.0121833851424053,-0.1026722597180448,0.0006099924416997,0.9946404376055114,0.6258484919106807,-0.0332793448182322,0.107236825906706,-0.0583780877897682,-2.462430881721178,-0.0665067568521011,1920.2152001395104,1968.127927141331,1997.015268698676,1910.360386596188,0.4586105076921742,-0.0669020745672576,13.07576001579843
15.22,0.1113604459952172,1.0292969827777438,1.5517957365915338,0.0118571841140043,-0.1146119086925633,0.0003213043836331,0.9933395262115704,0.5932179410297366,-0.0349235352177398,0.1276782323301433,-0.0535170905066356,-2.321763182643702,-0.0600981325575912,1867.4521926544717,1935.7340987424957,1972.075803753061,1857.4331713346696,0.3263594635366362,0.0057209952493087,12.64315859138346
15.23,0.1152764471155816,1.029229868360805,1.552903983135159,0.0115222207042684,-0.1260670649736443,4.876975111386681e-05,0.9919548029928,0.5593429038059582,-0.0365866481464301,0.1399421314658984,-0.0429850510952261,-2.173652265327247,-0.0537287437801704,1824.2384389076428,1896.4218482624683,1934.4372662984129,1819.3283698864532,0.2341322549210023,-0.0260660859796947,12.046920057112828
15.24,0.1189911353951503,1.0291083795584184,1.5539661542621075,0.011172660323205,-0.137021830844034,-0.0002279870078116,0.9905049911814556,0.5249517518221183,-0.0382828319809721,0.1455475690489006,-0.0394153020994741,-2.011729008498748,-0.0512823716271597,1786.7294722678305,1858.7261907686343,1890.0544367890127,1792.6565338478072,0.2577453935465996,-0.0428810122371983,11.495379965316284
15.250000000000002,0.1224976277247552,1.0289337295258518,1.5549393799567874,0.0108106306943708,-0.1473154667318162,-0.0005254801889293,0.9890303369442962,0.490510786768901,-0.0398997191410527,0.1465182702607778,-0.0455733197112356,-1.8223826631420383,-0.0534348560457765,1749.084928330868,1830.397174501383,1853.489244128888,1763.2755596308366,0.2055512717980541,-0.022448302622556,10.956811119320786
15.26,0.1257507634932291,1.0287177345999168,1.5558218089085818,0.010441358771611,-0.1567194490575279,-0.0008395261219502,0.987587610042774,0.4556545866065042,-0.0412339376831754,0.1437653983796742,-0.0503138567859072,-1.6003934219601643,-0.0560236424590749,1712.0692968343758,1808.794773290216,1830.566033777425,1723.613072370273,0.1545790092989092,-0.0563879773980652,10.56536108620946
15.27,0.1286904245076592,1.0284769656390276,1.5566322604678282,0.0100711487968516,-0.1650142107348221,-0.0011374402752273,0.9862391132210768,0.4190571345513577,-0.0422292605241589,0.1370453743203849,-0.0454280490816444,-1.347126691259515,-0.0541819085757499,1680.0770506536555,1787.0958139759412,1815.8749490586567,1679.6876531642586,0.0774269922009094,-0.0778312715360992,10.21244067645682
15.28,0.131264889037025,1.0282251276275982,1.557387227065026,0.0097061412005126,-0.1720415373102449,-0.0013717947826418,0.9850409222169392,0.3795579811636326,-0.0431045510748888,0.1261871478364978,-0.0394380846695547,-1.0666337625639728,-0.0472178552488888,1655.2933710125865,1764.7059050180562,1801.4967721004373,1643.8893470708467,0.0247347358367222,-0.0410961989260814,9.85413386002935
15.29,0.1334466371604826,1.0279674247381625,1.558083384452406,0.0093509956384079,-0.1777260509835532,-0.001510363705408,0.9840344142781996,0.3382599645181104,-0.0441559000935438,0.1125291585824272,-0.0478116447380905,-0.7733015616893064,-0.0384392209865951,1637.51009359111,1746.9214457095177,1783.1978963093568,1624.3854540017023,-0.015934730339667,-0.0202479255764577,9.68306070320634
15.3,0.1352376226170121,1.0276991414590535,1.558690793867604,0.0090088939688592,-0.182071028167313,-0.0015617440719264,0.983242870041278,0.2992962743215585,-0.0454478634272663,0.0990143052670474,-0.0719384314201176,-0.4973767861733947,-0.0311243312723709,1625.9616311023815,1737.0140646180512,1762.096219537263,1620.1345285644566,-0.0558622651918061,-0.0052902737957588,9.558279295795389
15.31,0.1366645335602767,1.027408477258014,1.5591576280382693,0.0086814028895525,-0.1851365151492488,-0.0015782858899549,0.9826731974649104,0.266803833738333,-0.0467501845187865,0.0881296238036754,-0.0945989458472568,-0.2680742183185909,-0.0261816234745902,1618.263434037274,1732.6609138160509,1745.2630008732508,1622.4336112302378,-0.0831736916239758,-0.0732515779702984,9.411757942034344
15.32,0.1377666394129493,1.027082382598062,1.5594237974131082,0.0083650599639897,-0.1870068190733635,-0.0016334188383565,0.982321641487532,0.2396890678193663,-0.047783747108189,0.0792810173805337,-0.098316076978632,-0.0830331936385745,-0.0232572215587952,1610.2916489650956,1729.326889047285,1741.3046473665977,1621.6008281372606,-0.0947453973095329,-0.0661102710652299,9.321550510395165
15.33,0.138580322670301,1.0267132180309824,1.5594390167038272,0.0080467263655592,-0.1877561767001024,-0.0017858277717502,0.982181082654786,0.2104204061505189,-0.0485054155392743,0.0687871875197534,-0.0850613992549162,0.0984372755788437,-0.022078612801326,1601.1604755656167,1724.9133868144477,1750.2632608727358,1615.4804623085615,-0.0947453973095329,-0.0661102710652299,9.321550510395165
15.340000000000002,0.1391256200007291,1.0263030296605653,1.5591797029223715,0.0077039896989551,-0.1874239711782745,-0.0020498781172248,0.9822467620563524,0.1714085984148683,-0.0491328228540474,0.0533793960293596,-0.074232931557798,0.318968207638827,-0.0219549803453987,1597.3561315639156,1721.5023740244542,1760.406366717465,1611.253136264381,-0.1436526992554179,-0.011562090736077,9.306766335100203
15.35,0.1394000875475048,1.0258627165621992,1.5586587208644869,0.0073125708748182,-0.1860097759649434,-0.002388184577086,0.9825177790386788,0.1229403250877119,-0.0499019501675153,0.0337188304663491,-0.0803255742930008,0.5785559731648965,-0.0212610133260979,1607.3718573878414,1723.0782478673566,1759.7210170287703,1616.657035406664,-0.1627114074403226,0.0524193488146867,9.339470911452032
15.36,0.1393829053589226,1.0254064650167791,1.5579241266817212,0.0068562098680542,-0.1834929417511377,-0.0027291982282708,0.9829933286603676,0.0731233318970799,-0.0508468806948919,0.0139775254843322,-0.0958376168131712,0.833723893520303,-0.0186164599088832,1630.5847029068932,1730.428892041033,1749.3733404406785,1631.594594044534,-0.1727664508337283,0.0121285248437658,9.378241312125182
15.37,0.1390480106276886,1.024945179094595,1.5570479606612773,0.006334124102893,-0.1798733133275299,-0.0029972545852394,0.9836648242614842,0.0297310480353957,-0.0518334077207853,-0.0018148304212315,-0.1007332881166246,1.0399449293079313,-0.0143273419446423,1655.0975213308257,1738.5414145103518,1742.1148241428773,1651.3491393105753,-0.2253439010229878,0.0140456558481034,9.440099603389974
15.38,0.1383813781407211,1.0244828483988202,1.5561108165801272,0.0057636431684979,-0.1752211046101004,-0.0031371368202171,0.9845072388201184,-0.0064358918229909,-0.0527489826176952,-0.0125011249768343,-0.0878531902585081,1.1866615711604402,-0.0100318228422992,1670.3960943803454,1741.097389911286,1747.5935346165084,1673.9995955550692,-0.2143472100841061,-0.0473907223917268,9.505857781865895
15.39,0.1373954953160655,1.0240169813087303,1.555188623165743,0.0051761568540507,-0.1697158182727503,-0.0031245576408119,0.9854744976749944,-0.0401587831617818,-0.053594354876677,-0.0193945879722193,-0.0724271916734804,1.2930231811856678,-0.007115005087274,1680.2751034972416,1737.577255345161,1762.3856575231307,1699.1506243128838,-0.2100379496334312,-0.0369340525167762,9.668757336471865
15.4,0.1361338120765245,1.0235415859837624,1.5543440604331693,0.0046062328054227,-0.1636484223846409,-0.0029671146434708,0.9865035087119828,-0.0757087721404025,-0.054405911102036,-0.0242529130160484,-0.073602076706082,1.3823939021671472,-0.0060434064207439,1698.2425785202483,1733.9168625298844,1775.6646984390252,1722.773342344686,-0.284233285600159,-0.0322855283759102,9.851520057337062
15.410000000000002,0.1346605416362448,1.0230506531486196,1.5536200144009626,0.0040787641791785,-0.1573655837286005,-0.0027031572821085,0.98752829310417,-0.1128856351118466,-0.0551623897896172,-0.0279809717494406,-0.0916161609194633,1.4661777272442051,-0.0070087492554242,1729.6224587455226,1736.3090646418816,1782.0448262664793,1740.2084326729846,-0.1929634242334157,-0.018209822697904,9.984676539345951
15.42,0.1330370269530031,1.0225409005805453,1.5530318435713586,0.0036014981829264,-0.1511581302448905,-0.0023978239681041,0.9885001261061755,-0.1479555198486226,-0.0558086763497266,-0.0306679086555107,-0.1082292816164354,1.5437738140841215,-0.0101435916008926,1762.7554171045715,1746.132041912555,1785.869918033252,1752.8717220085246,-0.2630941452850726,-0.044425822181463,10.146653947639106
15.43,0.1312926233790344,1.0220132807033633,1.5525600303055995,0.0031658761903786,-0.1451346708104289,-0.0021285817016648,0.9894045551222388,-0.1775897215643903,-0.0563572130190123,-0.0320525324100087,-0.1076674466132592,1.6091241841348785,-0.0146299097471054,1780.546642925064,1760.1066437201202,1793.4562607287853,1765.935118268751,-0.2247445505845595,-0.03562126913274,10.183410847465003
15.44,0.1294023858295925,1.0214729953620123,1.5521495833240553,0.0027527601655225,-0.139152513106446,-0.0019582496724636,0.9902651996641364,-0.2020809565205314,-0.0569331045230158,-0.0317308728893983,-0.0923441472418891,1.657718292951564,-0.0184494732227152,1778.5692083817476,1773.001010379554,1804.339988247565,1779.7974647583058,-0.2020867839629923,-0.0063726027594651,10.320215190478422
15.45,0.1272834730885062,1.0209278031050706,1.5517217646679624,0.0023383950581923,-0.1328655068916722,-0.001908070971868,0.991129481073052,-0.224878200208298,-0.0576590836072965,-0.0294368751736548,-0.0777942899711447,1.6917762036607578,-0.0198131539984902,1769.3385274754808,1780.1944969210608,1812.085100889788,1789.2697620649567,-0.2020867839629923,-0.0063726027594651,10.320215190478422
15.46,0.1248158511031582,1.0203847256304563,1.5511977714034104,0.0018991636660586,-0.1258783444438593,-0.0019495997653989,0.9920419520555556,-0.2490101698431378,-0.0584269811795627,-0.0256622157198449,-0.0761439796896917,1.7192487034545505,-0.0183968020424952,1769.3806940708037,1779.6759487509937,1812.156719741466,1791.9280876903858,-0.0021986261516073,0.0082041783701835,10.571600391312582
15.47,0.1218823492122268,1.0198461899795723,1.5505271577916724,0.0014163193244382,-0.1179211802182853,-0.0020219297788105,0.993019889576975,-0.2747334916365823,-0.0588257518843071,-0.021810085548341,-0.0863343856601532,1.745680428651342,-0.014932107903354,1783.6817027647342,1773.2407192674705,1806.1827097941664,1792.5905798946185,-0.2321837692808142,-0.0170539229374625,10.561538458818156
15.48,0.1184139864586475,1.019307775016169,1.5497095565984622,0.0008818572907798,-0.1089557624191053,-0.0020625612168486,0.9940440684419464,-0.3010031500873683,-0.0584572754583772,-0.0191303421072536,-0.0976343591686477,1.7672812492561365,-0.0107566443492982,1802.701761256016,1765.7940300531336,1798.6383072946578,1797.496742584467,-0.2321837692808142,-0.0170539229374625,10.561538458818156
15.49,0.1144230061243136,1.0187596339131444,1.548798893917788,0.0003040337618797,-0.0991873680623108,-0.002034359386181,0.9950666485026172,-0.3275937904331217,-0.0573978327624351,-0.0173682161929721,-0.0993301843540886,1.7748366725411433,-0.0080735108200365,1813.2860816094549,1761.697205618073,1792.104770331772,1807.1640487659972,0.0371651529544503,-0.0026107538234981,10.65816169193686
15.500000000000002,0.1100084945168949,1.0181914050352112,1.5478860317381071,-0.000292114842387,-0.0889992044896585,-0.001937601305095,0.9960297696205216,-0.3543172462125912,-0.0562488335857253,-0.0148823825405993,-0.0876550869173257,1.766086257715634,-0.0087014143545657,1811.5169181212652,1760.7423134216324,1786.7684559317513,1817.1107913189696,-0.1391852724890847,-0.0128918285948045,10.570105278415046
15.51,0.1053286929652819,1.0175976504631543,1.5470667890486849,-0.000872528464563,-0.0788269624830167,-0.0018041038833107,0.9968862993786994,-0.3793606467562508,-0.0556349624056877,-0.0102948323739431,-0.0674808085870125,1.7522303097075929,-0.0115897939870191,1804.977728413096,1759.321576343484,1783.014997434127,1823.4384858069743,-0.1649876644756653,-0.036,10.587840686687295
15.52,0.1005499679285398,1.0169804396640745,1.5464108316133969,-0.0014069014933104,-0.0690102756602738,-0.0016775663789365,0.9976135465462193,-0.4002055163730476,-0.0556583758709717,-0.0037058386019964,-0.0501725504376934,1.7488217345518473,-0.0133419717651091,1803.730498582241,1756.1511349010782,1782.6864714887492,1825.274181223885,-0.1724000254197235,-0.004,10.628749804531823
15.53,0.0957958781682572,1.016347945655567,1.545945360542377,-0.0018788118977439,-0.0596926625368942,-0.0015913798792874,0.9982137664925228,-0.4159781824218583,-0.0558604162162059,0.0038721629665095,-0.0472569495170488,1.759296618003727,-0.0123429960936245,1810.764641869245,1754.1877644536596,1786.4290569163868,1822.9846470314787,-0.091791606691949,0.011,10.595906927537678
15.54,0.0911192323479544,1.015710497375725,1.545656520785338,-0.0022883911842954,-0.050824180767655,-0.0015561601220398,0.9987037820498924,-0.4279596025808192,-0.055690363810266,0.0117661827968313,-0.0606257973889711,1.7688613404728364,-0.0109413788777388,1821.411916872633,1755.741443435371,1790.012829260172,1817.545414134408,-0.1209238032076402,-0.027272330641409,10.597079584012718
15.55,0.0865060655846783,1.0150766902433066,1.5455013621611102,-0.0026483349104262,-0.0422506806827998,-0.0015613794046956,0.9991023112766764,-0.4379959190957847,-0.0549975648252951,0.0197711939614178,-0.0775936066474474,1.7558503885867895,-0.012309128258637,1829.7216416029903,1758.1494674525925,1786.3032094625814,1812.8329755978657,-0.1317446917163449,-0.001330818704622,10.613580429865603
15.56,0.0819046680640684,1.0144517316212158,1.545422405413289,-0.002976183559017,-0.0338223416491003,-0.0015861867747004,0.9994221708308808,-0.447040508925297,-0.0540969016691704,0.0273047072447325,-0.0801202725081497,1.7104251588461024,-0.016097156443368,1832.9467029607213,1755.7500672372987,1773.3772926983888,1815.025665613453,-0.1363820892788141,0.0305752824819448,10.643220572454805
15.57,0.0772639909489004,1.0138384824397333,1.5453621329629,-0.0032861396974018,-0.0254614938657004,-0.0016111817123054,0.9996691041087076,-0.4550657187575194,-0.0534069528897585,0.0332993359529705,-0.0628042500764716,1.6443226180674169,-0.0186532213410609,1830.699763388203,1745.4125811599845,1758.3793709313704,1825.6444789505251,-0.0886234818458385,0.0289235259538218,10.5117667908022
15.58,0.0725648044629749,1.013239585265677,1.5452770825703626,-0.0035851851427034,-0.0171727896350882,-0.0016254102012346,0.9998447878472534,-0.4616746378824137,-0.0530538407471804,0.0372981840621225,-0.0402891826439039,1.5828998024818957,-0.0174929925381845,1823.1257816912405,1730.468475405658,1749.741687067333,1836.0351528468132,-0.0900821393616479,0.001013688267498,10.479126290712609
15.589999999999998,0.0678315957036365,1.0126583454697795,1.5451487426226782,-0.0038762042250924,-0.0090179118825464,-0.0016272496595695,0.9999505009572373,-0.4664459574137138,-0.0527966334837281,0.0401174363814152,-0.0331146904492396,1.5446576990667296,-0.0143880987377565,1811.7561705502849,1719.540463382426,1747.3473657522306,1833.466625248828,-0.0627056224270102,0.0096301799408321,10.54659867638142
15.6,0.0631214367110204,1.0120974312547977,1.5449872885186813,-0.0041629804590944,-0.0010867673366198,-0.001621110792542,0.9999894302092656,-0.4689628793443519,-0.0522790240215534,0.0429467188688184,-0.045565335372414,1.524853074144601,-0.0134191573671302,1800.8343285857118,1719.0515737343442,1744.6047846238175,1815.2384950018293,-0.0590804950494597,0.0391609900989193,10.449770359584903
15.61,0.0584956445009276,1.0115566331852333,1.5448273347349732,-0.0044493711511062,0.0065240768643794,-0.0016132703690936,0.9999675179105288,-0.4690061660450593,-0.0513486711716333,0.046232799482732,-0.0603570514107311,1.4987943862276305,-0.0165457949486383,1795.1250917377288,1724.9060426537917,1738.544616893552,1794.2219380488311,-0.0198647163563662,0.0210676418218179,10.28587453178446
15.62,0.0539874969462513,1.011031804035165,1.5447176603036732,-0.0047297599802882,0.0137354933834372,-0.0016078613046459,0.9998931844822564,-0.4669339985732502,-0.0501799312520769,0.0499674348204178,-0.0571847307362291,1.4439660892562056,-0.0217213312236604,1795.4791416202552,1724.272537987364,1732.1839028639954,1786.6949240051645,-0.0462187317895044,-0.0076437454048224,10.23394470466242
15.63,0.0495813198105244,1.010516153507125,1.544706745386629,-0.0049884763889955,0.0205207537125759,-0.0016062635416199,0.9997756916868,-0.463643343478069,-0.0491000403275766,0.0544289013361984,-0.0347656737654878,1.3613802601297045,-0.0250325955888516,1798.3159417692004,1709.3980854630372,1727.198359194823,1795.209688711791,0.0032905939677109,-0.0633418773772655,10.28101397599778
15.64,0.0452140959427209,1.010003471607037,1.5448273802453534,-0.0052112306403804,0.0269401125918469,-0.0016074361787897,0.9996221734023724,-0.4598026955940038,-0.0482683535984371,0.0595705769789443,-0.011891497033641,1.2750536309605454,-0.0241492601366048,1800.2183437715937,1688.419472004961,1720.5932447272844,1806.908517539321,0.0380832255776019,0.024512487672367,10.301636247799555
15.65,0.0408019270987811,1.0094917987878764,1.5450876147083985,-0.0054027956895658,0.0331337580008518,-0.0016092851960054,0.9994350274433228,-0.4551075851901191,-0.0475264793214108,0.0639209150049355,-0.0073092701915819,1.2089474265020623,-0.0199792372764214,1800.4842942675425,1678.19576422124,1710.6830027686974,1808.2510288886829,0.1730000341801821,-0.0085199966478652,10.071535271939965
15.659999999999998,0.0362824867335068,1.0089858510246923,1.5454743580169246,-0.0055920812726245,0.0392535357574937,-0.0016100731776973,0.9992123379051812,-0.4485895396977047,-0.0465755239250236,0.065442224260441,-0.0213398428918618,1.1636783789711094,-0.0155857532122322,1798.345594021907,1685.8364982205094,1701.4654676813625,1796.971080870006,0.1730000341801821,-0.0085199966478652,10.071535271939965
15.67,0.031654616702167,1.0084969527448238,1.5459666795233808,-0.0058150841725768,0.0453610452429718,-0.0016092699435017,0.998952436615868,-0.4397312694153434,-0.0452582984368589,0.0640527280128625,-0.0375817135034024,1.1155046269974158,-0.0134800868712288,1791.8324948031295,1700.6259793273384,1697.7017715307989,1779.9523455859576,0.0161770620818452,-0.0048961404738584,10.116806362018147
15.68,0.0269940249920434,1.0080401144227549,1.546547689178677,-0.0060869134563494,0.0513599871899799,-0.0016076656686232,0.9986603609894196,-0.4290025187639356,-0.0436279245813059,0.0623564199971132,-0.0398939454008842,1.038040446169194,-0.0135355306678537,1782.195039095123,1705.4476798406088,1698.302448987362,1766.0473878905657,0.0726360409740587,0.0016191379517901,10.059719083555162
15.69,0.0224345159137141,1.0076289982671205,1.5472068383730158,-0.0063855040773354,0.0570152933636086,-0.0016068204881375,0.9983515912684564,-0.4172919036778532,-0.0418093459551056,0.0628905381257039,-0.026239176029678,0.9274725273797216,-0.013497686694992,1775.829893863715,1693.7183190721555,1698.104163054476,1762.7790514749734,0.0643881608659076,0.0038915217891209,9.966297194891316
15.7,0.0181221030215014,1.0072704844500495,1.5479349383650534,-0.0066608207213271,0.0620529523052453,-0.0016080849292733,0.9980493367766854,-0.4052886792824013,-0.0399082764683481,0.0651818126934633,-0.0078964062326871,0.8096679609868964,-0.0117835094381116,1777.434809434759,1674.0982932140942,1695.3896964220062,1772.5570069129094,0.0935368614646094,0.0167143862555512,9.897361646466164
15.71,0.0141623101900116,1.0069608698823784,1.5487193131642076,-0.0068625436745875,0.0662872687711388,-0.0016115571666081,0.9977756793872438,-0.3936049771113774,-0.038055708421722,0.0666458677344653,0.0023386608296866,0.7206961695298975,-0.0094512600531692,1782.905657224945,1661.3008828077293,1694.0965006301797,1787.242050037834,0.1113486822622225,0.0130290537712687,9.963617242287878
15.72,0.0105823622397429,1.006685174448598,1.5495417265488696,-0.0069658403164152,0.0697132864158595,-0.0016154649795856,0.9975414402613488,-0.3828781739017621,-0.0364256401748216,0.066026112196728,0.0011786419257339,0.6752709124885437,-0.0086973383235236,1783.3156670670787,1663.5646018223729,1697.5924693507686,1792.259496331568,0.1356746251292984,-0.0499078712697574,9.962587382632153
15.73,0.0073228624172029,1.0064200782517183,1.5503764530090256,-0.0069797293524884,0.0725189124219388,-0.0016164861697578,0.9973413045150432,-0.3730520286498595,-0.0351161725035967,0.0646258157744546,-0.0040019497965681,0.653045481271058,-0.0096353692204587,1775.569298313797,1676.4961048354444,1703.118388127478,1782.2344362014069,0.1618525808585904,-0.0004450880633598,9.925239861084773
15.74,0.0042625199296054,1.0061401596524142,1.5511881807741388,-0.0069377115012936,0.0750043523426001,-0.0016112946571396,0.997157770374538,-0.3627146502459921,-0.0340210667326653,0.0641898926068109,-0.0037004795158067,0.617996197817687,-0.0097725728859872,1765.248285038475,1687.5804897524904,1704.4551557915415,1768.4813006814777,0.1618525808585904,-0.0004450880633598,9.925239861084773
15.749999999999998,0.001266404610738,1.0058259792882691,1.5519342449383875,-0.0068807291754398,0.0774436302597254,-0.0015990412213229,0.9969717061007208,-0.3498157341017874,-0.0328787967753237,0.0648161723828424,0.00453993898923,0.5505891886237,-0.0072171497531816,1758.427134422333,1688.2283066907803,1698.7840606648851,1764.843537133394,0.1811492054438968,0.0099381232058167,9.80396933875123
15.76,-0.0017629611987649,1.00547105459788,1.5525744343029426,-0.0068424325222578,0.0799612133701938,-0.0015836643602978,0.9967732327268518,-0.3332446887073702,-0.0314774551934687,0.065269604938639,0.0155771293901881,0.4583078586788885,-0.0034655805071492,1754.632888008052,1681.6672387357469,1689.435362467477,1769.9774779919762,0.2294458477323748,-0.0228341824287159,9.79242009715531
15.77,-0.0048540680742545,1.0050843423529865,1.5530849063293628,-0.0068408646433353,0.0824903605801186,-0.0015742894771569,0.9965671400336936,-0.3135866129159981,-0.0298123245871006,0.0644599940462275,0.0237798276742552,0.3579526930957273,-0.0018306346915158,1750.2974719191511,1677.043734256253,1682.316872670285,1771.1113607724517,0.2294458477323748,-0.0228341824287159,9.79242009715531
15.78,-0.0079661895626407,1.0046867821677323,1.5534679275658414,-0.0068756079420646,0.0848271784174487,-0.0015821112347295,0.9963707004630368,-0.2925841274669617,-0.0280645909415757,0.0620820636798859,0.0280432328598407,0.2571131991806009,-0.003361474579947,1746.072448883504,1676.6557360336744,1680.2160786230777,1762.4855315896757,0.1651245922695472,0.0307822233211397,9.73567472237314
15.79,-0.0110160768403481,1.0043036159302992,1.5537511836042577,-0.0069282444281986,0.0867386387406003,-0.0016135195468695,0.99620570392527,-0.2721059399861578,-0.0264348288829922,0.0583209243030205,0.0297233836970741,0.1565499128767336,-0.0056773124730132,1746.3080963142002,1673.6996049763552,1680.7106204027648,1751.1951422234488,0.1627999001642708,-0.0168063596813157,9.699303403589392
15.8,-0.0139154528042457,1.003956102107051,1.5539773207153962,-0.0069658827252304,0.0880628147065039,-0.0016616881091414,0.9960891807144852,-0.2532924614059849,-0.0249648412846254,0.0536129361202008,0.0295903966563667,0.0620560519042189,-0.0060480301066191,1752.0110483929805,1663.6896500845644,1680.1260764513322,1745.1842622985375,0.1601584185068816,-0.0409900988433189,9.717012339648344
15.81,-0.0166012227280738,1.0036558272984737,1.554190031789647,-0.0069494697126548,0.0887566596275604,-0.0017013435562203,0.996027643026324,-0.236204159443876,-0.0235234004326518,0.048612355048883,0.0295962939844608,-0.0160050017050422,-0.004187942629149,1758.5818726930154,1652.2068818129833,1679.0164992808106,1744.098997860969,0.2117176681474946,0.0217948542592194,9.650757578005058
15.82,-0.0190478379063699,1.0034031659251266,1.554423651760357,-0.006847630554452,0.0888820117024527,-0.0016921351592486,0.9960171859110252,-0.2201089711609135,-0.0220033768590789,0.0438773794254952,0.0344175982836623,-0.0747139185929491,-0.001523693703844,1761.18458365409,1647.3776712464696,1681.4806319626175,1743.960935863342,0.2352515655657192,0.0185782228478584,9.581787954585236
15.83,-0.0212625062758232,1.0031899327042466,1.5546996314461348,-0.0066521048190712,0.0885537276934271,-0.0015931484624975,0.9960479148570368,-0.2041006091747265,-0.0204991186418278,0.0396168949696467,0.0462708267118059,-0.123934909901953,0.0006069993135918,1759.143226706606,1649.2926736596064,1688.3329716476685,1743.8559678247698,0.2297318177845648,-0.0721417613884637,9.555398243624447
15.839999999999998,-0.0232713155562386,1.003004908520723,1.5550277830279842,-0.0063855130801084,0.0878864483710259,-0.0013844482495207,0.9961090706938048,-0.1875799054567245,-0.0192025912463003,0.0361140629255873,0.058963473614385,-0.1771100280349635,0.0009487589320775,1754.6042350266985,1652.1903826606706,1693.981119239601,1744.6792910781694,0.1994802262573007,-0.0649074858589177,9.622192752887038
15.85,-0.0251049135042877,1.0028393750143143,1.5554068421696703,-0.0060925458254636,0.0869634396073075,-0.0010841664114965,0.9961922834675156,-0.1704623378678012,-0.0181260653514309,0.034069539618079,0.0620609726900213,-0.2384290171413165,-0.0018318096016542,1750.1245888977437,1654.1021431899082,1693.2213604720282,1745.920882337577,0.212203502857317,-0.0430379292904136,9.695394299672266
15.86,-0.0267888718964546,1.0026892778790213,1.5558220856391607,-0.0058160034843845,0.0858284643449045,-0.0007480475021137,0.9962926724796282,-0.1531612662750608,-0.0170314902366184,0.0337881121386963,0.0525452934906229,-0.2998674394098228,-0.0072850173259835,1747.9807936051352,1658.0339089290878,1689.8253808384748,1746.763859379918,0.2118218532491744,0.0059175138808135,9.712769433154252
15.87,-0.0283398037017134,1.0025527297748955,1.556244765208686,-0.0055733900036733,0.0844908418648136,-0.0004476198327386,0.9964085681091503,-0.1363216387169604,-0.0156931887350377,0.0341325760573271,0.0395231664822969,-0.349804202260226,-0.0117899169950231,1748.3092460943417,1664.2517192962678,1693.8722340210804,1747.4184355516504,0.2653701506557888,-0.0005446508991016,9.63952457762292
15.88,-0.0297655880724143,1.002425320433748,1.5566392367849164,-0.0053530173456758,0.0829378984391341,-0.0002386394775783,0.9965403119086536,-0.1203567133360108,-0.0141753555369291,0.033134586788043,0.0355598316040524,-0.3845978348238947,-0.0114166324068063,1747.716288519915,1667.6855389044572,1708.484329420207,1747.3312675606037,0.2179499560971465,-0.0194728763770609,9.6454126681974
15.89,-0.0310672621867707,1.002297795644108,1.5569759245604091,-0.0051334957847889,0.0811541045153899,-0.000139294246293,0.9966883360100316,-0.1050975866044476,-0.0127813308300719,0.0299538917770714,0.0445493339443207,-0.4125065795770941,-0.0070278224995917,1743.6964304638248,1664.9638048993352,1722.7114840418822,1744.6859496185536,0.2245100002000652,-0.0750202690160368,9.71091588652414
15.9,-0.0322409172615297,1.0021589458472109,1.557241316078202,-0.0049091113152283,0.079142811205509,-0.0001297888055469,0.9968511921121676,-0.0899299358347381,-0.0117386251464501,0.0256909597558343,0.0593470114690274,-0.4455020905191603,-0.0047505189212668,1739.933704024342,1659.765081168364,1722.747548992647,1739.645283892573,0.232453401711502,0.0067759799936552,9.73931939707431
15.909999999999998,-0.0332794334339538,1.002002372565704,1.5574387813729418,-0.0046965140333025,0.0769400026304931,-0.0001694347822386,0.9970246486637176,-0.0744418562211727,-0.0109885840103577,0.021923238720529,0.0700622678942054,-0.4867994825790167,-0.0094732898604521,1742.0413981393976,1658.5152781953475,1709.7572304842458,1735.8052438386364,0.1691956682886559,0.0179909831344774,9.701086394134329
15.92,-0.0341750818153035,1.0018324642899592,1.557582162069688,-0.0045139723767351,0.0746094340073701,-0.0002181187982457,0.9972025916706554,-0.0590703148599005,-0.0102993654358394,0.0189860428218224,0.0720858903320968,-0.5281096810551472,-0.018493469131027,1748.3509840092474,1663.0657183951105,1700.4265703752617,1736.1038037811982,0.2436995883642783,-0.000868531193195,9.656489701355492
15.93,-0.0349237982771053,1.0016647989790135,1.557688025464628,-0.0043507589309874,0.0722174682485806,-0.0002506600705971,0.9973793888716664,-0.0450206484070006,-0.009522571023963,0.0162659693054993,0.0659813899421642,-0.5592598187085289,-0.0238158920272634,1751.0558413369322,1670.088075949342,1707.2169401746,1739.0720644467906,0.2252681993806649,0.0007534597601376,9.740546358739133
15.94,-0.0355299838163635,1.001519514775438,1.5577700580710538,-0.0041571901360391,0.0698001245601342,-0.0002600021216371,0.9975523007744804,-0.0332104137162943,-0.0086712940462063,0.0136950946207329,0.0540404552638862,-0.5777379509404078,-0.0212754384157127,1747.4166803803516,1676.6287885470665,1723.246027712065,1741.3979333946509,0.1973356423145771,-0.0501553739667419,9.746629879031754
15.95,-0.0360085784494212,1.001410874323189,1.5578362294469943,-0.0038721518650622,0.0673457498512336,-0.0002519049961994,0.9977221521850568,-0.0230756859834001,-0.0077875168462513,0.0120289552589779,0.0417058372117665,-0.5883273852484213,-0.0153626384026819,1743.6734152995646,1683.1300728211754,1731.1578736933006,1742.014199418862,0.2258500088406758,-0.0662966698646716,9.77013009540669
15.96,-0.0363814505981086,1.0013389561142672,1.5578895666991972,-0.0034750133517757,0.0648106793149447,-0.0002366956594165,0.9978914991641652,-0.0127937304802028,-0.0068685050057853,0.0117103178147555,0.0400647713016774,-0.5963947352470133,-0.0135853878497124,1745.3300012056416,1689.7793581143449,1723.8668870532642,1741.0350186236865,0.2258500088406758,-0.0662966698646716,9.77013009540669
15.97,-0.0366686746203966,1.0012882233248706,1.5579331740380646,-0.0030262876131447,0.0621571490969505,-0.00022284981584,0.99806176198539,-0.001257735556137,-0.0059857968398766,0.0122938303952667,0.0568517773676669,-0.6029173621562021,-0.0177961831718561,1748.8044655673757,1693.0127280813947,1712.025648689771,1737.6487334779365,0.1794073650427512,0.0177415512397285,9.80048598340042
15.98,-0.0368794617771186,1.0012338377152374,1.557976432342499,-0.0026623130117921,0.0593761025149161,-0.0002144964526741,0.998232109547092,0.0104109902776966,-0.0053663945166897,0.0131755302571865,0.0781205030881201,-0.6050659430324618,-0.0233640581900469,1746.8028847900202,1690.026180866146,1711.6157797621531,1732.8331569562042,0.2227562676009236,-0.0324211206289723,9.864633338968137
15.99,-0.0370084287259228,1.0011526927693042,1.5580359685667766,-0.0025312810346027,0.0564700588088797,-0.0002122650726377,0.99840106170716,0.0201437239149637,-0.0052060469470125,0.0142047400642513,0.0689111576426536,-0.6014923233461356,-0.0255539827212094,1739.6302144383858,1686.2497338696353,1726.321627579986,1730.9359472491155,0.2543560545287184,-0.0583947234537511,9.862940217293088
15.999999999999998,-0.0370394821306738,1.0010339647631523,1.5581282300439896,-0.0026858598677253,0.053420118169859,-0.0002154196562003,0.9985684907535692,0.0277106533840497,-0.0053908680894765,0.0152633460169892,0.01698766579949,-0.5967360898997014,-0.0233293957956775,1737.1056215694834,1692.1861872093032,1742.6369010153155,1733.774090628973,0.2543560545287184,-0.0583947234537511,9.862940217293088
16.009999999999998,-0.0369548801169483,1.0008839625085162,1.558259133729577,-0.0029691845654823,0.0501872680413208,-0.000223225541141,0.9987353864963044,0.0353252592849639,-0.0055039305370181,0.0159464104747112,-0.0094054286960777,-0.5980735063842312,-0.0167629959277405,1746.3929984727763,1708.409198218857,1744.567355283108,1737.4327555919035,0.1187710934408665,-0.0507739458414205,9.795597053262584
16.020000000000003,-0.0367445594911191,1.0007222629895856,1.5584207089058435,-0.0029442980750592,0.0467599408604085,-0.0002345938845852,0.9989017889689084,0.0451548835381198,-0.0051851162418519,0.0163251215047456,0.1324673836890544,-0.6065500930927168,-0.004460247233262,1757.2952687379586,1717.26789847376,1735.6512047604451,1742.4826314778252,0.1436938082840474,-0.0017243959226262,9.901543855986276
16.03,-0.0364114899432432,1.0005702054498389,1.558598962772579,-0.0019187416554223,0.0432004048166277,-0.0002465420144158,0.9990645538057962,0.0568784672766405,-0.0045138708200676,0.0174597574328358,0.553171730930957,-0.6132364281211241,0.0138692566736142,1746.048921016472,1697.5338414631326,1741.6440271889858,1761.78528570891,0.2027271662622818,-0.04670036020292,9.919200806945902
16.04,-0.0359714468746544,1.0004370425697109,1.5587875495764496,0.0009092287850388,0.0396374644190088,-0.0002531490862816,0.9992136811678412,0.0681003413202729,-0.0040488388825595,0.0201891728474067,1.2086840014143043,-0.6073589755857324,0.0340025555047625,1703.062370009089,1650.8353902660533,1782.1439005699835,1803.758361268513,0.15901554063909,-0.0012489576164509,9.859145246624584
16.049999999999997,-0.0354485659936728,1.0003105916130606,1.55899749886908,0.0062161414450145,0.036207824512406,-0.0002468687899726,0.9993249181749722,0.0767473334949406,-0.0044907563174846,0.0237670623377808,1.9014463343316956,-0.5878285893678276,0.0494539285082253,1653.4261274008825,1608.005352023156,1840.3493721562468,1849.348980343433,0.1669419577043639,0.2658660370710872,10.067905334735222
16.060000000000002,-0.0348697823966794,1.0001566926568852,1.5592554000819734,0.0143285969162333,0.032996102411417,-0.0002229963701906,0.9993527399315448,0.0826648398517097,-0.0063445695883689,0.0267724710509992,2.4249352842661698,-0.5637631368802002,0.0573676859169158,1635.7919498935332,1601.2974832773018,1873.163309963717,1863.4833296677664,0.1397025577490754,0.6563295988693485,10.535551648067909
16.07,-0.0342608357311946,0.9999269332990112,1.5595884549603567,0.0251194076573055,0.0300153142329616,-0.0001860109395616,0.99923373725589,0.0871632734546766,-0.0100118858930251,0.0290897186418801,2.7102112885064447,-0.5430810674496264,0.060056643552872,1659.9170644115006,1632.0724175509445,1855.870659249464,1834.099669109597,0.1384825248192135,0.8457881871186503,10.469199698589678
16.08,-0.0336444826276145,0.9995702786231324,1.5600041895661874,0.0380724579475461,0.0272281845334976,-0.0001543349562287,0.9989039443778182,0.0915374498253685,-0.0161898522964289,0.0318174159475901,2.839061502075694,-0.5241596602968368,0.0599889466916443,1697.70023489986,1672.8665308562647,1807.525458985174,1786.5432715177874,0.122608104562123,0.6411226171915203,10.221223718250236
16.089999999999996,-0.0330395588318972,0.9990434608326806,1.5604801043289722,0.0524703739443735,0.0245833973404613,-0.0001592392755156,0.9983198340593016,0.0961127511210324,-0.0258132195601182,0.035388343220956,2.939465712568633,-0.5013895242145328,0.0553362315415608,1716.4384633864438,1696.8640205597476,1768.4361386583475,1756.021989080442,0.1237924916457307,0.5957544041698923,9.992703215097722
16.1,-0.0324591211910911,0.9983167768806642,1.560973819701352,0.0676071143704987,0.0220437958367124,-0.0002355852996028,0.9974684424337296,0.1003889570994636,-0.0391247564438565,0.0389492264933392,3.0770650679936784,-0.4761225063283723,0.0428025359079341,1710.19533138549,1696.9266893966987,1761.3462785947754,1756.0898930298335,0.145172663183342,0.675460186002071,9.937193048899186
16.11,-0.0319073732343025,0.9973744740867948,1.561447957365239,0.0829428634379578,0.0195973131792303,-0.0004070228471332,0.9963615112263569,0.1037764244251145,-0.0548815964386309,0.0416704850866641,3.225301101435156,-0.4565021774471017,0.0243608479075338,1700.2766492984535,1683.837047282982,1778.1173862567148,1774.3187598695863,0.1148178426148555,0.573579323402434,9.939191557610837
16.119999999999997,-0.0313770668473572,0.996210794067221,1.561891834127699,0.0981668807672498,0.0172520058974484,-0.0006737289721302,0.9950201896957744,0.1061170092520156,-0.0714164940200654,0.0438089202773644,3.315247733491192,-0.4451153081791192,0.0082970076665615,1712.839203622069,1678.247888744431,1796.8717186636898,1789.094543362728,0.1031793667376305,0.5913909971025313,10.011583627125416
16.130000000000003,-0.0308496684115704,0.9948236935317226,1.5623256466422446,0.1131710734710329,0.0150240628975848,-0.0010116408914779,0.9934614045075784,0.1076495925302387,-0.0893685033307729,0.0463540914408267,3.306782443245029,-0.4320907022207835,0.0019035098355677,1752.725728655168,1697.5555354036587,1806.20445242864,1789.1972478392354,0.0665643036660519,0.7432759326271612,10.248915370787032
16.14,-0.0302992768178341,0.9932081419312092,1.5627865273216133,0.1279553848287671,0.012930098313622,-0.00138477771975,0.9916946679505688,0.1086929740860265,-0.1126475012277964,0.0501601389579963,3.2189249088394787,-0.4054795767580695,0.0042318191785853,1796.7986147980096,1738.955178785085,1812.284023167916,1781.9219683473311,0.0949644658422025,0.2483790310165243,10.54249064705673
16.15,-0.0296992434012471,0.9913494453531844,1.563306816940486,0.1425126079583077,0.0109868730430897,-0.0017616249224004,0.9897304389940168,0.1094508630383365,-0.1445841377505753,0.0554116441103314,3.1084416120582192,-0.3665475408311299,0.0072717562084693,1819.647046688405,1780.1154896088165,1825.363717100473,1783.6373371295222,0.0949644658422025,0.2483790310165243,10.54249064705673
16.159999999999997,-0.0290290453726866,0.989215478895068,1.5638973401083471,0.1567783737450614,0.0092092510486845,-0.0021242199228985,0.9875885878799406,0.1100302070762023,-0.1825934723191642,0.0615012002298861,3.0310081908440454,-0.3297197269519425,0.0036670654283149,1823.8004615203736,1803.0824813278923,1846.367466360053,1803.3306688047203,0.0651484936580975,0.6662214688865666,10.809557656272004
16.17,-0.0282789381628161,0.9867483775295977,1.5645444912534194,0.1707100266223184,0.0075975566574527,-0.0024674458282277,0.9852889300375444,0.1105097564039576,-0.2194091691731259,0.0675434547650518,3.0116165446809378,-0.3066481965948484,-0.0074765529880689,1833.099589523635,1810.8090071775853,1869.5348213194336,1836.222851948877,0.0894392553142037,0.6665271782564872,10.993368385365528
16.18,-0.027451264911779,0.9838618878655672,1.5652230040288744,0.1844243525850905,0.0061225490123412,-0.0027943147851493,0.982823669012933,0.1109386416256896,-0.2520948369144991,0.073501566312304,3.0301258083860447,-0.2935525127046247,-0.0215114587280669,1858.637686530856,1816.503754222244,1890.632527126032,1869.77968340284,0.1118019141571212,0.6065618113557991,11.170506574775183
16.189999999999998,-0.0265589564454086,0.980453223362144,1.5659190050367653,0.1982081486528844,0.0047286853683527,-0.0031116330475534,0.9801436053365142,0.1112887113260592,-0.2879638881273597,0.0806828718046186,3.03114689412093,-0.2763101694635317,-0.0331319887734693,1886.880271242584,1826.6610147529516,1907.6155024545385,1893.089766996538,0.1118019141571212,0.6065618113557991,11.170506574775183
16.200000000000003,-0.0256221595297387,0.976429878602084,1.5666531860049593,0.2123134913027684,0.0033623236679853,-0.0034261272166585,0.9771898166900208,0.1114330950155719,-0.3380402594343417,0.0905122324336175,2.962950527134483,-0.2469923398710957,-0.0396969810597408,1904.0043864279296,1840.916816197177,1919.8418858449093,1904.0047277579797,-0.0125905132327945,0.3197914239313748,11.966805412484009
16.21,-0.0246632868970847,0.9717374487895633,1.567493229274931,0.2266986295704222,0.0020031464111052,-0.0037419462474728,0.97395570566306,0.1111971719523395,-0.4049966573239874,0.1027579257941357,2.819732963155968,-0.2134312590030846,-0.0414099350297308,1916.6534136804744,1860.653713028492,1931.361206660903,1910.6689316360723,0.0549030300814333,0.6045917314660096,12.076598000746356
16.22,-0.0237012428389096,0.9663703886275196,1.5685471269854336,0.2409687217610955,0.0006701961133781,-0.0040615605113362,0.970524152041672,0.1104693162812463,-0.4804805511361193,0.1154210420987558,2.647129711554343,-0.1921129039463286,-0.0405573115269477,1939.649420236237,1888.4438239043477,1949.5022665951572,1924.487956700303,0.0929268135600853,0.6168414124483084,12.291493512804308
16.229999999999997,-0.0227474962498957,0.96036053920248,1.569934082127782,0.2545782847720595,-0.0006004083347396,-0.0043879934947121,0.9670420269799228,0.1092787038156808,-0.5541721538839028,0.12637622309193,2.501631579062117,-0.1924361033928263,-0.0404492494322424,1973.2259744276585,1920.1925860544848,1975.901815186432,1949.4222961448104,0.0809909407192999,0.7608599571689183,12.682890198578493
16.240000000000002,-0.0218069259390518,0.9537547423082028,1.5717376360923043,0.267113404385024,-0.0017812798187433,-0.0047237633038534,0.9636518781698602,0.1077594755080613,-0.6226462243325408,0.1347596645909218,2.401041606402627,-0.2073077366897526,-0.0430246515423877,2003.73423668927,1944.7995556983765,2002.0298800019675,1977.8650607346724,-0.0200319399885691,0.7880546919434739,12.756952695686625
16.25,-0.0208830091740809,0.9465965094344178,1.5739543717731013,0.2784415851328131,-0.0028604619406774,-0.0050668141216252,0.9604355412107932,0.1060554640683559,-0.6893377757345782,0.1409404232278264,2.313959633286171,-0.2173306371861208,-0.0467696936853301,2021.6906005186245,1954.5954859957933,2016.4842017439637,1996.841519630335,0.0376152621671794,0.7571772834005532,12.782268407041618
16.259999999999998,-0.0199829834325294,0.93891728437894,1.5764563918260055,0.2886752057789999,-0.0038318779811785,-0.0054085911700388,0.95740414111343,0.1042632151523245,-0.7590981796218454,0.1458203859325135,2.195555790495124,-0.2050811847853121,-0.0479632384990749,2028.1924289861763,1953.2509327886285,2015.666092322768,1998.8083173245288,0.1282827159866846,0.7208300943951729,12.972237718909303
16.270000000000003,-0.0191183322777081,0.9307321930591712,1.5789854285361304,0.2980387772866243,-0.0046889996488815,-0.0057367674334579,0.954525007537886,0.1024017575278464,-0.8343325902336969,0.1505394138743432,2.029099874618333,-0.1696259118530905,-0.044472240121045,2025.9184258243224,1950.4325102265057,2006.0639711090785,1987.769656704043,0.1262502602720194,0.6333815372236531,13.05278508963453
16.28,-0.0182995766715752,0.9220323372078134,1.581192556329073,0.3067503856698055,-0.0054329162748236,-0.0060407301068461,0.9517553224920534,0.1003845826858912,-0.914191509192527,0.1565152097662146,1.834720940721798,-0.1298596155746285,-0.0380709007718505,2014.4799305847805,1950.2697992735743,1996.6632885143413,1974.9454234679515,0.0879242833673208,0.6250590648330148,12.746588372657383
16.29,-0.0175286839162339,0.9127715455471634,1.5827275807172927,0.3149634856786777,-0.0060872588930531,-0.0063182584211575,0.949063236870352,0.0980794991148917,-0.9947515827934348,0.1643512263667385,1.6493565692615266,-0.1115420321749073,-0.0329540059414089,1996.226602175362,1948.4171045069795,1990.5080265626032,1967.963287284243,0.0497629379833493,0.5326272376671923,12.560299996090787
16.299999999999997,-0.0167943666148131,0.9028556732666612,1.5833621847189872,0.3227502660931968,-0.0067040431802763,-0.0065816088573172,0.9464375330504686,0.0954795475485377,-1.0703319710518249,0.1707636854563903,1.5037272152261651,-0.1268780715084444,-0.0319173280387241,1978.932727425766,1939.9927707857184,1983.6336710515657,1964.774967446535,0.0846107268697631,0.6192379341769323,12.597147466068453
16.310000000000002,-0.0160740638547741,0.8921500850880758,1.5831058986160065,0.3300867327742288,-0.0073504714524769,-0.0068563329179708,0.9438970866120836,0.0927806571648542,-1.1376569703526909,0.167024340178956,1.402959216812374,-0.1640313073223347,-0.0335489650813722,1967.9728886856915,1925.9605966411807,1970.1409992777992,1958.178106821071,0.1053296950105414,0.5922990240861372,12.322264628610911
16.32,-0.0153426173185524,0.8805179140594707,1.582257819495262,0.3368203793093485,-0.008079055992351,-0.0071657952375802,0.941506990050946,0.0901931021833191,-1.2003914116407408,0.144678933145599,1.3025869301048971,-0.1953232547526448,-0.0327255690724962,1958.739817393784,1909.4837703111905,1947.55251091846,1944.581618947452,0.0801570268084819,0.3011276908335238,11.855258807000652
16.33,-0.014584005665203,0.8678832361442514,1.581345245297744,0.3426411224063432,-0.0088956921120092,-0.0075064016768219,0.9393942632525684,0.0876834479765259,-1.2676188339657235,0.106079075520336,1.098103337542814,-0.1960181129644619,-0.0242510738538528,1942.964913992612,1891.7576778151645,1918.374523080909,1925.722023370629,0.0801570268084819,0.3011276908335238,11.855258807000652
16.339999999999996,-0.0138007125798634,0.8542870669852445,1.5809455063659188,0.3471056338224949,-0.0097471997504472,-0.007832505250572,0.937742674152781,0.0849924081152734,-1.3455525567518036,0.06664020566464,0.674329962491732,-0.1591878176855789,-0.0072190551117145,1924.2719793748377,1878.5437932030136,1885.9894819064452,1901.501815695708,0.0930185247104281,0.4034857490308781,11.456787837805576
16.35,-0.0130157266602182,0.8398940153192255,1.581459596480187,0.3497505005291478,-0.01054279958524,-0.0080680481136592,0.9367488155082724,0.0819185873804322,-1.4314903654149411,0.042234609679661,0.0168070417520222,-0.0990828596727333,0.0136726913970553,1919.7752067511365,1884.384707548514,1850.3263691822397,1867.7083596557293,0.087000763793979,0.3855554933424452,11.055741973506477
16.36,-0.012264895988348,0.8249327020343664,1.5829544434722316,0.3502617605874984,-0.0112015962326961,-0.0081427749371933,0.9365494746826288,0.0785390268788304,-1.5168537915420015,0.0348549739654911,-0.7114110530746307,-0.0436152460048459,0.0319149851413054,1936.840706407454,1914.8937332532405,1813.7658358965164,1828.641769408536,0.0440454801900809,0.2716844441671213,10.870969137780332
16.369999999999997,-0.0115819993800519,0.809598525950379,1.5851599854501106,0.3485998669462517,-0.0116968395997927,-0.0080316298421121,0.9371642383437984,0.0751766237919056,-1.5942949798458783,0.0333967938834549,-1.2448804741149588,-0.0194191448798057,0.0446601389736148,1952.6118058672569,1945.1672712755008,1790.6020898027546,1806.3179800777036,0.0519886279195658,0.1326094916571518,10.604892668074934
16.380000000000003,-0.0109832043199321,0.7939741660295289,1.5876117622413013,0.3449872212128489,-0.012067837215089,-0.0077724625844179,0.938497614983736,0.0721746500234484,-1.6610255821152575,0.0267873870771655,-1.4232839617695685,-0.0351632337126567,0.0538101782197263,1932.4208790855407,1934.656445685901,1797.3778068895228,1821.5486099904635,0.0294555009156522,-0.1601137398842222,10.592190103083787
16.39,-0.0104585490859153,0.7780120776748222,1.5898488932749222,0.3397617913760508,-0.0123929909046139,-0.0074498571622341,0.9404003607643064,0.0695923763792199,-1.718723623953608,0.0127326593237254,-1.3453871299819788,-0.0734015067348937,0.0622138289410873,1872.654544136708,1872.409724152172,1827.9404684585504,1863.770454981205,0.0149276729028179,-0.0897633910744746,10.65081416579524
16.4,-0.0099748228841359,0.7615872665684498,1.591568045209259,0.333206657628986,-0.0127435016546704,-0.007152872931332,0.9427405596908012,0.0670236319276485,-1.7733141459118569,-0.0050656434553871,-1.3007971090123711,-0.1008322150515793,0.0706805131023409,1811.133766147788,1795.0966627550697,1850.4287113345567,1893.2239239309624,0.0659321214092563,0.4761647462148328,10.515535127891908
16.409999999999997,-0.009488647612858,0.744588169202921,1.5926817203425567,0.3254809359696126,-0.0131467226653482,-0.0069309180374372,0.9454317989038996,0.0638507247357528,-1.832581346692584,-0.0233900452003479,-1.526135930002969,-0.0934829883633867,0.0790719107908878,1786.2819919317476,1750.2772187984738,1837.6643042697344,1878.4832765562123,0.0659321214092563,0.4761647462148328,10.515535127891908
16.42,-0.008963688304858,0.72698499569592,1.5932859144013227,0.3166756684248934,-0.0135773332460092,-0.0067736863380055,0.9484125126878958,0.0598889506266026,-1.8997209368876609,-0.0415843308848561,-2.014245200518281,-0.0561060291413342,0.0882799258945261,1795.534326431498,1749.0682345188088,1792.6942711274432,1824.457421869644,0.0208863193215936,0.1892263002612866,10.079331278664007
16.43,-0.0083842293224504,0.7088206414373323,1.5935760890337003,0.3068933973700299,-0.0139763609461765,-0.0066247928196221,0.9516182092128544,0.0557475226874852,-1.9687824350248264,-0.0600397688790674,-2.5506564701732986,-0.0161602687768777,0.0994651936850165,1802.489970011668,1762.0744968266677,1739.7809992586767,1762.7256466891,0.0581391962090471,0.0557590363204862,9.67067494231053
16.439999999999998,-0.007759689117504,0.6901221785890447,1.593755208531778,0.2962349876683917,-0.0142851229074031,-0.0064164394021513,0.9549866997241516,0.052363212178308,-2.02899511992882,-0.0790971495082464,-2.9218743274748804,0.0025478576531337,0.1119062284633189,1778.4500176896954,1755.121710999713,1699.4629795373428,1722.3760998023215,0.0350756545223306,-0.1021493333320107,9.328068540070856
16.450000000000003,-0.0071192857115031,0.6708002757605882,1.5939622341928623,0.2846905486263918,-0.0144759051570178,-0.0061017708092258,0.9584907449139406,0.0501291049935513,-2.074893338460554,-0.0988533118039081,-3.0850801577128117,-5.871376725219792e-05,0.1230161205410787,1728.4921772348475,1720.7170296874224,1677.3096942866275,1710.3725400996973,0.0303517549900608,-0.1306738321428824,9.084634234610776
16.46,-0.006500082349741,0.6506288701641646,1.5942303453916649,0.2720537746599056,-0.0145638256622172,-0.0056691163418322,0.9621551329153114,0.0485524275395528,-2.111710139365986,-0.118603602756268,-3.159204179641824,-0.0050629828530944,0.1307840898293634,1679.5273760298292,1677.831485121353,1668.3319765187257,1712.450335729554,0.0363672872900054,0.2825181379001931,8.818688438666635
16.47,-0.0059335970667767,0.6293484038353304,1.5944754001852437,0.2579838912742974,-0.0145953263524982,-0.005138422659335,0.9660253024140774,0.0467612810903513,-2.150264304679665,-0.1364329919965428,-3.285491045560402,0.0043921170277591,0.1354599424551756,1651.020823017193,1649.342721737508,1664.448067625262,1709.672489265419,0.0363672872900054,0.2825181379001931,8.818688438666635
16.479999999999997,-0.0054361848585993,0.6068459254749438,1.5945164000544334,0.2422150944598374,-0.014622026488405,-0.0045494599568829,0.9701017198063744,0.0442708201452869,-2.1966888346897244,-0.1504254348109266,-3.507290386049944,0.0282546891012949,0.138445392076914,1640.6927156792017,1641.6179260689105,1659.816868845894,1695.3495184958088,0.0863278760144861,0.0121760949798561,8.627566633566724
16.490000000000002,-0.0050066446080402,0.5833035593349534,1.594127942851319,0.2247787479822659,-0.0146748708877063,-0.0039490770935993,0.9742913154750292,0.0412500882070085,-2.247746975248836,-0.1614711957100691,-3.764324575131556,0.0530780150858398,0.1400014049893299,1634.902177369533,1641.9778037475587,1653.8821532392733,1677.2284323204165,0.0611710010210399,-0.0379847799287884,8.551884091896232
16.5,-0.0046312950392755,0.5592214029891487,1.5931124263876388,0.2060925644192274,-0.014750379969485,-0.0033796082792799,0.9784154840504832,0.0381669201456728,-2.295791072611253,-0.1749160938816984,-3.973651805859029,0.0669660946237243,0.1387991967500754,1625.8368404535047,1633.048603687395,1650.6308161415045,1666.3513723374303,0.0664097702952116,-0.0620281415510226,8.459192398105452
16.509999999999998,-0.0042934392479248,0.535293353456816,1.5913652781228336,0.1868756048971639,-0.0148133774342706,-0.0028698678695126,0.9822677007831012,0.0353244944733166,-2.336392948596368,-0.1972983322512611,-4.102106477658017,0.0701911835623238,0.1340643487431026,1615.2472169638097,1610.088601980121,1654.4612123540808,1667.1349233199687,0.0585468298656587,0.0090087558844516,8.502103284901336
16.520000000000003,-0.0039824530579384,0.5121829677191455,1.5889030171820562,0.1679402359842988,-0.0148135960422805,-0.0024310311734676,0.9856828722247678,0.0327511274242333,-2.3702460416420847,-0.2291565145928702,-4.171318529401528,0.0727621285688942,0.1275300322785689,1606.7210494351707,1585.6395487191237,1666.7167552213184,1677.380035525678,0.0387151084770545,0.0250093953049406,8.622474950188149
16.53,-0.0036984866832173,0.490277433279053,1.585837657931544,0.1499291920734157,-0.0147082840108877,-0.002057565528322,0.9885851860966582,0.0303824400324247,-2.3995290303597336,-0.2619703893576642,-4.215913251362689,0.0838962918789789,0.1220999875924988,1602.140410259114,1577.0677069285118,1686.1707669068874,1694.435796573734,0.0760847465730847,0.0475823729855182,8.671649817953906
16.54,-0.0034512071291216,0.4695031891926294,1.5823082449955357,0.1330651819781398,-0.0144797360349801,-0.0017309694389031,0.990999999159578,0.0281892023240225,-2.42493854992126,-0.2852932658056659,-4.25021285597734,0.1043865474826324,0.1183207460649043,1604.8855923245071,1589.0577270627862,1711.8675955313622,1719.0097352644177,0.0966067101875212,0.1032039683721404,8.887910278606496
16.549999999999997,-0.0032537926087439,0.4492792840436025,1.578406885451744,0.1170093066166708,-0.0141380783297852,-0.0014252611272341,0.9930291564384937,0.0261174674873724,-2.446546181225549,-0.2975199479401503,-4.270137966258254,0.127253934641172,0.113043483659058,1619.3194412952944,1609.916733969096,1743.739423304511,1752.261755110735,0.0916880577134548,0.088573328218622,9.105207202568266
16.560000000000002,-0.0031155127182195,0.4286517176809866,1.5741419350178374,0.1009302335499888,-0.0137079706826484,-0.0011144834841875,0.9947984406008444,0.0240266384477596,-2.4656406976724727,-0.3068784366001232,-4.272032183071676,0.1440073552013785,0.1023486360522342,1645.9736055877695,1626.7076118543914,1780.8560948895215,1791.0582162505352,0.0916880577134548,0.088573328218622,9.105207202568266
16.57,-0.0030367040447989,0.4065838281379733,1.569457041634651,0.0837939367275185,-0.0132088278876322,-0.0007801541509332,0.9963952500855472,0.0217621192437399,-2.484089482428325,-0.3202676623522272,-4.258845751889272,0.1514503651693589,0.0859477636654614,1681.5863978857224,1641.016695299978,1822.3694278474163,1830.1794272639456,0.10832143612522,0.5603014133752369,10.11998980181035
16.58,-0.0030082632440546,0.3823043124356941,1.564290758486083,0.064744609319301,-0.0126420143619761,-0.0004154930206957,0.997821698702986,0.019220485962293,-2.5022641732778306,-0.3336504848269822,-4.232317108473077,0.1548016167180547,0.0684021316408014,1722.915841723166,1665.0502201179256,1870.1853813785592,1869.461468234228,0.0887044440350364,0.2369591335940915,10.986757833260674
16.589999999999996,-0.0030150503020736,0.3555887236178887,1.5586462059001465,0.043410858155334,-0.0119921765028567,-2.7194049833959812e-05,0.9989853273984686,0.0163108136374529,-2.5186540924308294,-0.3363878836740542,-4.192517182475549,0.163233751842338,0.05552834008993,1767.512983995254,1705.055165224378,1926.1785947391743,1914.098352846857,0.0887044440350364,0.2369591335940915,10.986757833260674
16.6,-0.0030407810328962,0.3268813805701653,1.5526480100634112,0.0200544919219667,-0.0112408670408272,0.0003627267427145,0.9997356293997092,0.0129951370280799,-2.531137860773831,-0.3233298860582921,-4.147102663448409,0.1791488638953848,0.0494381780131714,1815.198532711734,1756.9382175268777,1987.159870737451,1967.5953508881696,0.0594238894760082,0.5711149677602593,12.222784219279164
16.61,-0.0030719401424255,0.2972121541092252,1.5465729531746475,-0.0044603473123379,-0.0103853842877983,0.0007177687195344,0.9999358648949008,0.0094596562431291,-2.5376419096052185,-0.2982072428849311,-4.107220015611395,0.1929460725486415,0.0469387843008516,1871.22622683311,1816.4328397693916,2047.8281128076435,2028.8711911273356,0.0722718165877017,0.1236196156137553,13.09075572880583
16.619999999999997,-0.0030994065943713,0.267911739409833,1.5408409737378028,-0.028894378752957,-0.0094535656399679,0.0009964327045508,0.9995372689875236,0.0061119843298359,-2.53606358142141,-0.2652354468965673,-4.067862901869285,0.1924863787633042,0.0422529173778918,1939.030807403428,1881.2479663931333,2107.1468633084937,2094.5768753016564,0.0644312611001602,0.2114268168607124,14.103712008893448
16.630000000000003,-0.0031179013442125,0.2401975947689961,1.5359593680895791,-0.0519974074483069,-0.0085018710356349,0.0011688519003718,0.9986103452261964,0.0032826386134441,-2.525203343167704,-0.2231178269063566,-4.0075230781084805,0.1761054684384878,0.0317988815518334,2006.654051893854,1941.503416737362,2165.997983281615,2159.185939214067,-0.0214445102202538,0.0132862173790255,14.73904746601724
16.64,-0.0031243778162587,0.214768764240235,1.53243337431959,-0.0728749601545629,-0.0075998987639408,0.0012311020865481,0.9973113686852774,0.0009830663194061,-2.5066121999627837,-0.1705766977132827,-3.9237148261395007,0.1522393379043889,0.0180994222445057,2053.346962520466,1981.8560438713705,2219.9687802070976,2214.944628688658,0.1007142336868564,0.0513854442364758,15.1922021127733
16.65,-0.0031167894088738,0.1915597090594973,1.5306727814347805,-0.0912296249665513,-0.0067995410863013,0.0012078384127443,0.995805936363028,-0.0009980424948522,-2.484608161607905,-0.1134582792538536,-3.860442249299041,0.1306588420251768,0.0088812295791898,2075.6973526652478,2000.5613820929184,2259.472498550904,2255.1737620288827,0.1641759980832833,-0.0257539687242793,15.706025170960611
16.659999999999997,-0.0030942930583104,0.1697552779516735,1.5309205002555806,-0.1074462747051849,-0.0061075516133313,0.0011435438559434,0.9941914746027136,-0.0028561957351808,-2.4624655915668154,-0.0598060620865599,-3.8740804677722265,0.1200319318600246,0.009527372912014,2094.0947386530347,2017.626455090116,2277.857692537163,2275.859721636258,0.0849069591660452,0.0450162614605185,16.169547307225063
16.67,-0.003059094013869,0.1480944780672546,1.5332142591905518,-0.1225235602358747,-0.0054776669034098,0.0010880235520081,0.9924498922148016,-0.0046982545307345,-2.4376974362936803,-0.0071489181606616,-3.962084424735285,0.1275923875940251,0.0156892035140039,2125.150866890426,2053.645042981132,2279.0680436998614,2275.802139621015,0.1196420134726702,0.0626691756520365,16.54188257240195
16.68,-0.0030191394050943,0.1254037791263299,1.5373849476674826,-0.1378359611576895,-0.0048338131533694,0.0010809359105532,0.9904426856914496,-0.0065985901387128,-2.403164842213213,0.0591815949537109,-4.051233032044535,0.1505188079645944,0.0164505126739351,2158.9129884698286,2101.575598970291,2276.5227303178785,2261.4430592509216,0.1196420134726702,0.0626691756520365,16.54188257240195
16.689999999999998,-0.0029901182877883,0.1012009585131302,1.5430974446943584,-0.1547586357841013,-0.0041165961347274,0.0011373588983399,0.9879430776624956,-0.0085660624175793,-2.355589771542862,0.149354374710248,-4.0905789697234765,0.1696702762946897,0.0065335902731212,2174.0741877746486,2129.4753216052227,2280.071510607621,2249.3391547314814,0.118648053134712,0.4647665489093615,16.643893666164843
16.700000000000003,-0.0029950921167384,0.0761335123713171,1.54993699103446,-0.1742844432988359,-0.0033233513015305,0.0012365260934566,0.984688965695951,-0.0104594013291673,-2.301823463114032,0.2527260666466945,-4.148657422500249,0.1630101934146827,-0.0069366157648183,2168.570312447245,2116.797586825963,2281.649403067114,2252.71582173915,0.0249113003736311,-0.5551847395203735,16.659796126250086
16.71,-0.0030607918817908,0.0520266643534132,1.557521153459838,-0.1967677159229241,-0.0025113904306167,0.0013189782339343,0.980446030735501,-0.0120664734572486,-2.251904462699832,0.3440094860950135,-4.363752503007403,0.1301755633076323,-0.01180084310553,2159.865362243941,2079.0605644259463,2259.034709411855,2260.9259009055663,0.0249113003736311,-0.5551847395203735,16.659796126250086
16.72,-0.003211108340568,0.0314370324507683,1.5655854916335283,-0.2218389608554394,-0.0017616356136591,0.0012993482861233,0.9750808601242128,-0.0133030172609817,-2.202519712604268,0.4056079086214374,-4.760229129487694,0.0985404682036597,-0.003679737231786,2151.411765583803,2043.946469005892,2199.5837121061404,2241.4303359525197,0.1303422934176676,0.4883533530099511,16.191394281693302
16.729999999999997,-0.0034600245878659,0.0167940315897527,1.5739882721677676,-0.2485052731263918,-0.0011303540029069,0.0010978403140212,0.9686292615210684,-0.0142673762864755,-2.1290084867693317,0.4401379487028333,-5.150309326580329,0.0983470638408307,0.0101435717347941,2114.0758243419746,2009.021860220402,2118.5452599048413,2173.448368525093,0.1877972772371972,-0.5604584940872037,15.1709043604911
16.740000000000002,-0.0038071522338497,0.0094074838493963,1.58262495561982,-0.2754795694739016,-0.0006216325650666,0.0006817242945481,0.961306483712356,-0.0150980435395358,-2.000984887739621,0.4626189577875234,-5.281576959253265,0.131328994076057,0.0186587111984294,2019.7769592152736,1944.7312090428568,2048.623969217083,2077.889076126875,0.1072265677915508,-0.7746073777760545,13.622335609929548
16.75,-0.0042381673969033,0.0087658520421364,1.59130518845102,-0.3016878724309585,-0.0001927699106939,9.48829593643385e-05,0.9534067240506892,-0.0158361566562049,-1.8135395525890785,0.4850899647584486,-5.086080394278079,0.1670725906054365,0.017319162402634,1891.76308961501,1844.19130748594,2010.8514144627195,2003.002018037436,0.0483823156095059,-0.7550751533174909,12.912391683978566
16.759999999999998,-0.004730004054859,0.0125238603337725,1.5996747659997672,-0.3267028172208706,0.000218241796172,-0.0005484105625593,0.9451269337164822,-0.0164353684769456,-1.601520627984396,0.5086673705534175,-4.743263153831792,0.1713663778756819,0.0107500832647093,1798.9631022587969,1747.9610934558375,1999.1868059977971,1977.7419633469492,0.064,-0.1878135331768593,12.54805972462897
16.770000000000003,-0.0052582655310944,0.0172823690893259,1.6072423675290062,-0.3507947082452106,0.0006624589376606,-0.0011104399162031,0.9364514940660332,-0.0168631586783969,-1.4148299561214737,0.5262845244369213,-4.4944645624851,0.1377444194404603,0.0070381688998153,1787.0993373105543,1703.5207431710662,1991.8145068659908,1985.181060565057,0.064,-0.1878135331768593,12.54805972462897
16.78,-0.0058035756121187,0.0198182311567848,1.6135127096066153,-0.3745173208704481,0.0011618116283525,-0.0014929039681187,0.9272179882851196,-0.0171614507199711,-1.2787869477649811,0.52972204360204,-4.42748423869895,0.0926500249706969,0.0102437866254863,1826.2726275558207,1711.397201788213,1969.5934538246893,1981.3194460158704,0.1648542152157822,0.3373466644652749,12.284534878936189
16.79,-0.0063547029749727,0.0181561070462888,1.618169353886115,-0.3980980196668788,0.0017089516505417,-0.0016765501728851,0.9173397600677098,-0.017419597314159,-1.182802652479606,0.5133619055097226,-4.435698645132793,0.0713679929553091,0.0181167897057387,1840.380399442743,1725.437960931252,1924.4560028728931,1935.563711411636,0.1884502439061087,-0.4260261501663702,11.954766079729296
16.799999999999997,-0.006908244479392,0.0120061592502209,1.6212181153706298,-0.4210610619310503,0.0022811435771797,-0.0017146454660153,0.9070278047008272,-0.0177200100719324,-1.1020713867851286,0.4743924040627723,-4.334528861317795,0.0881590077141865,0.0257151651740591,1784.8837770331306,1701.2739090728928,1862.348749838914,1856.136392218969,0.1260402787927558,-0.485615907859148,11.013548008441967
16.810000000000002,-0.0074662853964823,0.0024917400449457,1.6230020666441614,-0.4423149227076031,0.0028562537218031,-0.0016892976757089,0.8968536654539616,-0.0181055477992899,-1.0207083512803454,0.4157197804433367,-3.987443620953568,0.1273542871289432,0.0295969860972862,1684.7967131520727,1634.2570685319267,1802.939005771561,1781.2211499084383,0.0978346954977028,-0.3783574878656788,10.000890989298547
16.82,-0.0080340044980253,-0.008558588004015,1.6240377446890348,-0.4605869729916256,0.003419574057458,-0.001660563273053,0.8876064383234799,-0.0185603888284575,-0.936945888034614,0.3518726140244196,-3.35265394806682,0.1602230202166375,0.0286943689238956,1597.3973764860405,1552.841442756302,1769.719757785491,1746.1499381800277,0.1280231591058492,-0.293016617985689,9.492472579281795
16.83,-0.0086183724652976,-0.0193698023358183,1.6247156508008316,-0.4749203650985052,0.0039609075357989,-0.0016371110318574,0.8800183395212083,-0.0190176840680618,-0.8567516615406476,0.306598727064866,-2.4783963648445675,0.1678232641022529,0.0236845396317623,1552.4298143962608,1486.6939249652764,1776.544458717112,1759.8803324159503,0.0933042083456966,-0.1977992839197906,9.404420521440214
16.839999999999996,-0.0092273995535135,-0.0287417166231325,1.625034126723968,-0.485011094051677,0.0044717534759173,-0.0015815934647966,0.8744951347090262,-0.0194223472632956,-0.7852206003460054,0.2950378956638428,-1.500116974356509,0.1494664349924783,0.0169451570480544,1538.5774238981203,1446.9746971788222,1820.5898523847252,1808.543256860632,0.0885917034214542,0.1985959501143313,9.366020781248729
16.85,-0.0098683106892533,-0.0362209117938401,1.6245839427912232,-0.4912880568057201,0.0049510371752105,-0.0014455557795962,0.870981884334822,-0.0197940715943501,-0.7193519375242922,0.304108479623572,-0.6257329540675357,0.1169251084678006,0.0113416751214594,1537.846734192056,1432.2663354798497,1879.6356322665529,1868.104303905111,0.1271041444378961,0.3471073009102388,9.23147086190611
16.86,-0.0105439329857603,-0.0419683610436172,1.622862744345959,-0.4947262069119814,0.0054161231693679,-0.0012143788262398,0.8690311680764758,-0.0201914814535216,-0.6478766891760255,0.2945713517638273,-0.0593406368350177,0.0873505797756392,0.0077416127882445,1553.134348229531,1443.3137624101842,1916.5350190406225,1908.7539850376015,0.1271041444378961,0.3471073009102388,9.23147086190611
16.869999999999997,-0.0112489205721299,-0.0464618477626569,1.619742450172625,-0.496455840150645,0.0059068834494841,-0.0009357414543929,0.8680413768341702,-0.0206025771991348,-0.561347794022899,0.2303179643815842,0.1279187546275371,0.0793805144275842,0.0054362898733458,1595.8540298646558,1483.6414407766538,1900.5414766465744,1901.160321498945,0.1216410372794903,0.7124568354301344,10.465005923161176
16.880000000000003,-0.0119688574611574,-0.050192702048485,1.615763821467815,-0.4973101890054069,0.0064738528582227,-0.0007100252585628,0.8675483623433963,-0.0209212276605432,-0.462134629127698,0.1114280533255605,0.0933933619577033,0.105426458174691,0.0058733196173997,1657.1151230768064,1544.593514392235,1834.818848612489,1836.857438935876,0.0803294964760289,0.530213846570593,9.889705566143046
16.89,-0.0126840265912577,-0.0534712421189181,1.6120309936219686,-0.4974974972190589,0.0071532407083067,-0.0006413801374815,0.8674356806355504,-0.0210680167753457,-0.3610139878655487,-0.0219056238522381,0.1851407348404296,0.1586279374902529,0.0130566180063657,1702.3842824539506,1597.651432100282,1763.362214609837,1749.8584984460615,0.1189230482294453,0.0317222326773802,9.645799877908198
16.9,-0.0133765754226259,-0.0563749695717652,1.6097469785370824,-0.4965357816484383,0.0079410348608922,-0.000775546865823,0.8679795827294392,-0.0210753824050074,-0.2651348877719605,-0.1215553571018351,0.7440790833298878,0.2078249967518423,0.0277422699561352,1697.9369031619851,1610.7585933616092,1744.2313919614307,1708.0432888319056,0.1231137873050709,0.0510613604573144,9.39003869688212
16.909999999999997,-0.0140376042987992,-0.0588037903183527,1.609666672389922,-0.4934574536735255,0.0087803314621074,-0.0010636934214089,0.8697249655780621,-0.0209803159872569,-0.1738538640794261,-0.1685179996055077,1.8542702303408192,0.2141225195797761,0.0433571355751817,1642.8280488685896,1574.1907180828916,1802.150599400857,1760.0546277345834,0.0727877529974049,0.3599110193450117,9.274468091339129
16.92,-0.0146708734316753,-0.0605787392550985,1.6117802037625302,-0.4871665836918504,0.009572045555364,-0.0013761171119334,0.8732555192952357,-0.0207011551129956,-0.0853076555513781,-0.1800495739252807,3.2392199903632437,0.1609230775213178,0.0512782264975781,1575.406040434135,1510.2370257815046,1898.8662141879652,1878.761040909466,0.0546278165144852,0.5099685245124914,9.661869984727048
16.93,-0.0152914670556609,-0.0615319653267459,1.6153685930812272,-0.476798727911956,0.0102101306623307,-0.0015574510556627,0.8789518192936449,-0.0201671501723021,-0.0008501154504761,-0.1875370518408829,4.419021851734602,0.0697660446441839,0.0500078439048801,1546.490610077919,1460.8098716505233,1958.4936334852537,1971.242895265121,0.0159176059118304,1.0945937807064352,10.6824094745128
16.939999999999998,-0.015919601740031,-0.0615627406312812,1.6193456420306742,-0.4619885159709517,0.0106283739352538,-0.0014925259643561,0.8868209634107076,-0.0195533918558576,0.0790405306245662,-0.2117775636235008,5.026807205616881,-0.0147449204754735,0.0462342179579021,1580.079427224606,1462.0780088078743,1932.0795434767697,1960.856015812227,0.1611811019655697,0.8349919833101342,10.33751111130126
16.950000000000003,-0.0165717309547527,-0.0606575133596302,1.6226739100653542,-0.4430130637715463,0.0108341318684584,-0.00115198278579,0.8964489499408574,-0.0192155732071301,0.1583445877763965,-0.2537521932378299,5.039722404069169,-0.0560711439328633,0.0463315037972391,1654.1414344737532,1518.0609597233483,1836.365042577194,1855.425416850212,0.1611811019655697,0.8349919833101342,10.33751111130126
16.96,-0.017252886901007,-0.058884006984531,1.6246633353698392,-0.4207843168213395,0.0109071758364449,-0.0006007713521905,0.9070949406243284,-0.0193405855451883,0.2408529933665398,-0.300571452113076,4.75256630724804,-0.0451782903018973,0.0496711255929559,1718.4630508471405,1593.7231096023518,1731.008999327359,1728.7092785106918,0.224652951606169,0.9430240962446864,9.766413648895716
16.97,-0.0179543429516081,-0.0563707526129255,1.6250713834101689,-0.3966534149347553,0.010961024197333,3.10294853401858e-05,0.9179030032668556,-0.0197732599232851,0.3241616758698593,-0.3385240661081986,4.539821403301503,0.0016455519221312,0.0517355137547315,1733.8487773403124,1641.0940698699544,1667.0215489191924,1647.0265166009656,0.1640889716930932,0.5965811077308105,9.311699534852238
16.979999999999997,-0.0186581711666471,-0.0532791091888548,1.624034067460682,-0.3720589578129765,0.0110868322608465,0.0006012310617991,0.9281426897749891,-0.0202123237039877,0.4018363010337356,-0.3636598580888877,4.61238791499384,0.0564835627601027,0.0509166991389692,1697.395947900004,1636.042424576505,1655.8893147842064,1624.4973287478704,0.0786411845368534,0.4147609194068069,8.91659096291444
16.990000000000002,-0.0193463899301785,-0.0497707738491748,1.6219082169503576,-0.3481591733772974,0.0113110893784778,0.0010085784847582,0.9373666475930053,-0.020449695404747,0.4701850868953471,-0.3824928758916344,4.942909822741736,0.0933025931301275,0.0492062474992026,1635.0977928932589,1589.0436258588304,1673.583100369332,1635.5703101571114,0.0648392404198673,0.5364351799656113,8.882308470588999
17.0,-0.0200099404571742,-0.0459738004168274,1.6190995294336346,-0.3255850156504436,0.0115914660982776,0.0012220948140407,0.9454409246387944,-0.0203753925092925,0.5297922107438868,-0.403744775005799,5.361984044400141,0.0968176258897915,0.0477031141811635,1577.6970878784246,1527.863092126463,1685.0689072795178,1648.7977705442968,-0.0007190283553375,0.6917753929617341,8.878258828441018
17.009999999999998,-0.0206531581203845,-0.0419539053500972,1.6159258085062227,-0.304335002020475,0.0118529522298362,0.0012758413130002,0.9524904652003496,-0.0199243384757811,0.5813300775567857,-0.4299505272771381,5.6966870253995845,0.0664451699256771,0.0449228413159576,1546.3528212051972,1479.7606386594186,1668.888381282726,1645.8956774907117,0.0342627941051256,0.7311849835217226,8.741815796327012
17.020000000000003,-0.021291649038412,-0.0377017533360368,1.6125430003577044,-0.283778892098842,0.012041220744672,0.0012372090532127,0.9588133388287264,-0.0191999978677371,0.6236345027888465,-0.4566303356883645,5.841781649527592,0.0166245209024262,0.0398563919554188,1552.103438965741,1465.3491425875054,1625.4427129027526,1622.168991405993,0.0559781130272281,0.7180238272931181,8.490806804444516
17.03,-0.0219440670961412,-0.0331465964710598,1.6089428388263427,-0.2628174428049917,0.0121593551224097,0.0011696481670484,0.964768248733144,-0.0185745854822685,0.657404569987877,-0.4784765812640867,5.76082868760355,-0.0266123184867776,0.0343251362538001,1594.4704310189377,1493.0587546479408,1568.681114430025,1580.9686100804877,0.1303727753812388,0.7361351965730916,8.243623336125063
17.04,-0.0226208982686314,-0.0281986535909921,1.6050124321461952,-0.2402953909251453,0.0122657837658816,0.0011096935393791,0.9706216792494328,-0.0184384445693939,0.6883559201929608,-0.4951050337757386,5.477375534700997,-0.0366057277547757,0.0310675310988584,1657.055287129865,1552.3533370957582,1517.8219300016824,1533.4718149467494,0.1303727753812388,0.7361351965730916,8.243623336125063
17.049999999999997,-0.0233154840191781,-0.0228066963542182,1.6006287572247233,-0.2156065966567789,0.0124358216211509,0.0010663340470612,0.976400537049416,-0.0187746852307138,0.7235027249230426,-0.5099518698559641,5.079529114654153,-0.0048462817128168,0.0303429058599903,1715.2567428985194,1619.777874183932,1497.6632610104716,1503.3548966922212,0.0883032660646629,-0.0629929364003745,8.502632011281328
17.060000000000002,-0.0240024995600597,-0.0170017378130365,1.5957478615976388,-0.1891648260960695,0.012710011717196,0.0010372855798636,0.9818625403837437,-0.0190691335731075,0.7642050737000721,-0.5240388161518907,4.695160923101794,0.0456088383015564,0.0295183423553917,1757.225384726492,1678.0944700644554,1532.9278366303845,1521.3985333127353,0.071555838420193,0.2777973997854452,8.950008516351282
17.07,-0.0246458666380665,-0.0108983007176397,1.5904495814688098,-0.1623740252655837,0.0130599698322856,0.0010286503842471,0.9866423135997252,-0.0186780263583677,0.8050273066336725,-0.5324457339974279,4.41478021615142,0.0713150925105903,0.0260568152024745,1794.5117500298122,1728.2851853531763,1626.2723183610358,1601.1391373609977,0.0603198699349439,0.2016877177630585,9.51598795154211
17.08,-0.0252130495821147,-0.0046475640059328,1.5849214212700131,-0.1370516095114085,0.0133945025844366,0.0010641382146138,0.9904727715796676,-0.0172821889312522,0.8396738257116071,-0.5281049668747027,4.230839914877118,0.0447500351594246,0.0202135541349266,1847.893000685728,1783.2678255071028,1744.29311720249,1718.2932089131734,0.0219031462147084,0.5010070823652457,10.420860665593112
17.089999999999996,-0.0256891377690835,0.0016343604957516,1.5793983171907655,-0.11463668859555,0.0136067381067417,0.0011767840995177,0.9933135967483404,-0.0150803635116429,0.8661459104646321,-0.509140122950015,4.071617478156402,-0.0148075999155848,0.0143213358699568,1924.845798174748,1853.2865792171212,1841.77600241238,1826.864462961196,-0.0027336960073419,0.5840692418823159,11.170028724389798
17.1,-0.0260843099382193,0.007926232745836,1.574094961574843,-0.0955967916471822,0.0136361721313623,0.0013872124491934,0.995325767715269,-0.0126387596139889,0.8860241258110897,-0.4817197316582052,3.8922534878780928,-0.0527332157655525,0.0099034707378478,2012.2970974251416,1936.3970104757584,1904.051778992144,1901.0782561028896,0.0654695863743962,0.6094930114066579,11.968691228300882
17.11,-0.0264316202088086,0.0143187372958636,1.5691634159857115,-0.0792602389085905,0.0135062077401437,0.001682695302785,0.9967610372687884,-0.0104654974555207,0.9012496310960928,-0.4541189040706102,3.712566430211495,-0.0316169435212651,0.0065605324936509,2088.268295717148,2019.6017620633668,1953.8886402976727,1952.4543420394843,0.0472748425611835,0.5216222002180182,13.012500410974075
17.119999999999997,-0.0267762534190276,0.0209747481733512,1.564689021848097,-0.0641037760985979,0.0133110851346711,0.0020133049845421,0.9978524277193884,-0.0085763772305327,0.912993841227602,-0.4267509720029458,3.5703651045073745,0.0268744012912435,0.0039188359767512,2139.422507779122,2088.473247643108,2014.296591244385,2003.2833154064117,0.0750388140400775,0.5692103111737863,13.917422983230084
17.130000000000003,-0.0271604512430588,0.0280422559149525,1.5607157640662612,-0.0483995006717295,0.0131596310729692,0.0023110278639974,0.9987386903464602,-0.0064984345166006,0.922041169679595,-0.3894812031336281,3.468413818882668,0.0626562674477805,0.003443031759031,2169.9970098000367,2136.312227809274,2077.908913685776,2056.548274895385,0.0750388140400775,0.5692103111737863,13.917422983230084
17.14,-0.0276094190571132,0.0355570823988788,1.5572782476646354,-0.0309821909963291,0.0131136146239729,0.0025206963628514,0.9994307294867448,-0.003812632859207,0.9282249978533512,-0.3316817462623957,3.3818274750019057,0.0436900295522596,0.0071549169644139,2194.571764983449,2165.1241402875307,2120.2685455589926,2098.824032600562,0.0161958868070511,0.0652499321326494,15.282268256240869
17.15,-0.0281230028320895,0.0433884578533027,1.5544179298365146,-0.0117675446472293,0.0131615384510129,0.0026227000555024,0.9998406974328444,-0.0006419533745015,0.929545630684318,-0.2548553025982754,3.297463542686494,-0.0004372471404201,0.0147898282481594,2220.4892028169093,2180.095820999658,2133.600333410266,2121.431684169687,0.0115518845201019,0.5105457424111366,15.730256096293216
17.159999999999997,-0.0286760676905199,0.0512635261542166,1.5521761991307763,0.0082760222087796,0.0132403583696308,0.0026349579761417,0.9998746208215844,0.0025093775515404,0.9231177235461188,-0.1726660469068378,3.221880531589659,-0.0214156329577705,0.0229968741633788,2238.9515160584697,2184.081656022425,2134.494433743601,2128.0105961624067,0.1378449373627986,0.5297310713124171,16.102603304479363
17.17,-0.0292272789774557,0.0588615407679773,1.550575054329096,0.0276796225622634,0.0132798269786078,0.0025968592231387,0.9995252578161316,0.0052918429158836,0.907713195640484,-0.0989017738305631,3.156164356084423,-0.0146444609827684,0.0276117667755717,2237.093559584116,2176.152978080547,2137.659101977621,2125.413160620552,0.1888113946960196,0.5052304101791474,16.19481909704345
17.18,-0.0297325164456993,0.065929976461521,1.549603351495385,0.045206877640965,0.0132358320153182,0.0025480314490278,0.9988867095424544,0.0076867887343142,0.8855828884631074,-0.0386696746965659,3.087933981037588,-0.0167348557308426,0.0267826229460654,2215.151639416544,2154.8385057283576,2133.992215811731,2114.7673089814057,0.0862526525854163,0.5185720427236151,16.01369478329494
17.189999999999998,-0.0301576909198015,0.0723696247766374,1.5492192975969568,0.0603944652623957,0.0130997667574032,0.0025138602422134,0.998085459859652,0.0097209904497132,0.8616828569940995,0.009233167737852,3.0151482606943283,-0.0463862934927974,0.0220855377474924,2183.2128316277976,2122.799417949751,2104.3970009676605,2091.395130144272,-0.028680147246779,0.5888023378939056,15.550717556824978
17.200000000000003,-0.0304871026709869,0.0782565182865268,1.549365548863828,0.0736965763837899,0.0128891137118414,0.0025017066123403,0.9971942773808208,0.0113139368923151,0.8400796530606702,0.0467331456309269,2.9571589894000576,-0.076378524293306,0.0168606463792785,2144.4656226592774,2087.3323935953235,2050.2540379445154,2051.589563222344,0.0881575933301265,0.4871843956176254,15.072695526663605
17.21,-0.0307260946922136,0.0837947584701336,1.5499828724632725,0.0862257364492673,0.0126325902337613,0.0025059531795421,0.9961923811375136,0.0125576272765973,0.8198861772008397,0.0760783267241773,2.924421478402518,-0.0735814116244365,0.0137055397354101,2095.2820985196413,2055.409476919041,1997.349072536408,2000.397214710605,0.1517992465432098,0.4834903402383501,14.437202281458312
17.22,-0.0308984493151924,0.0892181754711426,1.551010255793404,0.0992046216045629,0.0123542065536777,0.002516336834615,0.9949871781493766,0.0139446312835268,0.7952230543555099,0.1015584951677323,2.8868640607310905,-0.0451385147932774,0.0132960359309361,2041.3065786914271,2027.9364718915383,1966.53548154436,1951.0218801516407,0.1517992465432098,0.4834903402383501,14.437202281458312
17.229999999999997,-0.0310391704924496,0.0946801454932827,1.5523724373810848,0.1133582360475656,0.0120608966939746,0.002524681614853,0.9934777657672392,0.0160129271399815,0.7607581952268576,0.127056408157993,2.793005249598009,-0.0275473425405562,0.0145096186220265,1997.3262846249097,1998.2328423334127,1949.0646917144932,1912.217486896574,0.0402118439848401,-0.0845620972480185,13.066847305123463
17.240000000000002,-0.0311834311146771,0.1001814228269241,1.5539678917659796,0.1285547360060115,0.0117413298718398,0.0025276406268424,0.9916296849409696,0.0187071419343549,0.7172150068387964,0.1515252032025859,2.621830346148544,-0.0392927150192978,0.0147649552330117,1967.1472266971584,1957.2294624145093,1917.4017532136395,1877.417792468391,-0.0143142153664893,0.378304464300911,12.326645927081238
17.25,-0.0313540190341191,0.1055715489953081,1.5556701335810286,0.1439034379046956,0.0113795054068909,0.0025257087692715,0.9895230811917004,0.0212746711040316,0.670194069766634,0.169258197709247,2.4005805417729658,-0.0612511716571238,0.0108702830454035,1936.9414033045064,1902.8879195934333,1857.711084864247,1832.326685171598,0.1006548307848641,0.335539697882329,11.75595882232856
17.259999999999998,-0.0315517833500352,0.1106213457575819,1.5573446306708223,0.1582311370366867,0.01097585277859,0.0025204539920132,0.9873378779523928,0.0229170995194278,0.6244375613519089,0.1754734313293686,2.1697596006673936,-0.0644299756795304,0.0014098772740925,1894.3204562051208,1844.0303181899967,1785.133016236285,1773.6129115237936,0.1043662674553507,0.1735387707972422,11.188135536064424
17.270000000000003,-0.0317539002090025,0.1151262469185996,1.558873427036858,0.1706202206778028,0.0105606173580098,0.0025122798057555,0.9852770687005016,0.0234895658366149,0.581524280796568,0.1708344378323924,1.948142386884136,-0.0446815056407979,-0.0107385257612677,1844.844711278465,1792.7609556536493,1725.425414881985,1714.1610536485816,0.0605143647438275,0.090722270460485,10.534326912404142
17.28,-0.0319218750209802,0.1189885405455835,1.560176646968913,0.1807144682342957,0.0101872942937843,0.0025002544545364,0.9834796636094872,0.0235288350482071,0.542540065543977,0.1605702571672006,1.7369117975651398,-0.0235987495843766,-0.019569641430629,1804.6694839572697,1755.0884859782332,1688.0996873274505,1668.9750407491647,0.0966956935993838,0.0946749560796469,10.100772123537425
17.29,-0.0320164632956388,0.1222443112347435,1.561222895019786,0.1887065883402033,0.0099067372329438,0.0024841021816149,0.9819804016938168,0.0237371036430601,0.5091314702739766,0.1499477847771562,1.5339998152827836,-0.0210920810505354,-0.0214376534604272,1783.414188000762,1731.0047558926735,1663.3985980086504,1641.23411126133,0.0285319626802338,0.1006464143881071,9.795522943798174
17.299999999999997,-0.0320132608258546,0.1250311691804488,1.5620253460598157,0.1951004625634163,0.0097368910918535,0.0024669685578473,0.9807318270177332,0.0245588908593971,0.4797648473773335,0.1402857974627069,1.3230638640142096,-0.0351907722642035,-0.0191393083443679,1778.4689170440622,1719.4797305272648,1640.6250166667185,1623.0621485943757,0.0636467007894412,-0.0080246319827903,9.459441131423157
17.310000000000002,-0.0319126088302971,0.1275180866024761,1.5626256121129374,0.2004004905428943,0.0096481596481775,0.0024566689503676,0.9796634734352604,0.0261115803702435,0.4474133967923523,0.1285620736313858,1.0632668062911268,-0.0492502201833493,-0.0190987267080919,1780.806208921459,1718.3465856239577,1620.2632553607773,1605.66736487216,0.0636467007894412,-0.0080246319827903,9.459441131423157
17.32,-0.0317400436911814,0.1298311982211107,1.563072237860124,0.2048686195769097,0.0095749782011229,0.0024633361366665,0.9787395468050616,0.0282414714491837,0.4047336567497987,0.1110694096361929,0.7217266818352974,-0.0528312781840534,-0.0246316869228204,1781.5777443763957,1721.428875731965,1608.3205041689455,1587.701485533611,0.0016189494816613,-0.1709341377521762,9.124548712985948
17.33,-0.0315371162987077,0.1320077352015043,1.5634021164084515,0.2084486854385256,0.0094468882823915,0.0024929742883569,0.9779845023925114,0.0305577005130132,0.3518466277087352,0.087882776452395,0.3207706538243645,-0.0504200945274701,-0.0333922811214305,1776.3575233079969,1721.5253153110282,1606.7928479545317,1575.908790069517,0.027494379396138,-0.1497781922221439,9.024799679125088
17.339999999999996,-0.0313460873551223,0.1339946528274291,1.5636300666691203,0.2108760003086081,0.0092203603892635,0.0025391071086545,0.9774660354115772,0.0325448943967005,0.2965815507236566,0.0634104764537405,-0.0676220773284841,-0.0511445943362918,-0.0412271670138862,1767.75380899063,1717.195678954741,1613.2438805648892,1577.8014700950023,0.0246025907101214,-0.1851334073352468,9.010764407647043
17.35,-0.0311948236785806,0.1356853530644954,1.563747720655024,0.211883625844461,0.0088937801334423,0.0025773322563956,0.9772510358819696,0.0337960092525025,0.2465277832769701,0.0424038195193863,-0.3813413071219119,-0.0561329331243593,-0.0465051947373718,1762.9259727652689,1713.238321335607,1625.3248962080083,1593.0081679369491,0.0804760682600954,-0.2165766519066023,9.022603831067078
17.36,-0.0310884193726692,0.1369705259658749,1.5637312851754284,0.2113650142378115,0.0085008687763374,0.0025683172998424,0.977366855245534,0.034253347438204,0.2026788770799752,0.0260557259657274,-0.6118239183843805,-0.0596720032789307,-0.0499848896864592,1765.789494075108,1713.7464241250505,1641.4011707362745,1613.1941582596237,0.0812111973855492,-0.2652167699731715,9.083571160201489
17.369999999999997,-0.0310108458449141,0.137777313173681,1.5635568878351125,0.2094052734126865,0.0080921163187299,0.0024718851949982,0.977792329129261,0.034305600793112,0.1610557626021306,0.0122102910123355,-0.7917083153303105,-0.0594206807435006,-0.0522472831568874,1772.6841628770555,1717.5178307757726,1658.2208149460837,1631.2512321106467,0.022487086475023,-0.2491135559441226,9.18858432313089
17.380000000000003,-0.0309350405579703,0.1380829844445765,1.5632186378266333,0.2061981453351109,0.007717049751415,0.0022682003868544,0.978477198135194,0.0345942133358709,0.1182738735268091,-0.0014466464021065,-0.9568099755250457,-0.0591147714672083,-0.0528704859448636,1777.3471726527637,1721.0866167546571,1671.5876689454271,1647.714919059458,0.042033698777171,-0.3075405864229448,9.26055227143445
17.39,-0.0308361037617642,0.1379057308040077,1.5627404031247876,0.2019332680553195,0.0074114894901162,0.0019747267809259,0.97936924881792,0.0355548456489274,0.0742656451209387,-0.0151067349417795,-1.1243207400143542,-0.0602761638906998,-0.0515258573912813,1778.2328595471297,1723.631779833164,1680.378946130248,1665.967453376787,0.0599876355928606,-0.2497517358216634,9.483394356986851
17.4,-0.0307013215114565,0.1372860375651436,1.5621736083586226,0.1967333714186481,0.0071872551973556,0.0016459819090612,0.9804293012127572,0.0370612213775943,0.0308742482692853,-0.0273009386510192,-1.2931636790536765,-0.0572169451638046,-0.0485330365720737,1778.7452044030038,1727.2811109724655,1688.6049271919558,1684.6143162723702,0.0700111216481744,-0.2733776179927214,9.630322065067512
17.409999999999997,-0.0305327162143611,0.1362718992187443,1.5615810131507086,0.1906710646088308,0.0070261792229911,0.0013521992313594,0.9816279078569944,0.0385611467705429,-0.0105851643267772,-0.0366937211611298,-1.451763134890516,-0.0448295219541732,-0.0443828219209753,1781.8263605234642,1733.967812326479,1701.7381159617803,1699.1553507375338,0.0748055904633248,-0.3241140156878592,9.713681099591966
17.42,-0.0303419064182962,0.1349125736118444,1.5610142966195908,0.1838419846833444,0.0068861306010007,0.001148282729471,0.9829310185968332,0.039592523138111,-0.0503976942945618,-0.0430682615248937,-1.5855448847697886,-0.0284080824924484,-0.0397897471452605,1787.2904472691762,1743.1901908307536,1720.522673937569,1709.723903625711,0.0626590740876432,-0.2922200875645329,9.80659313303852
17.43,-0.0301411804071303,0.1332571767849547,1.5604956366068727,0.176438261202897,0.0067211664756511,0.001052232720882,0.9842881990104352,0.0401457421817607,-0.0899909934239762,-0.0469658696897441,-1.6850997868021025,-0.0203692170137498,-0.0363312579978719,1794.229351244627,1751.7544294929803,1739.9157492440331,1722.226722422152,0.0569136629899572,-0.3501389704491955,9.928192493724014
17.439999999999998,-0.0299361302746981,0.1313519875353597,1.5600104967691408,0.1687603532663958,0.0065047242702915,0.0010445697864606,0.9856350950537068,0.0405513694674869,-0.1304858405028553,-0.0489239532484781,-1.7531969512365029,-0.0270732613771556,-0.0357783814676945,1802.570051832767,1755.2584904826067,1754.8295013724105,1740.5742605695511,0.0185854479591677,-0.3921451804773732,10.092962166512493
17.450000000000003,-0.0297230282130501,0.129232772745564,1.5595140119501791,0.1611317864939131,0.006239362616565,0.0010850765873076,0.9869125798895354,0.0411091724562692,-0.1709496766354416,-0.0492630592988326,-1.8041588063957972,-0.042320430228953,-0.0379235827909728,1810.84174314066,1752.0376611611832,1764.8944973614807,1760.8249023279602,0.0761149859162319,-0.3475531356025372,10.196454255423884
17.46,-0.0294906399459026,0.1269127162696094,1.558949043329419,0.1537385239410839,0.0059469088392469,0.001134022489115,0.9880930191660442,0.041872114322277,-0.2079615647468044,-0.0484693774474679,-1.8533614713966244,-0.0542229626001103,-0.0397290521377564,1815.603282210897,1746.5420054212657,1772.6970894532838,1775.1793146266868,0.0922319380427673,-0.2929800482607394,10.312545664239556
17.47,-0.0292244485774294,0.1243717575735322,1.5582705149709224,0.1464794070176669,0.0056499263057867,0.0011665247151673,0.9891968969181922,0.0427285770994664,-0.2380654510190169,-0.0474774189684209,-1.9050998110484356,-0.0556129298490248,-0.0377229249585056,1815.4064737553592,1746.026403972598,1780.0466487019464,1780.296665262848,0.0900709763660016,-0.3585233362824014,10.334474935508696
17.479999999999997,-0.0289116899699385,0.1215572068883331,1.5574679330294945,0.1389441526385254,0.0053613416007432,0.0011759075460368,0.9902850073111504,0.0436009469277779,-0.2617497387672111,-0.0472125094505126,-1.951014084258282,-0.0471032657695528,-0.0314347138639405,1812.7394172858312,1752.0998056799745,1787.6097984718776,1779.484867740668,0.0510162441436661,-0.2734816036077609,10.39334077240911
17.490000000000002,-0.0285460348420873,0.1184028580751076,1.5565767095094258,0.1305875304825647,0.005087163372072,0.0011685142705525,0.9914230440259548,0.044526837254019,-0.2843779390897269,-0.0476236813890647,-1.9812946116429768,-0.0336425642207386,-0.0242374145322053,1809.9805027412883,1757.6768605182906,1795.5705808005887,1777.610534751359,0.0510162441436661,-0.2734816036077609,10.39334077240911
17.5,-0.0281301612559598,0.1148620945620162,1.5556708823792438,0.1210374825433564,0.0048317156101833,0.0011553383417085,0.9926355058817636,0.0455664528979319,-0.3116106268789104,-0.0473130906598533,-1.9963428451401724,-0.0220677552939769,-0.020998222848294,1806.3427136524567,1754.553498929715,1802.178579630793,1776.8262037550453,0.0852084562553527,-0.1042579077767791,10.433384045636805
17.509999999999998,-0.027674613804841,0.1109376662272277,1.5548370628561587,0.1103457625263904,0.0045944315165047,0.0011451971869983,0.9938819811300096,0.0466753127713036,-0.3437267517412529,-0.044543975169086,-2.005117649284596,-0.0211313977759713,-0.0246087288503459,1801.4744468842352,1743.261964552908,1803.5010812645496,1777.8829014930554,0.041924441151901,-0.2431115948001729,10.38184201044342
17.520000000000003,-0.0271936677985064,0.1066899928545787,1.554140666442286,0.0989985665417379,0.0043614603536608,0.0011416983100973,0.9950773628272496,0.0477160178066587,-0.3755501999951702,-0.0388271292467322,-2.011918765288308,-0.0377597624145947,-0.0333323167237485,1799.3148896885273,1733.1330174710556,1797.751864914745,1782.3755311275063,0.0352808517170862,-0.2562269714905474,10.392560349436655
17.53,-0.0267013654405256,0.1022196692012866,1.5536028004063156,0.0876773223977734,0.0041050856049823,0.0011437722079759,0.9961398130756892,0.0486121233884386,-0.401883328547747,-0.0313094285544306,-2.0087067046152822,-0.0680861885919588,-0.0407888521166921,1803.8860943673164,1731.4683798565577,1789.552300489222,1790.480227639022,0.0285554313337522,-0.2450198650818718,10.419446072088316
17.54,-0.0262103724009854,0.0976355297121692,1.5532006616052594,0.076940062892096,0.0037965665718008,0.0011481376896216,0.9970278303960586,0.0494526281774311,-0.4217409507618594,-0.0234992491851683,-1.985189629629956,-0.0939498733739249,-0.0401128317498274,1811.4177558253923,1734.5553117211673,1787.1311230434478,1797.7950521790192,0.035187999689611,-0.261622105480678,10.391265193165928
17.549999999999997,-0.0257332139375359,0.0930243442319244,1.5528884361529942,0.0670180280536851,0.0034230718889243,0.0011518796223784,0.9977452278352296,0.050381453158215,-0.4373252173725824,-0.0160279104769791,-1.946031175989639,-0.0948616003177421,-0.030106710560187,1811.693000287525,1732.8046052049624,1794.4059271504889,1798.7189294398113,0.0766134168573016,-0.2317332414048056,10.533587761313118
17.560000000000002,-0.0252831857385804,0.0884328014478435,1.552623541922996,0.0578055250749878,0.0029949869881282,0.0011539301712924,0.9983227032222124,0.0513569224798685,-0.4505914403951472,-0.0090056417950871,-1.911552058646745,-0.0677559252749935,-0.0173107102335811,1800.609826257592,1724.0291879038605,1807.1461794199492,1793.7719941272355,0.0513442648969019,-0.2288648328553151,10.499153134936376
17.57,-0.0248727916770955,0.0838653180162932,1.5523839174568623,0.0489983856496565,0.002539440179588,0.0011550889163877,0.9987949615496152,0.0520672446078982,-0.4618770392524342,-0.0030662261758759,-1.8963885207709248,-0.0336733655146349,-0.010886134785821,1787.918985798868,1716.146084156567,1817.091330388478,1789.7177265186815,0.0409259666004255,-0.1647876097736438,10.546310179632634
17.58,-0.0245099106002875,0.0792964524770154,1.5521710449076482,0.040287722743341,0.0020869679331591,0.0011569064803132,0.999185270872423,0.0521685678474599,-0.4710950504738115,0.0009084433712639,-1.8903687081589056,-0.0206069657831836,-0.0149678276273045,1786.6833506007245,1715.5073593023617,1818.805169224724,1790.92495123477,0.0486783246437395,-0.0088536056163591,10.468781065170742
17.589999999999996,-0.0241939828323013,0.0746925330912525,1.5520009199899698,0.0315192809575144,0.001661152576325,0.0011601546543607,0.999501090315172,0.0516450889650192,-0.4788295250159988,0.003232320904504,-1.866880185530165,-0.0368888605898892,-0.025849514238299,1795.722999428132,1718.8728643661757,1813.481343825715,1794.2352965205791,0.0486783246437395,-0.0088536056163591,10.468781065170742
17.6,-0.0239148986167364,0.0700323424184742,1.551888749325904,0.0227455359853868,0.0012769018934887,0.0011637280188241,0.9997397940721324,0.0508890316642013,-0.4857483918135151,0.0056780895007754,-1.8111062373960167,-0.0626725566259685,-0.0359432403625937,1798.8258090489517,1720.001516548954,1807.994643145008,1794.34559077053,0.0550330715148928,-0.1862387572363762,10.392061346164326
17.61,-0.0236555963101046,0.0653157700914083,1.5518355726687745,0.0141423498723785,0.0009452676997461,0.0011646909935084,0.999898866838018,0.0503593063985253,-0.4915539102429964,0.0097091110985436,-1.735573528880887,-0.070303252877805,-0.0399631057957218,1783.9508808082433,1718.388467548273,1809.1777021489584,1790.8850715015617,0.0637106879272573,-0.1675941797464755,10.354788990378264
17.619999999999997,-0.0233968505794047,0.0605572875655248,1.551825404732479,0.0058527758559771,0.0006755606497241,0.0011597622595035,0.9999819716295336,0.0501613708868866,-0.495201463962341,0.0149830740620483,-1.6659211911832004,-0.052608708020343,-0.0379470764750725,1758.7044871202474,1717.330156002893,1816.485187914995,1787.2489589350178,0.080962987403833,-0.1447007173226785,10.328745518850631
17.630000000000003,-0.0231215994739164,0.0557724262247956,1.551835529804532,-0.0021126637097139,0.0004676035909094,0.0011479187366309,0.9999970001362531,0.0500128047975653,-0.496142775889013,0.0201517963929745,-1.614700092844329,-0.0287743921311634,-0.0337736886793733,1742.2565911671763,1717.48216133361,1821.0655077843471,1784.8610159274283,0.080962987403833,-0.1447007173226785,10.328745518850631
17.64,-0.022817312825131,0.0509675182808649,1.5518522339159306,-0.0098530245995634,0.0002999269281195,0.0011332991619949,0.999950770579776,0.0496163937137741,-0.4949873695430558,0.024615031550341,-1.5718267887310802,-0.0232035599065676,-0.0314529168907748,1743.7310248794893,1716.2720802071217,1815.3861255037968,1782.942912016277,0.000625292309088,0.0699350345575887,10.36612793843733
17.65,-0.0224767922933393,0.0461350852815447,1.5518793563515647,-0.0174792300279002,0.000128735351613,0.0011244076137306,0.9998465860582608,0.0489831056639012,-0.4927814966258808,0.0287595637930897,-1.51834647411039,-0.0416582523786321,-0.0320199309970851,1753.4866442267517,1711.6862199946772,1804.066524652772,1783.7722397387397,0.0166437948949351,-0.0964275934743247,10.246018461793255
17.659999999999997,-0.0220986097090054,0.0412535009962521,1.5519333317791173,-0.0250628854569412,-9.25378928945092e-05,0.0011325055749387,0.999685230780386,0.0483441200190217,-0.4897268245307635,0.0327831529574322,-1.4461108453207374,-0.0677010909350158,-0.033077310982666,1756.60795380015,1704.5174615099322,1800.8433632961696,1792.6050462982062,0.0482929799589601,-0.0489862814532892,10.205119799807155
17.67,-0.0216879119151748,0.036295208509693,1.5520296768701456,-0.0326331210408328,-0.0003854290377048,0.0011639913101681,0.999466645756536,0.0478207509938502,-0.484837110630232,0.0362052524557514,-1.3644618757139826,-0.0783282019234686,-0.0316150561931734,1750.5663638342185,1697.9017196060634,1811.9086921518835,1808.417776680937,0.0482929799589601,-0.0489862814532892,10.205119799807155
17.68,-0.0212571818794835,0.0312485721552659,1.5521714613409463,-0.0401653364649245,-0.0007307423892535,0.001212060429727,0.999192044940178,0.0472795029511306,-0.477040203697198,0.0387764360506378,-1.289044165341647,-0.0617928909521552,-0.0277319416929285,1745.3212342169074,1694.813600012507,1826.231297236563,1818.7604641009557,0.0618236643331472,0.0568041898501148,10.29179971310382
17.689999999999998,-0.0208255897666632,0.0261453055818824,1.552347067800158,-0.0475454633934338,-0.0010792529987195,0.0012514443321337,0.9988677079627472,0.046514213108546,-0.4664450602062792,0.0411331663004513,-1.222549275069451,-0.0253857298956594,-0.0250779022624987,1747.6756680784829,1694.4874083626223,1827.810822540685,1811.393873377656,0.0763778162577839,0.0067519965086455,10.33517777088652
17.700000000000003,-0.0204157848595323,0.0210734915972811,1.5525382288486351,-0.0545648857582485,-0.0013823972673429,0.0012417790773888,0.9985084978129668,0.0455137052589534,-0.4541969041832176,0.0438998442684587,-1.147209045545835,0.0086139843984674,-0.0269937128928405,1751.710025352193,1691.718424181798,1815.243157928436,1791.1845285614004,0.0492537331645293,-0.0051720008928843,10.215051768653751
17.71,-0.0200484414483294,0.0161629137279946,1.5527347216964034,-0.0609819719574043,-0.0016210522605063,0.0011421502715577,0.9981368978143792,0.0445112250085916,-0.4412474239868682,0.0465949935108643,-1.0425543339204957,0.0169882832962835,-0.0324793452335182,1747.2957580844677,1682.1747958994165,1802.0101547556012,1777.3888329317492,0.0440949680402136,0.009979075310931,10.084710885689756
17.72,-0.0197362920936933,0.0115481450624769,1.552947860485424,-0.0666158094230608,-0.0018119120948428,0.0009326722773823,0.9977766188039756,0.0437446262980513,-0.4278038482240361,0.0483368220342104,-0.9131291356705312,-0.0061937357533145,-0.0366679276551293,1733.7375471090843,1668.8586657761696,1796.997536015783,1780.570190527095,0.0370553461859759,-0.0186998432014549,9.98014065498494
17.729999999999997,-0.0194797070763435,0.0073267599009918,1.553211858504512,-0.0714137742161154,-0.0019879294660117,0.000631588162151,0.9974445959977132,0.0431701378945336,-0.4140178066135682,0.0494163404091916,-0.7920586117669498,-0.0415959675727515,-0.0355010139660681,1720.300553611323,1660.717408650066,1793.21015929748,1789.1725320243197,0.0344538870166338,0.0610735281684262,10.195300892564502
17.740000000000002,-0.0192654785366208,0.0035292129689126,1.5535675801987892,-0.0754634988952027,-0.0021694820321139,0.0002947932977294,0.9971461611915866,0.0424699373887052,-0.4004980325440226,0.0510112690360839,-0.711266452131156,-0.058953662422792,-0.0295741517960148,1714.828650276868,1663.4262722444803,1780.8930526800295,1784.8295863264352,0.0574182029813314,0.1289054171760373,10.148583628245326
17.75,-0.019069965423709,0.0001104467561915,1.5540375636478143,-0.0789505636942045,-0.00234954970788,-6.040693369356131e-06,0.996875763609512,0.041375341686223,-0.3874981973813409,0.0531688847182023,-0.6692631209592024,-0.0441615735319346,-0.0231953267040245,1716.6325603566193,1673.229929141271,1764.5786722397183,1765.838283090845,0.105241314231159,0.1091629643686442,9.940029641258077
17.759999999999998,-0.0188666212208609,-0.0030334286235384,1.5546099774090818,-0.0820785318861649,-0.0025021100026324,-0.0002150792042498,0.996622700820066,0.0399418071597457,-0.3738440239009097,0.054246148531995,-0.6302079798475448,-0.0120823189356086,-0.0203566772345585,1720.70926345059,1680.7560367432593,1757.6122669821884,1748.2364699595737,0.0596634112646848,0.1119241052169179,9.822179394010664
17.770000000000003,-0.0186356451498984,-0.0060276702063306,1.555241447747748,-0.0849813346642302,-0.0026025600430678,-0.000314171212621,0.9963790948912756,0.0384935394726439,-0.3575522021839848,0.0529230752717041,-0.5544225600954164,0.0091201912480617,-0.0221951206903803,1724.0475901666746,1679.0720776762214,1762.8757108514153,1745.8312081055724,0.0596634112646848,0.1119241052169179,9.822179394010664
17.78,-0.0183714905621917,-0.0089740391733489,1.555873828154989,-0.0876694599879514,-0.0026427822146372,-0.0003232858465278,0.9961460620681328,0.0373485656522837,-0.3379027438788141,0.0498459213320458,-0.4318595326841269,0.0057208967076674,-0.0272901172156833,1725.6167898406802,1667.7058178216498,1769.13979668503,1755.7896739144508,0.0500740468961755,0.1063984192532339,9.874651653719631
17.79,-0.0180844400496459,-0.0119176225848748,1.5564537540392007,-0.0900421302935404,-0.0026331687977762,-0.0002833911001071,0.9959344360367144,0.0365862714328177,-0.3163809633215358,0.0465136699006267,-0.2896780777785671,-0.0103836794700175,-0.0328732462094842,1723.9747346008958,1652.1703012268197,1766.7814475035902,1764.1689431285668,0.009911209237446,0.0967033381316122,9.839825415546033
17.799999999999997,-0.0177954745749848,-0.0148399449997466,1.5569474256892513,-0.0919595833280144,-0.0025954413477501,-0.0002348876527935,0.9957593301326074,0.0359934264164865,-0.2952407298037753,0.0432843285402007,-0.1682903157222722,-0.0169000604398938,-0.0360282038260019,1718.8699414962489,1641.7024736075668,1758.2042980044196,1760.6198006490736,0.0721620696985278,0.0896581631908617,9.70720289813549
17.810000000000002,-0.0175269811513011,-0.0176791043894095,1.557347094173295,-0.093327977310406,-0.0025537682386621,-0.0002030951473116,0.9956321236638022,0.0352110864165503,-0.2756619549925904,0.0394910692550718,-0.0879464043824027,-0.004947870648869,-0.0351083344990384,1714.0371928946552,1644.120926266795,1750.5959333086794,1746.2053028716318,0.0566949829955843,0.1329642754109075,9.77768221596855
17.82,-0.0172936011446214,-0.0203642725834844,1.5576670746202788,-0.0941430192357372,-0.002528608156145,-0.0001948949244631,0.9955554530441488,0.034006866415398,-0.2576302091790972,0.0351207694735657,-0.0361681718831146,0.0137389940572084,-0.03055716281998,1714.4826787831698,1658.3056179769314,1746.1504954975253,1730.3184387649353,0.0394958784015025,0.1224472529326035,9.747308163895228
17.83,-0.0170974078555423,-0.022847628479703,1.5579305234701877,-0.0944738207231211,-0.0025331437837625,-0.0002039619941216,0.9955241025610838,0.032469439821215,-0.2408840722899129,0.0312778211312376,0.0142601569154306,0.021929245591658,-0.0244098823197658,1720.2789717465118,1672.32130081002,1743.5911913694058,1721.923632853555,0.0193060575815352,0.1094174478071152,9.719530559361193
17.839999999999996,-0.0169296323875682,-0.0251213007622574,1.5581541084721813,-0.0944117615078982,-0.0025699953441717,-0.0002191511208979,0.9955298922612484,0.0309423977127909,-0.2250795440767041,0.0289307454211582,0.0773970174411339,0.0160871544462962,-0.0192473452880752,1726.0749548383264,1672.8781010285425,1743.5127688653972,1722.2054812279723,0.0010879713217,0.0803898678257979,9.68795172890376
17.85,-0.0167776238094171,-0.0272146895282337,1.5583392668759506,-0.094024629398997,-0.0026271952558361,-0.0002313269203812,0.9955663781985232,0.0297405606176782,-0.2091629196076132,0.0279688217474042,0.1456002037264107,0.0090781804468623,-0.0172387708123458,1727.806625823563,1657.99853445075,1746.6016277187773,1724.9709993217737,0.0105390162121721,0.1758990966918419,9.734102084579776
17.86,-0.0166324537138575,-0.0291751160736312,1.5584731705860249,-0.0933400817616549,-0.0026757221997937,-0.0002364487829566,0.9956306613094086,0.0288983108266427,-0.1916165466485252,0.0276126856799715,0.2060059766968603,0.0151090158000931,-0.0189621571345733,1727.0239639208494,1639.389361206972,1749.5396218520657,1724.571687840834,0.0105390162121721,0.1758990966918419,9.734102084579776
17.869999999999997,-0.0164921407326179,-0.0310413966185799,1.558536204987121,-0.0923570662139971,-0.0026733011020705,-0.0002351858683135,0.9957223360300644,0.0281717613255824,-0.1719578897674045,0.0270786967206293,0.2588307234694216,0.0338105554336208,-0.022612457280348,1727.0727391467397,1632.0653817492478,1747.9543995008485,1721.8396048431068,0.0768293347510676,0.147680424175514,9.800286913235604
17.880000000000003,-0.0163587051080422,-0.0328236158565011,1.5585117166943243,-0.0910700418784981,-0.0025778348359537,-0.0002306861881298,0.995841126397022,0.0272822039140879,-0.1515380344666482,0.0255696276312215,0.315278113337954,0.049826218293471,-0.025199628736405,1727.716504133363,1641.129613993778,1742.7690944196963,1721.2589908876837,0.0728522062666949,0.1357441676748441,9.81407188138972
17.89,-0.0162319784089688,-0.0344993866132651,1.558395744041705,-0.0894908354435777,-0.0023678983226375,-0.0002262242104482,0.9959848052313603,0.0261759803996438,-0.1322873252807856,0.0222937875256024,0.3805958809226509,0.0479725186775904,-0.0252701659433484,1726.3544076981364,1657.699913192693,1739.5544790905933,1724.6904383587716,0.0442449290213642,0.0904240523240644,9.73171356201554
17.9,-0.0161055611119917,-0.0360273056063224,1.558204395805476,-0.0876578677608879,-0.0020600931303916,-0.0002237720456663,0.9961484849970812,0.0250758183321939,-0.1149230128610817,0.0172406179487609,0.4451781760846215,0.0287442406701767,-0.0240879844602938,1723.5014890024108,1668.3046836959002,1741.2710557360233,1729.6738000948048,0.0354109833545357,0.0824386266073051,9.768959066922177
17.909999999999997,-0.0159685542203752,-0.0373683661474847,1.557975033356891,-0.0856272309422877,-0.0017104139989734,-0.0002236980653543,0.9963257508286552,0.0242779534844989,-0.0987430377386186,0.0117570715470001,0.4938645508393215,0.0088925617685043,-0.0237843957976819,1723.5988310406858,1668.768180533844,1745.4717402707536,1732.6857309122,0.0646792363541627,0.0993448180300247,9.83796833800634
17.92,-0.0158122581031517,-0.0385026404891081,1.557759085413947,-0.0834475564477475,-0.0013946953491919,-0.0002252296597347,0.996511168737904,0.0238610906364887,-0.0828270921553554,0.0076908615452409,0.5212494233394733,0.0063417913509008,-0.0249514940914476,1729.014847298529,1667.3214276283943,1749.6350484058585,1732.9893559188604,0.0364881838750518,0.1483299081909679,9.755322714645253
17.93,-0.0156373349344724,-0.0394332630491622,1.5576094126030986,-0.0811323210146828,-0.0011777256337439,-0.0002271598985243,0.9967026175582576,0.0235823008615291,-0.066963529454791,0.0059655089147041,0.5365260875564446,0.0236356096132112,-0.0265647204671982,1735.827283003296,1673.582415357298,1754.672646045769,1733.425874239737,0.0263102248838787,0.1253379784497041,9.726520908286
17.939999999999998,-0.0154564118275522,-0.0401787326724896,1.5575676266054543,-0.0786501688848759,-0.0010885590143161,-0.0002284264984933,0.996901657032923,0.0230964543172325,-0.0515173241817202,0.0064281728564935,0.554939089659301,0.0455726676192585,-0.0275811346205288,1738.4137189403214,1686.8187447206813,1760.8941724441502,1737.0416263733446,0.0434501762615453,0.1234647733867704,9.797864703496137
17.950000000000003,-0.015290022281686,-0.0407614760542798,1.5576541235909505,-0.0759454866155731,-0.0011132380690032,-0.0002284399644209,0.9971113235636772,0.0222899871466885,-0.0368186467372836,0.0086884085213317,0.585030719266677,0.0533694236503585,-0.0276108563309799,1737.1139814397154,1696.8106633768311,1765.1594120578204,1742.7361392883374,0.0758479678326557,0.1387550312775551,9.941735208864236
17.96,-0.0151581481464041,-0.0412008851786446,1.5578618065440395,-0.0729820194349453,-0.0012033590492247,-0.0002272105493297,0.9973325048054746,0.0213582722758477,-0.0228384842759929,0.012149321269769,0.6220483858799082,0.0417101338993778,-0.026281257547024,1738.0072734906937,1695.444861130292,1765.3611285784646,1745.4027584079413,0.0815197823834115,0.0740549582284169,9.91027357262866
17.97,-0.0150722376913349,-0.0415133492372969,1.5581568600212383,-0.0697862924943065,-0.0012923369131633,-0.0002253496299041,0.9975611021199384,0.0205458511828708,-0.009311790457462,0.0153528383278611,0.6522941066900672,0.0222149342814387,-0.0233313267414843,1744.2736207646524,1685.597149277932,1763.8501040321134,1740.9457049524128,0.0473855969850553,0.0826487313198665,9.881118526184656
17.979999999999997,-0.0150316852682749,-0.0417156180587106,1.5584896002715516,-0.0664641086478396,-0.0013135533397971,-0.0002239410501625,0.9977879267107204,0.0198693424550729,0.0039251087470537,0.016516330718072,0.6651210592330631,0.0109828974100125,-0.0199705437151529,1750.5330196301754,1677.6381827532944,1762.7723513728556,1730.0627664185,0.0803771546852982,0.0838465810285007,9.9127627400213
17.990000000000002,-0.0150256548951045,-0.0418262350734817,1.5588109473204173,-0.0631738547598013,-0.0012188843388815,-0.0002242012148066,0.9980017675984202,0.0191399328419337,0.0166202674259154,0.0152532790621069,0.66244598074948,0.0140799407696928,-0.0190255753441182,1748.7256578373026,1678.2951869103183,1759.2935343069223,1717.2212675618955,0.0434127617130563,0.0941368963302691,9.939901156096562
18.0,-0.0150384185486926,-0.0418629083488907,1.5590838959154536,-0.0600623338153022,-0.0009957786858913,-0.0002268811610845,0.9981941058764106,0.0182263765029473,0.0280775775830869,0.0130702180669579,0.6569257452406734,0.0252371322050017,-0.022421238751669,1738.7427306441468,1685.1324911005463,1750.2320052475293,1708.1078731782727,0.0483211482536469,0.1237936414921883,9.918471873078914
18.009999999999998,-0.0150554076315051,-0.041837764933072,1.559283722255045,-0.0571932211766294,-0.0006762584665647,-0.0002315464522299,0.9983628721623056,0.0172390987492963,0.0376563124356446,0.0115896007085749,0.6605087896554696,0.0353812663110678,-0.0286858124760954,1729.309942904963,1692.0162407978785,1740.2242680209415,1707.8455017684748,0.0460965450526417,0.1052416940128593,9.88229351570148
18.020000000000003,-0.0150676554860301,-0.0417541123860636,1.5593912813561048,-0.0545090040856977,-0.0003288563334328,-0.000236124320823,0.9985131969946128,0.0164500597474437,0.0455009405530218,0.0107588381592585,0.674334550097377,0.0418095520006774,-0.0337388837583312,1726.9432666231144,1696.2503738357138,1739.4231607210563,1717.2936996207468,0.0576314353762485,0.0783459769873717,9.721184546218964
18.03,-0.0150734125618679,-0.0416070968524876,1.5593886689995853,-0.0518512389082043,-3.16571807419378e-05,-0.000237250212192,0.998654791073394,0.0160667777683733,0.0525876281201369,0.0094404868075406,0.688736137432101,0.0479828938438495,-0.0341614240019544,1726.5657796531366,1696.556129144356,1749.4975505800198,1727.8359014684036,0.0576314353762485,0.0783459769873717,9.721184546218964
18.04,-0.0150768264123568,-0.0413880188516899,1.5592614982551103,-0.0490267070764772,0.0001615375876995,-0.0002317695249266,0.99879742800116,0.0160878380704095,0.0597759778799341,0.0071226238226381,0.692268789294126,0.0563584294711351,-0.029592569181568,1715.2010204204205,1686.7261341355277,1755.1226038952202,1722.684429919219,0.0414010227050939,0.0312783632890424,9.80622579361749
18.05,-0.015084415130622,-0.0410900025283568,1.5590040473029103,-0.0458797885614402,0.0002425064612564,-0.000219156005767,0.9989469145869658,0.0163243523501825,0.0670123429794856,0.0034223390623397,0.6823666010368263,0.0628251323877568,-0.0225878788632091,1685.3213785814762,1659.3579490949132,1736.225801518489,1689.9885147611835,0.0323736561453985,0.1008339443094381,9.528399685055346
18.06,-0.0151005797389501,-0.0407124224073931,1.5586204966621402,-0.0423417479037677,0.0002455231341815,-0.0002037468262392,0.9991031351117238,0.0165133101443483,0.0737653308452004,-0.0045020028345507,0.6702663167515264,0.0582574213646948,-0.0166880108821754,1643.74559741312,1617.4291877119797,1689.5389616183093,1636.803441974945,0.0323736561453985,0.1008339443094381,9.528399685055346
18.07,-0.0151236425817975,-0.0402626110571569,1.5581178963317313,-0.0384554310645869,0.0002235841976571,-0.000195021156448,0.9992602723007116,0.0164339785975423,0.0799124668110887,-0.0219340800906435,0.675508130483282,0.0358984015899271,-0.0140878897818665,1603.7210602028474,1572.1663106471296,1630.0315054899202,1583.841779532012,0.0637952717259863,-0.0307185440706395,8.206457609130483
18.08,-0.0151438750526216,-0.0397545454308657,1.5574904127163087,-0.0343733485125677,0.0002180911456449,-0.0002042961531562,0.9994090171753344,0.0159879044069884,0.0856710405539167,-0.0515039942844942,0.7114775906556209,-0.0017052182194943,-0.01433695635968,1565.793025384009,1523.6281854861645,1567.8821040938844,1541.2845276501894,0.0847890615092935,0.0118838091012204,7.894916537002127
18.09,-0.015144617350087,-0.03920504781183,1.556698379113717,-0.0303051017402029,0.0002366947274251,-0.0002376456014169,0.9995406386479192,0.0152329812582409,0.0908452559536913,-0.0885143487468665,0.7733200612780986,-0.0427075843115613,-0.0152253333234839,1512.4952272400103,1455.3165986726897,1495.9463797096791,1495.472858465596,0.0647736174285755,0.0828501277993177,7.104662348831847
18.1,-0.0151067930003881,-0.0386292357642055,1.5556509938840783,-0.0264046846151781,0.0002483783570176,-0.0002873943727085,0.9996512633628988,0.0143818764208728,0.0947480602772531,-0.1242913194935193,0.8417376098581827,-0.0737361098702942,-0.0151139599148604,1429.502239075231,1360.7633996483478,1410.0968655985955,1426.9989963686794,0.0516756115637974,0.0911039853189687,6.502675396414041
18.11,-0.0150158829731944,-0.0380380186488869,1.5542057164481928,-0.0226504892104863,0.0001974126881515,-0.0003270828858201,0.9997433717627447,0.0137456642248728,0.0969927538653543,-0.1556830241135734,0.9009878033434172,-0.0886077472620241,-0.0141923310458261,1328.3244661477793,1265.8506823559635,1330.306952464327,1338.0718363576602,0.0474526171626572,0.04702803116234,6.011526640505672
18.12,-0.014869020734077,-0.0374395327457516,1.5521932011937445,-0.0188098640843904,3.0299140472428597e-05,-0.0003154139239905,0.9998230286451424,0.0135697536820707,0.0980147545199557,-0.1895765970813527,0.9516241981903156,-0.0900760108490888,-0.0135655120231495,1238.8821182200895,1205.619537653212,1282.6949296173034,1252.9804857803315,0.0474526171626572,0.04702803116234,6.011526640505672
18.130000000000003,-0.0146789705620924,-0.0368432671468772,1.549461831858915,-0.0145344517257595,-0.0002765233494472,-0.00021158766224,0.9998943086539348,0.0138311753447249,0.0986058022232998,-0.2365140418148421,1.0036323705977237,-0.0844665901814134,-0.0137720071049906,1179.666044347391,1180.4794810367923,1262.833529625249,1191.4269625816169,0.0730974069111408,-0.0386158401455878,4.842261476014354
18.14,-0.0144723144637205,-0.0362628028945299,1.5459209330744288,-0.0095363496491716,-0.0007022384436829,2.5188780273332937e-06,0.9999542814000008,0.0142111804699566,0.0990689688037531,-0.3010026919927702,1.0598175402133276,-0.076192501247928,-0.0143685297801596,1142.463090817478,1153.8045973980916,1235.196832967756,1149.3357539383733,0.0071564665690729,-0.0003888386461909,4.009427027630102
18.15,-0.0142816820890543,-0.0357136040801083,1.5415600903121045,-0.0037392263630109,-0.0011882864192669,0.0003054021985595,0.999992256415563,0.0143221352460568,0.0990284720857251,-0.3788130669893932,1.1096973658155689,-0.0671491163522525,-0.0144615613832587,1107.7393022889228,1096.8255732195223,1173.9957305164928,1108.7351916379475,0.0071564665690729,-0.0003888386461909,4.009427027630102
18.16,-0.0141351752101158,-0.0352063654195042,1.5364351735954669,0.0026753438242502,-0.0016627506771283,0.0006378405105157,0.9999948354642092,0.0139860929821681,0.0980531603096577,-0.4614622424778987,1.137955190620045,-0.0589817910447302,-0.0134730445239261,1067.3550626505116,1020.4040683026756,1090.8798255425293,1059.1008595919127,-0.0147066112327377,0.0652839684687187,3.628745206699834
18.17,-0.0140477840335499,-0.0347405327297092,1.5306292635794407,0.0093429678383457,-0.0020698871592344,0.0009272907318628,0.9999537812574232,0.013315019660046,0.0962702814723692,-0.5416871414986044,1.1346487957992046,-0.0537350204257229,-0.0117063774520529,1026.9536777843489,956.1381593393262,1015.6580379158734,1003.4251506560092,0.0646646479095656,-0.0526833465944208,3.2808480617673146
18.18,-0.0140181938692964,-0.0343028995898347,1.5242091081341418,0.0158515255906507,-0.0023907711297122,0.0011215064068235,0.9998708694492672,0.0125569813281468,0.0942648917463055,-0.616505356779756,1.097695367422815,-0.0523199253117305,-0.0103132875227747,992.5163879619416,919.758299994829,961.9978868358044,949.3630210364176,0.0169708413836041,0.0214960167170119,3.1003755527206764
18.19,-0.0140312898830248,-0.0338725453903085,1.5172000432951689,0.021875952454372,-0.0026474691476941,0.0012114077526399,0.9997564533938168,0.0118874307137557,0.0925017287522826,-0.6873100738125131,1.0294118659038922,-0.0537183780693914,-0.0107124170760515,963.4579290212672,902.3771018756612,921.7416027626748,901.9261702791788,0.0625826048710458,-0.0445210027200344,2.930216857842497
18.200000000000003,-0.0140643183843573,-0.0334292586512473,1.509591392761075,0.027238661914612,-0.00288446861113,0.0012282968177167,0.9996240425404244,0.0113412324819701,0.0909857025636273,-0.7572483269294453,0.9321550891307104,-0.0560652184821165,-0.0140826589711302,937.3242109036104,888.5652278117543,883.9983703193557,862.5707107776834,0.051827018676697,0.0160382324881913,2.552958043394709
18.21,-0.0140941149761024,-0.0329611021096159,1.501364427913227,0.0318868310237447,-0.0031394758524015,0.0012198628659847,0.9994858106212532,0.0108975185162353,0.0894255434086201,-0.8283910919170063,0.8062196173160894,-0.057590596666079,-0.0210567917583198,915.1011791669958,872.466595253344,847.492090838366,829.6543989185643,0.0579529945719865,-0.0276179130568728,2.451136156438177
18.22,-0.0141034907439307,-0.0324681021123192,1.4925202154359103,0.0358213572952944,-0.0034215612635306,0.0012200366269083,0.999351607188717,0.0105580680981423,0.0875793894042295,-0.9016283862843996,0.6511621277429852,-0.056097952567245,-0.0311175999270715,900.6352625531183,857.3211004846502,815.3874219553915,799.3052613350812,0.0706067927839093,-0.0519503548496337,2.337072771127114
18.23,-0.0140857732153943,-0.0319613231838935,1.4830861628984495,0.0390285294839605,-0.0037092976674214,0.0012289806547712,0.9992304562030144,0.0103162083420325,0.0854275653282202,-0.9782147741200058,0.4685090573951002,-0.0485564275341105,-0.0418929824458674,895.1433320204724,845.4995044446273,787.5568230264278,768.4209901919501,0.0828225604310583,-0.0430286083295772,2.2382199709699817
18.24,-0.0140470165561157,-0.0314582701415831,1.4730943836337556,0.0414487610614745,-0.0039640854422716,0.0012128651558664,0.999132030910424,0.0101052038902116,0.0831218114157464,-1.0591364709401023,0.2629995747735622,-0.0326274648543584,-0.049524266419324,893.0692723395321,834.4320526755967,763.0338639820973,738.1461868152402,0.0490628680095907,-0.0970022133870833,2.188212238719242
18.25,-0.0140054591341037,-0.0309763616229132,1.4625409666473494,0.0429902070774935,-0.0041433495670118,0.0011235746754651,0.9990662702392412,0.0098455116417463,0.0808499620145071,-1.141984725469582,0.0440326793560842,-0.0089777504245265,-0.0506936663324972,887.1820655408551,824.2581624254863,746.8285015995052,714.584902381813,0.0769634479293485,-0.089477418311964,1.924058698531584
18.26,-0.0139877587717896,-0.0305264973345696,1.4513466101242984,0.0435749409666393,-0.0042052579489506,0.0009289345801505,0.9990408787461514,0.0095266883505399,0.0787218524871841,-1.2204533502681034,-0.1699072809632903,0.0187672358348574,-0.0451026413224703,878.4730868027415,823.5719840752664,748.1761368451582,705.5663773807719,0.0442417006071733,-0.0667364740660889,2.068597223012884
18.270000000000003,-0.0140218664624165,-0.0301087525208636,1.4393450442421951,0.0431942476518262,-0.0041110739093873,0.0006372695801049,0.9990580313117884,0.0091656491098928,0.076680306708798,-1.2900307056887468,-0.3485891728296665,0.0473021778664574,-0.036270761027226,875.683365238408,839.554228388297,770.4984106891255,715.3200663234629,0.0824665170407622,-0.138964231192751,2.0227793730696817
18.28,-0.0141274273847734,-0.0297118602115743,1.4263214824053223,0.0419479298983609,-0.003835915301967,0.0003008030009427,0.9991123892979172,0.0086721450225003,0.0744693225618609,-1.3544183709176396,-0.4579795456917269,0.0763552165718034,-0.0295484348416405,883.0238066094862,864.2911050199599,806.7953709460953,741.5996045001791,0.063217547129967,-0.0954002683662079,2.264245262031153
18.29,-0.0143061830872038,-0.0293170192691631,1.4121003644690349,0.0400500133899077,-0.0033885188640892,-6.105885260575025e-06,0.9991919306770316,0.007858622076579,0.0717841018844617,-1.4231254558387747,-0.4783912152320669,0.1060264045517372,-0.0285186332104152,894.0777252329856,879.793724384682,847.6063754042111,779.3114502564742,0.063217547129967,-0.0954002683662079,2.264245262031153
18.3,-0.0145362173461123,-0.028904721697798,1.396644972331603,0.0377945449127272,-0.002826203928793,-0.0002211452017963,0.9992815099064888,0.0066894915963311,0.0685763908051454,-1.500899054511567,-0.4201989885126074,0.130311761912102,-0.0327386927950907,903.1238486829064,879.5497100677795,891.2146424908183,827.8648937325368,0.0873729695693182,-0.0710517153641407,2.135643409849232
18.31,-0.0147737786445917,-0.0284617564500525,1.3801107836342394,0.0354879852973821,-0.0022475319871673,-0.0003197458871205,0.9993675246184794,0.0054936093129872,0.0651885791295762,-1.5818616448102816,-0.3240404479160893,0.1358245663596005,-0.0388953998459824,919.61885557134,880.1761419077648,942.1822877073596,891.8380117648398,0.0292024086725442,-0.0810742968918605,2.658778797457813
18.32,-0.0149639455655183,-0.0279856015626309,1.362816857839377,0.0333715386640642,-0.0017577562697365,-0.0003193276507068,0.9994414183582452,0.0047960455015923,0.0620732907784235,-1.6560092923253371,-0.2429613062122272,0.1116488757053088,-0.0440895351209511,963.1091917587528,906.8214754481209,1000.705603158485,970.5889600232098,0.0548847238769435,-0.0783420328445049,3.0367298775285803
18.33,-0.0150574012377374,-0.0274850169048132,1.3451496085271415,0.0315685306479728,-0.0014221396691208,-0.0002646580799177,0.9995005429451204,0.0048568076115862,0.0593432069695481,-1.719255944598509,-0.215430174304613,0.0629039035820405,-0.0477011953163304,1040.5192190571993,967.8324902451178,1059.8628909612903,1050.876868174444,0.0227753217268155,-0.0299721444379849,2.93961013935148
18.34,-0.0150274934570203,-0.0269774400135112,1.3274455258602047,0.0300806735908304,-0.0012339719689344,-0.0002060923541553,0.9995466912132936,0.0054064763701741,0.056641002743985,-1.7747837722123734,-0.2445176955145172,0.0127978954806225,-0.0497729514899382,1134.9652519664464,1049.2404767764726,1117.1974801950498,1117.928577693825,0.0324985948522376,-0.0419113772729561,3.964810945541757
18.35,-0.0148813662857079,-0.0264847055035172,1.309894679177555,0.0288259452360963,-0.0011180108720297,-0.0001811549920372,0.9995838044485338,0.0058858048627593,0.0534949917773918,-1.8263166325542797,-0.2976440096872774,-0.0120961390893049,-0.0479745178049824,1222.4050579256318,1134.512237370345,1182.960869744412,1173.3557414288853,0.1171040770357541,-0.0906588860069838,4.236241421074769
18.36,-0.01466084407177,-0.0260286420360174,1.292487800741056,0.02768781743747,-0.0009694309187228,-0.0002037559218335,0.9996161280475456,0.0059412176037252,0.0498096311666411,-1.8730155210919093,-0.3311953256868706,-0.0002596625490651,-0.0379342983937708,1294.2007235398826,1219.819969417316,1268.5157608974505,1233.586782070956,0.1426414782800718,-0.0383052974056722,4.374413657733427
18.37,-0.0144317492771253,-0.0256276463957259,1.275020233840473,0.0265497171030048,-0.0007070173159734,-0.0002608537274394,0.9996472100714324,0.005664852460825,0.0459529571700793,-1.9110053770277944,-0.3255764091130094,0.0395717196270951,-0.0183269699739558,1358.3039813249216,1305.69835970242,1368.5163813343866,1308.906588032972,0.1450986274618602,-0.0088855105965633,5.25033193542181
18.380000000000003,-0.0142640518651844,-0.0252946009592616,1.2571629018179262,0.0253109056757705,-0.0003116172344754,-0.0003157793098269,0.9996795292652536,0.0053701442979976,0.0422807867318136,-1.9380195845345456,-0.3002946986622645,0.0868729544665583,0.0050549552815473,1424.31723237297,1386.3517760768902,1462.2053545313508,1391.0143902625862,0.1335565947348166,-0.0003215561640312,6.088614700299607
18.39,-0.0142090498941295,-0.0250357520342229,1.2385967512229246,0.0238978335953164,0.0001689009660783,-0.0003187415136865,0.9997143409123236,0.0052041313377547,0.0386230689557443,-1.955662794376949,-0.2893152142892212,0.118796402591475,0.0222966463601746,1494.0321018291595,1455.8925317907172,1532.6893944634076,1463.8926361708836,0.0346284914073625,0.0536079854813363,7.542877154479945
18.4,-0.0142817705947257,-0.0248500696847237,1.2191751349325088,0.0222829903277441,0.0006474404121276,-0.0002246722645409,0.9997514684587064,0.0050477343435215,0.0344435856951849,-1.9675803666773808,-0.2996209778144868,0.1166909175465888,0.0267679932865666,1563.5254367381074,1515.3945412819023,1581.388676084487,1522.7715167284662,0.0346284914073625,0.0536079854813363,7.542877154479945
18.41,-0.0144553918012498,-0.0247294409307507,1.1990428380717402,0.0205041407762877,0.001042362778499,-1.4439475133774635e-05,0.9997892245280332,0.0047800407742656,0.0295741200956171,-1.97589256853473,-0.3041387416428062,0.0775618617662077,0.0191003158559071,1629.098589732519,1567.010608522511,1624.8306204425598,1578.7869870684203,0.0319177443144076,0.0545610322625367,8.213945058706951
18.42,-0.0146701602360843,-0.0246607200455871,1.1786360751051894,0.018661712820443,0.0013180554524544,0.0002904624607971,0.9998249440957104,0.0045346104458644,0.0245592606459061,-1.9795164339573816,-0.2825008287583797,0.0270981933483259,0.0051075984887615,1689.5096127800546,1609.87782922014,1678.1853910888449,1642.6681250377485,0.0771814490470302,-0.0713687688659099,9.085018495240035
18.43,-0.014853808291558,-0.0246299023670733,1.158538965947483,0.0168817253074934,0.0015021599967837,0.0006310173795539,0.9998561659974164,0.0046036874445783,0.0201055180558233,-1.9760195796063549,-0.256501062925638,0.0115324605298784,-0.0083033729011493,1742.69337714861,1646.9381801428897,1739.6642924770986,1704.9436133421873,0.080799975429403,-0.0002000477539054,9.488590175576745
18.44,-0.0149459204361383,-0.0246269880446163,1.1392521516119227,0.0152598972861237,0.0016686804305937,0.0009341730516283,0.9998817321869358,0.005107085746275,0.0163809045128968,-1.9651362884991168,-0.2684888105456867,0.0585332488109693,-0.0157857484623474,1784.077193942255,1687.7436782234415,1792.6962483757902,1742.0314639963058,0.0346887182299195,0.0664350273967726,10.37984017199024
18.450000000000003,-0.0149171321947691,-0.0246491310749801,1.1209794386640826,0.0138200853415867,0.0018933472336502,0.0011446151950407,0.9999020503696646,0.0058410188055929,0.0130642517195555,-1.950286492032791,-0.3271563899637814,0.1407663755494528,-0.0152742812570312,1812.7452007710983,1736.9758755197608,1824.8464602347683,1748.787934663934,0.0674198663935173,0.0616406598761651,10.84356040361124
18.46,-0.0147763675189618,-0.0247002814928899,1.1035303506204812,0.0125103414117818,0.0022064193236969,0.0012455803540367,0.999918532482077,0.0064863766278293,0.0099095340404591,-1.9361345692729848,-0.3890603504742957,0.1903668302236102,-0.0091152723468731,1836.1772079481632,1782.0185418200467,1838.98441408928,1754.0984565498354,0.0126985293432993,-0.0619027612515341,10.887148736542636
18.47,-0.0145643408169429,-0.02478728079771,1.086387043382904,0.0112352968063251,0.0025735926188591,0.0012577659179465,0.9999327791164772,0.0069223953246255,0.0069734582482457,-1.9241207625814,-0.3985722773881978,0.1622345292204961,-0.002492753016256,1862.066336877804,1799.8350261485414,1844.837733311794,1789.9740844335263,-0.0508216568628065,-0.137618091757392,11.255005539586143
18.48,-0.0143369765569541,-0.0249143104230984,1.0689162166148358,0.0099040282640464,0.0029195408780715,0.0012210700100255,0.9999459462857164,0.0073008329767032,0.004349378912184,-1.910667258902515,-0.3429747015938247,0.082290434818703,0.0009896976223857,1886.7617071898355,1782.6487725643456,1849.024767812377,1850.020021499831,-0.0508216568628065,-0.137618091757392,11.255005539586143
18.49,-0.0141460436717119,-0.0250787458683053,1.0506368978795366,0.0084664286156332,0.003179103567283,0.001173040675504,0.99995841756674,0.0078348687110253,0.0019635483988909,-1.8907421425339643,-0.2682931898258352,0.024220194768413,0.0020331606472021,1898.788436734188,1754.0789353490118,1856.295480166813,1893.0464735202845,0.0366328700348051,-0.0979945937262202,11.58896686717731
18.5,-0.0140244793540025,-0.0252709622575695,1.0314170955217408,0.0069208469737418,0.003339940402294,0.0011358676390496,0.9999698277848096,0.0085641352802678,-0.0003037889044433,-1.863330575874232,-0.239288204152726,0.0342184890466937,0.0030158190026115,1895.02590367378,1750.6667017593684,1870.6126938691627,1889.6477341590055,0.1552864383803324,-0.0520749813905302,11.561048888161851
18.51,-0.0139805392782739,-0.0254782689646971,1.011507239061627,0.0052983961408852,0.0034467156337996,0.0011156269943533,0.9999794010508836,0.0093469332132772,-0.002457321540673,-1.83257469518368,-0.2758591050005047,0.0840191739093421,0.0032644357959611,1888.1046739322076,1784.4362057677567,1889.7372321560576,1855.674240362036,0.0895758798392482,0.0494436570478393,11.788306646106085
18.520000000000003,-0.0140003682917997,-0.0256903068541576,0.991415509251747,0.0036461221373541,0.0035676899610957,0.0011099523207529,0.9999863726009204,0.0100405407474594,-0.0043878413321085,-1.8036269254901416,-0.3266946139993482,0.1056781752504842,-0.0012751194231873,1893.927419690492,1829.5324022086572,1905.688237880721,1834.9574668970224,0.0234837711683019,-0.0192238452689882,11.932446302932387
18.53,-0.0140556592090855,-0.0259023891069684,0.9717144259957504,0.002022251353413,0.0037528687471679,0.0011168399120341,0.9999902895249738,0.0106304720196072,-0.005944980612706,-1.7785054997146623,-0.3168978801229116,0.0695119857604039,-0.0132938444543052,1913.59383089204,1849.8719924755385,1915.3392169651,1853.5926086772497,-0.027530174535129,-0.1285769948224602,11.86985075398981
18.54,-0.0141127261705177,-0.0261153428206189,0.9528773925979648,0.0004929005202711,0.0040126649297295,0.0011382485344471,0.9999911799408596,0.0112052740298131,-0.0070234906820763,-1.755831437919921,-0.2316038476687179,0.0146223013973289,-0.0305906903333606,1932.503034860248,1837.077129937472,1924.9828755985116,1896.2585486900648,0.0186894557407154,-0.2354086249431304,11.91445821091528
18.55,-0.0141406073700834,-0.0263332652985452,0.9351920913877556,-0.0008857643419062,0.0043217226046175,0.0011761388527736,0.9999895773620135,0.0118959967933112,-0.0076530329551621,-1.7328994176159738,-0.1445894591533607,-0.0023637018837752,-0.0481817782761817,1939.1119482762704,1817.2560494446464,1939.413652068269,1926.257735492085,0.1030988088142386,-0.1878499191976032,12.028464878760657
18.56,-0.0141172664349153,-0.0265613430209273,0.918740712260552,-0.0020943184201681,0.0046332773433222,0.0012236421217392,0.9999863245421772,0.0128569060184524,-0.0079797135927015,-1.707490967775493,-0.146180046760538,0.0242967478198458,-0.0627857377841421,1939.7846355178372,1821.0609421108568,1951.716566858392,1924.9134667846372,0.1092921262778097,-0.111279265608138,12.067254960109173
18.57,-0.0140336344603137,-0.0268043393814862,0.9034124710584516,-0.0031611057698915,0.0048922719621134,0.001257858178416,0.9999822452814666,0.0141905856587814,-0.0081177111484747,-1.6793259935025846,-0.239784048678071,0.0465428649023614,-0.0740799409954774,1949.4538514905007,1851.542433895121,1952.2678048651203,1910.3441357068696,0.1617773980968545,0.0353224652252783,12.107094999751816
18.58,-0.0138950039103933,-0.0270650184031157,0.8889253813228117,-0.0041430989937039,0.0050478856986088,0.0012413914591331,0.9999779060199018,0.0157958917968421,-0.0080529549654749,-1.6509142876551457,-0.328151775140768,0.0235315801848419,-0.0825970437240826,1969.9841498534963,1884.763684014843,1946.869695728696,1918.0013323958935,0.0880819410422025,0.0548038110396134,12.405123348441876
18.59,-0.0137188217233133,-0.0273421767981818,0.874863333051051,-0.0050924988051445,0.0050677299946087,0.001136006661816,0.9999735466788536,0.0173519228027075,-0.0076964510291261,-1.625562821272427,-0.3158058996353273,-0.0315976900872414,-0.0883293554204392,1986.187805260855,1899.0887460555275,1955.5351465137248,1962.4454139481716,0.047619937605583,-0.1258795024798504,12.553878917231035
18.6,-0.0135283567068387,-0.0276289269505255,0.8607529062566263,-0.0060390259324997,0.004946263236262,0.0009240850011248,0.9999691048790932,0.0185765028637632,-0.0069678410386602,-1.6025551125204678,-0.213332782452288,-0.072170855607092,-0.0911502572928568,1985.832051135612,1897.4462423383168,1987.7411794207628,2020.519021505717,0.1557655761000507,-0.2038211959758736,12.706452940198266
18.61,-0.0133436687485575,-0.0279120069309513,0.8461895906685598,-0.0069975737250531,0.0046982378213778,0.0006255980394101,0.999964283937396,0.0195101051608714,-0.0058308097968239,-1.5750547170559968,-0.1214308277944658,-0.0741207151624044,-0.0904231897540849,1976.466215866501,1900.440789925104,2027.5117917451064,2056.0720954092885,0.1557655761000507,-0.2038211959758736,12.706452940198266
18.62,-0.0131737079627721,-0.0281727448186287,0.8309779808889615,-0.0079812060729401,0.0043419359656985,0.0002968590721167,0.9999586790544808,0.0204542276964168,-0.0043350789450161,-1.535457071515193,-0.1149807875523114,-0.0614601893941191,-0.083664541902535,1976.4855469174413,1924.007981017764,2052.7896084228346,2059.344787072248,0.0807776480104725,0.1285562662288702,13.59240941607099
18.630000000000003,-0.0130137791235375,-0.0283905118551818,0.8152126842430052,-0.0089961393782207,0.0038890350952078,7.332063204285472e-06,0.9999519712608984,0.0215986843657746,-0.002636537768721,-1.4834490660576694,-0.1643049858920346,-0.0772134605701538,-0.0678176378685535,1992.9965830666813,1966.0613452604416,2063.5598034468544,2055.271197267963,0.0787767800713188,0.1199283492034209,13.71028882723041
18.64,-0.0128498235722004,-0.0285489461863327,0.7992433169211051,-0.0100199520140855,0.0033514303549797,-0.0001928145673892,0.9999441640905524,0.0227908199319003,-0.0008901457113214,-1.4269332796898546,-0.1813898743140198,-0.1326474167281703,-0.0436761482483628,2014.9838148227743,2010.3760759086783,2078.9065608974465,2072.1286519290666,0.061643614776539,-0.1490587255076604,13.777169152522127
18.65,-0.012666847291736,-0.0286431826216853,0.7835378037964535,-0.0109868264715924,0.0027580599449443,-0.000293433043062,0.9999357962621764,0.0237374816486857,0.0009076479807878,-1.374397244393037,-0.1277648529484194,-0.1857474167704681,-0.0182852009357107,2028.7171010381096,2042.2991850316,2110.261053161209,2108.75060970134,0.0710032445482309,-0.1744071155093308,13.890026923423273
18.66,-0.0124566061651085,-0.0286845213192029,0.7685210983112039,-0.0118003761871236,0.002164495001884,-0.0003208446587509,0.9999279789774532,0.0243637432096019,0.0029180252667912,-1.327862828045738,-0.0520192977732514,-0.1760339254386066,-0.0011245271767174,2034.497015681977,2063.6645985938585,2150.825578246792,2137.3758799902976,0.0450659624366911,-0.0630272340290614,14.308772167551634
18.67,-0.0122208960134762,-0.0286995013217025,0.7544669002252176,-0.0123705982080535,0.0016408298588831,-0.0003145737974067,0.9999220854750008,0.0248476456373814,0.0052940709219388,-1.2834260799059534,-0.0190447753193358,-0.0912739229215937,0.0032947978772389,2044.422234236624,2089.108108729966,2189.1200508185093,2136.9962813305733,0.0714156295156108,0.0826736301973641,14.548841405927512
18.68,-0.01197003530232,-0.0287229008481835,0.7414709267641372,-0.0126515653953083,0.0012375607652197,-0.00030023413952,0.9999191548299604,0.0253149299189554,0.0080515162107316,-1.236298873887456,-0.0281770466578028,0.0035597337518403,-0.0001415722028394,2066.857508436646,2122.690118187237,2218.8060030911097,2119.270522287549,0.1015239274234676,0.0275994719441396,14.59538141938774
18.69,-0.0117184549088448,-0.0287868762678068,0.7294858618676052,-0.0126587855913679,0.0009502708591236,-0.0002740001635151,0.9999193852789116,0.0256618521613511,0.0110566332912477,-1.18388661221131,-0.0237390779739449,0.0224525457981891,3.9266316798819206e-05,2098.3728738771306,2145.8278244066905,2235.503246429208,2117.2470193993627,-0.0195124127462935,0.0113394052522978,14.893090698029653
18.700000000000003,-0.0114794593319606,-0.0289100561044933,0.7183799960951179,-0.0124631182323939,0.0007150398137447,-0.0002055785564373,0.9999220555320536,0.02576396621101,0.0140470056716113,-1.12576666755481,0.0223095658504924,-0.0490737043042484,0.0129328458201184,2129.533329969627,2140.913122901322,2238.140123110452,2147.0232107212764,-0.1154497320519234,-0.0127592472957173,15.13235139088032
18.71,-0.0112606397142202,-0.0290906747812038,0.7079914821903512,-0.012170935332147,0.0004472370781271,-5.592062405476736e-05,0.999925829841904,0.0257292868475034,0.0166978214348499,-1.063334123485954,0.0676100164784198,-0.1330240811486929,0.03698302186358,2153.4049856038027,2122.062821979407,2236.208670092786,2185.69664902842,-0.0737722530571126,-0.0085789882205729,15.25459096376366
18.72,-0.0110614567352713,-0.0293065787657616,0.6981698441018157,-0.0118983576315469,9.67350387219214e-05,0.0002020860046545,0.9999291869373804,0.0257765924365818,0.018821007008084,-0.9996715960014796,0.0532045121502203,-0.1427164161197453,0.0610003997019292,2168.8744018608845,2123.914946244084,2244.5277075041263,2195.659177565175,0.0736753904613129,0.0720494140139106,15.527593123690504
18.73,-0.0108742280068257,-0.0295221290452173,0.6888072487685303,-0.0117412337386025,-0.0003256648894626,0.0005727256438809,0.999930852288303,0.0258943824788576,0.0205799623200049,-0.937883296051933,-0.0165705990233512,-0.0762008389241251,0.0748595300489168,2179.879586492368,2155.750332616198,2266.91701081886,2169.977740787548,0.1541497915120672,0.1145997293704232,15.780014140675068
18.74,-0.0106880367778382,-0.0296988321804962,0.679859073327929,-0.011745796617564,-0.0007690595856163,0.0010413108481313,0.9999301778028756,0.0257903477810487,0.0224589966104147,-0.8784623625504432,-0.0727369953225166,-0.0113566670973733,0.0786266875917897,2191.331135535785,2183.9274440656536,2292.268470996489,2141.8166523700456,0.0199449695887766,0.065882638713422,15.8034387185892
18.75,-0.010493245277151,-0.0298051814211095,0.6713474652984966,-0.0118945481697321,-0.0011853771017481,0.0015865547356443,0.9999272960815878,0.0252381253735764,0.02494429617709,-0.8190355908335406,-0.0622550376435796,-0.0142558042158269,0.080121870750045,2203.823061586059,2171.9678503326104,2308.771828799213,2143.580987181793,-0.0614815534205816,-0.0626953819327961,15.860916095351278
18.76,-0.0102845268202972,-0.029822683464553,0.6633443374505408,-0.0121203241654321,-0.001554865925781,0.0021909531518172,0.999922936959826,0.0243706117684117,0.0281745301230789,-0.7575588213762104,-0.0090361226733439,-0.0698096265019378,0.0851503874897623,2213.6320908458592,2127.4859203983724,2315.6268271042563,2167.7832998048657,-0.0274853742735102,-0.0139024136041973,15.95892819750741
18.770000000000003,-0.0100623409475521,-0.0297477549563744,0.6559399343700695,-0.0123426488481125,-0.0018792120364283,0.0028439129492102,0.9999180165096896,0.0235422242646459,0.0318441759407498,-0.6951735998800939,0.0199399305092577,-0.1075034861795478,0.0927284962744276,2217.821118436524,2093.521010553778,2319.3891102115167,2178.796763709221,0.0717426386087929,0.0453446268073776,15.865951912026118
18.78,-0.0098338969539358,-0.0295906710683493,0.6492097719867256,-0.0125028873748813,-0.0021597016442969,0.0035389179510859,0.9999132410143562,0.0229289732889989,0.0354245049281002,-0.6347429953114176,-0.0026121378939048,-0.0835142033864127,0.0993172522870386,2216.186047552225,2095.918170554076,2325.055513944776,2157.348457864963,0.1672935946968375,0.1017341702474012,15.760644274517382
18.79,-0.0096134212201466,-0.0293724218369786,0.6431912643349172,-0.0125776875928855,-0.0023858950142119,0.0042676669410444,0.9999089440037412,0.0223219651397637,0.0385363549960202,-0.57678855772528,-0.0364358957290607,-0.0245031871638354,0.1040305026463179,2209.53478786836,2115.0560881695783,2332.955006871221,2121.3862665235765,0.1172498384308945,0.0878454757332771,15.780612414728436
18.8,-0.0094198448786497,-0.029119573545119,0.6378757275121437,-0.0125689738612124,-0.0025428918813366,0.0050134949922294,0.999905205239436,0.0213300667556531,0.0411988281833765,-0.5184043617945104,-0.028226160152289,0.0100871435937079,0.1075683432491758,2200.8637653099568,2114.1673370051262,2339.748416304149,2102.1854038235924,0.0368880875811715,-0.0854790243756384,15.834219330345478
18.81,-0.0092706942314752,-0.0288575734680501,0.6332164907529207,-0.0124840153484803,-0.0026257444496697,0.0057472377795995,0.9999021072508892,0.0197978891765873,0.0437360397431391,-0.4570032003381523,0.0265208484437718,-0.0024194566952823,0.1084355089473864,2196.975542204954,2083.029587455267,2340.2435359516267,2108.837783895097,-0.042340592144615,-0.0273948734795281,15.654887103114602
18.82,-0.0091740022792535,-0.0286041873413953,0.6291482758054185,-0.0123203291741441,-0.0026464623493289,0.0064298408225038,0.999899926429176,0.0180436895292325,0.0463899910336938,-0.3946012172862853,0.0865437679603854,-0.0267036338054665,0.1038030405429231,2203.2255406871645,2044.2764286686825,2331.148617626033,2121.2434111159278,0.0022851447468735,0.0824590066830822,15.55005652872138
18.83,-0.0091224936018056,-0.0283652257547114,0.6256062272419964,-0.0120614087111887,-0.002629359832308,0.0070242131819952,0.9998991295705522,0.0166464138818366,0.0490217513897786,-0.3376155575098435,0.1166610466206767,-0.0160388514063085,0.0940320201415753,2215.5943498411957,2022.7105308098096,2314.7554158044068,2114.17401737609,0.0588504795021554,0.0683200829003785,15.513430667116635
18.84,-0.0090937200210316,-0.0281336684291108,0.6225324145324618,-0.0116807002594116,-0.0026003234958966,0.0075129970512288,0.999900172234446,0.0159228192377923,0.0512707327513888,-0.2915899838306222,0.1204293922641727,0.031689289651258,0.0834119970126856,2221.709012954333,2018.198455905611,2297.675029140575,2083.4271864143307,0.0616154525461365,0.0777950930849262,15.221461196468608
18.85,-0.0090568431765481,-0.0278921135127448,0.619868969604581,-0.0111497839737484,-0.002577645878284,0.0079119866022668,0.9999032145798264,0.0156204767703002,0.0530242180355667,-0.2551229345548216,0.1230266653837906,0.0730868984206946,0.0754308293427794,2212.4220187443066,2010.268406764642,2285.3478427022933,2048.186172013825,0.0090336459329998,0.0984768520141099,14.877074178041818
18.86,-0.0089836038935505,-0.0276182243733297,0.6175509072392669,-0.0104495150942443,-0.0025685626225823,0.0082673679109359,0.9999079261352888,0.0151899799278235,0.0546144758343663,-0.219313939615807,0.1367808313075184,0.0699554277104696,0.069464240435045,2191.505767650008,1984.713113870857,2277.866090777783,2028.992033572118,0.0090336459329998,0.0984768520141099,14.877074178041818
18.87,-0.0088591439598725,-0.0272924353904673,0.6155121502089745,-0.0095817320118885,-0.0025712571522889,0.0086337718726467,0.9999135147759332,0.014331463128156,0.0564649584399971,-0.1751635664731502,0.1534298481282102,0.0289647229487818,0.0634537832426493,2171.276641386393,1949.9975367059683,2269.921680177167,2024.1346478190967,-0.0375260172018181,0.1158756613932722,14.61556074344155
18.880000000000003,-0.0086881207880405,-0.0269056770230226,0.6137044943029466,-0.0085746148840292,-0.0025795859632202,0.0090446793572811,0.9999190044654482,0.0131911643466191,0.0586124116052162,-0.1225473597987305,0.1653516502867969,-0.0130261653003858,0.0577096441522444,2158.73298865898,1924.7934690834963,2254.251039472575,2010.758259033548,0.0602101953369957,0.1631188662367451,14.34472608954089
18.89,-0.0084931572780134,-0.0264637334837022,0.6121171886179458,-0.0074769791898574,-0.0025875632337941,0.0094937645301106,0.9999236309507604,0.012073685212613,0.0606777773082087,-0.0708954640400082,0.1799096446498251,-0.0318059068954419,0.0535590937430624,2149.4789160236974,1913.8402919684168,2227.3016470719067,1972.132755939417,0.0226645209913806,0.0967963165404572,14.056221339630808
18.9,-0.0083060116161517,-0.0259858652484975,0.6107848840066737,-0.0063464402633691,-0.0025918685242668,0.0099385930255179,0.9999271119847734,0.0111088945975012,0.0622665851740433,-0.0303038087824647,0.2041478935784165,-0.031975411152145,0.049317795038762,2135.568791064553,1903.6727588056935,2192.9582324554767,1918.777688978705,-0.0342611747467659,0.1187267023319418,13.632741088209604
18.91,-0.0081555434553414,-0.0254980048907685,0.6097775655538736,-0.0052399434187242,-0.0025921571241384,0.010324386277317,0.9999296129040328,0.0102177580492786,0.0632891570091957,-0.0025373789493469,0.223770760521976,-0.0268593125132953,0.0407002080785856,2114.67890696762,1882.0824965982288,2158.8061815411197,1874.7184849487865,-0.1073954867964839,0.1430914547258063,13.316634049229563
18.92,-0.0080581048690085,-0.0250232199304078,0.6091713084034698,-0.004207063402331,-0.0025899638955381,0.0106151216838227,0.9999314535987884,0.0092782648640874,0.0638929212538649,0.0190665050287775,0.2133659152088136,-0.01995918103896,0.0261095387478932,2089.9839450090026,1853.386838797012,2128.0170470924686,1847.5467655684283,-0.097702526697558,0.1383883920581258,13.006897970128025
18.93,-0.0080141636079287,-0.0245731325514548,0.6090080763415445,-0.0032801365859765,-0.0025872579088497,0.0108148526900185,0.9999327906223416,0.0082491797304838,0.0641942240653323,0.0418298485242991,0.1701368401098807,-0.0094762524929691,0.0101434093651795,2064.3730535420123,1829.543279617624,2097.5811069825963,1823.9914228625107,-0.0104744360815436,0.1261961743929522,12.638847545874478
18.94,-0.0080113297274939,-0.0241436844721987,0.6092657435438967,-0.0024616322449543,-0.002585413248091,0.0109659851395027,0.9999334993763072,0.0071777876781402,0.0641517472880088,0.066807924552711,0.1255376781946988,0.002328461181075,0.0009719240619588,2036.411191014614,1811.6679790990188,2064.6287448353964,1792.2972600182816,-0.0287267442256645,0.061912691880428,12.163756515519797
18.950000000000003,-0.0080311468236823,-0.0237173097576852,0.6098598014513751,-0.0017190623074599,-0.0025848643147088,0.0111250791631671,0.9999332957327058,0.0061520676938012,0.0636874971381483,0.0892053860893756,0.1158908293963653,0.0113018315208537,0.0039188468225016,2001.3838487297703,1788.1289844362009,2030.0006105089092,1755.024669559663,-0.0838244331955792,0.0188998163128672,11.695834403643154
18.96,-0.0080562582056682,-0.0232712521451557,0.6106771294866645,-0.0009966812510606,-0.0025853087323384,0.0113327217177474,0.9999319437960316,0.0052473151944273,0.0628766850663003,0.104092035039944,0.1456287948789901,0.0162597930128466,0.0166524234955067,1956.815959275096,1750.1218927982975,1994.0280098439607,1718.7712455021258,-0.0704281511410813,-0.002466312864682,11.320753041601415
18.97,-0.0080754001675019,-0.0227888232559567,0.6116181790414988,-0.0002415815522231,-0.0025861428920877,0.0115980377887384,0.999929367016864,0.004484563273945,0.0619658907422457,0.1105802911520249,0.1843952462788033,0.0172315600178471,0.030302168195608,1906.5431957045305,1702.40354128689,1953.3319929155612,1683.1514864797473,-0.0315808059464464,0.1131181511424635,10.971271710821762
18.98,-0.0080851129489991,-0.0222682886302412,0.6126211068088727,0.0005692870384156,-0.002586846240102,0.011905249685235,0.9999256218183082,0.0038265078290236,0.0611851470053351,0.1112113211840988,0.1991756731707888,0.0132318340021864,0.0366166113877076,1857.3327426769088,1656.3176013993088,1904.7486767753696,1643.9306131421015,-0.0425035506376295,0.112913151468793,10.441322985355283
18.99,-0.0080883628332235,-0.021724565213634,0.6136589820419989,0.0014173208083022,-0.0025871703983488,0.012230724186945,0.9999208504361328,0.0032165158982801,0.0605617256713145,0.1091732461223084,0.1866762875240214,0.0050672638374955,0.0352931857741204,1811.631949533936,1616.113582374484,1850.0591998387345,1600.5319279410044,-0.0076908308728569,0.0633007286677239,9.813188311908146
