t,x,y,z,qx,qy,qz,qw,vx,vy,vz,wx,wy,wz,m1_rads,m2_rads,m3_rads,m4_rads,ax_body,ay_body,az_body
1.9680647827798707e-15,0.0433041024728004,0.0058428129703769,0.5783582481807112,-0.0044953372564006,-0.0022669451126205,-0.0009679262616888,0.9999868579244228,-0.0074286823843324,0.0086906106003449,-0.0033137919151053,0.0293011445181286,-0.0122710524256818,-0.0150988153829214,1684.2567916559096,1710.385721254116,1710.4097986856725,1661.577449435268,0.09468500972814,-0.0627938330076224,9.67776618644866
0.0099999999999999,0.0433302664284202,0.0058436314324001,0.5791750292932845,-0.0046802648999715,-0.002175695861981,-0.0009711020681846,0.9999862091192836,-0.0079304251385379,0.0093233836943452,0.0034394771760334,0.0577581641458765,-0.1110544815078608,-0.0049377894676639,1721.3502041602928,1655.266445856534,1693.5720952632798,1745.8362648663367,0.0837586452916342,-0.1262607673580159,9.767446523225257
0.0199999999999979,0.0433429845775781,0.0058423123211656,0.579871679032162,-0.004690742871501,-0.0028233849830283,-0.0009917173259244,0.999984520842846,-0.0081403379160767,0.0098653113899349,0.0057136632465473,0.1103112789980011,-0.3073128069036586,0.000892348971342,1734.8723832641335,1644.2558365647276,1696.679679379904,1777.9280192871747,0.186221766624506,-0.1113844898406254,9.919249043408389
0.0300000000000031,0.043334118237017,0.0058382759092736,0.5803602268633166,-0.004403379690391,-0.0044401207718632,-0.001029082188645,0.9999799180806996,-0.0079935311665329,0.0102564225449254,0.0032471383912063,0.1786293306842261,-0.5241743549737243,0.0047022790468019,1708.8553701003098,1701.9572857455887,1740.5066425739165,1737.383329781267,0.1893683075957916,-0.092581455179541,9.953345160012043
0.0400000000000011,0.0433050024148319,0.0058319535463138,0.5806068352663168,-0.003790620932926,-0.0065488011000373,-0.0010590280142248,0.9999708110023812,-0.0077827405619159,0.0104971440030414,6.97174272132116e-05,0.2247569660804465,-0.510718145697347,0.012665536319963,1648.49310092194,1811.884454180661,1825.745792771744,1647.8290711693437,0.0906545377576143,-0.1027132978574325,9.859359186545907
0.0499999999999991,0.0432682106194683,0.0058251658216907,0.5806275359299605,-0.0029346142196451,-0.0080021647263053,-0.0010398448054817,0.9999631353814276,-0.0079327034125557,0.010639805790643,0.0004011119429323,0.2169378918797017,-0.0346804755299887,0.0262886953568623,1584.4040864627286,1916.9635031863727,1915.5511617448929,1561.3739181917265,-0.1426441649706551,-0.1375506698517754,10.168792483452652
0.0600000000000042,0.0432474031731347,0.0058210345107336,0.5804733887345392,-0.0019979431965131,-0.0073250491558047,-0.0009311264435661,0.9999707420126824,-0.0085590583197466,0.0107382952339146,0.0048770059840589,0.1613159835645935,0.898633078390236,0.0393755091191105,1553.890014819409,1957.729331770249,1956.8635085113765,1524.888057415224,-0.425967773524658,-0.1555788618655722,10.57071682856745
0.0700000000000022,0.0432748630619992,0.0058231961988035,0.5802176594953284,-0.0011564529450383,-0.0032325134958642,-0.0007180166613744,0.9999938489436618,-0.0091466941934753,0.0107886875943328,0.0112217787112087,0.0976771760104074,2.0019768130919653,0.0438204406085518,1574.4131535485074,1917.1532229786185,1925.2045921731485,1552.881881614701,-0.407493545150698,-0.1927252826404217,10.49050769468245
0.0800000000000002,0.0433868658539665,0.0058342882583823,0.5799455211291996,-0.0005265759393759,0.0049045119601205,-0.0004270816224031,0.9999877429656332,-0.0086007346691671,0.0107141111748591,0.0178085822681154,0.0652148138740536,2.883076687902085,0.0369220079073433,1634.1997349734138,1829.183374861345,1844.8838390833569,1624.2855367145703,-0.225634880718873,-0.1978130792874408,10.363264121036664
0.0899999999999982,0.0436180193541431,0.0058540066378859,0.579739020558772,-0.0001264423073242,0.0168662245791641,-0.0001194133474418,0.9998577399916652,-0.0056578940642926,0.0104298716622154,0.0249403251331509,0.0730438156753951,3.300834361443059,0.0232966910605895,1702.194637234444,1750.3225793491356,1768.0580749097146,1698.3636914338915,-0.1415242893458318,-0.120093967025762,10.166062938557344
0.0999999999999962,0.0439965100747483,0.0058773968940229,0.5796570486915507,0.0001082330013865,0.0317321144454237,0.0001390522083314,0.9994963941220216,0.0005984038262941,0.0099478469167656,0.0325280539799656,0.1003753160508544,3.30563040198944,0.0115915322010746,1745.3172238968891,1723.8314524754333,1737.2869141758383,1737.660410495415,0.0942780567007907,-0.1099397321009591,10.329797634969928
0.1100000000000014,0.0445420256882207,0.0058942711186168,0.5797212825911214,0.0002732943571614,0.0482930723116681,0.000314722921927,0.998833121910951,0.0104798981295286,0.0094068306058591,0.0385168182155035,0.1188423293312615,3.166259221385778,0.0092291769395074,1748.0175938353943,1755.5748183465798,1759.439827827164,1731.105043474884,0.2337487767959309,-0.1295752244412853,10.381957279177051
0.1199999999999994,0.0452669480966574,0.0058905502010456,0.5799174339859671,0.0004471698519446,0.0654955677330697,0.0004257101991825,0.9978526691938407,0.023862777108414,0.0089601811559301,0.0410718035382576,0.1132041993377267,3.14691722291119,0.017507756697361,1725.550651905552,1811.105184005558,1805.582147866873,1703.520302781972,0.1079074418009624,-0.0739020450631565,10.44038263321031
0.1299999999999974,0.0461800880256504,0.0058517735638238,0.5802079503626203,0.0006704245204893,0.0827119061381843,0.0005292188936307,0.9965731338147308,0.0405861233594844,0.0085970393965484,0.0413285636940973,0.0877167098234883,3.3164909597137058,0.0299472191910447,1712.5014450381648,1842.7455022334848,1837.884433857012,1695.105496112767,-0.085557728218526,-0.0842688956656534,10.525814571066
0.1400000000000025,0.0472915248340194,0.0057680249157669,0.5805453843203929,0.0009515669725821,0.0997488187512366,0.0006850257043106,0.9950119589320592,0.0607305606319061,0.0080781064527778,0.0424516843533767,0.060381269381997,3.54371627393959,0.0366628072379197,1730.261008361489,1830.6475422396024,1841.526597414445,1724.0520269422643,-0.0397241979942735,-0.1664482869945811,10.556052582852658
0.1500000000000005,0.0486171337319678,0.0056383997391601,0.5808821516707467,0.001278759811086,0.1166631796479162,0.0009189291889976,0.9931702889519648,0.0845944368543384,0.0071052725182227,0.0462916799311159,0.0497317839029507,3.656574264462872,0.0323521815747847,1769.328386586902,1797.7543316595145,1830.8993612376448,1772.0754859350827,0.0816569437338152,-0.2139757974915723,10.635004378829748
0.1599999999999985,0.0501818634558006,0.0054725405168978,0.5811800442718673,0.0016242597756039,0.1335385679487973,0.0012092380164748,0.9910415482681768,0.1124626907525004,0.0056129558580373,0.0520901720279115,0.0594793950555964,3.597781893806471,0.020374074915712,1806.2831016109908,1783.3457064297172,1828.4919095420012,1808.5137373069235,0.1365339758504649,-0.0844089731112195,10.973193782796184
0.1699999999999965,0.0520212134368754,0.0052875417498774,0.5814209181095554,0.0019465404324115,0.1503512068485429,0.0015025536403776,0.9886295908539706,0.1444631187975487,0.0038820483570372,0.0582266309684708,0.0734253441731929,3.443707899861454,0.008659671682422,1830.317491480021,1805.0715037982775,1844.1201073986335,1823.1696661270116,0.1883407796408334,-0.0608951929157023,11.097971375089417
0.1800000000000017,0.054180261358886,0.0051009860199104,0.5816136672491875,0.0022008904172952,0.1669605379950096,0.0017440942381333,0.9859595797846262,0.1806997968506136,0.0023231406272385,0.0640602317642363,0.0708557214330087,3.3063288854331647,0.0019675049292748,1847.904353734685,1847.410807510659,1873.5322430430056,1831.4620505229288,0.1652907530831582,-0.1678775238217671,11.210170386753306
0.1899999999999997,0.056709757901142,0.0049237042495835,0.5817923235830432,0.0023581045431254,0.1831759353681694,0.0018995096877929,0.9830754843387692,0.2214578966636621,0.0011611317514009,0.0698656425996032,0.0502649878615896,3.2339089916900927,-0.0013898136001399,1868.433356773559,1883.5180872251333,1908.9729328153044,1850.9618474391216,0.1311159318913786,-0.1532652906849031,11.660012301844947
0.1999999999999977,0.0596602684157518,0.0047565357406839,0.5820064095315964,0.0024188939398414,0.1988276015775057,0.00195636614544,0.9800295436539396,0.267122019027128,0.0003624560775552,0.0759766110122295,0.0324265988566864,3.1945643624475166,-0.0057402393012225,1894.5924785949212,1902.863674458113,1944.4354476480248,1881.159253964059,0.0820176513255717,-0.107178649330591,12.054926114170035
0.2100000000000028,0.06307717012617,0.0045927526100445,0.5823092469593503,0.0024130780243621,0.2138010997085565,0.0019124550183693,0.9768723608198068,0.3178443392559501,-0.0002107807576374,0.0827120489692225,0.0346539201070773,3.130677763880186,-0.0124868655640386,1925.292279177724,1914.3627695993705,1972.9510894991165,1909.753371270607,0.1671509529455388,-0.0663765854677915,12.321998093812995
0.2200000000000008,0.0669991312026468,0.0044238695065373,0.5827483879514246,0.0023839108594184,0.2280380988442117,0.0017672415359949,0.9736476874629164,0.3733844658713314,-0.0007220690418962,0.0906926428081814,0.0475038799843518,3.0155070223442637,-0.0192600624869414,1957.38586164684,1929.1825445941288,1989.6248978054923,1930.2509094455104,0.078205524769916,-0.1088489600474386,12.579758615962874
0.2299999999999988,0.0714601487059769,0.00424459975309,0.5833591362855954,0.0023668391341801,0.2415254459153565,0.0015261609710104,0.970390399726106,0.43332805840572,-0.001430645386495,0.1004388470559675,0.0465210374127282,2.867803491633488,-0.0236106928529466,1981.29466732908,1950.825673847682,2001.330646553676,1944.0785929882989,0.0359022880803081,-0.212746236687955,12.83006184476855
0.2399999999999968,0.0764929459788751,0.0040542406039968,0.5841615955095426,0.0023732000109514,0.2542890239619052,0.001212927558912,0.9671245984985318,0.4973966856800431,-0.002642912759765,0.1116362871914931,0.0247023623492311,2.7290250330463843,-0.0257549277833463,1985.707877125306,1978.2870876984057,2021.7837719029096,1951.9167376937849,0.1059168959056009,-0.1758860418866255,13.110017967475526
0.2500000000000019,0.0821316401686907,0.0038551138092308,0.5851615087093446,0.002385608095487,0.2663935069716335,0.0008756183763201,0.9638610074122864,0.5654831288683947,-0.0044220782588102,0.1232639929038775,0.0006446337690641,2.624074565920633,-0.0277398135935669,1973.5309284975388,2006.113141284717,2049.662266823282,1954.490484794066,0.0449175882413976,-0.1463390628396638,13.209889118575289
0.2599999999999999,0.0884130647364155,0.0036505958725669,0.5863529746831748,0.0023667903859534,0.2779355419753961,0.0005766239852319,0.9605966376762368,0.6374014131183803,-0.0063691932714315,0.1344145668564771,-0.0083982617841453,2.532844812090839,-0.0313499808953293,1963.9478038744803,2021.9698922975888,2063.432275294116,1957.3879794530685,-0.0896269106590166,-0.1406802263726243,13.200554471191484
0.2699999999999979,0.0953769049533513,0.0034442221809644,0.587720118882217,0.0022786117336168,0.2890162799273683,0.0003706846518186,0.9573213987258414,0.7126318713678431,-0.0078412432972246,0.1445478678935384,-0.0082238206085924,2.4068018525722605,-0.0367432573984897,1969.9429891891325,2015.7159739708964,2048.2233403237688,1964.0568978474075,0.0169188323214175,-0.1337592322586926,13.189067575723405
0.2800000000000031,0.1030645516159289,0.0032392187147832,0.5892375032752406,0.0021030573312268,0.2996958757418653,0.0002848441250998,0.9540324303067492,0.7903349847277804,-0.0085026884769354,0.1529656380955826,-0.0136389102587059,2.2254476905512632,-0.0421163881209622,1981.2347053167173,1992.2078810108137,2017.815354227752,1967.7110894308707,0.1259819336289531,-0.0725311908107871,13.097007386989544
0.2900000000000011,0.1115162078654287,0.0030374493992823,0.5908718117869134,0.0018536285681469,0.3099537754221609,0.0003103724408367,0.9507497698299106,0.8696595537632377,-0.0086731249113143,0.1585876923285436,-0.023421126946582,2.02586684100434,-0.0454294173472042,1979.4214885808,1967.0832456206804,1997.3115821072076,1960.179388684805,0.1299468575052547,-0.1026071321883712,12.960607935847325
0.2999999999999991,0.1207658997323919,0.0028383283288891,0.592586121861198,0.0015681653817174,0.3196799797884077,0.000406309632203,0.9475241877083148,0.9500512096335054,-0.0090588332453666,0.1605802138850297,-0.023441529093025,1.8582865164193303,-0.0475613104731573,1963.9947225405328,1949.0820914444512,1990.3691630515664,1945.3266057781511,0.0294208531630477,-0.1812893492610005,12.767780446943146
0.3100000000000042,0.1308348950833925,0.002639198402453,0.5943449015396166,0.0012852651370186,0.3287016154872648,0.0005092820247166,0.9444328121689808,1.031230708379251,-0.0100751512870277,0.1590441607547205,-0.011045853898711,1.717545403027255,-0.0525486096331745,1950.5683842959104,1932.9164465317635,1977.295879329872,1933.8752632734108,-0.0478941505661998,-0.020442807313642,12.532213904098136
0.3200000000000022,0.1417256525205656,0.0024374048947727,0.5961170227755475,0.0010200520191482,0.3368280977660225,0.0005471492000579,0.9415654478988456,1.1128743224006348,-0.0114656479378673,0.1548067457445164,-0.0021713725536505,1.539344040832026,-0.0628966037311,1945.0233920248704,1910.897595906728,1944.103148200292,1927.1196739301915,-0.0679919956301082,0.0209976750632779,12.248478581532982
0.3300000000000002,0.153419822926776,0.0022323689837477,0.5978759200365887,0.0007574492853985,0.343893248828846,0.0004579235820388,0.9390083332891752,1.1943503824029935,-0.0126622023370257,0.1484355740128329,-0.0112347910686245,1.2711457430898827,-0.0751635070377775,1933.4530426546596,1885.567826419532,1900.52054081687,1915.48921848351,-0.0633283024664947,-0.0718416051876582,11.883926790668596
0.3399999999999982,0.165883011453885,0.002025965913633,0.5995979805033207,0.0004669626115258,0.3497800554174025,0.0002134676645389,0.9368317080509576,1.2747837626488367,-0.0134628768485936,0.1395222893120951,-0.0331894579027986,0.9334920313566828,-0.0819691724739162,1903.130812662419,1865.6739790679387,1865.4688275293356,1893.8370303916736,0.0159123976706654,-0.1262029963814931,11.512174518977927
0.3499999999999962,0.1790751939842072,0.0018214355103206,0.6012605560254322,0.0001252470684048,0.3544223549981799,-0.0001602584296327,0.9350854254601296,1.3534036914737122,-0.0141902510395521,0.1270654206871934,-0.0506458945793053,0.5977164421068306,-0.0789020544068314,1863.5847289657984,1851.8039976758605,1844.080767827918,1869.8199479723596,-0.0452215551336134,-0.1159886166098013,11.08177544475019
0.3600000000000014,0.1929613993151363,0.0016223258582553,0.6028397096682732,-0.0002710700910322,0.3577832058496109,-0.0005806989564442,0.9338044586109572,1.4298770592936636,-0.0151500208736526,0.1105643429927445,-0.0542317384836374,0.3063642372412616,-0.0687249211564203,1837.279306699052,1832.7228350918845,1825.8027032576829,1853.496949054258,-0.1245809438522451,-0.1150426986782162,10.80634248679958
0.3699999999999994,0.207516486216045,0.0014320194162039,0.6043067753370663,-0.0007083713632154,0.3598152328757644,-0.0009336917252006,0.9330228424965454,1.5042950110270854,-0.0160990849091922,0.0905008590913057,-0.0511649467125436,0.0288214808752962,-0.0584995347825243,1832.477891606166,1798.425115678834,1800.017597630091,1844.1000795832845,-0.1049742686939039,-0.1017025862072771,10.457267782885303
0.3799999999999974,0.2227217504592384,0.0012528309900347,0.6056241571450491,-0.0011681432551405,0.3604176404545219,-0.001119915157645,0.9327896363492522,1.576771529837926,-0.0164008021545403,0.0676242999370008,-0.0548087090172982,-0.3017957482023276,-0.0534288388784582,1833.59786386502,1752.74362449931,1766.5555766312652,1831.9394269352847,-0.0875149832531905,-0.1093708408008819,10.171058655960486
0.3900000000000025,0.238556782991102,0.0010840339984289,0.6067437372219054,-0.0016377073874088,0.3594138110818926,-0.0011002572596365,0.933176199735112,1.6470708308562465,-0.0157126084811743,0.0421498622152348,-0.0687230614683394,-0.719170195586904,-0.0541170698599957,1819.0049162649284,1709.909350270022,1732.8675780976996,1810.429084247853,-0.1122480272120931,-0.085,9.944505433478682
0.4000000000000005,0.2549931822362453,0.0009203026375137,0.6076118954438751,-0.0021127183501657,0.3565708090657248,-0.0009128054355378,0.9342654661977098,1.7147373534852282,-0.0144520883275051,0.0141307552756711,-0.0815487955917543,-1.1971332921630529,-0.0585310712746859,1783.1160373034218,1680.991944346363,1706.754178637475,1782.0700637432233,-0.0792430373845309,-0.1047470893707876,9.622903938229584
0.4099999999999985,0.2719953545715965,0.0007531070475866,0.6081810773479182,-0.0025908409583554,0.3516620649677556,-0.0006476944174648,0.9361232077550924,1.7795929743418186,-0.0135106377048817,-0.015527179599825,-0.0769809219348144,-1.6819992660058605,-0.0644838939298328,1740.1985053715034,1666.1606194472615,1691.7897326037933,1754.7531174095875,-0.0992370476554942,-0.0895798700216264,9.323694020685124
0.4199999999999965,0.2895291872797801,0.0005756878252586,0.6084221133222734,-0.0030618723954255,0.3445489241063484,-0.0003942585092356,0.9387632866675282,1.8419096754924864,-0.0134505476175156,-0.0450116967232802,-0.0493150355458214,-2.137807944391676,-0.0701001230173639,1709.9679070376574,1658.065825676595,1685.513522048053,1735.6305558844383,-0.1709689647643779,-0.0720714488208583,9.123029507540371
0.4300000000000016,0.3075748556626191,0.0003888885456732,0.6083302425171248,-0.003501891850448,0.335244354838677,-0.0001976544419944,0.9421246840174544,1.9019410350331247,-0.0139827231819926,-0.0728516087869518,-0.01026602901105,-2.5586446329284143,-0.0738863700211277,1699.561176802935,1650.0261959431475,1680.9519408388871,1726.3749246525483,-0.2164668218051026,-0.0764408968022256,8.920710473973118
0.4399999999999996,0.3261374436379958,0.0002035987939088,0.607922737795755,-0.003876837909374,0.3239291478675686,-5.4089738829506937e-05,0.946073397979203,1.9594467885985407,-0.0142587240972531,-0.0989974348882382,0.0193861941784738,-2.947822845158618,-0.0755603359929961,1696.9682017231285,1641.8525940294537,1672.5641794698654,1720.8779705677618,-0.2422089953789221,-0.1172116292136065,8.84962117113691
0.4499999999999977,0.3452490891924513,3.751693399070006e-05,0.6072314941200049,-0.0041554790868561,0.3109104483356882,6.1493845040214e-05,0.9504301243793608,2.014030718987122,-0.0136490933956989,-0.1243873950263662,0.0260378446470161,-3.2968190637304984,-0.0760906262376861,1682.896323611993,1639.4162934100743,1662.4647670429815,1709.3156377348307,-0.3212558241538614,-0.1387283159342698,8.782875282383626
0.4600000000000028,0.3649591921996236,-9.211339527751203e-05,0.6062944016811386,-0.0043248245718437,0.2965359237370407,0.0001669398919178,0.955011892049997,2.066029901853919,-0.0122182262415508,-0.1495504470550808,0.0133214284900492,-3.5875362306595795,-0.0762801497228677,1651.3401248255732,1648.1820215745995,1659.728132817357,1687.8445936525889,-0.3689883716623772,-0.12761327341258,8.729888491276785
0.4700000000000008,0.3853146388682326,-0.0001755212125027,0.6051463989820516,-0.0043976216414156,0.281097453133301,0.0002658545684641,0.9596691159390404,2.116694003228088,-0.0105384579583812,-0.1739666754090539,-0.0021740655590476,-3.810103687272639,-0.0758713266007373,1616.9061634349575,1666.7631018730965,1671.395109111404,1663.213257725301,-0.463693124671837,-0.1268520271898939,8.755811767359429
0.4799999999999988,0.406338116729682,-0.0002135783839378,0.6038097859614939,-0.0044066100311314,0.2647670086398825,0.0003573029343239,0.9643022789864882,2.1670800362893097,-0.0091649420071112,-0.1967942026864169,-0.0052526394995783,-3.97337595064796,-0.0745114742252864,1599.7340819262236,1687.5988301825173,1693.7711346176438,1645.56336406459,-0.5377205594551802,-0.0992707968970965,8.810413915641117
0.4899999999999968,0.4280150547174541,-0.0002163360799229,0.6022850585768206,-0.0043897911875528,0.2475945948393971,0.0004443600420823,0.9688536777469536,2.2168052973514443,-0.0082663337689031,-0.2177278365940262,0.0061393358111931,-4.098328190877463,-0.0731027383305752,1605.4731847221117,1704.4976216272337,1715.3170305722688,1638.596189397529,-0.5647957218459383,-0.1214129342053694,8.950797517992022
0.500000000000002,0.4502953674153138,-0.0001985880671162,0.6005456871804975,-0.0043760928028415,0.2295648221865048,0.0005316835582749,0.9732833911758964,2.264214080016565,-0.0076253819190148,-0.2366623282325642,0.0216679503860408,-4.203689100132138,-0.0735375326448098,1622.8223001424494,1719.1504519804191,1730.2695085081614,1639.1375887571387,-0.635326779867281,-0.0807336126988834,9.168587182476047
0.51,0.4731078961640851,-0.000174895902223,0.5985404352190659,-0.004378429458072,0.2106752724197532,0.0006167143053734,0.9775461005036076,2.307907227853593,-0.0069151891419051,-0.2526062181601998,0.0297332351848602,-4.297030698750194,-0.0768691459140819,1638.7369294879054,1739.2585401792037,1745.88245409762,1644.1297196981898,-0.7129442870417173,-0.0996527267982846,9.33248478882855
0.519999999999998,0.4963795861103457,-0.0001559281330892,0.5962046898239793,-0.004395394243853,0.1909905048636817,0.0006858289716163,0.9815818036210628,2.347924705304182,-0.00599968924884,-0.263744242585073,0.0273446900672989,-4.376887837747966,-0.0817025165423767,1651.7064549330669,1769.2810605432503,1771.4543914944488,1654.5973067193424,-0.7608234910928466,-0.1133507001957248,9.626591015009751
0.5300000000000031,0.5200508346028876,-0.0001468801981161,0.5934790175759094,-0.0044183524112448,0.1706447166906236,0.000721598984307,0.9853224538811914,2.3852559311372104,-0.0050076408384984,-0.2696356895913754,0.0203337923778968,-4.442856581366812,-0.0846654190530267,1668.3270013059227,1803.933731880824,1804.3664841288655,1672.336545722405,-0.8149990985740541,-0.1431230914458322,10.00202701486646
0.5400000000000011,0.5440811655892662,-0.0001477997497461,0.5903300664403708,-0.0044392608969279,0.1497978427765639,0.0007150944126562,0.988706421493336,2.420383262682907,-0.0041335963373503,-0.2734156625407286,0.0165489608718696,-4.501600017862188,-0.0832234631471317,1690.0372832256212,1834.163994388488,1835.772840673664,1694.78620293424,-0.8639914332514382,-0.1370829522714473,10.466760915563356
0.5499999999999992,0.5684430124732582,-0.0001551334719173,0.5867668588831593,-0.0044555200730006,0.1285757791262081,0.0006701380339435,0.9916894515310642,2.452698603381877,-0.0034076370462155,-0.2800059299939454,0.0198482619082181,-4.556675578967574,-0.0784491715855766,1709.952066409553,1860.712538539468,1867.581598131469,1716.4036188386992,-0.9239529645228116,-0.1413249957090197,10.90951159406494
0.5600000000000043,0.5931052925148913,-0.0001637382126065,0.5828453419202619,-0.0044702553122759,0.1070345007793134,0.0005941343204823,0.994245080181328,2.4813483021447427,-0.002698526193572,-0.2900972940242003,0.0282836936000278,-4.592739335652903,-0.0744952270272813,1725.508293137541,1896.7152591724264,1911.6689340476887,1736.7910803940802,-0.9122008890854424,-0.0920993531493118,11.4048637687261
0.5700000000000023,0.6180124921335144,-0.0001687952515435,0.5786578379415956,-0.0044885599332992,0.0851752685865114,0.0004854228462274,0.9963557551475282,2.5060806167488163,-0.0019053108581323,-0.2966447512830255,0.0356287070559975,-4.584323351412867,-0.0746984434920683,1747.5925029741388,1951.5544925315112,1970.15897130425,1764.3201113383377,-1.0571396734842031,-0.168951877295356,11.884534380866764
0.5800000000000003,0.6430681216713681,-0.0001673234038482,0.5743133379272891,-0.0045118632296948,0.0630056364890013,0.0003320781668249,0.9980029171224418,2.5267598141134715,-0.0010717705395103,-0.2903462264065407,0.0360581087843459,-4.532270965867429,-0.0782715877686799,1788.9495587251574,2015.593693710787,2027.9515936754724,1807.1276596892733,-1.0830699779402526,-0.182661494539841,12.450165015669352
0.5899999999999983,0.6681320768407474,-0.0001591516649688,0.5699239728849772,-0.0045334655081311,0.0406050510487814,0.0001254931328501,0.9991649822583284,2.542270186409688,-0.0003040029195151,-0.2695893065421115,0.0299726895923977,-4.480853407686294,-0.0812086607070257,1844.6605863460052,2069.523071437094,2071.5162325524966,1860.6557210180072,-1.1827856384765767,-0.1431895755347926,13.273248012260291
0.5999999999999963,0.6930387819502639,-0.0001472389549949,0.5656100869177277,-0.0045381074431309,0.0181430149917637,-0.0001239065191957,0.9998250953216856,2.5506234009492257,0.0003723224331528,-0.2425535841102401,0.0242827276992554,-4.475959265760952,-0.080482385737369,1892.0978633617344,2109.316604501706,2107.4578865103576,1908.0029676925924,-1.2709545595997025,-0.1715071958235671,14.07478582946517
0.6100000000000014,0.7176374215713165,-0.000137177991489,0.5615176730776165,-0.0045068790523808,-0.0041729578687761,-0.0003859607883837,0.999981062569738,2.550518907231966,0.0010380424813016,-0.217619321134157,0.0245722293807339,-4.50256412582037,-0.0771768306475846,1915.1515439834047,2151.6441708623647,2152.4325582067404,1935.9379952554516,-1.2359407256151265,-0.1693592126104983,14.62923091744641
0.6199999999999994,0.7418483671180376,-0.0001357185410203,0.5578250221671429,-0.0044268336303986,-0.026199851699219,-0.0006298950646894,0.9996467246718488,2.5425421568859616,0.0017750340865799,-0.1933090742456984,0.0284280965678995,-4.488702119173649,-0.075519171318975,1925.5893558556927,2207.814822721265,2206.5775819230435,1951.000157045085,-1.1732660871886398,-0.2009578425785216,15.072416699065194
0.6299999999999975,0.7657218658290877,-0.0001483155190352,0.5547221937303612,-0.0042958990328508,-0.0479442746059536,-0.000847908388078,0.9988404140979548,2.5286224389844785,0.0025702290767225,-0.1600667126731041,0.0299430285675433,-4.395122031296074,-0.0788113326046816,1951.983897391006,2260.814631732388,2248.551746555588,1974.9783054907805,-1.249010944950619,-0.1574177355574539,15.594965141738072
0.6400000000000026,0.7894761882296824,-0.0001760961857556,0.5523747440301336,-0.0041247209765851,-0.0695875237140793,-0.0010614514111792,0.9975667579370864,2.510438009272793,0.0033474913808587,-0.1113248904942333,0.029575409799764,-4.288270886468975,-0.0858978774999913,2003.0895620932472,2281.6584274073093,2261.929295077877,2018.0937289806088,-1.417853983385994,-0.1330658066250202,16.247125847023028
0.6500000000000006,0.8134850323492414,-0.0002131632051581,0.550903494371422,-0.0039251519305748,-0.09141010128865,-0.0013008722204346,0.995804747074539,2.487956294270586,0.0040676327324931,-0.05033960410851,0.0336565176698297,-4.287119518426643,-0.0915568553582965,2050.3120598736896,2267.18852156489,2256.8100418910653,2059.751773962658,-1.347531996183784,-0.0707008003570586,16.680405199280678
0.6599999999999986,0.838185646950901,-0.0002455801487833,0.5504027405627401,-0.0036989559363639,-0.1136326091950835,-0.0015741617340189,0.993514705410712,2.4584449055822497,0.0047502803225009,0.0143560681220899,0.0426023278507902,-4.425928990403672,-0.0914118846020464,2057.380087353456,2246.6041976674,2255.7969497326108,2066.83649574484,-1.130317226094911,-0.0743988853215522,16.745562921274285
0.6699999999999966,0.863898459213255,-0.0002534089254517,0.5509891198384307,-0.0034400834096694,-0.136250531000366,-0.0018518991383149,0.9906667093921318,2.416759466928778,0.0054067429240612,0.0783082706240562,0.0474020135399821,-4.59960232397632,-0.0876604218300425,2023.528093806416,2244.19969551111,2264.7778724839777,2032.4371473314616,-1.100275153500374,-0.1105984368427268,16.661627097269278
0.6800000000000017,0.8905867226186214,-0.0002165050552434,0.552849177996289,-0.0031555053894994,-0.1589885883963097,-0.0020843684253925,0.9872731774710346,2.358661313461416,0.0060117211978638,0.1442559595113757,0.0447547500841893,-4.672414185555682,-0.089132153872923,1984.5462302282344,2247.0446331476164,2267.457386563272,1985.6857579437867,-1.2447403845666951,-0.1532805202415134,16.406906222479705
0.6899999999999997,0.9176300898301352,-0.0001233519486985,0.556251654986298,-0.0028871355224024,-0.1814670142258467,-0.0022417511927852,0.9833902387902888,2.2867923532388126,0.0065758057151732,0.2156146310460419,0.0489779304029293,-4.630689438659234,-0.1023966083394426,1970.8798775312705,2221.1197872734465,2244.335951969287,1959.21605615725,-1.3068959961698037,-0.0523142112137068,16.173541832715568
0.6999999999999977,0.9437195429482323,1.967387758628729e-05,0.5615069042966504,-0.0027056081635216,-0.2035314836113118,-0.0023507722455048,0.979061841117962,2.2138437047759902,0.0072141080729297,0.2881817441724631,0.0745170754265977,-4.604370055354625,-0.1211617214109873,1976.198251295882,2156.187190931291,2188.941679172342,1955.3262122327724,-1.1538992042129663,-0.0821059249830017,15.810488807740873
0.7100000000000029,0.9669796073029456,0.0001828124954627,0.5688765106678149,-0.0026598970719093,-0.2255358114798068,-0.002503845389081,0.9742280294910322,2.1550915272418107,0.0080458196421353,0.3517200468302039,0.1049121240846875,-4.735320204219685,-0.1299019453020466,1970.489199767436,2083.039122913517,2112.4072907914515,1949.1435009168529,-1.061300557904775,-0.1095070978349484,15.30905487342098
0.7200000000000009,0.9853692319691768,0.0003155712605095,0.578450469570256,-0.0026970069045353,-0.2483244752349527,-0.002832298267462,0.968669014286906,2.1099241165212312,0.0089160437632065,0.4023397969205382,0.0988912394875142,-5.033511134953871,-0.1276676777938215,1934.6193402650165,2039.1895598711344,2045.138435157029,1918.2605209167737,-0.89740945417386,-0.1207550052071789,14.613866020200703
0.7299999999999989,0.9973043264887832,0.0003594645551098,0.5900215927893566,-0.0025968225362089,-0.2728099339769072,-0.0034498824718477,0.9620582595389748,2.0484097674968407,0.0092392128736495,0.4502079572299445,0.0526425715631187,-5.3556340120618735,-0.1485468724097841,1874.189080867338,2023.0439872852005,2029.8748222023955,1860.7198553099183,-0.7953392828276327,-0.028968277272864,13.963750215475894
0.7399999999999969,1.002309428359084,0.00026772919546,0.6030080492664457,-0.0019811326536918,-0.2993078490407165,-0.0043854450512529,0.9541444620641732,1.9260688899371516,0.0083405717464356,0.5087256711453182,0.0558071354674656,-5.500821048327127,-0.2403147133450159,1803.0410922610356,1999.3980396416264,2090.35634142135,1784.8217228962317,-0.8527681468549853,-0.0575947889377963,13.407638438744414
0.750000000000002,1.001406761042645,2.35909560688116e-05,0.6164911751596641,-0.0004330702768447,-0.3270115809734387,-0.0055397097674968,0.945003994687366,1.7256490504284576,0.0061532082178992,0.5754774612627768,0.2433372310822631,-5.313776257616301,-0.4017746306318194,1724.480943843325,1957.2253678550749,2191.3929551301217,1691.6436308687664,-0.9982556887518604,-0.0932729818679853,13.239995957961169
0.76,0.996983127424828,-0.0003525262449562,0.6294048947611625,0.0023000374900197,-0.3539775970852914,-0.0067079633800993,0.9352270172618832,1.4850449837936652,0.0034713477725535,0.629540908216708,0.6401532064958756,-4.719643213922412,-0.5473319584737508,1635.5685685531191,1938.122182503976,2245.082517560638,1576.39229558567,-0.962118365315427,-0.0011021130963397,13.032798982281951
0.769999999999998,0.9920972020258176,-0.0008110410216839,0.6408248584691079,0.0061180404332672,-0.3777048546926522,-0.0076805828036004,0.9258739768298148,1.2729352917076824,0.0012492611917948,0.6501806653286065,1.0534637715164528,-3.720353476161609,-0.5662705221178136,1544.169368921654,1981.9213500316864,2184.836556599681,1444.791755432041,-1.1934403051844846,0.1522752829093288,12.576636557214972
0.7800000000000031,0.9895059775869686,-0.0012919089309657,0.6502240362325528,0.0105134019935751,-0.396012620096798,-0.0083695255392217,0.918146733449964,1.1324930026811626,-0.0003524668987063,0.6349700736296011,1.1773582266421552,-2.4144718462747727,-0.4346495011090159,1472.075051151881,2059.24896422608,2034.2687005912055,1321.3475967366908,-1.4644776484371889,-0.0468657251776661,11.541448826604547
0.7900000000000011,0.9908614920772,-0.0017439433181048,0.657566538398659,0.014711192402416,-0.407761453181245,-0.0088664246374692,0.9129269218463034,1.0534349576774744,-0.0020097395923474,0.598404950629354,0.8558786143579141,-1.029212331647554,-0.2507503146715066,1439.7318712849965,2087.7809895751343,1881.2913057652013,1240.9234571822276,-1.3239497949542065,-0.3659846687870388,10.576190478558598
0.7999999999999992,0.996409275699293,-0.0021361073950482,0.6632049357834251,0.0179497414487732,-0.4131239171245718,-0.0093706783126543,0.9104496835462864,0.9960495441483884,-0.0043511832071762,0.5568669257401091,0.2458247953882091,0.1141052517126265,-0.1413263126955322,1448.8316219838875,2010.5901103546576,1784.3130187289707,1232.566824558685,-1.0362496685535594,-0.4236627186991853,9.45846773644162
0.8100000000000043,1.0052207658551378,-0.0024578759657074,0.667653260053259,0.0197549193295825,-0.4133960721469865,-0.0100196397338421,0.9102818450981702,0.9314484516320168,-0.0072902833880277,0.5175847148737179,-0.2967970907047821,0.7409149503132821,-0.1365622556881554,1475.3212108271562,1845.780449521584,1726.612638316286,1303.2588545864946,-0.7528799541789475,-0.2962668998126876,8.774546038101967
0.8200000000000023,1.0157472575358115,-0.0027116385660887,0.6713567318089424,0.020058866347706,-0.4105259349267033,-0.0107338471134087,0.9115650734640652,0.8568327661588799,-0.0102715245368398,0.4790158246443874,-0.5000258341654575,0.790841013723202,-0.1386803639847383,1480.4365092668163,1677.6735990782356,1661.626095925684,1429.89067086295,-0.4122612024310319,-0.1438359495260975,8.654072406485518
0.8300000000000003,1.02641343860357,-0.0029033984232539,0.6745564508920443,0.0191108638458175,-0.4065827936272612,-0.0111922730575612,0.913345465764802,0.7830005545894987,-0.0129089539712109,0.4370749890976351,-0.3677313215709754,0.4569699916521201,-0.0057362689583271,1443.3762436036857,1606.3441454394615,1570.6250799287277,1572.4825693137257,-0.1736715017975543,-0.0362230191166765,8.52656474662859
0.8399999999999983,1.036041113526876,-0.0030374450479094,0.6772839177572303,0.017260511445112,-0.4033566927493798,-0.0109717340884585,0.9148142293438748,0.7169911292566697,-0.015210397268171,0.3899115039790777,-0.1323331331592141,0.0222177450455727,0.3205973236236963,1392.1376026687503,1669.2296364342303,1463.40431288357,1701.0715868869763,-0.1273371574626871,0.0973665868461375,8.21155234484901
0.8499999999999963,1.0440208133047362,-0.0031168495842302,0.6794551109384573,0.0147677106092584,-0.4021864437078491,-0.0097774577683695,0.9153864651285718,0.6564717541293357,-0.0173055824899899,0.3390312797028725,-0.0437440702756363,-0.384141574545929,0.7408763504539588,1387.1514576253778,1792.330532895917,1354.6237121705226,1803.822353781665,-0.3061773781068395,-0.0173762906372775,8.032487193501108
0.8600000000000014,1.0502610712235874,-0.003147552669155,0.6809948106336648,0.0117552963156742,-0.4039835587509959,-0.0076290280109965,0.9146588955446828,0.5950004740689806,-0.0191520004549488,0.2877588601622283,-0.1852164529135081,-0.8723898766885858,1.0481706584732238,1456.3044903120017,1847.9468227162808,1270.1269258279035,1869.92509508472,-0.3729288659401684,-0.2143057430469887,8.901458459463015
0.8699999999999994,1.0550076819439438,-0.0031423186738556,0.6819225561836365,0.0083024549483615,-0.4093087173332511,-0.0048865109418538,0.9123450910525328,0.5287916189788494,-0.0205386770893606,0.2385422628430945,-0.4456226031436677,-1.616415590521058,1.0808692161115716,1553.739998428233,1780.400604281741,1258.435960463137,1883.4239151057352,0.1139887970549633,-0.2174592065941912,9.199998018679864
0.8799999999999975,1.058634604335804,-0.0031218886905709,0.6823657900327231,0.0045770856746899,-0.4183480695709508,-0.0020956070924596,0.908272839736992,0.4584938411972736,-0.0213168704667008,0.1911095564840311,-0.6324089525932941,-2.5856647322725963,0.8495031161671297,1600.877237113068,1658.1255435846033,1356.2341153011205,1842.4725907847237,0.3926564115974109,-0.2677336763292525,9.067533155003662
0.8900000000000026,1.0614805388568511,-0.0031124453600367,0.6825084424880764,0.0008935705465047,-0.4307521660710018,0.0002577356823997,0.9024697815046976,0.3863588762294665,-0.0216080170176544,0.1431935525214946,-0.6165800371327418,-3.4634279005385977,0.5195861162818151,1563.6502577350443,1596.256764533473,1537.769740782328,1767.3091234253257,0.3873164443389552,-0.1038108528933559,8.910614237798995
0.9000000000000006,1.063763477832891,-0.0031398828952736,0.6825100692896393,-0.0023509399828928,-0.4454584149254808,0.0019389909066479,0.8952974444102579,0.3131004981888903,-0.0217701077698165,0.0930836857582323,-0.4098900867932642,-3.8346888213031223,0.2727391171482685,1473.9271903865344,1648.020006981067,1724.0065489632675,1676.431000781748,0.028676321725733,0.0283748478270753,9.12548188166976
0.9099999999999986,1.0655688009461572,-0.0032224162881273,0.6824354329793451,-0.0048232944732739,-0.4606841210561785,0.0030023099968666,0.8875459777227336,0.2375738694721421,-0.0221044125291876,0.0411233890985524,-0.1384951927775497,-3.4543406309693103,0.1803118463708676,1382.9958865557387,1774.858899679949,1849.1374119366253,1568.6796676108702,-0.3801076247759969,0.0372074682313351,9.429079628150085
0.9199999999999966,1.0668850491977704,-0.0033639866711367,0.682224487982174,-0.006394932802338,-0.4741878045223481,0.0036788226856529,0.8803928084329042,0.1587559002772901,-0.0225931793330975,-0.0115293120148774,0.054860644094149,-2.3637785120892127,0.1904372184552099,1316.0143120063813,1897.7287302051457,1904.368219606185,1442.0257273863483,-0.7117507113316246,-0.017681124152921,9.485649005675238
0.9300000000000016,1.067656739404134,-0.0035514029406081,0.6817144657163678,-0.0071938396011781,-0.4837275970564953,0.0042081545858557,0.8751789256790425,0.077470518503433,-0.0229940013155882,-0.0652954492809983,0.1038071890119675,-0.8116353759762637,0.2097654183964971,1271.0667263759865,1962.147032518916,1919.4195900034956,1317.3193070759112,-0.8305293343874429,-0.0908159870320718,9.395162574289037
0.9399999999999996,1.0678307051561522,-0.0037573882408171,0.6807024866455974,-0.0075402742125034,-0.487537450665069,0.00471572354817,0.8730567796055552,-0.0037089104689046,-0.0231735075894118,-0.1227247033215351,0.0397853566194786,0.8976968653429599,0.1866592574344354,1241.713530606818,1962.67721691938,1920.2094487464856,1228.2408432831687,-0.7387922366597071,-0.1208654914629764,9.091629076250568
0.9499999999999976,1.0673840551183882,-0.0039492021697848,0.6790176505779212,-0.0078048606430284,-0.4846584814661862,0.0051847625395598,0.8746532791515972,-0.0819036403781345,-0.0232169177906194,-0.1861142784366817,-0.0590329681400196,2.5060702088598346,0.1296899086837587,1231.4794430444445,1919.3886223102693,1907.259266831771,1194.950350699458,-0.591448241842087,-0.1072187360205032,8.553251525353856
0.9600000000000029,1.0663318280273524,-0.004099371864697,0.6765684960087566,-0.0082636051655077,-0.4750510836239373,0.0055089307101822,0.8799021720963199,-0.1553731175142073,-0.0231784058308031,-0.2541435650857939,-0.1318202941904123,3.831479276495669,0.0719142867373544,1252.5611661486028,1842.9112390036044,1863.3029937604413,1217.012548312236,-0.4416537691888904,-0.13567522333046,8.10980297775695
0.9700000000000008,1.0647187362093309,-0.0041936951763469,0.673347430303774,-0.0090137247951399,-0.4594932909845244,0.0055778178732576,0.8881179855476982,-0.2240388128325859,-0.0228752174599318,-0.3209045150516627,-0.1584904181386111,4.770103974645866,0.0329074736840818,1312.194859533544,1731.535790831762,1778.4522705527131,1281.623061497452,-0.1756439945971202,-0.0238669695650983,7.927695293780264
0.9799999999999988,1.0626026612291812,-0.0042333767313309,0.6693975861070269,-0.0099733215644551,-0.43931706533907,0.0053467617438598,0.8982607979299184,-0.2889082253031085,-0.0220447963030668,-0.3793730478794376,-0.1432454463705796,5.305090649327984,0.0105118139485397,1396.2522687325447,1597.8696836210277,1670.8162385077062,1365.280831910769,0.0341081770106814,-0.0318184460677183,7.657283580673425
0.9899999999999968,1.060038000440752,-0.0042314961515664,0.6647679623623771,-0.0109477817212943,-0.4160627996832381,0.0048612221269805,0.909256983099146,-0.3508639171348056,-0.0206307301975558,-0.4273073284999831,-0.0942492815795978,5.512538990147857,-0.0053045846263735,1468.4351326789076,1480.71862005654,1579.2561744881764,1433.7709967162946,0.1551309368556306,-0.0414652645498979,7.431848113381092
1.000000000000002,1.057064340162337,-0.0042064747258074,0.6594894104659618,-0.0117256768801452,-0.3911494318560652,0.0042324518746659,0.920242748850274,-0.4097678187284172,-0.0188022785268825,-0.4697283104924681,-0.0213427165322529,5.536637426667799,-0.0191200740379973,1495.2990866196403,1419.4497706976813,1531.70142468068,1459.153623882738,0.226461483609651,-0.0855110414839716,7.37167919095274
1.01,1.0537017735396526,-0.0041756667832791,0.6535871701954177,-0.0121652623455841,-0.3656498508789825,0.003584789797006,0.9306660745005978,-0.4646681447597669,-0.0167331906888954,-0.5142967934268716,0.0572542458423342,5.526503931682491,-0.0288410972496233,1479.5719991534222,1420.1071319112125,1523.0446598983217,1446.2645457144642,0.3208140202716039,-0.0275972340907378,7.478508263896465
1.019999999999998,1.0499513718848288,-0.0041511801967358,0.6471132370837421,-0.0122408206412788,-0.3402204223743323,0.0030054942687085,0.940261236845197,-0.5148844415179907,-0.0144773572247013,-0.5638741780349078,0.1168214120728395,5.5610534509893474,-0.0326437309773187,1466.041943886395,1453.150419602656,1527.6895256259563,1436.3158143822077,0.2575038066453361,-0.0404855519892482,7.447750644707656
1.0300000000000031,1.0457991040388734,-0.004138554899465,0.6401649895433007,-0.0120345081293928,-0.3151709151077522,0.0025210496312507,0.9489552724933786,-0.5608989478343596,-0.0120652396244602,-0.6142631593694039,0.1394193236575831,5.611829485008093,-0.0339310330975931,1505.0569599713144,1485.556494036343,1531.966900748062,1473.8593254310615,0.2333747288499226,-0.1510413002526435,7.524482481716084
1.0400000000000011,1.041222413776168,-0.0041377451401663,0.632873842763159,-0.0116831570360298,-0.2906059807125171,0.0021052489171736,0.956769165338633,-0.6043461678199952,-0.0096175635570156,-0.6586897933345858,0.1265607051816978,5.583524212865804,-0.0386854139261838,1606.332093311598,1514.58589382551,1550.349630777835,1567.6459156784665,0.3200027778212542,-0.0778055605930585,7.926058065206657
1.0499999999999992,1.0361987335309433,-0.0041452795153855,0.6253779695611132,-0.0113111037261792,-0.2665540224018038,0.0017075868681426,0.9637520927193892,-0.6473066889176899,-0.0073013517379041,-0.6928682509947288,0.0986245775617754,5.411801177420886,-0.0487935633551886,1733.151077829124,1568.5928835925913,1608.95081247009,1687.6000387216673,0.4524182393087392,-0.0796920879274665,8.793257505837218
1.0600000000000045,1.0307140481987644,-0.0041564941181997,0.61780318801821,-0.0109860532082568,-0.2430327113429196,0.0012850868568142,0.9699550280317046,-0.6913814545948174,-0.0052018957779473,-0.7155611309645293,0.0801157317996512,5.13260320474746,-0.0592818671382698,1842.8605598384424,1671.0445641705528,1714.5832043360351,1799.6793459926264,0.5738129566576133,-0.1152937219019633,9.87746415354477
1.0700000000000025,1.0247685784520082,-0.0041671347886816,0.6102617486386686,-0.0107184780383424,-0.2200547695757262,0.0008245218809185,0.9754282817199752,-0.7369346948477881,-0.0032697423577674,-0.7260473402344493,0.0828091627977789,4.851119217584248,-0.0626796535911319,1925.9688180419605,1805.789989467506,1842.0631585124745,1897.279429131368,0.6462232253215228,-0.1111808376568034,11.104823293528494
1.0800000000000003,1.0183775506789836,-0.0041741360000411,0.602861261634862,-0.0104943875290516,-0.1976120253946295,0.000348262890168,0.980224073343836,-0.7829989937105294,-0.0013717279909363,-0.7226294170805591,0.1000212766345923,4.641371702832803,-0.0559515825173269,2002.4946313949329,1927.8446151265812,1954.3698114141268,1995.1088582442892,0.4760836455748469,-0.1321784695630549,12.857045176505377
1.0899999999999983,1.011567922685861,-0.004175785465816,0.5957114274250646,-0.0103089764628195,-0.1756713910323512,-9.699161093535902e-05,0.984394879085459,-0.8280066917232202,0.0006359657435198,-0.7035734612424511,0.1140623345665124,4.488603908800274,-0.0432432411840876,2087.869398941996,2010.9359842183144,2035.6821234870597,2098.672856074685,0.4842939687114604,-0.0966011223432647,13.909799421671464
1.0999999999999963,1.0043743314354574,-0.00417165407654,0.5889228035017278,-0.0101734992587207,-0.1541877536879791,-0.0004638116950169,0.9879890795976438,-0.870646863819632,0.0028639675135925,-0.6687062060939749,0.1096844194516858,4.337742897818182,-0.0323074325371282,2172.269682537915,2072.013180549068,2100.622795218678,2191.193772764294,0.6272148457737035,-0.0811993545534716,15.077149596596872
1.1100000000000014,0.996836995433706,-0.0041625977087912,0.5826000885205933,-0.010094638924652,-0.1331169901102579,-0.000730223389407,0.99104865268198,-0.910000606083754,0.0053563584538141,-0.6197565611482879,0.0862510903077652,4.179064399047027,-0.0283519260106727,2235.250978515828,2140.609360497172,2168.3084195523315,2254.032061638356,0.7131632551349649,-0.1240742364115931,16.192042824532184
1.1199999999999994,0.9890014787015792,-0.0041508964351133,0.5768357483741237,-0.0100494357099637,-0.1124161979886313,-0.000914986879038,0.993609968785893,-0.9450669099500968,0.0080508866530934,-0.5593694785977525,0.0611295879413864,4.05661955821887,-0.0308811582283841,2272.6953321691976,2215.434917263532,2233.4120353400663,2290.2001897680066,0.725012461967478,-0.1681779961779722,17.097845376762926
1.1299999999999977,0.9809182174490514,-0.0041403166926994,0.5717072661930471,-0.0099801515033461,-0.0920364202276618,-0.0010705540902356,0.99570505062573,-0.9745418233606656,0.0107735945929451,-0.4899977700926813,0.0566235852468097,3.9951854636662696,-0.0355546994604029,2298.049036222297,2266.726261953043,2272.02832420194,2317.465690044563,0.6062642552486865,-0.1894046382328596,17.73606901068903
1.1400000000000026,0.9726407254765708,-0.0041357049177753,0.5672767238632594,-0.0098155994488962,-0.0719202007228376,-0.0012546509812153,0.997361300926781,-0.9972865728244475,0.0133283299589747,-0.413637577927169,0.0773711675796264,3.9578983503616727,-0.0379003863854826,2316.659782429548,2277.1067850126824,2273.902988092572,2342.1096175231364,0.6874137245129373,-0.1232508773547755,18.12162699066181
1.1500000000000006,0.9642240185459404,-0.0041417596083168,0.5635898576886942,-0.009505309861586,-0.0520057229502367,-0.0014974187623344,0.9986004263978204,-1.012953169839876,0.0156441573459686,-0.3323113236566339,0.1038301938985844,3.899058529054461,-0.0351917678071877,2313.750623142188,2261.135215719918,2255.432331244895,2351.0086216557984,0.7986531769568972,-0.1226359635490714,18.230578477916744
1.1599999999999986,0.9557253265496388,-0.0041609250893323,0.5606737581691665,-0.0090441375275285,-0.0322294019243808,-0.0017860864800175,0.9994379816292084,-1.0219456776438058,0.0178137457522739,-0.2485017032205229,0.1146964846784901,3.8318818289444714,-0.0268150419440409,2277.11364950698,2239.8304489476977,2235.364559070754,2330.84960525572,0.8183619757413245,-0.1406277278687575,18.022573744471558
1.1699999999999966,0.94720642835015,-0.00419084362669,0.5585340512930612,-0.0084719234607147,-0.012524968258324,-0.0020763697721206,0.9998835134012228,-1.024631357768519,0.0199237905180827,-0.1651557877115688,0.1124342118404638,3.807755787640265,-0.0149029735561211,2219.184119130974,2213.460141577215,2209.513219609444,2285.1527244009217,0.7102058534139367,-0.1570036624556182,17.481253040667657
1.1800000000000015,0.9387343215178486,-0.0042223173968134,0.5571520437695004,-0.0078507274482791,0.007170869720585,-0.0023191587221444,0.9999407813509782,-1.020644734145965,0.0218527450206829,-0.0856757562870226,0.1175625743978063,3.838727489752928,-0.0041284526842969,2161.985302560046,2171.0009316526607,2160.689283804046,2227.433768301257,0.5845997370438617,-0.0909202072366507,16.798910426556365
1.1899999999999995,0.9303779005623516,-0.0042390049229034,0.5564827254560437,-0.0072357551564545,0.0269035977910667,-0.0024809053236283,0.9996087661590346,-1.0091631209523335,0.0233289828774774,-0.013953947045906,0.1383885330955044,3.8792726668295288,0.0014784933094795,2108.484408487124,2113.377998615404,2086.667821137681,2165.0063727779525,0.6259132360091652,-0.0582173498331655,15.941573810551672
1.1999999999999975,0.9222017407824764,-0.0042198371136229,0.5564560933078242,-0.0066570418550008,0.0466779749739693,-0.0025456384368933,0.998884562985643,-0.990007729850914,0.0242532571637086,0.0464441843548144,0.1572520575017564,3.8889010467331104,0.0029731104838879,2045.739886629459,2052.2106985468827,2004.8843790311043,2097.7763363158506,0.7923512484784323,-0.0568170037826754,15.125104152474982
1.2100000000000029,0.9142601405837504,-0.0041442413584344,0.5569829385108999,-0.0061192001576624,0.0664523334349082,-0.0025060392303915,0.9977676896642134,-0.9643977663671164,0.0249051959533321,0.0940674615768182,0.1525312012314776,3.8772671466335575,0.0068241255313834,1972.512337090357,1992.4520591888115,1930.98334629352,2030.2600782382503,0.7269373941345347,-0.125514031225808,14.114773655609016
1.2200000000000009,0.9065938694954156,-0.0039988552965631,0.5579620802432248,-0.0056064411780049,0.0861414588032852,-0.0023575993418414,0.9962643517751214,-0.9344460639895824,0.0257270789545115,0.1304520904721844,0.1280994055607124,3.870265424813952,0.0187861270114308,1906.2168458646547,1931.235788508773,1865.7323822439323,1975.0799299620603,0.5158935968916105,-0.1378145917759958,13.079919186718236
1.2299999999999989,0.8992304002917141,-0.0037830846900487,0.5592855676299338,-0.00508708330497,0.1056198329253361,-0.002105498222872,0.9943913411497034,-0.9018803491301404,0.0269021708084454,0.1585394478519756,0.112695263299632,3.856701824972588,0.0370421003564851,1861.0597727857585,1872.124981778972,1805.923468276529,1940.8894668118216,0.486631393156379,-0.0226978864098001,12.352848171545183
1.2399999999999969,0.892187293271189,-0.003510597287425,0.5608433768447221,-0.0045178538247389,0.1247228249037291,-0.0017780333813194,0.9921797440696656,-0.8672888194003082,0.0282146733596635,0.180143521529697,0.1300336290426016,3.792887072653171,0.0528731112568472,1833.7574480033968,1826.6414033434512,1756.0758697620176,1922.3168484502849,0.5563204918762756,0.0262895747268714,11.858388674043336
1.250000000000002,0.8854776128043274,-0.0032053565069717,0.5625317143690689,-0.0038551514864002,0.1432533039236304,-0.0014313627702144,0.9896775130933312,-0.8304458696536965,0.0292961807872497,0.1952754135397672,0.1746561092674857,3.650439183068136,0.0587527682872279,1814.5779196511608,1798.1520120135865,1721.3195283131604,1906.058278299344,0.6016473049380489,-0.090585366570057,11.298947582315984
1.26,0.8791154963127327,-0.0028934596332306,0.564263977442903,-0.0030738606948042,0.1609975919016386,-0.0011353802664817,0.9869493592347852,-0.7910918039496403,0.0299159398409539,0.2036087804489019,0.2181561721244529,3.440324214777128,0.0548210724268216,1800.1786805258205,1774.488122354057,1696.0245171938072,1884.0545107708217,0.5944991122338052,-0.1815498449945347,10.735120460220076
1.269999999999998,0.8731197405297978,-0.0025940973180817,0.5659774400603197,-0.0021837509343899,0.1777445574114224,-0.0009461910335647,0.9840737819213567,-0.7493323217525498,0.0300692263545562,0.2058096670689576,0.2348946405485984,3.1923233488634346,0.047314989871198,1789.4041059435378,1742.8020476863824,1668.9691116563413,1858.4401769751264,0.5511602587432805,-0.1326838729738786,10.331777372511212
1.2800000000000031,0.8675139077020037,-0.0023133081408611,0.5676308027625314,-0.0012322755665368,0.1932991797086238,-0.0008818502705657,0.9811386909917484,-0.7054789332391722,0.029929906969838,0.2032585157462202,0.2201884555943254,2.925513016279377,0.0423409717612989,1776.2698537087686,1705.1290931674073,1637.470050805506,1836.7232810997489,0.5710121869966049,-0.0951558539031375,10.237477023264535
1.2900000000000011,0.8623229292083103,-0.0020431019497469,0.5691958250978985,-0.0002910550164946,0.2074882257519743,-0.0009148061737184,0.9782370441722904,-0.6597244901931657,0.0297544610889447,0.1970261069712681,0.1884383205197734,2.6400695004400507,0.0419653251054617,1756.6426319664229,1672.5187148766508,1609.2337225772123,1824.487883145184,0.5540363564863644,-0.1307149940555372,9.985262750780294
1.2999999999999992,0.8575680166193058,-0.0017663687986396,0.5706504626968093,0.0005684877278714,0.2201619030454762,-0.0009828037824445,0.9754626837382468,-0.6120723376569104,0.0297359391307607,0.1875060044653257,0.1590662538104088,2.326015126010325,0.0446289426302791,1737.4890287934377,1649.1186340365584,1591.0586241206572,1820.8890934223173,0.5414724531714667,-0.1548885508279084,9.71196783022776
1.3100000000000045,0.8532627996942177,-0.0014653574609899,0.5719772604499919,0.0013010481517411,0.2311958311003593,-0.0010116796003452,0.9729058389484088,-0.5625808195354597,0.0298838281673556,0.174828071137631,0.1437130324882877,1.97434942451164,0.0473215045851893,1730.1441542300074,1630.8131140429591,1581.6445114271376,1819.5396762397413,0.5483017090875353,-0.1076348789926157,9.658785783147692
1.3200000000000025,0.8494130003131368,-0.0011299294187795,0.5731650417517582,0.0019040053310905,0.2404946127617802,-0.0009417995550265,0.9706481489241396,-0.5116258207851095,0.0300528243386831,0.1592909839539408,0.1417530238277019,1.586409044148142,0.0474955072368395,1734.5832058987023,1616.871895704776,1575.8557892041763,1814.6276493994144,0.4903003840630888,-0.0535804643328224,9.4877722065472
1.3300000000000003,0.8460198247589514,-0.0007623028217147,0.5742102197046123,0.002415775187883,0.2479953173975821,-0.0007502619890374,0.9687579283216536,-0.4598470942099438,0.0300869528504766,0.1414272881560969,0.1441793491493815,1.178747191992933,0.0444989419389575,1737.81335859286,1612.689846135787,1570.913635317308,1806.4881261169105,0.5341407874590098,-0.0660037353695965,9.379461219184712
1.3399999999999983,0.8430849807304606,-0.0003767079036309,0.5751156930246799,0.0028954513013015,0.253667334281433,-0.0004604296870332,0.9672870762523486,-0.4077957812624508,0.0299168012858209,0.1219096602162473,0.1418541996761028,0.7754730171231909,0.0399902828679283,1730.0512325665725,1618.9379918844393,1566.6542551580533,1799.6611627150137,0.5153793172253907,-0.1495823263781721,9.326695043964484
1.3499999999999963,0.8406143627601718,5.889817317558973e-06,0.575887188027379,0.0033941681973044,0.2575066497251267,-0.0001321157613904,0.9662705560633702,-0.3556644040208778,0.0295521921140598,0.1014742745007151,0.1318988486183665,0.3893492407141936,0.0362768750881776,1717.091551292874,1626.0147425333353,1563.7883978122786,1795.4387235689069,0.4816206998254899,-0.0950786134591868,9.24103470044682
1.3600000000000014,0.8386186744030429,0.0003660661123521,0.5765284284260573,0.0039336700776408,0.25952915188226,0.0001655113441725,0.9657272483310132,-0.3033687071170209,0.0290493497970882,0.0807825817273669,0.1174715894782468,0.0116035441627885,0.0335195789403851,1712.5416103464258,1624.5829045575192,1564.6261779041424,1789.220306957294,0.4195080228229666,-0.136151786100006,9.202473238539136
1.3699999999999994,0.8371114602269955,0.0006936368572135,0.5770376650638664,0.0045016510451049,0.259772324242828,0.0003838981127557,0.9656593225965284,-0.2508023106754685,0.0284753498151777,0.0602347198063176,0.1024165678294511,-0.372573567884018,0.0291835777106518,1720.3102974824017,1617.813318460624,1572.6763251718778,1776.7649114365893,0.4534405972940449,-0.0919754515641531,9.141195410729123
1.3799999999999977,0.8361059513810195,0.0009910367392216,0.5774076527513136,0.0050614522408766,0.2583091267409242,0.0005096008715943,0.9660489206300612,-0.1979663350865528,0.0278320522071871,0.0399450449644664,0.0873933509667704,-0.7562970688114993,0.0210614174146928,1729.550057774764,1617.685328020997,1588.848869493038,1760.2585526166413,0.3693821697133783,-0.1286345804784787,9.264289681001074
1.3900000000000026,0.835611060057054,0.0012708739393928,0.5776289580963915,0.0055668296355911,0.2552647311127141,0.000555919365644,0.9668550141626308,-0.1450064956597946,0.0270196609787854,0.0199715168306626,0.0713285087689458,-1.1041115721705748,0.0101914311823415,1727.6015381266973,1630.315681969295,1609.770516490214,1745.7156651111711,0.3225148728435312,-0.1293354775769514,9.232609149483944
1.4000000000000006,0.8356260041211642,0.00154952582324,0.5776944396957603,0.0059754377291126,0.2508180526546761,0.0005411783148792,0.968015653660876,-0.0923145971572669,0.0259502273141813,0.0006057866896946,0.0549393363324416,-1.378084531675137,-0.0001274063768876,1714.6063984388538,1649.8411050962727,1631.0437669508506,1737.0571004551366,0.2724038082939239,-0.1064587466757407,9.264101377715122
1.4099999999999986,0.8361346550136829,0.0018404847704232,0.5776023399920007,0.0062602014643322,0.2451755204382568,0.0004714559082418,0.969458380635694,-0.040530738740855,0.0247003977215707,-0.0175734012280945,0.0414971506756554,-1.5717141840021105,-0.0076661225967459,1702.9885977972503,1666.6182726720276,1649.8754549103055,1735.6249542963558,0.238132305132896,-0.0746787955140165,9.317401797650067
1.4199999999999966,0.8371032612229321,0.0021502987863277,0.5773565549283136,0.0064176812630569,0.2385240504521839,0.0003400335890032,0.9711153253348688,0.009792443220223,0.0234769688842941,-0.0339972764828361,0.0345104481096928,-1.7177076356278027,-0.0128951928829705,1703.5044691455996,1676.6168395316315,1664.346581061982,1741.7637740391824,0.1857089714952775,-0.1281054883738491,9.346451668834256
1.4300000000000015,0.8384849488000733,0.0024778154403969,0.5769647556316124,0.0064695700638927,0.2309900653844985,0.0001420892090785,0.9729345888432122,0.0585869381286685,0.0223977618014852,-0.0484987837151434,0.0349268673747335,-1.8621718790420991,-0.0179101130909712,1713.9084206443963,1682.4647932979683,1674.30961924755,1751.9697344677618,0.1509939869753247,-0.1375527620247106,9.444745230531986
1.4399999999999995,0.8402307297329259,0.0028158716283914,0.5764369767682453,0.0064551788561028,0.2226326272677597,-0.0001092095900412,0.9748810348011988,0.1061651029161864,0.0213556810216126,-0.061355787894443,0.0399622708312222,-2.0286312565215976,-0.0243512068002804,1722.1397422319342,1690.4159869759735,1684.14551991321,1757.6693331521376,0.1392627213100841,-0.1281130397544825,9.549784073977705
1.4499999999999975,0.8423029538910767,0.0031539899079947,0.5757869559144949,0.0064184402489405,0.2134764344572855,-0.0003811295714344,0.9769270547468858,0.152628382709359,0.0201599453291081,-0.072873380752904,0.0445569045281504,-2.202721312517343,-0.0317845236816161,1719.8045011292168,1707.0721077412222,1699.6911546788438,1753.028153440135,0.1339176184588044,-0.0674381925561783,9.649356978459814
1.4600000000000029,0.8446857106874984,0.0034807862200637,0.5750352039296555,0.0063956261764141,0.2035616868477689,-0.0006384604081447,0.9790410246674088,0.197494827900498,0.0187921573747038,-0.0829263953301404,0.0443866174170945,-2.3489036182696856,-0.037603575426565,1711.022795201596,1733.6754944883876,1720.18632004003,1742.9047441045566,0.0809149007118072,-0.102578796299073,9.76609864098723
1.4700000000000009,0.8473874462778974,0.0037854038255077,0.5742093104923768,0.0064074731141915,0.1929762047149496,-0.0008658033313455,0.9811821334934184,0.2400483935016425,0.0174311495497917,-0.0909512200536488,0.0379387432561186,-2.4420891340632416,-0.0392003018844298,1707.3946580770412,1761.87802270573,1737.9326949084473,1738.6673147514975,-0.0121176302642305,-0.1155968673306845,9.940249016166554
1.4799999999999989,0.8504336595598382,0.0040580125361805,0.5733374097988,0.0064557035609968,0.1818496971435963,-0.0010748790750852,0.983304559216161,0.2800367633460716,0.0161927721667112,-0.0963953185162669,0.0270764587967465,-2.4860546932710395,-0.0369871332865243,1715.32718829324,1779.7907080764548,1748.415426430782,1746.8002061441275,0.012657571931375,-0.1371048368138971,10.060293180901592
1.4899999999999969,0.8538519221486315,0.0042901636139497,0.5724358958677858,0.0065227696813155,0.1703188971812599,-0.0012894304135778,0.9853665633193834,0.3178839636096885,0.0149330991810935,-0.0991570546363768,0.0163963272176396,-2.50626573651399,-0.0347523758023242,1729.8936403833686,1784.5039383418684,1756.133568484064,1763.5144925413747,-0.026079198931773,-0.1131247656424478,10.188260627746104
1.500000000000002,0.8576557894667182,0.0044763009047287,0.5714986344504192,0.0065751389274425,0.1584928668670205,-0.0015212981956836,0.987337057114822,0.3541449966928558,0.0133987040795322,-0.099534997891468,0.0098674091489639,-2.527812618054013,-0.0360164120265912,1741.198529276727,1785.3508322381826,1767.5866826275153,1778.8784912934166,-0.0597454466676672,-0.1028671851936225,10.279122780661432
1.51,0.8618351583851565,0.0046169322273801,0.5704967647538719,0.0065720195367681,0.1464434738956256,-0.001760116900721,0.9891956426820152,0.3888709464747353,0.0115612413838565,-0.0977196146390431,0.0062316350210914,-2.5578383615902864,-0.0402627510650753,1744.7888816655664,1793.2414822992537,1782.7653957708455,1785.4972098987537,-0.0245918026926497,-0.1180226733412868,10.472080689524777
1.519999999999998,0.8663569616181779,0.0047217055418571,0.5693933106599929,0.0064801892800832,0.1342205923689577,-0.0019865569915301,0.9909282987796544,0.4216248652699412,0.009733445266506,-0.0935449619086019,0.0002254161791875,-2.585092996375693,-0.0437816050674298,1743.8519286064638,1809.9613172415147,1796.6835480490272,1784.723119293792,-0.0935142656117964,-0.0800900480552581,10.560983513027072
1.5300000000000031,0.8711743517749472,0.0048090848234192,0.5681681355358483,0.006290701395968,0.1218695831370945,-0.0021961619789681,0.9925237572242288,0.4519644750987209,0.0083023852539544,-0.0871305305557634,-0.0089744964920531,-2.5953192918617405,-0.0439570966037419,1742.4308805052085,1829.272064322931,1805.939031455351,1784.1098997057052,-0.0963289177888224,-0.0637081606489937,10.565655877699422
1.5400000000000011,0.8762388723328721,0.0049006248590233,0.5668422002206044,0.0060276663930621,0.1094323338194352,-0.0024095709972294,0.9939730507012224,0.4796555612166333,0.0073481478499783,-0.0797060238815055,-0.0136728971501927,-2.587318503692724,-0.0414696149336751,1740.651151975709,1844.965216643931,1810.955395936424,1788.1147546565144,-0.1347810805475937,-0.1222914269773775,10.815118066082972
1.5499999999999992,0.8815102769872798,0.005011333516823,0.5654889403788186,0.005739485488263,0.0969365004751143,-0.0026568565991204,0.9952704729343576,0.5044673479449706,0.0065574176601844,-0.0729825497790175,-0.0070005251349545,-2.5730904416780858,-0.0384855073862449,1737.894415046184,1855.3502849974136,1814.280643491814,1793.0374643270636,-0.1225222637855163,-0.143456178039624,10.848682383403029
1.5600000000000045,0.8869610995703111,0.005140723896644,0.5642239703286827,0.0054733865074966,0.0843927898138604,-0.0029477443264045,0.9964131722688934,0.5260940080340784,0.0055182613171116,-0.0670711217813483,0.0052002671826168,-2.56236906439014,-0.0363592410522887,1736.1930246190357,1861.5781008902964,1818.981562346036,1792.1169131913418,-0.1154854829847309,-0.1300414789825672,10.86827441929324
1.5700000000000025,0.8925755493540907,0.0052699082340478,0.5631718509373396,0.0052490549933266,0.0718107700930961,-0.0032533186835491,0.997399156124496,0.5444640811789698,0.0040763081823294,-0.0596286165967658,0.0083885845492739,-2.5501183250196955,-0.0356041186857634,1737.0760166352247,1864.0059844665652,1826.768415866956,1784.0018735352064,-0.1681741196948112,-0.1398044034367388,10.890685898066502
1.5800000000000003,0.8983439536652922,0.0053677914055774,0.5624212385887511,0.0050514987544923,0.0592217834445393,-0.0035162812936537,0.9982258754870288,0.5599687797345176,0.0024189091588446,-0.0481701934202426,-0.0029050737050793,-2.522745251919652,-0.0365221765851279,1738.01305157232,1861.3042613784532,1835.374921446056,1774.6871191324085,-0.2287800686228867,-0.1496436079443899,10.858970745282551
1.5899999999999983,0.904254950870376,0.0054046453210544,0.5619914231067459,0.0048491814618328,0.0466873360439697,-0.0036839985526995,0.998890988169846,0.5731598059396886,0.0008740885127131,-0.0331252384881329,-0.0167235896286816,-2.47659398063174,-0.0384853829411728,1735.2434819761338,1853.195162170456,1838.8762079935304,1771.268236074314,-0.2451169749457794,-0.1125389248294003,10.965281517366147
1.5999999999999963,0.9102880130363588,0.0053664626353192,0.5618305304895322,0.0046221691685402,0.0342839718255859,-0.0037417384855441,0.999394438758364,0.5842339848860777,-0.0003539078306882,-0.0175676916185124,-0.0173646971028192,-2.425767357404776,-0.0392960433953036,1728.3038925757992,1842.785972093273,1833.1237474324148,1774.6110713386838,-0.2468302184188319,-0.0721875321088235,10.9433504010236
1.6100000000000014,0.9164086185194456,0.0052621691294601,0.5618449903137469,0.0043765001015514,0.0220783586029916,-0.0037253285996496,0.9997397232555498,0.592928390473962,-0.0013138182869575,-0.0039843165519163,-0.0045650239661441,-2.387178791915425,-0.0366997343465294,1719.7738174901033,1834.594951602924,1820.7850965437192,1778.2807311965544,-0.2575586243549289,-0.0617954657464909,10.856432554551867
1.6199999999999994,0.9225678720811088,0.0051198334282867,0.561939116832497,0.0041338196958534,0.0101147582058812,-0.0037071669807362,0.9999334278411416,0.5988346474755066,-0.0022404458096464,0.0074687550418459,0.0057916982369069,-2.3595140790836813,-0.0307700068487401,1712.2182073672193,1830.095495801156,1808.7271551886424,1774.3297399429275,-0.1863535792487412,-0.116768504749921,10.696627645005677
1.6299999999999977,0.9287077822109177,0.0049747451064854,0.562042753354839,0.0039082617098903,-0.001577342487673,-0.0037637282110415,0.9999840357880904,0.601645019198665,-0.0033526892502629,0.0175126593415545,-0.0002101031605405,-2.322860561723652,-0.0242290790427301,1706.4835485455278,1826.507585592391,1800.589860548584,1760.6653821022355,-0.2005035279999401,-0.1207761722273346,10.64017588800024
1.6400000000000026,0.9347719964831596,0.0048564565484318,0.5621202636703281,0.0036939614806847,-0.012970471910552,-0.0039404018027709,0.9999012924987292,0.6011913390880038,-0.0046637475220108,0.0263038145492381,-0.0193721858875401,-2.2602405333431763,-0.0201805071466292,1701.2182225069728,1821.5071245704755,1794.904726799676,1743.0574488600876,-0.2341415891874501,-0.1455504131783965,10.615577391246148
1.6500000000000006,0.9407189136425465,0.0047809590832655,0.5621659171205298,0.0034723944200828,-0.024030495935665,-0.0042280233663265,0.9996962546496266,0.5975471727122132,-0.0059647476462103,0.0341506964301522,-0.0353485749912729,-2.174251039034047,-0.0195113449742696,1693.20690338066,1817.9721393166944,1790.1644697526303,1728.9523638898838,-0.2488630828221711,-0.1732556272784333,10.49908336140468
1.6599999999999986,0.946531220859617,0.0047499536190248,0.5621916605810088,0.0032341793153739,-0.0347201656278376,-0.0045680941286559,0.9993814000165118,0.5911734869997355,-0.0070131546161729,0.0420018099347261,-0.0356966825326761,-2.080670097341472,-0.0203538826282116,1680.1188340820904,1820.068961182988,1786.9535599374683,1719.7740314361483,-0.2625634270879933,-0.1643326026403591,10.407054415086206
1.6699999999999966,0.9522161949352378,0.0047552510017566,0.5622132160347791,0.0029884637265809,-0.0450040145457767,-0.0048807205630402,0.9989704131384992,0.582749377722769,-0.0077494148026516,0.0498864153152275,-0.0236865722742461,-1.9915779893734036,-0.0199793562242007,1664.040792624397,1824.8616721689536,1784.0310318921297,1711.1107814520456,-0.2468102919732915,-0.1240080501876392,10.24360332692382
1.6800000000000015,0.957795667644582,0.0047846840606324,0.5622427109581439,0.0027524889913069,-0.0548474323345053,-0.0051021522816249,0.9984779171382608,0.5727099963346054,-0.008326003136224,0.0560255114247262,-0.0138876883731217,-1.907849694587985,-0.0172748706115296,1650.2685090727807,1824.149113624459,1777.7312376307254,1699.1727097064374,-0.2739458091970816,-0.1260187030650014,10.2136360203505
1.6899999999999995,0.9632903601543794,0.0048264370991731,0.5622911699787204,0.0025315157412767,-0.0642118870297085,-0.0052093071585317,0.997919479773325,0.5610173247263506,-0.0089421229136212,0.0589341844677335,-0.0171359964307058,-1.8212347208303783,-0.0135337780156781,1641.2736631909152,1816.1166182886516,1768.0583733238968,1684.229557221301,-0.2375307183531139,-0.1476155505260588,10.188551563553164
1.6999999999999975,0.9687061244242386,0.0048704043400173,0.5623727392610388,0.002310878980665,-0.0730498098602786,-0.0052199276777608,0.9973119559459582,0.5474434898144231,-0.0096651866653891,0.0596164132517135,-0.0300128085119605,-1.7172759329373783,-0.0111350023927618,1634.3348880489648,1808.10599094502,1761.064814941033,1669.3214680891158,-0.2546631936149681,-0.1974989825082734,10.030668785570882
1.7100000000000029,0.974028045717795,0.0049070641549115,0.5625006554837544,0.0020702322550364,-0.0813033746932497,-0.0051740758071784,0.9966738204354728,0.5320082387895496,-0.0103890267882359,0.0602841352757927,-0.0384694908032605,-1.5818850470595094,-0.0116011503845069,1627.0088867753352,1805.141899662564,1761.6189396706138,1659.2559895978711,-0.2928043357079799,-0.1552367389197957,9.906349005157258
1.7200000000000009,0.979223991284416,0.0049256538802779,0.5626773189060075,0.0018074768888898,-0.0889122187717193,-0.005112024737727,0.9960247073157708,0.5150701594835261,-0.0109485524858773,0.0614877088479069,-0.0312601653141116,-1.4157630736654965,-0.0144707942732489,1622.0768415945038,1802.936214263308,1766.4553084199883,1659.231278025093,-0.2304403215327455,-0.0975932044712571,10.007011986639816
1.7299999999999989,0.9842547468571536,0.0049137315572519,0.562889864033481,0.0015486607594604,-0.0958311255037819,-0.0050608342206449,0.9953835366287316,0.4970102929481427,-0.0112985904210851,0.0620044811562062,-0.0104108429875411,-1.242696101452085,-0.0173704710449866,1623.9179803607117,1796.8364460377506,1767.8652491693997,1669.407765156692,-0.2601236675487068,-0.0995748369648136,10.037398173108627
1.7399999999999969,0.9890855616351149,0.0048594348032354,0.563115818758104,0.0013314579804023,-0.1020478344137296,-0.0050328390214776,0.994765870565782,0.4778876667061547,-0.011592240149901,0.0613196687949388,0.0100783922400767,-1.094292765874819,-0.0172217313162604,1631.63672866226,1791.64566264115,1762.7591048066772,1680.7997733670825,-0.2563674959758761,-0.1354363117909621,9.945966100312004
1.750000000000002,0.993694448803899,0.004756150044957,0.5633319191028132,0.0011738361849066,-0.107584260564369,-0.0050313608335768,0.9941825458111762,0.4574751197408381,-0.0120607673114274,0.0604960491265249,0.0154721373890686,-0.9819027802194374,-0.0122199742837169,1639.0007532146094,1795.4380386401208,1754.5027604543052,1681.7852847604415,-0.2486118512194046,-0.1201360569045976,9.846316353406724
1.76,0.9980749586625188,0.0046074865166568,0.5635190049330071,0.001054109999757,-0.1124737922258525,-0.0050560825046791,0.9936412687404595,0.4356803465669743,-0.0128014412056033,0.0600607278212317,0.0020923631720802,-0.8873835396758017,-0.0034082889680505,1640.7529484767945,1806.0418448674604,1746.882478929467,1670.958896348397,-0.1711076470489332,-0.1342872550228524,9.7882160929538
1.769999999999998,1.0022335440393777,0.0044293354053363,0.5636644262279169,0.0009205244077497,-0.116728374377188,-0.0051028972145104,0.9931503409303608,0.4128689662440878,-0.0136821976341692,0.058597905341364,-0.0196728602266236,-0.7826913411754739,0.0056921540856864,1636.5944689585522,1811.440995803588,1741.1616681590572,1659.543928791529,-0.1935592248654578,-0.1150500783717463,9.917734058848126
1.7800000000000031,1.0061830058667731,0.0042464401841699,0.5637653874395634,0.0007255679059116,-0.1203215690567522,-0.0051584846961817,0.9927213020815936,0.3896529483319688,-0.0144347251146809,0.0547497055616728,-0.0337600173029873,-0.6535482773282237,0.0116397607168953,1629.6484917431735,1804.8225487414363,1739.14970371376,1657.916752009205,-0.1850079535796038,-0.1034551761094934,9.87648227962509
1.7900000000000011,1.0099342545596666,0.0040837061636105,0.5638297492745016,0.0004611226739973,-0.123204046955001,-0.0051951369529932,0.992367654013284,0.3663749796576953,-0.0148231964163707,0.0496432006787748,-0.0315551271189425,-0.5036391631317251,0.0138252237570486,1624.1321293039662,1792.6546809450665,1742.856263483689,1663.4313071073768,-0.1734471146058953,-0.1488960664740825,9.80611792688235
1.7999999999999992,1.0134894365767404,0.003956063699942,0.5638692498646422,0.0001686459875954,-0.1253435780755842,-0.0051732873581858,0.9920998921941532,0.3429170645362641,-0.0147725769398485,0.0457053403900587,-0.0183259444319166,-0.344856495714354,0.0147006521404824,1624.443286694078,1784.987462300117,1748.9548916321298,1666.2832265180691,-0.1641735755228706,-0.1440436660267165,9.723090004493304
1.8100000000000045,1.0168395275256077,0.0038623042261831,0.5638896656007467,-8.470936405993708e-05,-0.126761875064985,-0.0050558088846621,0.991920288456111,0.3190005277178183,-0.0144364332017387,0.0434801035230688,-0.006979917889704,-0.1907730882768335,0.0170291493820239,1632.6675962366671,1783.207798418692,1749.9674382237308,1664.5028067452656,-0.2011868362065678,-0.093012978161381,9.88269359329382
1.8200000000000025,1.0199674031591128,0.0037863521416042,0.5638884775725,-0.0002488547218618,-0.1275399343036267,-0.0048299381835938,0.9918216447155692,0.2945366414594978,-0.0141706542585874,0.0412935113006535,-0.0052534910105301,-0.0551626837823997,0.0210816308404202,1645.229727274478,1781.358094034391,1744.966710674672,1666.0809351559774,-0.199278558082308,-0.1019228201453879,9.921500463696116
1.8300000000000003,1.022854234652267,0.0037052901618563,0.5638619108210413,-0.000323724446139,-0.1277838328181425,-0.0045238493676789,0.9917916727114048,0.2696615212587798,-0.0143349188362956,0.0380758793198814,-0.0092306219857639,0.0533112179292413,0.0250653658243726,1654.5837290499005,1775.9352507990243,1743.4778865372668,1675.6129128316702,-0.1539919959052609,-0.157881240106445,9.812731063028252
1.8399999999999983,1.02548586741382,0.0035999157784911,0.5638114845655297,-0.0003612321118706,-0.1275719478299267,-0.0042029761692652,0.9918203479610408,0.2445675816425107,-0.0149893440056894,0.0347566231683806,-0.0096487045418829,0.1388023285982293,0.0280195580549827,1656.8973198888343,1769.8706743341438,1752.8274387438855,1685.5755296670025,-0.1277057831551582,-0.0728973899578814,9.821044131841894
1.8499999999999963,1.0278572887932629,0.0034624780363221,0.5637420089753659,-0.0004357720068704,-0.1269199777635911,-0.0039417897213982,0.9919050315635262,0.2194200285216976,-0.0157743455333314,0.0322284057874126,-0.0037287030536994,0.2170639973083444,0.0308933416528835,1657.2651470188207,1767.670305921878,1765.7852727764557,1685.194069004248,-0.0961466182881491,-0.0856338845801685,9.890360802402686
1.8600000000000012,1.0299746742903098,0.0032978955441663,0.563654421323635,-0.000601315128701,-0.125787795607916,-0.0037848935127501,0.992049768649393,0.1944250439287299,-0.0161868920198514,0.0294519135407782,0.0010642003774213,0.3035552602318086,0.0341816960587485,1664.1448867888917,1769.7095210347402,1768.7798628533528,1674.6547900951837,-0.1297985104588792,-0.0973973727953572,10.014552384133564
1.8699999999999997,1.031854417217565,0.0031185179338796,0.5635415484449968,-0.00086024160549,-0.1241220642609207,-0.0037217332718823,0.992259604060067,0.1698873947191534,-0.0160500531638699,0.0248507003952456,-0.0038166583338426,0.4029232516434032,0.0361191001525042,1677.8816159844391,1771.5485532985738,1760.7721817535,1665.5620651004904,-0.1114262806307722,-0.0693857644758751,9.977482550010944
1.8799999999999972,1.0335188842159582,0.0029363588864083,0.5633891722422003,-0.0011627638318147,-0.1219055951263388,-0.0036917728069902,0.9925341528988844,0.1461176562775308,-0.0156910407089312,0.0188212718125511,-0.0161833889093142,0.5082721559070856,0.0348695025437914,1688.8191371616058,1767.433693031467,1754.895842862078,1667.5207849883857,-0.0654914944449891,-0.1405125415297654,9.887293652255314
1.8900000000000023,1.0349903964916949,0.0027579074712193,0.5631797994532666,-0.0014379219042566,-0.1191838214955428,-0.0036179670194993,0.9928645725319046,0.1232433902059419,-0.0156122778862214,0.0135809598396753,-0.023341813612316,0.606030209600561,0.0314885950372156,1689.7061261517151,1755.4778640812165,1760.0696046491428,1678.1445437100003,-0.0396486718774853,-0.1523694182926948,9.897959972604834
1.9000000000000008,1.036285965760944,0.0025840316218686,0.5628981690569559,-0.0016365589713226,-0.1160555504511306,-0.0034498209883839,0.9932353848002832,0.1011146450121514,-0.0159923197490528,0.0107111614242424,-0.0160630902401927,0.6818237245632722,0.0288090467423269,1685.8785742592736,1741.6632819553247,1769.6102847580703,1687.7203256183086,-0.0356876486746644,-0.1603237777708465,10.025387333869618
1.9099999999999984,1.037414181426075,0.0024133175674601,0.562539186317654,-0.001758600359932,-0.1126351185810046,-0.0031916014503604,0.99362973539805,0.0794305342967815,-0.0165328183149962,0.0098192586394589,-0.00098740595601,0.7296024478394807,0.0280095526140279,1688.0477335985815,1737.5008319058802,1772.1689664129945,1690.551578641048,-0.0852740570338692,-0.1173466721204456,10.03127045442596
1.9199999999999968,1.038374098834481,0.0022450072908683,0.5621154046987883,-0.0018489138651509,-0.1090068207451881,-0.0028982905474985,0.9940350569574736,0.0580075326060214,-0.0167815810450317,0.0096293806202531,0.0044164295360953,0.7605409905104251,0.0281237155934116,1697.6766126769808,1749.7246444447678,1767.4341229709703,1688.907140903009,-0.0076957008807734,-0.069,10.04385886262287
1.9300000000000015,1.0391558277987376,0.0020791415217017,0.5616577073076852,-0.0019681378760167,-0.1051966886538604,-0.0026401907792489,0.9944459827070612,0.036963434645915,-0.016574721495504,0.0095499422377961,-0.0088158112277769,0.7980654512085332,0.0283094390424111,1706.0492786242626,1771.3381768644178,1764.811820025169,1688.0833109821535,0.0528859438990143,-0.09,10.05760232824096
1.94,1.039743145810608,0.0019149026545475,0.5612064231906692,-0.0021598115548727,-0.1011779037897361,-0.0024579580851516,0.994862968172408,0.0166453628021867,-0.016158488944402,0.0099309882905683,-0.0286179292753452,0.8564709691012604,0.0283724778755161,1707.8471364642453,1785.882904011237,1769.6469545232865,1691.2120091391564,0.0350759120309664,-0.11,10.186017770281731
1.9499999999999975,1.040118508922595,0.0017500318597326,0.560797754716277,-0.0024333647033701,-0.0969051305238581,-0.0023376967614004,0.9952879028644056,-0.0026564020057972,-0.0159041724824011,0.0113904550384116,-0.0322998839483838,0.9242976120178946,0.0272550169797509,1709.12403425362,1782.5644602167138,1777.2336000836378,1697.785675769688,0.0411604656572819,-0.1251451501182582,10.21360885992648
1.9600000000000029,1.0402699547374656,0.0015827444891749,0.5604529849415534,-0.0027667097387959,-0.0923540122215742,-0.0022224577932595,0.9957199116343692,-0.0209439658237009,-0.0159325712792644,0.0141724668438229,-0.0115805604207062,0.9734341570040748,0.0236664377107986,1718.536941336961,1766.284419027192,1780.380823625394,1704.1417772133168,0.0425890879665462,-0.1551452894268714,10.208349701340312
1.9700000000000009,1.0401979615992758,0.0014144662418055,0.5601736986952167,-0.0031155243594488,-0.0875418678634994,-0.0020517322735205,0.9961538562258409,-0.0384226809492555,-0.0160144132102325,0.0176747240690611,0.0140729123645395,0.9866151985838124,0.0190516463631148,1734.5583085132178,1752.0413593433682,1777.70048338428,1706.4320357290153,0.0380928137761069,-0.0919221092364892,10.12424597486016
1.9799999999999989,1.0399192090170144,0.0012502835645402,0.5599422948352047,-0.0034152192313939,-0.0825230310275545,-0.0018023896970849,0.996581676040156,-0.0551541167502575,-0.0157962714806728,0.0203447608681321,0.014106014080984,0.9750638947961878,0.0174695000524477,1745.6514183110592,1749.9867051254569,1773.383632563354,1705.372321868974,0.0566280086468287,-0.1279428482815335,10.125645062528625
1.9899999999999969,1.0394646004942971,0.0010958582167154,0.5597270409709687,-0.0035795751856347,-0.0773699711453013,-0.0015043819190275,0.9969948901782332,-0.0708766881016406,-0.0151089837826208,0.020644773050253,-0.0167457594909921,0.9680629897314484,0.0204915375914672,1742.3412523039208,1755.583004348968,1772.733671784148,1705.9532762230965,0.0824152442570773,-0.1151708436873601,10.171208852460872
2.0000000000000018,1.038871411386764,0.0009530814227028,0.5594908731861259,-0.0035199651785236,-0.0721560847915537,-0.0012221179217445,0.9973863923778394,-0.0852480987309881,-0.0141209982765878,0.0186378073980044,-0.0390955120186667,0.9843078094936908,0.0236058547057491,1727.4136674138592,1753.957206906835,1778.1677709430014,1710.042408418491,0.115323489508226,-0.0801844321521637,10.089923079276083
2.01,1.0381728390810403,0.0008185341858434,0.559201421526248,-0.0032084237996759,-0.0669476405380872,-0.0010160038020579,0.9977508141712434,-0.0982037544015966,-0.0132510874650897,0.0161496469492291,-0.0025899354748977,1.013277295078215,0.0205077827580746,1716.5707451472151,1737.4242596166596,1784.4177685104798,1711.3437998464078,0.1042694461605893,-0.0461602029276923,10.029769740844657
2.019999999999998,1.0373900514619878,0.0006870011525026,0.5588402011653523,-0.0027796827709338,-0.0617999598244594,-0.0009106116579184,0.9980842695463128,-0.109984097163925,-0.0128760636839028,0.0147744965080403,0.0753546387877361,1.0260709560828407,0.0118104894903736,1730.480267970943,1722.6320499539545,1776.7300118996409,1699.7035311983475,0.0747372817067062,-0.0691770600827963,10.00713664687264
2.030000000000003,1.0365303889220387,0.0005583746178417,0.5584114381218089,-0.0026256533046327,-0.0567491496775486,-0.000887805858303,0.99838462115377,-0.1208679585494855,-0.0130065301305061,0.0142603784067598,0.0613403391053853,1.0054905342502487,0.0076791473788946,1779.3749820972355,1744.0244469746908,1742.054674800288,1670.096578558759,0.1046294046412802,-0.1320051258660236,9.990243738294351
2.040000000000001,1.0355917064781657,0.0004435066865422,0.5579495347415848,-0.0034090889630614,-0.0517999952755024,-0.0009044012681507,0.9986512507678774,-0.1309854524829832,-0.0131900705476814,0.0137778057894165,-0.2239786803378884,0.964240802564268,0.0189484174036564,1847.8767239262725,1817.257908995388,1688.669517850924,1629.739961607189,0.1856555595068763,-0.1639759796226704,10.10138994235105
2.049999999999999,1.0345696195809486,0.0003650417575447,0.5575183692341865,-0.0059424980912372,-0.0469215600578404,-0.0009203561194463,0.9988804767652572,-0.1403415394554009,-0.0127367032486136,0.0143080456084881,-0.8393618991141881,0.9326345482585634,0.0442678900447239,1899.729755363793,1908.8035717283735,1648.6733142958744,1599.0661176164244,0.1250493438215517,-0.3990725817348856,10.12189350429144
2.060000000000004,1.0334635727577108,0.0003527417364689,0.5571952508427697,-0.0109525076018095,-0.0420609319194746,-0.0009215173102124,0.9990545887933976,-0.1488804432758298,-0.0110447891575062,0.0181956988773654,-1.6233875645414877,0.9294909622849804,0.067812404139321,1907.4990180867944,1956.5655434588448,1650.6887836408737,1600.5904188920476,0.0624875006995407,-0.6370131605038267,10.192232688753789
2.070000000000002,1.0322792890353207,0.0004366789474533,0.5570434239833708,-0.0188366343022455,-0.0371734768607514,-0.0009268913121548,0.9991308496381952,-0.1564758906729161,-0.0077023442508997,0.0258960334749659,-2.2964125926421066,0.9448010417483316,0.0724597164019566,1877.4388885422964,1928.4011769390715,1690.5368462291026,1638.8517472546132,0.0769993455148332,-0.4106321807346069,10.430745601779169
2.08,1.0310276516552797,0.0006425537567083,0.5570891263789469,-0.0295435615884947,-0.0322561447887225,-0.000978813591042,0.9990424220302108,-0.162923005340931,-0.002308774844737,0.0345689420381489,-2.680851669285504,0.9478159986565812,0.0555297098678508,1840.833499703356,1853.3156598482144,1736.274039114185,1692.251821413104,0.0790795189073816,-0.1273997876700484,10.742665100425082
2.089999999999998,1.029721514892972,0.0009906805144845,0.557316781772144,-0.042636324342704,-0.0273663407602135,-0.0011221376403769,0.9987151586148352,-0.1680407456217801,0.005684940778401,0.0409705945693465,-2.817451269825046,0.9113532168622652,0.0301341279844732,1824.274288651535,1791.1712755039662,1762.1466683348392,1730.6314240215102,0.1715988704152988,-0.1847299119512251,10.648287547930074
2.099999999999996,1.028372114970578,0.0014970838748109,0.5576810019154586,-0.0574852608934345,-0.0226138338235806,-0.0013837472140681,0.998089246782802,-0.1718320736953855,0.0168525785126041,0.0448934034815187,-2.8808353735225767,0.8333230215705123,0.0111908118583587,1831.5170846803603,1778.3509584835122,1770.7413747313071,1741.1250102535928,0.2450792445261032,-0.2463253231094299,10.481232799399008
2.110000000000001,1.026986512607177,0.002174785449745,0.5581248347634078,-0.0734736903406228,-0.0181257352116742,-0.001763443606944,0.9971308664450276,-0.1745136126735501,0.0315297587189847,0.0486947321066364,-3.010786712003095,0.7402716913985434,0.0018525172914453,1848.6285678777683,1804.7921850972616,1780.8122763992978,1735.3172256657097,0.1667218290694125,-0.1564612331481101,10.54522791552338
2.119999999999999,1.0255669425849108,0.0030353612448074,0.5585977862450323,-0.0901202353015186,-0.0140007017603877,-0.0022397362256587,0.9958299589393036,-0.1763608181489769,0.0497669791479706,0.0541858787773364,-3.219435562066037,0.6683374968225062,-0.0059909858539027,1860.3578930766616,1834.370071038318,1801.7344223450468,1735.1949617965945,0.163818053848142,-0.2611506579515856,10.64940801336792
2.129999999999997,1.0241119828898355,0.0040926834317149,0.5590725614141325,-0.1070933284196194,-0.0102779727623851,-0.002783961981681,0.9941919491927038,-0.1775544903031969,0.0715847750999604,0.0613004763481092,-3.4200449112451947,0.6332562823992417,-0.0202692361390605,1861.572502758071,1840.193002257008,1827.0857225610048,1754.8300659840168,0.1839905113766398,-0.3063255407168856,10.710501762799344
2.1400000000000023,1.02261882886362,0.0053704625701097,0.5595565207294804,-0.1241585244380957,-0.0069381116319653,-0.0033727466344499,0.9922324062418424,-0.1781941834704148,0.0972532418896699,0.0694498604322807,-3.518598881964868,0.6162397374530219,-0.0403901798105164,1857.080401719036,1824.3018787426763,1849.130610508201,1790.7894313175773,0.1272341961729923,-0.1461356139789229,11.020025373734455
2.1500000000000004,1.021086081065389,0.0069125688250574,0.5600899981683293,-0.1411220489648392,-0.0039285476256554,-0.0039940381860269,0.9899763539946228,-0.1783955320958745,0.1272788250304136,0.078717338321883,-3.4893451569655616,0.5841531661924514,-0.0596572039571865,1855.950116746104,1811.5314487856729,1868.202996719737,1825.460943073348,0.0757371292813177,-0.1044406172220688,11.272883979746378
2.1599999999999984,1.0195166489973126,0.0087919059737926,0.5607292110111012,-0.1578129168092091,-0.0011903037226802,-0.0046475507962392,0.9874573746429836,-0.1782648388487399,0.1620817132190195,0.0893302729888086,-3.3885182244516563,0.525303020035806,-0.0728231834032397,1866.9251720545612,1825.589978321384,1885.9495276072075,1842.447869105732,0.204574162714319,-0.126805020379781,11.592462716560972
2.1699999999999964,1.0179200603231984,0.0111121874601893,0.5615226352552386,-0.1741049593088579,0.0013301860410153,-0.0053409068891908,0.9847117184550808,-0.1777255783275177,0.2016741209421337,0.1008710565161684,-3.30411729569721,0.4601156702120816,-0.079734242149051,1891.5244812759856,1865.456330829882,1901.732756735812,1843.793178536084,0.1655966761449884,-0.0485646365301346,11.776736133285338
2.180000000000001,1.0163130704951493,0.0139977621068039,0.5624940679491807,-0.1899483830847572,0.0036800452850242,-0.0060817549600143,0.9817683440032036,-0.176442017389194,0.2456236618189784,0.1126015850834017,-3.279705879870572,0.4160654561980171,-0.0835083794502632,1917.9139701249312,1903.5676791787432,1920.998183917715,1850.030919572127,0.1436486214367584,-0.135799558653467,11.930004461421165
2.1899999999999995,1.0147178722267896,0.0175684868244655,0.5636391506018025,-0.2053739225159707,0.005897271138632,-0.0068681428231109,0.9786417131707,-0.1740217755187749,0.2932579530626774,0.1240892251748397,-3.2794951050392678,0.3995351201081625,-0.087571122563779,1931.105712081845,1912.9240182074152,1953.4322539181603,1876.9641694942588,0.1492559043100489,-0.3536155890309853,12.033368679896869
2.199999999999997,1.0131586382486346,0.0219000290921259,0.5649327579519053,-0.2204506904126468,0.0080022223741323,-0.0076827508336506,0.975335036217448,-0.1702946004085744,0.344009018386114,0.13497720637322,-3.2375106065799706,0.3941786538398959,-0.0940466901554032,1933.295917384482,1897.0352049008711,1994.605887371235,1914.6883279121037,0.1739701712431219,-0.3505302320644352,12.32822031081642
2.210000000000002,1.011658514779083,0.0269772900358237,0.5663403997932019,-0.2352085225157091,0.0099885264937114,-0.0084960664993111,0.9718564694071348,-0.1653824770395567,0.3980977647956794,0.1445745852430097,-3.139161530252885,0.3792980219886148,-0.102901909908277,1941.802356836347,1885.6335700749692,2022.966630547632,1938.9830074654888,0.2044859676180793,-0.1938059717545535,12.536988363656542
2.2200000000000006,1.010238953175494,0.0326590891696062,0.5678275983451259,-0.249558736365581,0.0118204162064857,-0.0092772861285597,0.9682430721809524,-0.1596256342739728,0.4573371173399777,0.1524908573742094,-3.0306067390805294,0.3460369111432068,-0.1118297316985078,1962.0802167108056,1899.1137892550057,2025.2483539343625,1942.364932080583,0.2202538670006885,-0.2368256787429699,12.76331130577246
2.229999999999998,1.008921104682874,0.0386791875569626,0.5693637937708668,-0.2632552037434247,0.013442188099672,-0.0100051295859656,0.9645806874819074,-0.1535068082642697,0.5244072668506243,0.1595590479787153,-2.9443909286410896,0.3007187965860777,-0.1176674966281668,1977.9630010303329,1926.7745110181197,2014.00999892306,1941.6092187099396,0.1587650924744131,-0.2785436210784278,12.858827750330438
2.2399999999999967,1.0077263819491884,0.0447042320420912,0.5709212646174926,-0.2759339590231814,0.0148020017813158,-0.0106714442411605,0.9610033669446048,-0.147480002378168,0.5992852528777886,0.1672259020732434,-2.851293210025088,0.2566195170126907,-0.1187028946059626,1976.8441089797047,1945.3400491838895,2010.010193453112,1952.4723473482136,0.1535840251014621,-0.1475035454167734,12.954063305674524
2.2500000000000018,1.0066725890738706,0.0504495475807047,0.5724741160146185,-0.2872492364570315,0.0158822637752716,-0.0112778489478107,0.9576577885525368,-0.1417372577480709,0.6756038831448861,0.175690148870954,-2.708418601012073,0.221340761251756,-0.1160569088448059,1969.8281025038737,1949.5537314673145,2015.8185031248408,1969.529746259487,0.1180566776518578,-0.1076186641813512,13.108863259645425
2.26,1.0057649217177482,0.0558222540481675,0.5740031193518792,-0.2970714980989372,0.0167187429892415,-0.0118312856275526,0.9546355479084738,-0.136178661606504,0.742755643302206,0.1831523280793448,-2.528872388240507,0.1912686253059706,-0.1127002532140434,1974.367543762954,1953.598766497519,2017.9611477466683,1977.145145779372,0.2247766613518316,-0.2778146929523322,13.115286075606257
2.269999999999998,1.0049864321120323,0.0610317908455124,0.575506438689278,-0.3056423749709369,0.0173938745461787,-0.0123427358570547,0.9519074790240698,-0.1305785810431635,0.794661734311431,0.1873175421547553,-2.3689094355533333,0.1595168970511556,-0.1103655771024197,1986.4280673466665,1966.049342698717,2010.3621540377155,1971.771315482952,0.1216284102649294,-0.2565856104748967,13.004611686260134
2.280000000000003,1.0042957456948671,0.0666023486245265,0.5770087236129929,-0.3135575634864082,0.018006160681524,-0.0128274278053784,0.9493117979114534,-0.1246865883364521,0.8369893243378764,0.1875621715759106,-2.2498914515958868,0.1278515474669849,-0.1075075994898303,1984.2955875434052,1976.571926902816,2002.408987620809,1965.354839825724,0.1361267383833875,-0.2269393409300004,12.919353858561788
2.290000000000001,1.0036369505097815,0.073253810338428,0.5785592663512563,-0.3215314603194995,0.0186321176113353,-0.0133016441342551,0.946622115990036,-0.1182327074133314,0.8841685230128495,0.1853671942148545,-2.1231487467708416,0.1057010061901258,-0.1014273637564687,1958.483284257404,1971.5297583815943,2001.266118658938,1968.5524347670491,0.1729326784199304,-0.2458295794367382,12.882404231458834
2.299999999999999,1.002958851107821,0.0816768988441974,0.5802163767649724,-0.330049992049561,0.0192993019168738,-0.0137745812352364,0.9436656190650372,-0.1109752189027115,0.9487374604582036,0.1823637478320504,-1.9264678387068548,0.0950851473187978,-0.0921220368633412,1925.644830603924,1953.1095361435575,1997.8610894524345,1976.4801135301784,0.1561002991268315,-0.398477245057828,12.723851557523124
2.310000000000004,1.00223416479921,0.0922822536068339,0.5820248218239035,-0.3391117108440702,0.019981174737665,-0.0142398664124516,0.940426087701243,-0.1028162634488423,1.0338794307328314,0.1779825009221729,-1.6590447073749504,0.0820750861309236,-0.0821575674541439,1907.3065854220872,1935.0288007121967,1979.714686195775,1974.9097543299708,0.1489201778768313,-0.3063592622179509,12.500923588246367
2.320000000000002,1.001469012486623,0.1050225246794767,0.5839976755722661,-0.3482044473555942,0.0206142544701421,-0.014673569793124,0.9370770521701788,-0.0939608255867623,1.1346647122797755,0.1697038441421697,-1.3781914082779374,0.0508399146332111,-0.072498730407661,1902.3999499363615,1924.512980879954,1951.455480909408,1959.2322850016571,0.1521274173434718,-0.1760493656578514,12.458962505194556
2.33,1.0006989255436385,0.1193639430625455,0.5861088755168451,-0.3565168868992334,0.0211292669502677,-0.0150422711945037,0.933928794668595,-0.0850287820158365,1.2429954090702535,0.1563750858275153,-1.124312309657,0.005310468470887,-0.0604460525879486,1890.190137233968,1916.254564142039,1930.736908212696,1940.698992899804,0.1942124190681115,-0.2891923041649447,12.10560591393886
2.339999999999998,0.9999745434275836,0.1344320605980488,0.588293875972572,-0.3632609978988627,0.0214822542705938,-0.0153185516459784,0.9313137506406988,-0.076890783348507,1.3493568063037444,0.1408933297389366,-0.8720271086751589,-0.0313478653050916,-0.0427952058540008,1857.837126988179,1901.5362348715632,1924.000075468777,1930.437878451541,0.1984267572059919,-0.3425906979518318,11.739120101259788
2.349999999999996,0.9993436875146784,0.1492943374623129,0.5904540190136964,-0.3679497143549224,0.0216710327124474,-0.0154949713550619,0.9294639745089708,-0.0701450765909832,1.4424097541987937,0.1280609547446695,-0.5662668736071711,-0.0418920073628583,-0.0201509952475372,1815.566168316384,1877.7370858016784,1916.5360196937957,1923.596792025104,0.1704186907345055,-0.3190755784713506,11.436622057284726
2.360000000000001,0.9988361630426,0.1632860459710213,0.5924669981303148,-0.3705211096618977,0.0217293765825237,-0.0155861741956306,0.928439019355711,-0.0645905722238745,1.5131939238523362,0.1189263033573642,-0.1935689015052794,-0.0341011308790353,0.0028950251401441,1782.6530915520252,1850.0758942213847,1890.6259011709549,1906.5694354676505,0.1031390726045711,-0.3037191015869478,11.157588011534283
2.369999999999999,0.9984557918199106,0.1762549426681756,0.5942087680397474,-0.3712746969209359,0.0217035480546141,-0.015616199503707,0.9281380230015192,-0.0592911612780901,1.5633714268084649,0.1085400456627866,0.1980380731212517,-0.0315803024263496,0.0218721215345155,1764.855085584149,1825.8094332413773,1847.69587601551,1876.7790774136604,0.1053369908002447,-0.3185967999354826,10.878573991729802
2.379999999999997,0.9981820293593482,0.1886221810947176,0.5955834084832955,-0.3706526282363311,0.0216251498410285,-0.0155993102696283,0.9283887351723764,-0.053380053807976,1.6063679221212142,0.0909424994166736,0.5504346723521383,-0.0500823939196489,0.0360318830017014,1750.3308309874387,1805.7438590619224,1807.34048706682,1846.958110748696,0.1305548440636674,-0.2936138889312287,10.412021854232645
2.3900000000000023,0.9979803272556012,0.2012382778848691,0.5965473952132283,-0.368954557221614,0.0214940619940707,-0.0155275911621422,0.9290691222493076,-0.0468407674173403,1.6564658730279238,0.0654953451918888,0.8573449984991142,-0.0867364304314317,0.0474251146621836,1725.4844567535888,1784.0533246812115,1785.8061277051231,1829.095872333843,0.1398730316483055,-0.4611207667515797,9.969701429310106
2.4000000000000004,0.997816439446936,0.2151057854273093,0.5971181885876871,-0.3661128570674345,0.0212772044094203,-0.0153734458550577,0.9302001470785636,-0.0403478965014889,1.7175439597175368,0.036426501282868,1.169179576218415,-0.1288309000201613,0.0574192837787297,1689.3760707297506,1758.6960144845214,1779.8758203335472,1821.0305274786488,0.1738514033520311,-0.4697331506629494,9.777014805799409
2.4099999999999984,0.9976678609497892,0.2310810998198396,0.597369511826708,-0.3616479011986434,0.0209210192847814,-0.0151047187090467,0.9319575923739356,-0.0343596093551762,1.7842750624525436,0.0069994810225204,1.53987491443616,-0.1665048636221646,0.0658786798215117,1651.687824518143,1736.466464457162,1773.6912427628504,1812.050372176869,0.1855985739526367,-0.3767281147312982,9.55160304310317
2.4199999999999964,0.9975277588855008,0.2496461408702201,0.5974193799333091,-0.3548538744790115,0.0203734318381663,-0.014702606866476,0.9345841237650572,-0.0285749397161648,1.8522719082117864,-0.0233153661690127,1.9759612595079483,-0.1953875969371381,0.0735106145445067,1621.8717636933893,1723.630689612364,1757.3829299079573,1796.632981024574,0.1828832300215401,-0.4139916268010601,9.400223552299996
2.430000000000001,0.9974017065118844,0.2707973117044833,0.5974088424925056,-0.3451500163144399,0.0196111945552188,-0.0141730973295051,0.9382355730829798,-0.0223717521236224,1.9233997986907925,-0.0557358556993758,2.435676663937922,-0.2120581953615573,0.0826472160939456,1603.6751909698442,1717.3628636988974,1733.840418086833,1777.7852540419622,0.1424793946224637,-0.5100179175474517,9.294424917227992
2.4399999999999995,0.997301281283522,0.2940679691051658,0.5974661729842932,-0.3324207596971652,0.0186635327360515,-0.0135485266373787,0.9428491652932224,-0.0156808991452996,2.0005159854443724,-0.0885955819713679,2.865851724288272,-0.2132311824484425,0.0946936630728264,1596.3056740120785,1711.2346744829822,1709.3711980315716,1759.483337656212,0.1074820780258708,-0.5122586289507707,9.097819442925251
2.449999999999997,0.9972386162015596,0.3186778245436126,0.5976627347188188,-0.3171386224119852,0.0176156943778949,-0.0128794592014805,0.9481281036953236,-0.0092765811569625,2.0800570882640868,-0.1183430025967861,3.2340525491168286,-0.2008629646840156,0.1081670652442751,1595.9917774752964,1704.0386493230983,1685.344482584553,1741.1041917532164,0.0520675977844153,-0.5678043088113798,8.982920760435116
2.460000000000002,0.9972234121295128,0.3437687329985256,0.5979804200691218,-0.3001748616690379,0.0165803196712684,-0.0122181382877665,0.9536618176892444,-0.0041036190523077,2.1530496732618283,-0.1430574373964617,3.534840947339818,-0.1846847015469677,0.1199038153215002,1597.6257281159906,1698.0709550619908,1661.133500557923,1719.5095276889535,0.0830503955608072,-0.6012966475493133,8.892748322624627
2.4700000000000006,0.9972615613064688,0.3686462858584188,0.5983085483008794,-0.2824080185982362,0.0156454415512311,-0.0115996966131595,0.9590966469697244,-0.0003622149062846,2.213384200857713,-0.163151412200377,3.778912326445373,-0.1763361213274496,0.1269838300379895,1598.7449657468103,1692.6168923936634,1639.5723874663952,1693.529195950901,0.1608817772889012,-0.7526512481031546,8.790494145869454
2.479999999999998,0.9973540259640484,0.3929365326729103,0.5984706808013944,-0.2643768263524965,0.0148292025280342,-0.0110330365364724,0.9642423245973748,0.0026313233230412,2.262919158499464,-0.1789034952292669,3.981012631609071,-0.1809653188885449,0.1273008676327817,1601.636718680234,1684.8944842082446,1625.0190846319042,1665.9178242543876,0.1200206151857452,-0.8231236278562446,8.643966505100261
2.4899999999999967,0.9974956886624587,0.416608962146614,0.5982665728698662,-0.2461679889585143,0.0140717966966439,-0.0105081787545826,0.9690680491735918,0.0057168894114736,2.307995231512039,-0.1898922536431108,4.15468293022581,-0.1959135789829559,0.1203213700530784,1608.8979235543998,1676.1829983527905,1617.5509214681788,1642.0422147086404,0.113117502695751,-0.7981683362534775,8.576798117810997
2.5000000000000018,0.9976752736985508,0.4398835491716221,0.597513732980043,-0.2275458292439433,0.0132718934146755,-0.0100126395313309,0.9736254410647308,0.0091595363280188,2.3525834724756534,-0.1982463482834897,4.312036779075219,-0.2162047202644214,0.1086118412774064,1617.839312893049,1672.1305961602038,1611.7939102901532,1625.6301361756427,0.0905483152004851,-0.890654131884145,8.533971367193121
2.51,0.9978777137607476,0.4630841904929476,0.5960799372087077,-0.2081908866490666,0.012345673510661,-0.0095425152298896,0.9779637413856052,0.0126109322051384,2.3956207819821893,-0.2104283250853119,4.460162083049595,-0.2376348009829688,0.0973064049633613,1622.7873601503993,1676.3443371979038,1601.619477893984,1614.5999040320914,0.1218871199386234,-0.9744344004019024,8.528574754635528
2.519999999999998,0.998088825277038,0.4865038111711474,0.5939004400270635,-0.1879021577001409,0.0112726676552648,-0.0091015860956989,0.9820808862950688,0.0156168925088765,2.433924084761375,-0.2326309359404071,4.590910351144244,-0.2540447365995881,0.090252345913377,1624.1371523613077,1687.7776379656652,1586.2316091152816,1603.0466428078205,0.1105900351964864,-0.9971902503338032,8.652880522973517
2.530000000000003,0.9982999490936728,0.5103213830756137,0.5909730286988636,-0.1666885309982398,0.0101022925405477,-0.0086932021575438,0.9859195228594078,0.0180741086125171,2.466360431519626,-0.2633378175634013,4.676993148021558,-0.2563288143270258,0.0864710320775415,1633.3492522257254,1706.803607813053,1574.1656726452416,1590.7111907724614,0.0331492902235036,-1.0632269683005309,8.805243964509794
2.540000000000001,0.9985096796775892,0.5345804779745704,0.5873308071201216,-0.1447525831217146,0.0089207171486138,-0.0083135272143921,0.9893927409024188,0.0202470941156263,2.494797988481533,-0.2922295419135924,4.690630366765701,-0.2386969679913844,0.081116728571814,1665.4707608988774,1739.5797684850063,1582.0165715539229,1590.371993499883,0.0482328058747397,-1.1683978381134348,9.063382119519693
2.549999999999999,0.9987219315238474,0.5592172350313034,0.5830079167884088,-0.122411878052453,0.0078020299962629,-0.007951598634397,0.9924168642857528,0.0224229666864702,2.5214297409806625,-0.3091543401329137,4.635577204668059,-0.2059457495545697,0.0703319424244441,1724.0404836273756,1790.830726161077,1623.6694082333497,1620.23471777876,0.0790161158677134,-1.2161833893785838,9.473560438026077
2.560000000000004,0.9989423402466834,0.5841159296999897,0.5780242388906817,-0.1000054292371396,0.006774809146867,-0.0075973568853891,0.9949348201025406,0.0245958157969498,2.545939553429617,-0.3145722955861715,4.555422128673806,-0.1726985986301696,0.0552535098767291,1796.873882142745,1856.155819557236,1694.5457413097536,1683.578633624913,0.0585964599188948,-1.269979019748727,10.182634430263272
2.570000000000002,0.9991755667162584,0.6091684896401265,0.5724063099620325,-0.0778170925504801,0.0058215228655327,-0.0072536300320614,0.9969242673492676,0.0265048422457983,2.565819423595763,-0.318494506498102,4.494965867114034,-0.154398038386646,0.0411586195853785,1871.7784738772857,1929.8935486057428,1770.1148141430783,1759.3796815661362,0.0487666036189566,-1.3585341717110464,11.189231433783323
2.58,0.9994243594329796,0.6343163203261502,0.566234099198454,-0.0560335583006891,0.0049051272637474,-0.006942233012911,0.9983927010307538,0.0279580304914103,2.5792611937313605,-0.3274596744215226,4.449551534724872,-0.15653311716738,0.0324434119768323,1949.714263194062,2015.2505793567425,1830.005820032463,1822.618798490318,0.1138258928126353,-1.4591822058069686,11.859877042890526
2.589999999999998,0.9996896992432998,0.6595593224707555,0.5596797762702052,-0.0347411961394888,0.0040019678075551,-0.006695523050544,0.9993659007168216,0.0290555469805021,2.5870056700159374,-0.3352165723744338,4.371785904021301,-0.1692806030904404,0.0284399462334479,2032.4460257221465,2112.740877341392,1882.9768285428283,1874.5352909078772,0.1014059801072486,-1.4299280758595014,12.855902687916055
2.599999999999996,0.999971494129198,0.6849295676319777,0.5530096572764196,-0.0139471290301752,0.0031203624539649,-0.0065366613888813,0.9998764988676644,0.0300610599040952,2.59099849908311,-0.3293915292096002,4.244274581990381,-0.1736211056619824,0.0244706746338588,2106.7742424874136,2203.6442929074715,1954.1386202941453,1939.7972423950257,0.0912643783942642,-1.4816589899179498,13.787737874899266
2.610000000000001,1.00026988072631,0.7104421319995863,0.5465497286546808,0.0063999028408965,0.0022952789426969,-0.0064634233515784,0.9999559975802838,0.031111507996034,2.5917457712569143,-0.3051383353119151,4.123437406969114,-0.1572656912054056,0.0170639854841345,2158.657295424672,2264.9494463247397,2042.729201232836,2026.4966550739227,0.0787396797438521,-1.716982421606008,15.145927633619207
2.619999999999999,1.0005867832762994,0.7360453440652889,0.5406365131503525,0.0264026496879288,0.0015634338011615,-0.00644787643027,0.999629371644184,0.032132758177907,2.587640159255467,-0.2676420612267146,4.075374069620992,-0.1261490353647489,0.007498606068664,2196.5918219104574,2300.3567768259663,2110.33964708369,2104.138195043433,-0.0099871713944655,-1.6206379878027943,16.006521143115332
2.629999999999997,1.0009265993106,0.7615927624274175,0.5355704081305742,0.0461978922185896,0.0009350665654494,-0.0064505851856454,0.9989110422634442,0.0330061372869905,2.5766728687378744,-0.222358445674794,4.082648482711491,-0.0991634778369173,-0.0006828411147996,2240.301372612118,2334.95409246748,2127.6801206768823,2138.9141575985327,0.1012655806549526,-1.5071277226211266,16.94773548784561
2.6400000000000023,1.0012949314070534,0.7868519044627087,0.5315767315171627,0.0659295847409652,0.0003824898060155,-0.0064435775592781,0.9978033994057496,0.0337060480534491,2.5579456139667887,-0.1685824818515695,4.07033014181749,-0.0925857249145832,-0.007352602306669,2288.2231112651407,2375.724728424025,2121.09678803128,2140.6661412658686,0.0874532215017759,-1.5984178169800245,17.328120013795775
2.6500000000000004,1.0016952128003809,0.8115545273435342,0.5287819739377455,0.0857178143295525,-0.0001476574358775,-0.0064248217454522,0.996298728378886,0.0342540687382537,2.5311435456101337,-0.1039645818774261,4.030264233500654,-0.1094024698989612,-0.0169125678980004,2317.0144377434203,2400.283067272915,2146.9998396703786,2150.8848029806354,0.0805741755532277,-1.757534494402201,17.510260930075265
2.6599999999999984,1.002124359717414,0.835481199355738,0.5272190559552412,0.1056463584024114,-0.0007052841332403,-0.0064199670494812,0.994382790254178,0.0346191308620966,2.4953008778242114,-0.0308221558003225,4.050415776723353,-0.1382225733004092,-0.0323508568249614,2316.167481169009,2394.230476646868,2217.8563145172448,2185.7196497425302,0.1442588094787348,-1.6812283511399704,18.046005327587345
2.6699999999999964,1.002569604906537,0.8585579376060867,0.5268660764418883,0.125764941389902,-0.0013103944945072,-0.0064695078682564,0.9920381080641036,0.0347032931472429,2.4493335269958063,0.0449630515447489,4.179971996701806,-0.15897494126549,-0.0497029343361199,2303.62708841319,2377.008220586557,2278.258209356506,2215.5650707759405,0.0945434387994859,-1.4785352557417886,18.320522132619708
2.680000000000001,1.0030085967506177,0.8809277967116258,0.5277028475036077,0.1460892131171422,-0.0019457058946551,-0.006607640077067,0.9892474387795996,0.0343997593095457,2.394153745392272,0.1195119302014731,4.326104998040671,-0.1548581644308862,-0.0608218700496519,2296.981986516439,2371.2724337542286,2270.532689100679,2208.94243753972,0.0718968981809608,-1.4446930980443566,18.3100770245402
2.6899999999999995,1.0034136092189367,0.902954670031002,0.5297582093345027,0.1665999685004265,-0.0025711467389319,-0.0068440194622697,0.9859974640422275,0.0336655970226854,2.333224980572417,0.1929556391821524,4.364290561269556,-0.125778860097202,-0.0620876283328623,2283.121728188746,2361.674792678008,2207.008062648994,2176.089141690727,-0.0087927084809199,-1.540795142797256,17.907689527471437
2.699999999999997,1.003759392237877,0.9251288930623608,0.533126673858029,0.1872575321340298,-0.0031492975363196,-0.0071590836650974,0.982279718870942,0.0325835097899857,2.2697269176490997,0.2657637081533905,4.331318972536291,-0.0905258594976483,-0.0591200490090317,2234.264554007716,2312.021144292722,2150.0874888041726,2150.723120624435,-0.0260949237146513,-1.696285664780219,17.334510390389383
2.710000000000002,1.004033539987511,0.9478741863767308,0.5379478584095995,0.2080302348102229,-0.0036654822610815,-0.0075152606953426,0.9780866559263952,0.0313733718361539,2.2031223234252613,0.3347454502159181,4.414636783366832,-0.0717933809193558,-0.0614115019394143,2152.5232786059346,2224.0877998058304,2126.402788166072,2137.40117900196,0.0394998723053919,-1.5556562308399693,16.775638017304637
2.7200000000000006,1.0042476001086806,0.9712943946995056,0.5443553330469155,0.2289174599122843,-0.0041310455121449,-0.0078756627667479,0.9734052110741284,0.0302850567224055,2.1298953079906657,0.3950590236222471,4.711184131965561,-0.0760621292830996,-0.0719826512716924,2080.384025461952,2152.035348928953,2096.394724417753,2101.665477508728,0.0636169399581004,-1.1822258295416042,16.33702305957285
2.729999999999998,1.0044457239113709,0.9949367164241558,0.5524075254549751,0.2499636957281724,-0.0045697947036436,-0.0082196805703469,0.9682095355064428,0.0293713386135411,2.049287862632375,0.4469749622588442,5.061547074780136,-0.0877839425707753,-0.0839660475094353,2055.154467533164,2140.429566350168,2020.822285023756,2021.0545818347,0.1158701711877676,-1.0209290762421377,15.539567407132424
2.7399999999999967,1.0047061900848695,1.0176755508359605,0.5620173156533813,0.2712867683587684,-0.0049978847685479,-0.0085529718742039,0.9624475866941612,0.028335951695063,1.9682510500442851,0.497505816487764,5.200790102607783,-0.0855091667240971,-0.0889353096989846,2061.092540753002,2162.2660820792557,1924.5471071888103,1926.7026283837424,0.1039670878835356,-1.2492282962792824,14.665178043396274
2.7500000000000018,1.005131170528346,1.0378205370321734,0.5729071451916835,0.2931273028093299,-0.0054098260223965,-0.0089146760416984,0.9560165514682296,0.0267586782257082,1.89728430542698,0.5514546295926253,5.0677189946634495,-0.0654715686602166,-0.0871225548540317,2042.8131358158437,2143.7559107102825,1867.3916766832049,1873.927706086386,0.0395509185110855,-1.483354091296631,13.941883977453635
2.76,1.005822605576275,1.0535016044469017,0.5846239326838361,0.3158656463823628,-0.0057783185431489,-0.0093777250860979,0.9487399868997172,0.024692244871183,1.836010898997205,0.6024931706971113,4.896687840906297,-0.0461742258459938,-0.0864751672035277,1970.0989000453592,2053.056746096239,1868.6735226915075,1876.8810706936836,0.0304918478547235,-1.3012958564356074,13.441891804256496
2.769999999999998,1.0068473191472131,1.0632740395738522,0.5966286884977658,0.3399167820665983,-0.0060675897510878,-0.0100289710975544,0.9403824675964698,0.0230426550862814,1.7619178645132705,0.638169848243935,4.965223116893919,-0.0454764579197121,-0.0917766901164058,1877.270762049944,1943.709973179503,1887.440707976168,1891.3864332601927,0.0818437751865922,-1.0018543318748128,13.046708446587855
2.780000000000003,1.0082018084259288,1.0667457726292742,0.6084305214236775,0.3654757634234723,-0.0062519959999812,-0.0109231961212101,0.9307357641578752,0.0230419992226395,1.6413857989267455,0.6534934237924885,5.27969479892808,-0.0562562254370561,-0.0984433677905018,1826.2743280445247,1895.829300684328,1873.6889475657224,1866.7007706438635,0.1178747065415314,-0.7981633993945945,12.391243626752106
2.790000000000001,1.0097931165219145,1.0649323441021286,0.6197054381902078,0.3922298687531519,-0.0063285319111102,-0.012031628180131,0.9197667746037962,0.0250155263278775,1.4618859119648735,0.6544073087451813,5.556431478870541,-0.0524654752721868,-0.099567228209279,1835.401569487524,1924.2444325995475,1819.221915159308,1800.9044641057826,0.0789808818486344,-0.7874963538408117,11.841587008044566
2.799999999999999,1.011450842444829,1.0600914790733864,0.630355458622306,0.4192510026142766,-0.0063174083704999,-0.0132270518110111,0.9077520213465752,0.0277285269214269,1.2529869739846022,0.6472506262840702,5.518468957446282,-0.0207254548262007,-0.0966246473275306,1859.230425338984,1963.0321665989995,1754.382116115317,1735.8682421149629,0.0353971957712809,-1.0582902401142418,11.403108481563722
2.810000000000004,1.0129727061266292,1.05502340992484,0.6404967956121852,0.4452039763625215,-0.0062541687356928,-0.0143317516395402,0.8952926369067085,0.0292640298789347,1.0671147416418325,0.6300428091279944,5.179613845521374,0.0195444758238231,-0.0985095136839458,1841.112021976752,1940.301704675055,1708.5416087630203,1705.5318302563242,0.0710391722266742,-1.2851523458160212,11.053974734915624
2.820000000000002,1.0141873454724362,1.0521339827664395,0.6503807145753754,0.4687923075843388,-0.006180701362632,-0.0152035394817884,0.8831559452710729,0.0286221575229964,0.9373683085825816,0.5970725142180661,4.816732096366238,0.030824683136478,-0.108841580420773,1772.1280071789006,1850.9165079888007,1684.0553026031891,1702.523831718647,0.1307791178030744,-0.9986402936515466,10.51622656290469
2.83,1.0150068751779489,1.052709822076244,0.6602533528593862,0.4892109048004903,-0.0061388193107843,-0.0157980207549719,0.8720008188424943,0.0263318749286172,0.8581305357514,0.5500271839504244,4.677465465550796,-0.0078446801690058,-0.1177648008131797,1692.8622088938455,1751.427948250156,1664.337717374386,1695.4577181543295,0.0624056312978672,-0.7726016587274933,9.963757629038046
2.839999999999998,1.015447335325392,1.056713455555522,0.6701759086944383,0.5064052144093024,-0.0061645251430483,-0.0161640397923774,0.8621220802568623,0.0236197566652384,0.8027590342032678,0.5018784809732885,4.735506604355246,-0.0785214678510718,-0.1100127645304121,1649.0077220155335,1700.787693663124,1636.5632321628334,1666.4609740549083,0.0949911586271672,-0.6805211694120037,9.404659999907746
2.849999999999996,1.0156121306289472,1.0630935429882111,0.6798556012276094,0.5210608975753386,-0.006279738727402,-0.0163853858984023,0.8533391031872726,0.0212787609255583,0.7492410276539415,0.4676479647970004,4.729815274236189,-0.1334753450293006,-0.0815778016199199,1652.9577190128596,1714.127700018857,1603.3876771455286,1625.5882351109726,0.095796830393838,-0.6186732570568321,9.11897334486669
2.860000000000001,1.0156493747248736,1.0703630292437682,0.6885656972495532,0.5343391891499205,-0.0064826766093436,-0.0165204079611931,0.845083831322893,0.0193483815121082,0.6878347890670281,0.4491985532350543,4.430051375941518,-0.1304657074722202,-0.0464538538249342,1679.8192939091894,1759.0309425047285,1577.6885704491146,1595.4114187436764,0.0456862651294836,-0.6892981280294728,8.935129058495662
2.869999999999999,1.015701608662302,1.0771525091470862,0.6952389226302509,0.5474368708292929,-0.0067444527279815,-0.0165821899851666,0.8366554940890114,0.0175868417665591,0.615624423512012,0.4295536212855964,3.8594698428161465,-0.0681679596693453,-0.0247721623345297,1693.438307794154,1786.4021988352424,1568.3428241923723,1587.7540153793498,-0.0020362271522453,-0.8931580405656434,8.989170432495536
2.879999999999997,1.0158657904969337,1.0825533859426475,0.6987697115057406,0.5611300931274967,-0.0070203098340039,-0.016561283637667,0.8275321490557537,0.0159780054345171,0.5330026838405263,0.385414342320476,3.259100408130136,0.0091676846716746,-0.0234969481688005,1681.5637965031258,1775.3450741458173,1568.536063295226,1592.478579798416,-0.0226257995425082,-0.8610860169317727,9.06143680112264
2.8900000000000023,1.0161752211586108,1.0862108596050493,0.698448721770515,0.5754920910034186,-0.0072740008716849,-0.0164584850907478,0.8176093568277881,0.0146997976878323,0.4440362382904427,0.3067624986384062,2.833920846219605,0.0460288350424239,-0.0291659213590294,1668.1920730051418,1754.7167856661526,1557.9478963177617,1585.5536575855467,0.0376969185545658,-0.5195645743874606,9.076579402587358
2.9000000000000004,1.0166056887611212,1.088226188310036,0.6943447033554844,0.5898767248018202,-0.0074993472892691,-0.0162933341451617,0.8072940830885278,0.0137182396669225,0.3544485283777058,0.2029630089494284,2.5343134428720417,0.0207901233287441,-0.019754783296047,1686.5509052402258,1773.0321596770882,1518.246551932467,1548.9946988636575,0.0730414436766369,-0.332023105998311,8.796041086800862
2.9099999999999984,1.0170987933018312,1.0889626852846974,0.6874382070678221,0.6031057046271349,-0.0077198169674342,-0.0160820618208096,0.7974617738548903,0.0126391147186503,0.2665142301922893,0.0901244940310291,2.076124982926098,-0.0382429275577579,0.0159587936193652,1742.1589984786065,1845.471247923781,1444.802633053353,1482.059459216578,0.0648837301952134,-0.4610677081725651,8.64226837850668
2.9199999999999964,1.0175901883091092,1.0888427103952707,0.6794154420632308,0.6137288332809228,-0.0079628869264096,-0.0158098739355386,0.789318414530902,0.0110757061369987,0.1770778635429871,-0.0238904242480794,1.1578143750603522,-0.0784233714147803,0.0688938529347394,1808.4435338202145,1937.03541713376,1344.8493803904914,1394.268625612652,-0.0352279710767489,-0.6833743120631174,8.522367211976148
2.930000000000001,1.0180317021694203,1.0881964596242537,0.6721779089850508,0.6202646973401209,-0.0082284170721012,-0.0154291116580706,0.7841976414778985,0.0090848520344483,0.0827257739578179,-0.1392731236239846,-0.3267210900406048,-0.0653361088871818,0.1178793692902676,1851.8477466313725,1994.2547013451967,1234.4952324972596,1299.0261546299753,-0.0472866642554746,-0.8827668420379461,8.301914295515337
2.9399999999999995,1.0184020264179705,1.0871900161484245,0.6672362875820341,0.6213920402868199,-0.0084783193006469,-0.0148919257437205,0.7833123776104033,0.0071341281531867,-0.0132745984386995,-0.2512085647741116,-2.224840252294989,-0.0068010635991935,0.1480872977945757,1850.873182986615,1984.5132255663225,1142.6121517962024,1221.2457224557957,0.0060319514304257,-1.0075189292959177,7.968596681899036
2.949999999999997,1.0187064075824972,1.0858291981235335,0.6652004481681293,0.6161029705974352,-0.0086600522101219,-0.0141953418946241,0.787490079547183,0.0056397601829059,-0.1020797590115086,-0.3432490497887016,-4.213137694206955,0.0566473339800822,0.1619069461777321,1797.865767938089,1909.1513603990536,1105.4188600381683,1196.5172126011453,0.0296334408589067,-0.9673076292029612,7.448449020149672
2.960000000000002,1.0189688581914218,1.0840147645517464,0.665551145577653,0.6038520383516708,-0.008750331373224,-0.0134053174694515,0.7969356592240897,0.004594217010426,-0.1786749138371596,-0.3997826387013162,-5.951825926781905,0.080928293440519,0.1707658014217496,1698.7027450401274,1792.5957695023717,1141.751864833973,1243.125640068747,0.0413659722372461,-0.8540749525438347,7.023652519015879
2.9700000000000006,1.0192209229595317,1.081616229344747,0.6667962605057386,0.5847206171107387,-0.0087886971853389,-0.0126417973243837,0.8110886164210607,0.0036669755307367,-0.2475644657590503,-0.4256762254611548,-7.207719603049646,0.042920394143323,0.1778783791646835,1572.9967524303763,1663.8472314707135,1234.2708063753112,1337.3813051051145,0.1235204867992532,-0.6323456678097186,6.81352080071993
2.979999999999998,1.019490256969692,1.0785346974301044,0.6669864477597701,0.5595418819697884,-0.0088750903254049,-0.0120324849575956,0.8286672036464147,0.0026277837841871,-0.317081463725303,-0.4483562872466332,-7.889971680588172,-0.0509664472375579,0.1741680733313451,1445.2521280185065,1541.8025644451327,1343.5796457108893,1430.9029889800129,0.1268975314946948,-0.3758732867936969,7.047075331289958
2.9899999999999967,1.0197916124112911,1.0747367668843246,0.664411396935954,0.5298619935558642,-0.0091264762593769,-0.0116592253162,0.8479546200600117,0.0016183925539881,-0.3902512397366542,-0.4959284226729584,-8.019514042183054,-0.1674455241587355,0.1535677548976369,1332.562004724599,1433.4311617766111,1437.3228377638911,1490.5131830536816,0.1446361311306943,-0.2103616093915121,7.020005287673634
3.0000000000000018,1.02012276540787,1.0702566682599814,0.6581879243786265,0.4976564560784178,-0.0096122045617548,-0.0115219029121119,0.8672444309421748,0.0009938095331255,-0.4633608948418459,-0.5739160236882437,-7.698897391960052,-0.2555719540404241,0.1276483593241184,1243.1039572295656,1346.8380227129692,1498.2978015126823,1510.8348273719394,0.0791155613255131,0.0397738575380479,6.942018989048696
3.01,1.0204671310715736,1.0651758507200166,0.6484849708279231,0.4648719483065505,-0.0103041192384355,-0.0115354135556783,0.8852428090860108,0.000897748103086,-0.5315981883353438,-0.6649357367883242,-7.111081760537973,-0.2662307546316247,0.1183067685738512,1184.4667503029084,1301.6081942377796,1516.6222330894186,1497.7526132826383,0.0416808909386114,0.2218930623102895,7.077340667816487
3.019999999999998,1.0208021232971238,1.0595935707930826,0.6363201651278816,0.4329856357849119,-0.0110741728102394,-0.0115607012108721,0.9012586488284136,0.0010100832150997,-0.5935566947963298,-0.7479841494051916,-6.501631662507988,-0.1821780319975566,0.1351468005941566,1169.597221356628,1315.7627571872529,1496.0599511623675,1463.424472003869,-0.0045566313447387,0.3263956867457742,6.939020647676771
3.030000000000003,1.0211090262850926,1.053599336887303,0.6230787505444105,0.4027638323898784,-0.0117463307103447,-0.01145648279894,0.915156854334457,0.0007741388742971,-0.6508333164176543,-0.8145164340548278,-6.091528484847785,-0.0412917856597792,0.1649463762217156,1212.1965760428884,1381.3407330155794,1468.3224988157244,1439.7179166208934,-0.0952188235601706,0.2495357863319389,6.793043020847103
3.040000000000001,1.0213790582079514,1.0472527148719315,0.6100045623733924,0.3742890903346964,-0.0121760121107452,-0.0111302511865374,0.9271653245748726,-9.206715201256806e-05,-0.7055203514743222,-0.8684043762285428,-5.95426492820385,0.0754626964437595,0.1854207808491155,1311.2279024069924,1464.112492793269,1480.875288280526,1470.8739901593829,-0.0906529754725677,0.1772039267773566,7.1054358868737015
3.049999999999999,1.0216127933511074,1.0405721224575,0.5978663910847029,0.347196691854209,-0.0123127156209258,-0.0105681887220639,0.9376519437332098,-0.0013756580173139,-0.7591283234515935,-0.9160445449281168,-5.9713056856389,0.1002729852095041,0.1854320321407119,1440.3356592384753,1536.312345037196,1560.4388093271948,1574.426681754216,0.0338486718453971,0.0810939566330475,8.251390842379962
3.060000000000004,1.021814643994991,1.0335329786399678,0.5868783571556798,0.3209838269612265,-0.0122112832288012,-0.0098326820701214,0.9469549016476652,-0.0027051462066605,-0.8131850701943579,-0.9584017544893096,-5.937052944759188,0.0401806314128815,0.1698851912657638,1567.5357898689365,1608.4175310061692,1696.2287541452583,1721.332412948648,0.0633721049510251,0.1136378976654972,9.464139036416796
3.070000000000002,1.021987235819562,1.0260752253143286,0.5768307186501916,0.2952548051866501,-0.0119882972356554,-0.009029920877032,0.9553006549105562,-0.0040219316368224,-0.8695691252365242,-0.9902803585404016,-5.73742876175974,-0.0223992655574272,0.150181407742293,1691.585043795959,1718.7175593442762,1859.3166557887023,1870.546725856612,0.1681270713084327,0.38495657878076,11.386152697748557
3.08,1.0221296904391322,1.0181189198819829,0.5673210382729135,0.2698302814806021,-0.0117537762859955,-0.0082633282680965,0.9628006986625276,-0.005623009190933,-0.929549341626252,-1.0048110010620694,-5.434608365262252,-0.0102372601546441,0.1351622347391986,1836.663822134256,1881.0622310157016,2022.8368472640848,2010.1940816160543,0.1113443071721098,0.4650536327776109,13.193805886854662
3.089999999999998,1.0222399666147943,1.0095846363804335,0.5579760614234802,0.2447315616717937,-0.0115613800684942,-0.0075953514726516,0.969492190710479,-0.0077924661741099,-0.9925362696543836,-0.9982518292873688,-5.176512761398743,0.063944234209059,0.1289341697465006,1998.0214649457607,2050.340391833928,2161.88918030211,2145.9410567276245,-0.0227822773456357,0.5222097556124856,14.8177322217363
3.099999999999996,1.0223181478872183,1.0004145631663373,0.5485965914674966,0.2201003760518398,-0.011402428116489,-0.0070351607833702,0.9753852139578696,-0.010525390291023,-1.0560379787678458,-0.971629579353198,-5.034962998052527,0.1125688326273237,0.1310691546536846,2122.0901919986395,2160.872050762888,2256.703105459651,2264.1701373017554,-0.0625188716209895,0.4186077844075742,15.85857085709884
3.110000000000001,1.0223675134172026,0.990590920278984,0.5392062907542527,0.1961059726105434,-0.0112357653762763,-0.006553006404136,0.9804964371123178,-0.0136209624476064,-1.1169760342487385,-0.9290516175894348,-4.949520287796226,0.0808352600153267,0.1367455563435153,2167.709825567065,2198.742307389242,2307.9455580925096,2335.756764489186,0.1684519939244445,0.4508863693720073,16.73630714476038
3.119999999999999,1.0223926358667772,0.9801490765544394,0.5300196231570649,0.1728506853476574,-0.0110244896809797,-0.006105024800856,0.9848674174092166,-0.0168992031730451,-1.1731986487799473,-0.8748317912749957,-4.823953086750599,0.0137184958509551,0.1395740790697472,2165.9811751597163,2212.179902111616,2336.6350583823923,2355.0734497611,0.2331156578097235,0.5251612497473275,17.459747994399798
3.129999999999997,1.0223961146213805,0.9691824912233272,0.5213597327504941,0.1502683409510159,-0.0107554770378072,-0.0056506091922199,0.9885705923388958,-0.0202315803775873,-1.2241078276739763,-0.811732986725596,-4.644267051407381,-0.0063704805440884,0.136638198273518,2185.9992154161127,2245.7263909174744,2362.614434473483,2352.8718113625264,0.1677390247619657,0.6361826191206008,17.925696360554607
3.1400000000000023,1.02237634003496,0.9578368309693506,0.5135594250871028,0.128043468087591,-0.0104381665887596,-0.0051580995821435,0.9917002112367772,-0.0234454237602955,-1.270107465021431,-0.7411200613218701,-4.47765503782745,0.0337296566636114,0.130423760208832,2248.8488607107147,2290.147545421868,2391.1458041933984,2362.849344464501,0.0218539477189179,0.6311943991730038,18.403143162827423
3.1500000000000004,1.022327915057869,0.9462929967080708,0.5068754939933817,0.1056237875660596,-0.0100935558113708,-0.0046070086079942,0.994344261864556,-0.0263449724923605,-1.310887505481778,-0.6635290354633535,-4.374103501858108,0.0710161061867517,0.1254253458387124,2307.9171513978563,2312.2305755704588,2419.238814880322,2385.730880286465,0.0656883733847972,0.4732447582274952,18.855335106343567
3.1599999999999984,1.0222447332248763,0.934742016717439,0.5014406184523796,0.0823889293094357,-0.0097431417890485,-0.0039937072381811,0.9965446230941288,-0.0288893614754235,-1.3431709138378876,-0.5775164220295568,-4.310570854062647,0.0594823548104133,0.1234749514966586,2319.01655333482,2311.627510388817,2442.95960665521,2395.754373659472,0.1756794691623765,0.5358122069016154,19.15376602705458
3.1699999999999964,1.022124020139399,0.9233563377715286,0.4972631572821376,0.0579539416989997,-0.0094007699658292,-0.0033373764077327,0.9982694165826737,-0.0313255853688701,-1.36043191569735,-0.478405014422039,-4.240378048340443,0.0268017973756915,0.1225150287221099,2299.536038494032,2319.218860278609,2458.4043944506134,2380.7381665567623,0.2170608684657839,0.6053484157602607,19.29777800501958
3.180000000000001,1.0219687208085095,0.9122621945463012,0.4942638934549026,0.032469236517809,-0.0090689391950113,-0.0026776944705944,0.9994280028967318,-0.0340505071403057,-1.357171589230492,-0.362302355284903,-4.158599370084255,0.0229111506538228,0.1191945645669481,2298.21579500922,2345.715507326136,2466.463906297776,2363.423166062271,0.1258108096718485,0.6424505407988951,19.248804538955056
3.1899999999999995,1.0217862571723992,0.9015182587494698,0.4923236294754763,0.0067105830045064,-0.0087411038318336,-0.0020607566226164,0.9999371552561106,-0.0372090540684292,-1.335131253740485,-0.2348181055452226,-4.08878200619503,0.0475620889173886,0.1120754466732128,2326.598471501413,2363.598777579893,2475.627536190128,2372.323967858113,0.0637573940800941,0.5487219012149687,19.431112278146287
3.199999999999997,1.0215840371473544,0.891106970509136,0.4913186533264048,-0.0181764479435242,-0.0084085409214456,-0.0015196867229332,0.999798281520824,-0.0404108026222684,-1.3038364068635753,-0.1126245525268877,-4.0314293641846,0.0610248070281737,0.1026237759413567,2349.2848185435123,2348.2610253491766,2488.2349828517526,2398.000238458681,0.1433355077084857,0.4890703547014849,19.639251928637258
3.210000000000002,1.0213647344139387,0.8809459525532011,0.4911368208405283,-0.0411848867755401,-0.0080625547678102,-0.0010613638462221,0.9991184483426816,-0.0429937734724531,-1.2728773380833012,-0.0104061796550089,-3.970099020273226,0.0492418175701677,0.0938551733296045,2335.779621769512,2310.8522145083957,2485.28105535684,2396.7222081822392,0.2444541059940047,0.5081935670841593,19.585505210347197
3.2200000000000006,1.0211247900662634,0.8709237812729717,0.4916795019202467,-0.0618825685259633,-0.0076977246429845,-0.0006706176900876,0.9980535271316184,-0.0446614320361392,-1.2443226446199451,0.0728925468216803,-3.9231724262968335,0.0413240774297456,0.0879702459931151,2293.443133196552,2273.86398041145,2440.2911068113035,2341.4678674190427,0.1934623690089117,0.5803372987889177,19.21752134557191
3.229999999999998,1.0208569402437295,0.8609510496753734,0.4928574201970288,-0.0805130665491142,-0.007313468535356,-0.0003284892593942,0.9967266683437574,-0.0457627234060756,-1.2142063515478143,0.1494971470991969,-3.9428892429856432,0.0606865973458281,0.0843439617119357,2243.823325789513,2233.5166678707724,2352.963494376723,2252.883530151439,0.0882851833193206,0.5638889461397532,18.309893208288457
3.2399999999999967,1.0205542083010328,0.8510010997985055,0.4945871818982046,-0.0977793694847795,-0.0069151015442249,-3.052370374735741e-05,0.995184091182177,-0.046886253462749,-1.1797979459554802,0.225888869353658,-4.044199119626956,0.0891343984008197,0.0796141257504942,2188.9957163804133,2168.6228569984182,2255.7792666584805,2170.5437473199777,0.0987794237911308,0.3480202046061222,16.994017540261677
3.2500000000000018,1.020212024385052,0.8411169075606921,0.4967940669263703,-0.1145611822152359,-0.0065091046766881,0.0002102607433438,0.9933948474177704,-0.0483037470893708,-1.142666444619715,0.2965270769983347,-4.164800363018746,0.0943072883781065,0.0709318570440172,2115.733574924938,2078.135299607764,2178.953726374266,2107.0778311951544,0.1360081233473694,0.3004846743082972,16.083480118027612
3.26,1.0198275835098327,0.8313853182401771,0.499422100162511,-0.131732692607981,-0.0060921070469895,0.0003766776103607,0.9912664838699818,-0.0498710004696165,-1.1053911599101731,0.3533510818563742,-4.22377326533262,0.0760548538327919,0.05980794380303,2022.8042797192552,1988.122041497724,2119.5414853530974,2044.5486511579563,0.2054369563839129,0.4724129249080344,15.091552124332065
3.269999999999998,1.0193986431486788,0.8219009642598187,0.5024438313782288,-0.1500569659816036,-0.0056415645033357,0.0004635631931827,0.9886611476231462,-0.0513007135880069,-1.0677412704553504,0.3947359919052553,-4.2083349673901935,0.0672848878028184,0.0516432868407667,1929.7569766432575,1919.9556032663625,2055.1250628837597,1968.739423642964,0.1446852818365522,0.4190181353920255,13.805407824745076
3.280000000000003,1.0189246535112728,0.8127415070183608,0.5058571979688203,-0.1700686875233426,-0.0051179954283212,0.0004836676670448,0.9854188011766728,-0.052378777461484,-1.0257720542802082,0.4236957549252401,-4.17779096598155,0.0921089979371536,0.0502610100836642,1858.4018956339305,1867.034128548617,1978.9811570009988,1891.374344209329,0.1272087964818382,0.2295176993116432,12.510516396372308
3.290000000000001,1.018410748570382,0.8039638811416201,0.5096624266191003,-0.1919080021742023,-0.0044824903496067,0.0004614318712923,0.9814025744119484,-0.0530116083210463,-0.973320911445348,0.4419528705507005,-4.179933378789491,0.1364860946330044,0.053189084776858,1812.3995943240216,1808.4189997077965,1910.2544156251693,1837.248102783647,0.1249893755763897,0.1256308858720825,11.662892641733784
3.299999999999999,1.0178718756827816,0.7956211544375973,0.5138254196576247,-0.2151454796113623,-0.0037222251503905,0.0004221088457926,0.9765748253292468,-0.0532406396752101,-0.9058459846336572,0.4487247429321298,-4.177389040903523,0.1643454672703733,0.053132351311742,1776.4813657675368,1735.2974147788195,1873.4692323990416,1819.1430480772624,0.10945110905244,0.2494576882074861,11.131608486315956
3.310000000000004,1.0173331545336697,0.7877903566319002,0.5182452113510606,-0.2387183712451696,-0.0028671017623057,0.0003843142652822,0.9710845335294366,-0.0532262217173972,-0.8250748952236081,0.4439920077836743,-4.062106465606253,0.1565260095873243,0.0444125942696191,1733.2124413928575,1657.9063804591676,1874.8342414209635,1827.695193312796,0.1486936822710869,0.3841257980703085,10.785125728345012
3.320000000000002,1.0168245603490833,0.7805919699949168,0.5227443260656912,-0.2611192280735714,-0.0019826520420718,0.0003589964724178,0.9653044540157656,-0.053134578488764,-0.7394244537874525,0.4305851780705204,-3.742901627626572,0.1280440405375237,0.0282108179125025,1680.3101721973308,1593.7448042472452,1895.2695939002128,1839.3017453498896,0.1266166814071046,0.474024416392135,10.505858071797544
3.33,1.0163717358268625,0.7741808250921053,0.5270923557004871,-0.2808496088421474,-0.0011412970768436,0.0003524309622136,0.9597510460773732,-0.053023472825786,-0.6584786153832745,0.4125687415855666,-3.228003525352863,0.1080116945865545,0.0117147008309958,1632.5681590984564,1555.4622620062696,1903.272094030381,1831.9416618536104,0.1214753706921715,0.4994268303756248,10.31731684845998
3.339999999999998,1.015987328151557,0.7687038976209801,0.5310585825109542,-0.2969376154194632,-0.0003919304977845,0.0003684950700834,0.9548967290502524,-0.0528468277367087,-0.5876608752800235,0.3928613369181714,-2.63236654659225,0.1082157731846062,0.0019583790147707,1606.9697671901322,1544.6413011202146,1879.558302994204,1799.264274675542,0.1850854256852,0.5362896310886622,10.104714966434516
3.349999999999996,1.0156668646422076,0.7642441779550184,0.5344743325970546,-0.3092296831149475,0.000252220294022,0.0004068364884144,0.9509872627693936,-0.0525229401921874,-0.528284109007644,0.3729550216968352,-2.1005552990274623,0.1151214670630597,3.557714934587634e-05,1606.3110344351626,1549.6658587965435,1833.9511492145573,1754.3896644606991,0.1404579666946666,0.4557989823539872,9.879414688298953
3.360000000000001,1.0153906120544616,0.7607816477530821,0.5372781152184571,-0.3183029892859997,0.0008050779671842,0.0004573620993671,0.9479885809865928,-0.0519664462399645,-0.478992840388071,0.3532475890274819,-1.7057603877040486,0.1099032792044513,0.0008288227653966,1616.6710397251056,1551.8273291254438,1796.454156538671,1719.7351392605408,0.135866973115347,0.3719156232384302,9.496335485381069
3.369999999999999,1.015130303261969,0.7581937064765305,0.5395226873616543,-0.3250704549154614,0.0012914377216753,0.0004954697894739,0.9456887892109928,-0.0511009023195167,-0.4336658284661494,0.3320175978178156,-1.4054408509927248,0.0899145446123712,-0.0017672836926014,1618.3410144066593,1539.4977390645454,1789.3686644530137,1710.5672640675984,0.1025336135083193,0.2001227054113394,9.27343494811819
3.379999999999997,1.014857971992907,0.7562965560164776,0.5413405487906219,-0.3302924926888621,0.0017351843439446,0.000484114101018,0.9438769114891028,-0.0499034874848452,-0.3807099532193578,0.3052979125274277,-1.082610035276523,0.0682720040872399,-0.008931709927749,1599.9172695381078,1516.4094656917628,1809.02423403894,1725.5308322182595,0.1811379892922079,0.2438633854575744,9.18573030162373
3.3900000000000023,1.0145532992127684,0.7549086825123719,0.5428838113420212,-0.3342280259267935,0.0021544916126648,0.0003862280428306,0.9424897005691194,-0.0484586776327442,-0.3106160448193416,0.2702712991158222,-0.6318955696448874,0.0570437709030286,-0.0158522516293629,1566.640604882713,1494.717394856607,1833.386534843416,1749.5282148434806,0.1618101723548963,0.3138901176768813,9.28057148123149
3.4000000000000004,1.01420654884751,0.7539069088460243,0.5442660968500777,-0.3365815177468303,0.0025603640317563,0.0001842527452112,0.9416508336417436,-0.0469515686499198,-0.2257818864812786,0.229051534645466,-0.0275919890519514,0.055971401327196,-0.0168468949770461,1536.9302584731795,1483.192510665941,1841.9791955335,1763.9869486644634,0.0985960252117407,0.3584404805705752,9.340022439041611
3.4099999999999984,1.0138168493735067,0.7532505932644821,0.5455312713310737,-0.3367522858276274,0.0029549668390497,-0.0001040049583529,0.9415886338225504,-0.0455719413151105,-0.139641016378389,0.1875851138505352,0.6623295816162343,0.0561394990585774,-0.0115326247578689,1528.0117659506095,1483.939329774501,1827.4287302968448,1757.7194984859746,0.1286914429988119,0.3336736845644221,9.289338401674694
3.4199999999999964,1.0133885846133923,0.7529684571551308,0.5466571726317779,-0.3342257256780375,0.0033285191423329,-0.0004257169307428,0.94248708427246,-0.0443922526691305,-0.0647395165494975,0.1506039340430792,1.317455807580504,0.0488783228408167,-0.0051292533688758,1542.8954074815651,1495.7525822707685,1794.8076962242812,1732.9149321306372,0.146165399679421,0.2983233268797907,9.165900834324791
3.430000000000001,1.0129293796072163,0.7531222516232371,0.547583690566633,-0.32887579070446,0.0036574339942755,-0.0007133631750632,0.9443658340802435,-0.0433411359322141,-0.0032259313893618,0.1185558617494049,1.834984965973676,0.0299942676130046,-0.00260308219067,1570.4248802817408,1516.0126807317597,1756.0417757782634,1701.511109293339,0.1059138417390197,0.1974740948719482,8.92048649548233
3.4399999999999995,1.0124509439500535,0.7537686410259556,0.5482469041570518,-0.3210282090480529,0.0039105771128984,-0.0009142429108246,0.9470611176381089,-0.0423243056131599,0.0513442004743861,0.0890968444422396,2.1828089463252365,0.001247463209308,-0.0039460132847266,1595.625609773084,1540.557922260103,1723.8669085179638,1674.8436760661407,0.1383260453332806,0.0837257188645903,8.851863057305117
3.449999999999997,1.0119709189360242,0.7549342877083551,0.5486054224132095,-0.3112929674531002,0.0040671853004225,-0.001010951261934,0.9503047534320352,-0.0413558586790603,0.1057078338989183,0.0602410337350214,2.4002885335886366,-0.0278545173896707,-0.0060855203241201,1609.2938608288832,1564.2518516603504,1706.6280386938556,1657.7695185707737,0.144364844698981,0.0046566875574045,8.83257271257792
3.460000000000002,1.011512576286939,0.7566082366185299,0.5486526348239776,-0.3002983060194695,0.0041367062823788,-0.00102185268204,0.9538358196671304,-0.0404985246782171,0.1614435718517297,0.0317959744757053,2.555307310066905,-0.0430983302236954,-0.007793481800893,1611.3701901530444,1582.5368246321395,1705.547106551031,1651.1644942404832,0.089975861338666,-0.0135697528039946,8.8990364445981
3.4700000000000006,1.01110057972921,0.7587479738931868,0.5484139944821849,-0.2884878395181693,0.004161423536578,-0.0009851039457555,0.9574740093467312,-0.0396761601695274,0.2158882454546259,0.0046739930734125,2.6985079777225787,-0.0363048747805335,-0.0103850917084483,1609.3830278025775,1594.208627900007,1715.188276088135,1654.3709109756105,0.1025511682949994,-0.0546059876867897,8.948667303017253
3.479999999999998,1.010753753066988,0.7612925894703139,0.547932960769004,-0.2760827277443321,0.0041923883041096,-0.0009386140965373,0.9611242741316726,-0.0386717340749673,0.2664541007609675,-0.0203481100757407,2.844099711782358,-0.0143945145958473,-0.0139804063477819,1613.610771442591,1603.524651282696,1726.3079332645748,1663.5643687102156,0.1011697221579954,-0.1505319195221099,8.946918948142061
3.4899999999999967,1.0104780737719616,0.7641772463978789,0.5472531256813635,-0.2632025994489239,0.0042527022587792,-0.0009068238783858,0.964730783087842,-0.0373831550057825,0.3135674998799225,-0.0430646469346281,2.9771944957311147,0.0042846507273202,-0.0159088553593132,1630.5202036248409,1617.488833677408,1730.7707228208485,1672.8479254610916,0.100669386059007,-0.1721448810131898,9.130639430552028
3.5000000000000018,1.010263605887336,0.7673464388853626,0.5464047934507388,-0.2500404018783069,0.0043167953821426,-0.0008979628974404,0.9682253644523048,-0.0359891074223967,0.3597505446877235,-0.0633630643525039,3.073935024726248,0.0043724113106491,-0.0141776198577478,1658.8436032530171,1640.6631995728485,1727.829180264875,1680.3405221660423,0.073292149654086,-0.1992191171918138,9.27540515342831
3.51,1.0100872538101573,0.7707668590834221,0.5454009980576497,-0.2369520481830976,0.0043241161377807,-0.0009088530672251,0.9715112983736032,-0.0347719103205631,0.4062356244215218,-0.0806265751773636,3.121198159258963,-0.0144981028813325,-0.010708685896579,1692.0395184097129,1674.0169693912442,1726.8739611679944,1690.657928898682,0.1293637191732495,-0.2322340209034705,9.480140788184356
3.519999999999998,1.0099199605739684,0.7744402906681142,0.5442430675375033,-0.2243732908938578,0.0042191647288285,-0.0009316542884589,0.9744936926438972,-0.0338339302222783,0.4508568930989391,-0.0937962691186482,3.125845976270029,-0.0389203414695487,-0.0091651810626748,1724.5810655733326,1716.279470223266,1740.554059658706,1709.0838137945368,0.1382039472273701,-0.2715401933622932,9.796002193163268
3.530000000000003,1.0097346944806858,0.7784120111849464,0.5429322923956748,-0.2125904509490655,0.0039903410851969,-0.000958169445685,0.9771327746292262,-0.0330581547074139,0.4897640038931142,-0.1021965811769942,3.10953308336288,-0.0542060213739299,-0.0103678644593436,1755.5783264557892,1762.9956330868797,1771.8608309919298,1735.287825490499,0.1427843590505619,-0.295882141152866,10.143509982321568
3.540000000000001,1.009512167792294,0.7827661244191364,0.5414831082252668,-0.2015086299321959,0.0036819640020992,-0.0009805887650183,0.9794793278316856,-0.0322704805773855,0.5216218691182469,-0.1063960656379256,3.094312349470587,-0.0552896572648061,-0.0117103810027475,1786.3120418244002,1806.3168874950616,1809.2853826183396,1764.5035446764605,0.0944052854983962,-0.3270581278940767,10.43032082340464
3.549999999999999,1.0092438018722054,0.7876025423329622,0.5399337427701634,-0.1905982974435925,0.0033732931339616,-0.000990639056491,0.9816618198439296,-0.0313440905909048,0.5499281218640257,-0.1080055878922439,3.090453123097481,-0.0467080161297149,-0.0108475200243473,1815.0630563061452,1839.011774127741,1837.1800387145677,1792.3991449252069,0.165875819591897,-0.3755510838289755,10.73608608627975
3.560000000000004,1.008933055752408,0.7930006575613204,0.5383506810841563,-0.1791007336774999,0.0031404364890916,-0.0009803610784879,0.9838252404502514,-0.0302216272702658,0.5805431672139281,-0.1081109197968239,3.095106397529519,-0.0361088689509529,-0.0083287964573582,1837.0473590368,1858.7191615951324,1849.9915357759637,1816.3092752791983,0.1826573266260541,-0.3564893248982801,11.079424839691065
3.570000000000002,1.0085954855676882,0.7989845519544931,0.5368226996433503,-0.1663864033839055,0.0030254871449484,-0.0009465433147925,0.9860555335538952,-0.0289774454015935,0.6167225016261071,-0.1057337343847241,3.100157368337258,-0.0302644733127376,-0.006387021282017,1850.922977691716,1868.7854455147929,1854.662643147472,1833.9911508269197,0.0901374472383628,-0.3612470844528062,11.315562135425695
3.58,1.0082565353858894,0.8055060715445803,0.5354417096800058,-0.1522451209574241,0.0030271152877584,-0.0008977365126678,0.9883377225355956,-0.0278305429742021,0.6567125909189073,-0.0984050074283235,3.0998048305793877,-0.0335186050314155,-0.0063592584073588,1861.5035026230707,1876.375250483091,1860.4806798019893,1844.7438160818697,0.0838448917832896,-0.376824043675124,11.516600010868236
3.589999999999998,1.007946162006642,0.8124539732687128,0.5342753789832115,-0.1369449028100456,0.0031096779247463,-0.0008593747607598,0.990573412207582,-0.0269427860194888,0.695751159896129,-0.0849435874828242,3.091675717203595,-0.0442895878938845,-0.0078678598467876,1872.6654143466344,1887.9086955975208,1869.0667751235032,1850.8878548870796,0.1338870652682047,-0.3903106758278847,11.669053955063738
3.599999999999996,1.0076908391940047,0.8196850516784597,0.533346502991444,-0.121060011941415,0.0032190571332589,-0.000871123413018,0.9926395883319972,-0.0261640503361235,0.7297204270120297,-0.0674636654065479,3.0743094007917997,-0.0533989760862547,-0.0097645682844918,1881.7541137715828,1903.124002296666,1874.4571575049029,1854.9975231582396,0.1605671025988687,-0.4617632633384154,11.84125039302413
3.610000000000001,1.0075051050326256,0.8270635443828622,0.5326341636575136,-0.1051960862036461,0.0032966991852039,-0.000973192034705,0.9944455581474436,-0.025090672146012,0.7571851771902798,-0.0497575479599989,3.0462771606297743,-0.0516964988303937,-0.0109817855138115,1885.4014533421184,1914.2936466534104,1871.1826410266744,1856.126401714817,0.0991486813531993,-0.4962906024830622,11.801212711114603
3.619999999999999,1.0073859170240362,0.8344926102994857,0.5320969951255663,-0.0897620578597208,0.0032912928004564,-0.0011851973981956,0.99595709529458,-0.0234642325517634,0.7790624521896863,-0.033641471941933,3.0075838537789727,-0.042022669955123,-0.010750961779959,1886.3260969814855,1914.0270267379497,1860.9313178069956,1851.7136799007835,0.1109825117674402,-0.4857204481233008,11.754231922352762
3.629999999999997,1.0073128685078498,0.8419270541960354,0.5317022465558175,-0.0748780316051045,0.0031714118523898,-0.0014889450508932,0.9971865450217642,-0.0214869229681054,0.7970353246457524,-0.0180307778455534,2.961640219153844,-0.038907048293527,-0.0091605575404354,1888.175626804093,1903.113116399721,1851.1520700156657,1842.6700678536104,0.1211398549200188,-0.4927997043298457,11.663001271673703
3.6400000000000015,1.0072551382479618,0.8493661667399731,0.531442382136751,-0.060423791455999,0.0029388046342475,-0.0018284623242743,0.9981668125012634,-0.0196965509387253,0.812078869492793,-0.0019364057951271,2.9159749318919443,-0.0512813529688617,-0.0078269700314535,1887.0388851167315,1888.6766269237437,1847.259049208301,1832.9844162076351,0.1889909311089441,-0.541463357044197,11.67349707829822
3.65,1.0071827816762535,0.8568338406626969,0.5313328512445182,-0.0461723843868271,0.002634424340333,-0.002131512729069,0.9989277388189376,-0.0185308521862669,0.8239953285635394,0.0133703403523459,2.877428143483884,-0.0682662654262349,-0.0089759678731631,1876.10236555732,1877.143730364068,1846.8010176557807,1824.0815996338983,0.2268200236146522,-0.5675864438460807,11.692109093818347
3.6599999999999984,1.0070775917368415,0.8643563599473806,0.531395611585859,-0.0319352592594244,0.0023265703357981,-0.0023412662805931,0.9994844895038189,-0.0180059495958901,0.8320691887099964,0.0265252898462945,2.841578049032286,-0.0692488540591529,-0.0131215303784016,1858.36961535697,1871.629982847906,1842.5103795623413,1813.2012264591517,0.2134194783701473,-0.5273857325794297,11.476723841385391
3.669999999999997,1.006938560704031,0.87194624199679,0.5316368736966689,-0.0176601717216486,0.0020797140458255,-0.0024387076671278,0.999838909939578,-0.0177557869391034,0.8360430114932487,0.038853254342466,2.789867764947666,-0.0490456524243245,-0.0182268013260282,1846.4478662207885,1871.828464921767,1830.591043451177,1798.6113834070538,0.111288492762034,-0.5112690328760843,11.3232466820917
3.6800000000000015,1.006779197576137,0.8795954487807128,0.5320308017111408,-0.0034523298832568,0.0019191761642454,-0.0024437979024013,0.99998921295834,-0.0173268719937453,0.836381154300221,0.0527931105181417,2.7068450351992777,-0.0268334955692657,-0.0217327104009909,1846.5655661595413,1872.0234730708985,1813.7236314910813,1783.7467407737909,0.1237933273632669,-0.5346033363183665,11.057607406713156
3.69,1.0066180052360925,0.887276472998219,0.5325229754130567,0.0104783808238228,0.0018161635040679,-0.0023997623815809,0.9999405713470922,-0.0164802834782496,0.8336931060340786,0.0682315090817347,2.6017043488241702,-0.0262585701436574,-0.0228709475115858,1849.729376036596,1863.968898047469,1796.193952688112,1773.8918364267004,0.2235053180793635,-0.5992739391173649,11.118971884791554
3.6999999999999975,1.0064673995226636,0.8949475672347564,0.5330575257377755,0.0239149439599488,0.0017039523116984,-0.0023497072028907,0.9997097833261276,-0.015335046286652,0.8281883931167979,0.0826102437162816,2.5023038476974038,-0.0496915833897807,-0.0224198964567322,1844.3311926259207,1847.6757142386573,1779.1968272378983,1768.9619776980226,0.2010883271328618,-0.6223390898266264,11.025427404779585
3.710000000000002,1.0063274689373816,0.902558630645093,0.5336117103033957,0.0367153913583024,0.0015208384453322,-0.0023221415279463,0.9993219074685364,-0.0142895684102859,0.8198107868940508,0.0945772246995802,2.4222568588289115,-0.0756179803656908,-0.020946349258995,1832.062361731853,1835.2514836333828,1761.9669110500913,1761.851473500304,0.1204480816826115,-0.5442731134962574,10.788557967293132
3.7200000000000006,1.0061879940687637,0.9100558058602092,0.5342119513429054,0.048853068406545,0.0012503194642016,-0.0023247558975766,0.9988024879416948,-0.013740297509708,0.808664534990074,0.1053118953389882,2.3435283776438096,-0.0801961622799537,-0.0186122862407655,1823.4155349082505,1837.008287208396,1745.5661619767957,1746.8529096929838,0.1129468826279479,-0.4510439171115346,10.704991765650329
3.729999999999999,1.0060370087976205,0.9173849745761936,0.5349195123839878,0.060393379048374,0.0009344580621174,-0.0023473766137281,0.9981714564032989,-0.0137630965788334,0.795023336870989,0.1155550769931273,2.2411105370235607,-0.0591186890718023,-0.016762962049926,1820.658976934949,1846.326695237183,1733.725347487306,1728.943238197044,0.0796852377649574,-0.5018357166866139,10.644375220389405
3.7399999999999967,1.0058703358873191,0.9244961756270628,0.5357980343807436,0.0714349310430786,0.0006509349175218,-0.0023699369621471,0.9974422340714268,-0.0140319901848977,0.7789426062985029,0.123411578042722,2.117071431354408,-0.0297019231598198,-0.0180204070440287,1815.0522903669844,1846.0233764325749,1729.0403633654964,1719.5280930354213,0.0979736349974988,-0.611602652425437,10.561584750334184
3.7500000000000018,1.0056962456076837,0.93135081575941,0.5368839861972408,0.0820484208765584,0.0004681961881883,-0.002372312932772,0.996625410851711,-0.0140859535779609,0.7601174500156964,0.1267921585675329,1.9951976066994177,-0.0144492718787415,-0.0230802512889527,1801.530908577261,1829.997475164091,1728.3322567776445,1720.9629983654154,0.0955852089205808,-0.622697646144488,10.356827635208656
3.76,1.0055326975868464,0.9379306724606068,0.5381705958435651,0.0922359734852368,0.0004063692451644,-0.0023441445917011,0.995734334571928,-0.0136910519109159,0.7383103306732023,0.126708938204847,1.8829816619300088,-0.0221970925742452,-0.0279080244799622,1786.9172859593086,1811.504481436932,1723.683535734909,1720.6283188447333,0.1110816928011978,-0.5175551386662911,10.181805050778792
3.769999999999998,1.0053993430613788,0.9442439288121584,0.5396049975455116,0.1019187075780314,0.0004254609508425,-0.0022927735996762,0.9947899975461272,-0.0129393588194195,0.7139030412355812,0.1261140723984208,1.7553890408326271,-0.0424105037345507,-0.0266726865290561,1779.6692749862536,1806.5424328118409,1710.13484823198,1705.3645536595388,0.1695885482307983,-0.5311411196159153,10.014066721939804
3.780000000000003,1.0053092913315431,0.9503222826901192,0.5410982188184216,0.1109539288456255,0.0004447307514877,-0.0022462706531594,0.993822912875544,-0.0120600286412191,0.6878912230719502,0.1261934251247791,1.5847169009038684,-0.0568043110395619,-0.0187774384682298,1778.6693743640317,1814.2949093147583,1691.403058600344,1678.7856131481935,0.1263719610225031,-0.5135009293585195,10.106606817281222
3.790000000000001,1.0052648262105648,0.9562068679727446,0.5425478946577205,0.1191790573890593,0.000381905321567,-0.002247892314625,0.9928701593906036,-0.0112254511898623,0.6612483972240649,0.1257719901390191,1.3771034159890223,-0.0572877749124299,-0.011040099859487,1777.4953236433537,1820.1086081286155,1675.92471062011,1658.183668540201,0.0559221717625358,-0.5281511333273472,9.922315713943515
3.799999999999999,1.005258149945323,0.9619277465255524,0.5438664317537251,0.1264680798711656,0.0001937141069019,-0.0023404354714679,0.9919678974696454,-0.0105106226369949,0.6343125790251496,0.1238467477397926,1.1689067012131662,-0.0520765326728624,-0.0106631439799951,1773.750339673631,1814.820816614503,1668.457904373341,1654.9387374389698,0.0772864046817448,-0.51392224234902,9.802711064627498
3.810000000000004,1.0052755183575817,0.9674868836220516,0.5450024800508693,0.1327737578494472,-0.0001013865286844,-0.0025446692055463,0.991143099459378,-0.0099070245258371,0.606779607148463,0.1205324572641775,0.9900807623132166,-0.0536340055535188,-0.0169493595925188,1767.7557398591423,1803.213627096245,1667.8293192037884,1663.6533511364337,0.1425391004611671,-0.4818317873149098,9.71646308024029
3.820000000000002,1.0053022087418653,0.9728536145750172,0.545949190544405,0.1381304652085714,-0.0004313739629287,-0.002842733568028,0.990409868369469,-0.0093291440699615,0.578186303649445,0.1154803916657329,0.8391850659277631,-0.0627182029107988,-0.0222272268838365,1757.594346365655,1794.1589957900717,1670.791596842637,1670.8915817242173,0.124,-0.4121332506108208,9.776913499660358
3.83,1.0053263332443418,0.9779751583495366,0.5467408874338398,0.1426141515080431,-0.000708260345179,-0.0031788715184869,0.9897730027298144,-0.0086939760651527,0.5483614435753947,0.1075505547424029,0.6925497533244517,-0.0670746513567235,-0.0207257487666785,1743.7822686781656,1791.3920498135044,1674.3095905267933,1669.315540634181,0.0900625761278706,-0.4127100661359022,9.778760454668646
3.839999999999998,1.0053406756680885,0.982796710216213,0.5474409490916151,0.1462840953694393,-0.0008757621955228,-0.0034809937659849,0.9892361089067274,-0.0080465115377469,0.5175173221918339,0.0970298921641503,0.5291332896786181,-0.0560298427086041,-0.0143448044632153,1735.2312337914657,1795.0938656725598,1675.3522870381332,1662.0946841831374,0.1173257917605168,-0.4755270658117529,9.729375479668173
3.849999999999996,1.0053427669066244,0.9872807008464192,0.5481217782204753,0.1491442112714966,-0.0009396395673975,-0.003691721310098,0.9888081171367148,-0.0075510514149491,0.4860278492217038,0.0867277294858091,0.3449945174710906,-0.0348672576889258,-0.0092522504487371,1741.1279300855222,1803.306038822736,1672.6703520028595,1657.590411195392,0.0982853223873812,-0.4359968338331739,9.71457545816546
3.860000000000001,1.00533395844924,0.9914160584850384,0.5488410448354071,0.1511491929480021,-0.0009632570167188,-0.0037901487881503,0.9885032262867184,-0.0073232072756688,0.4541634048154437,0.0794686619806692,0.1521073404345163,-0.0231709745806413,-0.0088734738673411,1756.968488964982,1809.437126985662,1669.2591312306797,1661.2803857809722,0.0834121110150056,-0.4478720999608931,9.762346455535814
3.869999999999999,1.0053182575910202,0.9952149274727023,0.5496241677726105,0.1522509581292445,-0.0010314423689018,-0.0037933485492518,0.9883340489845276,-0.007317618091371,0.4220410502182071,0.0751037016685554,-0.0304250081832895,-0.0367008107162766,-0.0114664864821837,1766.5277353772808,1807.1256237591576,1670.6547932960962,1670.6510288465029,0.0895260605338005,-0.4583532058003263,9.873634846363212
3.879999999999997,1.0053013241568571,0.998701466012377,0.550461251723391,0.1524534396147781,-0.0012027711235755,-0.0037414556623384,0.9883028400246424,-0.0074030009678677,0.3897983988653483,0.0711430291610159,-0.1873041813588707,-0.0692515190524911,-0.0130148569071031,1759.90858279,1800.0801414805403,1680.129911488561,1677.599430838327,0.1524190976999786,-0.4250060152644055,9.836548046024348
3.8900000000000015,1.0052895683491818,1.001900189960492,0.5513169359015085,0.1518376222373234,-0.0014762505626334,-0.0036784326003952,0.9883975041911004,-0.0074911092493179,0.3577167294516342,0.0659319589262844,-0.3159547402342003,-0.0941442094603897,-0.0106804996026742,1744.3033888553318,1798.6861651431764,1695.758147909005,1677.4897645780625,0.0971807302252882,-0.3636822553000431,9.7594318061531
3.9,1.0052889938781868,1.0048289807900035,0.5521447907505738,0.1505392983520937,-0.001791635019504,-0.0036382060014313,0.9885957076341708,-0.0075485186161669,0.326070196746727,0.06013441742398,-0.4262998788583151,-0.0875035861115143,-0.0041641814617451,1734.3921749762844,1804.104871072077,1710.9306139072723,1674.8624055184205,0.0929272241896685,-0.3552431772110753,9.844354941394048
3.9099999999999984,1.0053034658276372,1.0074974581782403,0.5529000525385153,0.1486944299094667,-0.0020646499688703,-0.0036385323551478,0.9888743422784844,-0.0075233865370382,0.2948841872702785,0.0553525178037605,-0.530125222615651,-0.0519884518355802,0.0044097181899783,1736.3827046589577,1804.312388841849,1717.4275656656937,1677.537094235901,0.051927227544096,-0.3336776792120064,9.869862682202587
3.919999999999997,1.005332467048873,1.0099084693875056,0.5535495550841841,0.1463867422789086,-0.0022372019112659,-0.0036796187030351,0.9892180634313028,-0.0073478899438904,0.2639782241960868,0.0523867534375792,-0.6312335633879578,-0.0164471704644026,0.0115906096478176,1744.4792662575223,1790.8421022233922,1710.761157039788,1685.8586865331106,0.0927548014221813,-0.3411838830885445,9.828892255022115
3.9300000000000015,1.0053689946453508,1.0120601997834144,0.5540788903824643,0.143627402800498,-0.0023128603473639,-0.0037441269168361,0.9896220497520394,-0.0070610690705466,0.233295044502849,0.0509213653718381,-0.7273754042726384,-0.0097386618222762,0.014531983502935,1748.8706843023533,1772.4158279742308,1695.4409292008056,1691.3718802383974,0.0905831396218264,-0.3024353419362695,9.822438147164082
3.94,1.005398756704339,1.0139479824018076,0.5544953411950156,0.1403756311047637,-0.0023576051311788,-0.0037984783797715,0.9900882260950198,-0.0068943171993758,0.2031146865517572,0.0499178147051933,-0.8185700849774529,-0.0331012067491887,0.0126602398215056,1742.400315614449,1764.8156175609329,1684.2218087198062,1687.2528795551157,0.1061044278449395,-0.2313771330142371,9.742427482348011
3.9499999999999975,1.0054019170743809,1.015566452207209,0.5548253142442602,0.1365865138109474,-0.002466812473514,-0.0037987348708312,0.9906177914284467,-0.0071522374082322,0.1739045728205613,0.0478539515055172,-0.9074969506564616,-0.0591309374606802,0.0079817391153705,1722.9628427924192,1770.9428673627558,1688.359253770799,1677.4291201427438,0.1060788394949605,-0.2578556391918853,9.744008556300038
3.960000000000002,1.0053580312336616,1.0169127755602754,0.5551069463539918,0.1322581338336022,-0.0027164210176303,-0.0037041122186136,0.9912046643576592,-0.0079530931229647,0.1459911548005135,0.0433416529542165,-0.9913217021583428,-0.060484957178396,0.0038137676665016,1697.00929843608,1777.9441364344673,1706.2803359225109,1672.7254529803413,0.0902976031574462,-0.2725509835830904,9.832906161471891
3.9700000000000006,1.005253482416748,1.0179905447451352,0.555379364490051,0.1274507848047902,-0.0031206298467769,-0.0034960418791907,0.991833825201168,-0.0090886858383418,0.1193817303184308,0.0364236131672317,-1.059888874699716,-0.0392892416790273,0.0026060408619524,1679.950741916564,1773.2737315627446,1723.353135626264,1678.4343338723868,0.1013473550825078,-0.2216938989893973,9.72922874152256
3.979999999999999,1.0050890201865963,1.0188130100237365,0.5556700588735358,0.1222682004484601,-0.00361149110348,-0.0031934252196655,0.9924853884700122,-0.0101635192860537,0.0938690887594639,0.0291432459887239,-1.1070144775289956,-0.0237410458736149,0.0044182292603886,1684.0180778705867,1758.45967540448,1725.3118814374952,1687.826453623284,0.0728932946684336,-0.2209688173485369,9.669524087846929
3.9899999999999967,1.0048837623488631,1.0194041550850144,0.5559841381619312,0.1168155294608032,-0.004045858873051,-0.0028521474478532,0.9931412932497105,-0.0108832073368369,0.0693095573865705,0.024062017352595,-1.1410364226826883,-0.0316438890584491,0.0070710011519656,1702.3130017800884,1746.2549772359046,1712.750972347062,1688.3529399043116,0.1460283295971178,-0.231781831785093,9.676383734924398
4.000000000000002,1.0046724013926174,1.0197962203724251,0.5563025438559577,0.1111641564513429,-0.0042422175991093,-0.0025447639815731,0.9937897454122684,-0.0112260064212546,0.0458170614471205,0.02200950974817,-1.1786108797293562,-0.0400774659316305,0.0073570483781756,1712.821889180566,1746.385755850104,1701.8465097452722,1674.4560746259335,0.1004501061683472,-0.184545768508797,9.740212108142016
4.01,1.0044950025778767,1.0200229510012535,0.5565939132253375,0.1053468654537198,-0.004052834921662,-0.0023305854274726,0.9944245475850536,-0.0113799770742027,0.0236597088339543,0.0216980890309377,-1.225625546466719,-0.0051599891907056,0.0032008241678017,1705.6711149944383,1753.6763265903037,1707.9282911287826,1657.7905560057418,0.0929241360845412,-0.1669587879711587,9.817400370981726
4.019999999999998,1.0043826049967244,1.0201099538662657,0.5568349856778682,0.0993819739665798,-0.0034704124302835,-0.0022338359651968,0.9950407978896896,-0.011544022338184,0.0029662272865758,0.0214872327261964,-1.2656756325557876,0.0674236294219816,-0.0025725816409538,1701.4960468728216,1749.8206747538652,1724.6148666463637,1665.900368361074,0.0946868943610019,-0.1565849763922941,9.766533006819998
4.030000000000003,1.0043442442514854,1.020066282364786,0.5570264439182747,0.0933012660904448,-0.0027424287896882,-0.0022403415285154,0.995631625502168,-0.0117731536246568,-0.016399178511016,0.0208987346472208,-1.2713489522490546,0.0659249932190952,0.0001137855850266,1730.8396799772574,1721.4487963875422,1723.138963041164,1721.2492232806435,0.1396041706130111,-0.1416560755188833,9.742124496633991
4.040000000000001,1.004360335374214,1.0198822195059605,0.5571944760771684,0.0871543915332479,-0.0024338685250515,-0.0023092779696743,0.9961891665520816,-0.0120103297927328,-0.0346736658757614,0.0203654626770357,-1.2323467651571642,-0.1831107632298556,0.0238267576107416,1792.7198691931012,1680.6255761836485,1683.4815648362176,1811.201985144897,0.1172646576825099,-0.1245309541596348,9.853224717706112
4.049999999999999,1.0043845176836204,1.0195357450078997,0.5573798132871944,0.0809850855300778,-0.0033719927911178,-0.0023891553561965,0.9967067460005408,-0.0123128567339647,-0.0520060391199178,0.0203854380904122,-1.1753512525523568,-0.7658888842972541,0.0732831306520226,1845.1451483830103,1662.0710475041642,1626.1914802083031,1885.50137017425,0.3482213912327448,-0.0793582346384949,10.198156580940648
4.060000000000004,1.004353109873732,1.0190056476265124,0.5576232339953168,0.074802268410296,-0.0064497745869382,-0.0024300096947618,0.997174566513474,-0.0130889686498399,-0.0684270695296403,0.0214752949826135,-1.150725446024862,-1.5607698347564858,0.1397841926382021,1845.9082592874456,1690.1980276727209,1598.2850383188954,1899.429503973376,0.5972155814528973,-0.1273809744602432,10.42166960485293
4.070000000000002,1.004199198780702,1.0182854746995784,0.5579544711408306,0.0685764003090338,-0.0123466147735118,-0.0023904264462874,0.9975666014285436,-0.0151001370737278,-0.0838598241545578,0.0242258042625855,-1.188285757212333,-2.295020661966565,0.2063967479370494,1796.181662894394,1749.5050073742382,1622.5440014262274,1860.1021254198408,0.4828861315677212,-0.2152582196267867,10.251199090785558
4.08,1.0038669918882517,1.0173915476965394,0.5583867745519211,0.0622713366069261,-0.0212938256520005,-0.0022415115274131,0.9978295592195902,-0.0191761074617125,-0.098087047173867,0.0284818406280871,-1.2611260385074752,-2.7513478190552574,0.2585949055820624,1735.274570720267,1797.1967118368698,1673.560093436406,1818.4497341127349,0.1559745006225441,-0.1933000461658769,10.278917831338465
4.089999999999998,1.0033216426989158,1.016360650197688,0.5589176959565801,0.0558905717176973,-0.0330088366945946,-0.0019685448767434,0.9978891649497988,-0.0258752342942967,-0.1108186540533481,0.0328995160220741,-1.3005289527186688,-2.9234905983589226,0.292258868740564,1699.2434113356046,1806.7698356987275,1708.7521072713444,1814.8130366840603,0.1958357209641011,-0.1260374497909251,10.364710828949578
4.099999999999996,1.002551184031943,1.0152380624384476,0.5595351759927978,0.0495003176158025,-0.0468342059302085,-0.001568808765039,0.9976742026081862,-0.0354035378668612,-0.1219144793511469,0.0363496584152455,-1.2573142483051358,-2.974570336592702,0.3146630766096471,1694.4926897483988,1792.3827204692989,1711.8181894729455,1841.612237757484,0.1538704960734155,-0.0188888550141244,10.352761265367535
4.110000000000001,1.0015605920955204,1.0140621062231854,0.5602247546958989,0.0432069902963905,-0.0620015245805047,-0.0010457910647874,0.9971398463908006,-0.0478360527595824,-0.1315364862086964,0.0395102513911907,-1.1513772552020602,-3.063750810745043,0.3377404534023354,1706.259116537937,1789.1333710008269,1700.2660657151596,1861.4537365817232,0.0761554540443256,-0.014892482637792,10.364053211793166
4.119999999999999,1.0003614888145638,1.0128535594975967,0.5609735046596724,0.0371033202662167,-0.0778779393240191,-0.0004038649186402,0.9962721551288052,-0.0633548728407521,-0.1400139340452031,0.0439729605216045,-1.0560227152474868,-3.222279546252069,0.3683965446306043,1720.2812462779705,1814.040157384888,1698.807588897996,1855.217205097145,0.1957035973439747,-0.044321694603115,10.46547438129176
4.129999999999997,0.9989620135338644,1.0116151131077544,0.5617711004174646,0.0312231145096814,-0.0940832490674791,0.0003531147609469,0.995074537245923,-0.0822634605784989,-0.1475332602312227,0.0498642461658316,-1.0281674233051952,-3.3766681725167067,0.4040071958289552,1732.4424590399635,1850.2029544164657,1715.0401670515355,1842.9905547381209,0.1939114528514331,-0.0375973754536019,10.589239929376992
4.140000000000002,0.9973595470831028,1.0103396888602885,0.562611543148578,0.0255365772800268,-0.110457049230466,0.0012208864720496,0.9935520282966273,-0.1048521416730146,-0.1539943040398378,0.055553752987114,-1.0538662156451732,-3.4552101441745284,0.4358620943059704,1742.114761534672,1871.425834010808,1741.6712810059212,1852.2607428433091,0.0172296424154527,-0.0934169226075544,10.728346283285823
4.15,0.9955365697926232,1.0090215498430124,0.5634956590767025,0.0199855836547915,-0.126939634726469,0.0021945850943218,0.9917066549024222,-0.1313278653100562,-0.1591886083011718,0.0600226950629568,-1.0671969892036766,-3.449679647365712,0.4563147324632376,1744.7046028769032,1876.64813782777,1772.2295040554302,1876.4446073948448,0.0055470789237137,-0.1148986874997021,10.880045565052852
4.159999999999998,0.9934592205078911,1.0076637170588558,0.564430442785917,0.0145305546171041,-0.1434571186861448,0.0032692371703765,0.9895444558831668,-0.1618774598231155,-0.1630480581831449,0.0644653265195538,-1.023163455601872,-3.3912139076819754,0.4646287468006935,1738.066003979743,1887.6951821434636,1804.2740888188275,1884.968396025517,0.1669340092612281,-0.0560540070316182,11.116983606219254
4.169999999999996,0.9910786935260534,1.0062787507398774,0.565423874272316,0.0091768704555648,-0.159870460777946,0.0044402451011752,0.9870853585393364,-0.1967311493011948,-0.1656533884510337,0.0708410053393368,-0.9429555671865708,-3.3093609681991247,0.4676696999101918,1733.2101723756157,1914.9736040858645,1832.39924616781,1872.2475810218796,0.0602277515864551,0.0042580678889961,11.41821233831709
4.1800000000000015,0.9883355408970326,1.0048844072814789,0.5664797150321303,0.0039667404786267,-0.1759962897714269,0.005704929234528,0.9843663061782928,-0.2360797614551864,-0.1670803287731188,0.0795219162824971,-0.8812083049400827,-3.2291739768681795,0.4735456306842401,1747.7087836069825,1943.7043554881368,1851.6095496819885,1870.6819440471131,-0.0356435408213027,-0.0369612490798843,11.730285446661735
4.19,0.9851657869280488,1.0034979704689435,0.5675972371679802,-0.0010527788201189,-0.1916679163659695,0.0070642761124476,0.9814338477430308,-0.2799326919417291,-0.1673605824728938,0.0892228015313757,-0.8592134021174241,-3.1759443185907665,0.4834211245567412,1785.233945018255,1959.077924926388,1867.54313532041,1905.181634774906,0.0651032761038941,-0.2150003812960471,11.97846803208086
4.1999999999999975,0.981506961352274,1.0021323308175285,0.568775335168716,-0.0058595263384258,-0.2067897891708771,0.0085201963073707,0.9783307494404117,-0.3281584072970547,-0.1665638033429904,0.0988498687489947,-0.8469518023133179,-3.153072564061882,0.4910297146875851,1828.9592054518373,1967.9676913019475,1892.2490053950949,1956.1370760449604,0.200877352034726,-0.1744601303893707,12.057651449948454
4.210000000000003,0.9773027330972908,1.0007947336832603,0.5700169224129917,-0.0104619583607847,-0.2213499134008481,0.0100656459648348,0.975086378756264,-0.3807289632023726,-0.1647945631871094,0.1084616727432471,-0.8094581056194428,-3.12552636267084,0.4904643064838876,1859.3439705657372,1984.802239009601,1927.8605253506369,1984.8336893388423,0.1250845939253881,-0.0270747615547137,12.36667018229844
4.220000000000001,0.9725060314024544,0.9994875708883378,0.5713313776429916,-0.0148798406121967,-0.2353872070214214,0.0116733649724567,0.9717176470890244,-0.4378958325454926,-0.1620709989629925,0.1184516966220841,-0.7509399542959587,-3.0488756155642123,0.4818848532520569,1873.56131187221,2006.6645795116983,1962.0172382843543,1983.0111283498584,0.0978430494032478,-0.0066732706414948,12.499318374265153
4.229999999999999,0.967081001383264,0.9982102567314706,0.572735019008003,-0.019118218602927,-0.2489426571826237,0.0132944921161178,0.9682382473501446,-0.5000688383282575,-0.1582821456375899,0.1286351248240136,-0.7014720812631664,-2.916825266443534,0.4687865730558129,1882.91140152882,2016.2873981406915,1982.039110740122,1977.2236389205143,0.0643530668043812,-0.0623853645610865,12.77888106154766
4.239999999999997,0.961003455648589,0.9969616019188312,0.5742486191728592,-0.0231547730019653,-0.2620288566914724,0.014872543093831,0.9646675811957762,-0.5674232149224233,-0.1533616792586487,0.1384453875504924,-0.672247221034101,-2.7664044506079217,0.4524788913176606,1895.1987262129933,2007.4822402163616,1988.943766519892,1987.7441155075385,0.0978346386138158,0.0204451191109682,12.879774368236886
4.250000000000002,0.9542586925347304,0.9957425513399368,0.5758902248922907,-0.026947739333065,-0.2746298116174134,0.0163647291888663,0.9610330283369016,-0.6394818443672152,-0.1475046490801746,0.1475342934462083,-0.64251088248229,-2.632245435942016,0.4315280908025635,1907.640013545475,1994.8438403331072,1993.5577799423563,2003.168479067685,0.1652138491047559,-0.1071088738019986,12.898592864701053
4.26,0.946836264554527,0.9945589280370046,0.5776644695085833,-0.0304579377441798,-0.2867158004345843,0.0177553011184748,0.9573667599680488,-0.7150683232354204,-0.1410896441099293,0.1557291426651465,-0.591637243001875,-2.508965221654732,0.4055486526668037,1916.999701765143,1993.47493521609,2000.5876866674712,2001.5249394797504,0.3278429558180571,-0.0876078029339334,12.933407651709029
4.269999999999998,0.9387237594256822,0.993422737615925,0.5795538607125486,-0.0336714224964402,-0.2982513185204976,0.0190526262220494,0.9537029850754868,-0.7928322694058658,-0.1343050943661337,0.1625034377386418,-0.5286078448962074,-2.369196167292575,0.376803072379328,1926.5452339379733,1997.8914016736924,2002.9769951200012,1981.093056301164,0.1964826812498961,0.0108756795857237,12.96067288344484
4.280000000000003,0.9299036484747338,0.9923501418377096,0.5815183216411036,-0.0366085394524751,-0.3091894908980082,0.0202748303669575,0.9500792623833962,-0.8719363100968611,-0.1269479519293788,0.16691910859026,-0.4788457816692069,-2.206400364335517,0.3466160551976704,1937.4639704305011,1989.513539755552,1995.247505971816,1958.0051934919024,0.1258091340726332,-0.0752471247506422,12.711558324930134
4.290000000000001,0.9203560035648944,0.9913560614110172,0.5835050036384059,-0.0393111562765361,-0.3194632338267913,0.0214345235669584,0.9465402455387664,-0.9522228999683354,-0.1187138253899413,0.1683622927983911,-0.4479725206280363,-2.0385042165457463,0.3114981697263556,1941.3637141655915,1961.184285030473,1985.8730382860265,1940.886919873823,0.2605896587153014,-0.1411606327775034,12.573956594549884
4.299999999999999,0.9100657206720926,0.9904483532333596,0.5854641770836722,-0.0418127526389531,-0.3289833592243066,0.0225286117898842,0.9431405540644858,-1.0337414142989272,-0.109641534376074,0.1671255498002161,-0.4118358483930376,-1.8698856892682745,0.2654686993178527,1929.231415701652,1925.6931835027167,1988.2478487326107,1921.1199679462443,0.2648561984371333,0.1338108452142128,12.488705420016618
4.310000000000004,0.8990293524195561,0.9896252814232256,0.5873634901830223,-0.0441096642538962,-0.337641903749082,0.0235330586268309,0.9399459971209888,-1.1161729928250232,-0.1001640807224817,0.163733935458218,-0.3456470372261708,-1.671412860311834,0.2072551219372881,1904.3552178384884,1899.7880329909976,2001.620783753846,1888.4005458987108,0.2621173422062126,0.1205373301285673,12.146466191739076
4.320000000000002,0.8872566479490933,0.9888774547546714,0.5891942412419178,-0.0461536861282099,-0.3453144714875085,0.0244026350578565,0.9370337584315276,-1.1986682349813966,-0.090761837214493,0.1575894234946464,-0.2546071142230039,-1.410692867383735,0.1436275302088318,1880.8754647593976,1885.9282361295227,2009.124118152208,1846.971921622478,0.3028685371855886,-0.0001189880249801,11.948019006978727
4.33,0.8747653086223484,0.988192446141818,0.5909673823879801,-0.047870852901462,-0.3518630954262838,0.0250793371089007,0.9344901125050488,-1.280153818910064,-0.0816850777112816,0.1470610122362797,-0.1688358109282432,-1.0932234237535263,0.0835752426843973,1869.7344167561275,1872.3302745864464,1997.1028808076755,1811.7051449526991,0.270532736705559,-0.0194308300357097,11.642164509974712
4.339999999999998,0.8615721290711837,0.9875597948420212,0.5926999481539277,-0.0491914348673444,-0.3571468025420123,0.025510752606251,0.9324031132890812,-1.3598223068814703,-0.0729787756773776,0.1317088836801883,-0.1098847900438965,-0.7592774089294033,0.0294257225728252,1867.197859098951,1847.701583485405,1972.087069104622,1790.354677061924,0.1735339993604938,-0.0248224593131559,11.249427099753998
4.349999999999996,0.8476867726132168,0.9869751550057574,0.5943943823828886,-0.0500718262760112,-0.3610408915431361,0.0256705491704525,0.9308508525818784,-1.4374364700006383,-0.06460750177649,0.1139100359509195,-0.0678235108676662,-0.4385683130835798,-0.0238310700208441,1858.86096307918,1812.5234550068687,1953.0955943056103,1774.3248781624477,0.2832323235362564,-0.1098767523343,10.908089151923024
4.360000000000001,0.8331135387296645,0.98644269234069,0.5960173505252035,-0.0505023428637185,-0.3634550171828506,0.0255685693149684,0.9298904301653368,-1.513198171518254,-0.0564983827591611,0.0968780986301645,-0.014642064981393,-0.1203265653215481,-0.0793581877250657,1837.334770356188,1776.3589662022664,1946.7633593024357,1749.0862404739685,0.3937654768133374,-0.1386586537504784,10.620754272795793
4.369999999999999,0.8178614894881384,0.9859743808455936,0.5974901781172177,-0.0505080706954625,-0.3643367308816516,0.0252440347604686,0.9295538822650924,-1.5872602147715926,-0.0485468223396506,0.080766474466886,0.0611866048145436,0.2240499285486339,-0.1314069184137201,1812.196923453888,1747.298931374392,1938.319766129164,1710.5014860693814,0.3323712896386315,-0.0268073856352553,10.408452488530628
4.379999999999997,0.8019571688246327,0.985585254177012,0.5987013657289392,-0.0501480009495705,-0.3636551084015157,0.0247455883788753,0.9298536422416308,-1.6593374132265564,-0.0406268381101674,0.062130526714096,0.1393938901916537,0.6007645684837521,-0.1707126247639822,1796.2535775291208,1726.2246278427365,1913.3422200321356,1667.107898858217,0.2902447248221538,-0.0561319727547381,10.269834594454167
4.390000000000002,0.7854510799635265,0.9852856442925638,0.599537955100232,-0.0495071537018106,-0.3613724886232492,0.024108857674727,0.9307941389911116,-1.728832113777401,-0.0326061289866401,0.0381899354675172,0.1911186560811458,0.9920248484102464,-0.1957565254542678,1786.4865294212125,1709.4674466033828,1879.9218371868933,1629.1325819094018,0.3317318296091596,-0.1175134621902596,9.808723960614255
4.4,0.7684112776733647,0.9850739999478146,0.5999182880406119,-0.0486750400169811,-0.3574213219171116,0.0233441842376477,0.9323817824156844,-1.795299291742897,-0.0244451654525433,0.0103825437589033,0.2129208396844062,1.3882465763942866,-0.2145981106908773,1768.4684563733526,1692.9034871932486,1857.8578830908752,1600.4813729140874,0.4064155512807081,-0.1380553808024212,9.41643445299805
4.409999999999998,0.7509032521051731,0.9849351615209474,0.5998104607372583,-0.0477162931050733,-0.3517023045803354,0.0224427465148833,0.934625576075286,-1.8586623988940176,-0.0163628113522284,-0.0177799828376769,0.2300328869201925,1.800335679743491,-0.2349401282490383,1737.9055077166656,1673.1460989372067,1850.7596773279429,1580.2066882753193,0.4028877241848834,-0.101509986955479,9.20976440308597
4.419999999999996,0.7329611265439996,0.984847468116268,0.5992361951967929,-0.0466506835614129,-0.3441110903562888,0.021397890069941,0.937525147138792,-1.919023367944968,-0.0088042968959188,-0.0453803208743907,0.2667099895415759,2.2334606731230844,-0.2559175407870462,1708.2167129547097,1648.746852182073,1841.7567001893428,1566.9260854082354,0.3502717780119226,-0.056526020607766,9.15018987598742
4.4300000000000015,0.7145592965072309,0.9847978657094424,0.5982689302798262,-0.0454560900929043,-0.3345882938053153,0.0202265651443748,0.9410501068404244,-1.97660046628939,-0.002053106425023,-0.0744923018562198,0.3215171966887005,2.6623794379413583,-0.2712805602874487,1695.194268172911,1622.320961267863,1816.76163396358,1561.00564347665,0.3942893615308769,-0.0774119006606843,8.964293252293775
4.44,0.6955965059590425,0.984799157237197,0.5970282769073448,-0.0440939197204015,-0.3231746245627133,0.0189739296920749,0.9451210918578,-2.0320874233339152,0.0041868490772519,-0.1060128317470951,0.3742043890880128,3.0434898594164688,-0.2778796556370038,1699.827085026751,1599.9841851834128,1781.176429634265,1564.0559676356715,0.5042829764130015,-0.1490208706536261,8.730187129489819
4.4499999999999975,0.6759050945180199,0.9848999647977994,0.595663615368123,-0.0425449422072454,-0.3100436718049048,0.0176955959335241,0.9496050312371308,-2.086723613211412,0.0106803416876462,-0.1372352072170701,0.4099738992232075,3.348531139997514,-0.2784108128448336,1708.7327808575296,1587.0795076970746,1750.6650958657258,1576.206904902628,0.5622224064647994,-0.2334580704640041,8.661169492112723
4.460000000000003,0.6552935545683387,0.9851774199671612,0.5943219042338159,-0.0408384843190727,-0.2954866189464566,0.0164282413238946,0.9543322215607708,-2.141274097097766,0.0178822479120239,-0.1646017194681991,0.4316862359116902,3.583312625448476,-0.2768065382088822,1709.4877782220983,1583.8454803016289,1733.2992217587353,1594.0184609497655,0.620874309571859,-0.1990578291372865,8.67714699244359
4.470000000000001,0.633619579230538,0.9857064689131396,0.5931052166798787,-0.0390573624602877,-0.2798427418586762,0.0151689280241234,0.9591310994276344,-2.194661555043231,0.0251502813150236,-0.1876851377908001,0.450947040129857,3.776583270522826,-0.2735888679842913,1703.425019637324,1585.5296211011646,1724.9676178173434,1612.750339069907,0.6412672228007801,-0.1359813116431226,8.818068591701085
4.479999999999999,0.6108771356891993,0.9865090175703526,0.592029664683114,-0.0373073700575178,-0.2633991270147223,0.0138814304559704,0.963865325611296,-2.244384186906831,0.0310724807958435,-0.2089977943952555,0.4716832513203801,3.9516004919502095,-0.266943313761424,1703.105467697792,1587.8473673064775,1716.908941188541,1630.953768992602,0.7096162152332921,-0.1516144087058107,8.888823196253304
4.489999999999997,0.5872698464394451,0.9874990011447484,0.5909962651329093,-0.0356566400666649,-0.2463008405257168,0.0125355964976445,0.9684561728833836,-2.289617361666417,0.0353135355056859,-0.2297755024894273,0.483784393852093,4.105530326606298,-0.2568009033738809,1718.296462840805,1591.9832160085543,1703.4346861166186,1651.494001039198,0.7402479259728101,-0.1670136357902465,8.969980259156264
4.500000000000002,0.5632376797273108,0.9884496395403584,0.5897829621607399,-0.034071173935894,-0.2285077433498236,0.0111670715297157,0.972881628385104,-2.3341069479551493,0.0403530182120095,-0.2469325855635072,0.4748451691837967,4.218118434380759,-0.2446237665079519,1744.8415653648342,1602.4584117537888,1686.5160980299606,1678.333606968358,0.8182112088149252,-0.1587919950601629,9.087912017409415
4.51,0.5394080551113084,0.9890094813214134,0.588068536674627,-0.0323863420191097,-0.2098178857054173,0.0099249398011793,0.9771535576656684,-2.3836537470206034,0.0500120461915097,-0.2555909733108654,0.4515279293218449,4.28662445382834,-0.2281293404628201,1766.4243991928615,1621.324742114542,1677.5912024237991,1713.2338815851222,0.866210250137339,-0.2353106358824487,9.41346874554208
4.519999999999998,0.5164602176598025,0.9887806780327862,0.5854969586622062,-0.0303496786394072,-0.1899627091184094,0.0090638948748045,0.981280241297346,-2.437128633018182,0.0638679850747747,-0.2560624138496348,0.4456286854602555,4.349998052388146,-0.2005408351230281,1769.6575462423502,1647.3589744010314,1690.0473498858255,1754.005829644943,0.9680542736027208,-0.1736606375837313,9.688113507923692
4.530000000000003,0.4949245989598319,0.9874477047870897,0.5817776275544165,-0.0277423291883801,-0.1687619066852772,0.008851626138097,0.9852265885256368,-2.4794513692657145,0.0726119557820989,-0.2582795968411738,0.48409869976963,4.4595544083907726,-0.1613644336346791,1764.8037041227633,1677.680304261212,1719.7268515895155,1794.6081065599203,0.9653013859237674,-0.1049318076727779,10.037704247793526
4.540000000000001,0.4749794845096228,0.9849144595983006,0.5767947351852838,-0.0245387848319967,-0.1462960386547305,0.009412177964905,0.9888916664725512,-2.488826975027289,0.0623597570920279,-0.2761809229208527,0.5399853407479858,4.602517629337455,-0.1283571344684093,1791.1886898060343,1703.810236522232,1733.894108269553,1829.246159087913,1.0559505945423533,-0.1657697205301134,10.382011489000629
4.549999999999999,0.4563355820988701,0.9813865628304032,0.5706798607086059,-0.0210182375107967,-0.1230193056527661,0.0105917306261823,0.9921251429991044,-2.4575885101752557,0.0279364723768234,-0.3139622406804231,0.5222729242649201,4.6578952371736895,-0.1308362140011805,1883.9501338366445,1711.7215807370394,1699.4128570207342,1858.5567449936884,1.0508229346000402,-0.1900256774638682,10.699165670187698
4.560000000000004,0.4382858657308717,0.9773437807311404,0.5638040156375131,-0.0177356598891174,-0.0997240102809045,0.0119551234757898,0.994785224641214,-2.405633938169131,-0.0182242431545032,-0.3584139641163273,0.3462936770222075,4.473387905882101,-0.182519138189094,2021.850187002785,1701.020381650475,1638.22521415807,1890.7484802208717,1.1223272502711854,-0.1562829521911918,11.245896383048043
4.570000000000002,0.4199270078630527,0.9733959457735152,0.5566799500885193,-0.0153274143386819,-0.077319244661312,0.0129509876034238,0.9968044325216407,-2.367134085688408,-0.0542228035644941,-0.3883711439861711,0.0377556684688487,4.034977176387974,-0.2614418403104784,2127.370430511977,1703.2138626903677,1635.5193505764144,1935.627010483556,1.4677977929286576,-0.2698478837456947,11.668485515044862
4.58,0.4004613337422645,0.9700829043579716,0.5498166250549463,-0.0142379536276557,-0.0564964834134378,0.0131579515973056,0.9982145542658528,-2.361660969036609,-0.0670033964617164,-0.3918692563683696,-0.2483510251013992,3.549905696483883,-0.3239017700925458,2147.194087884609,1759.2303304020736,1754.025391566004,1997.4142242280316,1.6059257811854428,-0.4014192144835734,12.622479641325128
4.589999999999998,0.3794388020533561,0.9677142813757176,0.5435950181005945,-0.0145232600002273,-0.0374529248146836,0.0124570815496664,0.9991151957912844,-2.3809456074805477,-0.0609345741772753,-0.3716724886244811,-0.3505410380491129,3.298126597892744,-0.3407130246200723,2121.897411753815,1869.4685797083991,1942.0339098508905,2072.110276267756,1.4947016574139946,-0.3193602366092342,14.020020911920806
4.599999999999996,0.3568410312312313,0.966317571593705,0.5382148426794902,-0.0158459509463664,-0.0198377417538617,0.0110335423903269,0.9996167419481496,-2.402620409020473,-0.0493460933946171,-0.3363436976311622,-0.2557792376881644,3.369995849207518,-0.3169077210454869,2139.81517803645,1983.521056857616,2072.854055443877,2149.983483399861,1.2333964192441291,-0.1427920743903946,15.150132145713684
4.610000000000001,0.3330047458141926,0.965698119493952,0.5337171578553362,-0.0176544143721895,-0.0029558839278542,0.0092347397668527,0.9997971314145778,-2.4114523243638377,-0.0413628960421685,-0.2915647335196713,-0.1094534668814502,3.58773780959317,-0.2785703287393989,2222.993326958942,2051.489906409979,2089.2381351024337,2219.090289332286,1.288635528008965,-0.1306155680910647,16.1441649355247
4.619999999999999,0.3084549398621317,0.96556224549417,0.5300547331496666,-0.0194284234241228,0.0139037587755623,0.0073925536330392,0.9996872370926552,-2.4067068761603085,-0.0374687317245571,-0.2402123962400383,-0.0577770278057609,3.716558536381632,-0.2484642653978825,2300.19992348202,2073.162071890128,2062.712221882754,2267.146126498741,1.4706691681989104,-0.2462045663200472,16.482582172867584
4.629999999999997,0.2837328096358528,0.9656407728089018,0.5271717613646291,-0.0208521712149325,0.0312174816615743,0.0057076944960558,0.9992787789290196,-2.394914380313179,-0.0339737094536236,-0.1848644056689743,-0.1045843163645851,3.7144520944238457,-0.2346158318676936,2306.471182661459,2085.0471023052605,2085.2116503592365,2286.919440968094,1.6318607957476214,-0.33921163943147,16.753436907783318
4.640000000000002,0.2592747254509547,0.965767080679672,0.5250588564668806,-0.0218500019538436,0.0491706426796585,0.0042313856797319,0.9985423980424244,-2.380420272650343,-0.0284485193626523,-0.1266914226114445,-0.1455012408771618,3.723619338989287,-0.2322184553196368,2268.5220731801496,2109.013099402764,2147.449096615488,2285.887656066163,1.6381875580097094,-0.2544142137340568,17.20557998699062
4.65,0.2353575961658668,0.9658925601984844,0.5237640999993604,-0.0225141890172338,0.0677596890634545,0.0029171428012506,0.9974433448115222,-2.362405643140492,-0.0210986591162612,-0.0641009239387972,-0.1157648555862734,3.845689618045558,-0.2293908612297371,2257.768209835828,2130.397323115378,2168.674039823689,2283.132384194021,1.3343095521382642,-0.1169133576827368,17.403517296281457
4.659999999999998,0.2120964380471948,0.9660481772792022,0.5233644075260471,-0.0230015106808253,0.0869267758020342,0.0016915250764977,0.9959476918483112,-2.337786697076266,-0.0130966781573959,0.0047607605929312,-0.0570514390618809,4.014073997289306,-0.2152345434685783,2284.678496067695,2126.70134826612,2118.7875796176368,2285.71805940966,1.3658117999292312,-0.1595971016435776,17.410391442136536
4.669999999999996,0.1894701209441001,0.9662769784980474,0.5239223011483387,-0.0234529739705752,0.1066351055691496,0.0005025175805998,0.9940214583942708,-2.304993444257508,-0.0050749342167622,0.0783153878838306,-0.0380944387610733,4.118594454052925,-0.1895178816063313,2286.708814491595,2100.2984614955963,2053.9976942356207,2275.2145493047574,1.596071625605826,-0.2423329265054092,17.19274578113593
4.6800000000000015,0.167357076111925,0.966568495620684,0.5254578342706488,-0.023945837872079,0.1268714432588585,-0.000668221628195,0.9916298640187649,-2.2651867267317622,0.0028150776774981,0.1514322971579706,-0.0576795409291687,4.18070233982955,-0.1648288062560954,2221.1120717584126,2070.564315757057,2029.3364323257535,2232.7866163743847,1.63981039120422,-0.2561203112907207,16.785459931832165
4.69,0.1455754129158913,0.966824291355731,0.5279527404174261,-0.0244695726742029,0.1476067903370102,-0.001817305886556,0.9887417119040052,-2.2207873957986197,0.0102673062363997,0.2191423530211194,-0.0581674467973147,4.321344198733722,-0.1547480548831883,2127.8023182270526,2043.7052389216624,2025.646362501721,2172.285554241369,1.3743580566188165,-0.1673052258632582,16.23103856965739
4.6999999999999975,0.1239329307087255,0.9668755889464826,0.5313837183846766,-0.0249291717576524,0.1687499432757319,-0.0029342501729334,0.9853392224081192,-2.1730334889384637,0.0170541744802676,0.2800700247730356,-0.0136047817318731,4.572450868107598,-0.1582203154622883,2078.2139043977904,2007.6374702801545,1988.682857899827,2128.7847227233265,1.1449752599676897,-0.1470033858007648,15.599412395174545
4.710000000000003,0.1022951695650208,0.9665589308260828,0.5357655435143922,-0.0251873849344179,0.1901293522085029,-0.0040069382063596,0.981427719964721,-2.120601687783356,0.023978543966306,0.3356209681595409,0.0348373279303763,4.80597728786275,-0.1586069927521927,2084.2519113874528,1956.321842615369,1910.528374431702,2112.756091271397,1.2337507774936176,-0.2519321746261677,14.753170886779628
4.720000000000001,0.0806708205253931,0.96583457687694,0.5411798615560937,-0.0251414071199611,0.2115415566487786,-0.0050234022243526,0.9770326733987622,-2.0608733522693043,0.032737657219703,0.385912208408288,0.0377889192557705,4.884065963687591,-0.1417385048624175,2086.383071836222,1903.787289878364,1838.33133937976,2094.748818549771,1.3101182525088344,-0.2591771335196789,14.255778891172652
4.729999999999999,0.0592962718789499,0.964908473055292,0.5477714344464331,-0.0248044818775691,0.2328742263494009,-0.0059809803796684,0.9721720836635104,-1.9936196825467143,0.043593359968894,0.4284730188305663,0.0058449805854642,4.829724128604814,-0.1145223713892707,2030.1203806905305,1866.661903309774,1810.362882876688,2045.601364767495,1.33682105518242,-0.2340933439381184,13.818760251514783
4.739999999999997,0.0386829015218453,0.9643005759019704,0.5557031737775756,-0.0243530596195058,0.2542409963016413,-0.0069004938661399,0.9668096128354956,-1.923737648737164,0.0529764041398476,0.4627086354498335,-0.0028808164603765,4.7988509797656445,-0.0999400848189542,1933.188457460241,1843.1660050344808,1811.6575465647836,1979.1433675369776,1.2343240945214182,-0.2367968323029975,13.269114694130696
4.750000000000002,0.0195829313831205,0.9648022145676703,0.565073081362701,-0.0241054952962168,0.2760120054953606,-0.0078265241100484,0.9608199849291792,-1.858346278827085,0.0554499833020418,0.4936702581251885,0.0408559035140621,4.899119084767069,-0.1048364785158675,1865.9882705020707,1822.6149432254977,1799.3779043721768,1939.6086979919328,1.037592310714068,-0.2777863331990801,12.634635682358828
4.76,0.002843538513373,0.9672931481488182,0.5758163396600935,-0.024406650655353,0.2986575941061284,-0.008797657977056,0.9540076300012728,-1.7978557093639425,0.0513158092653806,0.5279095081213978,0.0943744665359945,5.079999599581762,-0.0884694310892998,1871.357188822808,1810.1184409299983,1753.285339445711,1952.665430798012,0.9135600191985612,-0.2693058586044642,12.278007931335736
4.769999999999998,-0.0108392898238902,0.9724454628727686,0.5876374650483368,-0.0254144593081176,0.322440857936208,-0.0097960188774492,0.9461976730079136,-1.7290071310137596,0.0529960817381922,0.5660763678939857,0.0996222755579376,5.196262040912592,0.0274433932534877,1912.8673379546003,1819.8060775439037,1685.6656764851766,2009.1626232591757,0.9916484881176402,-0.2286614581758387,12.29717410829248
4.780000000000003,-0.0211944660881016,0.9804110034625444,0.6000157641338281,-0.0268429573282477,0.3471131380422741,-0.0107127198873468,0.9373778121296312,-1.6310567388444277,0.0793646370681811,0.6022637074066571,0.0989982125165449,5.122541667862949,0.299375978960863,1906.5588841807096,1838.247149937688,1609.9253000301628,2097.5072490762177,1.1264504424190571,-0.2931199230410215,12.30834327143952
4.790000000000001,-0.0285543390757005,0.990637497136006,0.6122937036738507,-0.0277958532294065,0.3717948079359506,-0.0113676313913805,0.9278290727777764,-1.4948807939654647,0.1378031474299295,0.629376673171095,0.284589027320883,4.780811035914473,0.7069728048377277,1803.3436647146095,1824.0696706891515,1521.2429965175952,2221.3715407836585,0.9008312676942624,-0.3195706004268671,12.53243997530358
4.799999999999999,-0.0338222308991604,1.0019394168329578,0.623818423226351,-0.0268488964967866,0.3951409445929082,-0.0115854296410662,0.91815496975356,-1.3364550756712594,0.2117451858456346,0.6423828930923646,0.8798611449697477,4.1249339410595,1.167511537231196,1635.0448180208712,1771.0626711130828,1414.4208425134225,2364.4028949058584,0.9994260149383392,-0.1501894118332529,12.530013020637195
4.810000000000004,-0.0382039396428804,1.012838078128426,0.6340868734599033,-0.0224358039472234,0.4157455650684855,-0.0112747195731743,0.9091342807999672,-1.1866107573952949,0.2710918935021301,0.6385492062071783,1.9079505331202764,3.20118332269554,1.607824496646452,1475.033645554393,1752.00972483052,1303.4661536661683,2461.3835194230146,1.27924265755638,0.1673450279350805,11.994555617479683
4.820000000000002,-0.0428123771233862,1.022031329290093,0.6428442825330815,-0.0133984551561425,0.4326099208292004,-0.0104353741300887,0.9014212338115554,-1.0655268734416183,0.2970120502351832,0.6187545982932614,3.0634545736549903,2.239550615462381,2.0112207505315003,1363.861334257736,1856.4915006300075,1208.9214153209589,2444.581119971316,1.2870750308123895,0.2744979262839113,11.674289409194255
4.83,-0.0483315356482325,1.0287719819476562,0.6501005043308332,0.0005746261656154,0.4454662526148435,-0.0090704504993264,0.8952525981608752,-0.9695260743917316,0.2943982645152536,0.5882173708329541,3.8708002150931455,1.5898950132503584,2.396310961724566,1289.7021888412587,2077.8603448107806,1133.9534061387976,2325.458240607478,1.0774317875299442,0.0854600022774526,11.797694970939482
4.839999999999998,-0.0548812410621185,1.032996093392764,0.65606173448328,0.0188607913666354,0.4548257183885741,-0.0070674658463566,0.8903526758357344,-0.8816725090315107,0.2811551065326115,0.553110331583611,4.044037700349456,1.4654687681498335,2.773627573682797,1231.2328157661177,2293.398635089011,1066.742462406111,2204.353644927903,0.6998691357719693,-0.2544139998574537,11.314826967548836
4.849999999999996,-0.0621015798188839,1.035191184542131,0.6610111136296172,0.0402172917116474,0.4617528862344706,-0.0041501986759828,0.8860866872673724,-0.7898861893923254,0.2701766496467198,0.5161590125172758,3.7202741493150326,1.737897703319767,3.138616450288735,1185.343922017636,2377.692869338237,1003.1930216459164,2179.5685383084256,0.2445234409223662,-0.5244287314232956,10.778917236373848
4.860000000000001,-0.0693730451356246,1.0361149633749909,0.6651856119297954,0.063320721811167,0.4674902056693892,5.4968808786306455e-05,0.8817275036942734,-0.6933449909375374,0.2624957041521372,0.4764006725253935,3.322887566899976,2.046004883142793,3.495931670810428,1144.5974202802286,2327.225127322881,953.9786182996828,2252.083038100593,0.1816275852482638,-0.5940142089451423,11.037635295476482
4.869999999999999,-0.0760579762212501,1.0365067555423242,0.6686861586882455,0.087220845266462,0.4731123573239331,0.0058895151618664,0.87665417075923,-0.5963422142720889,0.2527680255292525,0.4322901394966401,3.1764871580689977,2.147259157398488,3.8649698894525777,1085.2376308564385,2257.0736186032545,925.5695705323092,2330.693083843399,0.3797897634920977,-0.3857291276056342,10.96062288703353
4.879999999999997,-0.0816776550490877,1.0368932541231737,0.6714427897141083,0.1114468120657631,0.4793430135652416,0.0135631585451575,0.8704170978082002,-0.5009790364618582,0.2369195979819032,0.3836751070406756,3.2476388213731395,2.13723014369486,4.239838327829425,1012.3941297070464,2271.0601257557128,902.2755167768472,2325.8139760234844,0.4845472305492677,-0.203365436050422,11.137705247351766
4.890000000000002,-0.0859896267096851,1.037522925676415,0.67324618502654,0.1357222478545067,0.486534419923098,0.0231317175651286,0.8627448367332612,-0.4061164907213213,0.215019435942438,0.3311516661405116,3.230482359609981,2.2839598961905603,4.539275381467595,1000.3495996035754,2347.527559164465,855.9235136777457,2224.633298870866,0.285678919305266,-0.383220638829485,10.74057373016636
4.9,-0.0889728455184045,1.0384063627910898,0.6738430487117253,0.1594940574634131,0.4947001559815434,0.0345239032776748,0.8536050031531961,-0.3108323775143341,0.1898867321552452,0.2746552911883175,2.8252802984677614,2.659491927699088,4.615003946898916,1142.0107094894934,2367.9880494942763,780.4938960775803,2076.2092499239543,-0.0261562815571902,-0.6865387360575415,10.308417057382169
4.909999999999998,-0.0907531090210585,1.0394114601499005,0.6730707614997248,0.1815928288466713,0.5035038371321223,0.0475630475824507,0.8433538326286081,-0.2169733698236522,0.1646272971235547,0.2129870953307414,1.9180955028914404,2.9845773040571646,4.33979153566958,1443.9208749803392,2250.4937335189625,721.9497433554798,1926.924464764801,0.3074551458878352,-0.8047298315650755,9.910563310304637
4.919999999999996,-0.09150875458798,1.040363488582352,0.6709854761752932,0.2002536857144543,0.5122180361368361,0.0619674771356818,0.832881249993862,-0.1279215813038033,0.1409588947202641,0.1448178932490144,0.5747268969112085,2.8555923956623914,3.7067404931918064,1797.0714370926912,2029.7208362448328,764.4895313707425,1790.1318205860478,0.6899412860968215,-0.8431636181562084,9.207352991541969
4.9300000000000015,-0.0913911932378652,1.041118946256554,0.6679278661985256,0.2135063022001841,0.5197537494180378,0.0773535937909574,0.8235821273038401,-0.0449153610149574,0.1187850439021755,0.0708198391561534,-1.0267874114661577,2.10170194121894,2.846818828803867,2067.7410493898847,1805.4593524638456,964.353396131476,1666.463089111273,0.939202832858459,-0.9525890564714792,8.661172225763753
4.94,-0.0904809583374927,1.0416026780631829,0.664479587061809,0.2197411993817628,0.524833577480219,0.0932614941148269,0.8170470090264387,0.035439106363148,0.0969560745046574,-0.0050043539209521,-2.64037248807094,0.9119121863261562,1.9500263464827323,2202.663481799341,1642.4766807738274,1286.8618770902317,1564.0006561425269,1.1360385319228614,-1.00245609765133,8.65138035705102
4.9499999999999975,-0.0887830558963201,1.041811348838457,0.6613005259686735,0.2181944526779746,0.5262768633267104,0.1091946819247587,0.814555317573281,0.1197593227274633,0.0746242214052144,-0.077033600493495,-4.013533917032458,-0.3490868564543326,1.1643288531925884,2238.4078636714003,1533.9919857571315,1620.21093471415,1488.987006900251,1.0175559258143354,-0.8820445574578828,9.154785802660763
4.960000000000003,-0.0862521083887998,1.041793417794816,0.6589002587903554,0.2091683645722415,0.5232824465285736,0.1246586810142393,0.8166298363793931,0.2132708506081455,0.0522018700104841,-0.1417292897131176,-4.984332238184765,-1.4106953433221316,0.54982123867257,2232.9197434634,1440.298321697671,1859.227503156505,1432.2928345098298,0.8408723484598026,-0.5799671050509478,9.86836266899198
4.970000000000001,-0.0828319514599873,1.041618891620359,0.6574498708444717,0.1939335567921279,0.5155885236414975,0.1392019349196965,0.8229101233754194,0.3158078037223911,0.0312928359642848,-0.1991768503843886,-5.5380908334810135,-2.210944530358553,0.0990521678141573,2211.591816296429,1339.0766372038609,1971.9367505132343,1378.8100444833206,0.7231553949793526,-0.4709442932518126,10.228102670753056
4.979999999999999,-0.0784947915903776,1.0413513795839744,0.6567299459584507,0.1743654737483073,0.5034454278686937,0.1524692513085148,0.8324016519253534,0.4219538647645325,0.0137716923884756,-0.2509693756105522,-5.769753330511098,-2.829637846381522,-0.2197790107764938,2170.1450948872102,1238.4566781081958,1991.0260345795543,1327.0757452640376,0.568381460699908,-0.3407632291544533,10.305226013673302
4.989999999999997,-0.0732683031381189,1.0410307268495207,0.6562338385262846,0.1524493718964306,0.4874246366719678,0.1642537686770815,0.8439177163971378,0.5249565049557723,0.0007395727946067,-0.2981060159639649,-5.799674177091704,-3.373507004461382,-0.4369781641730018,2103.3188834483144,1155.3044847324886,1961.2846907330545,1289.5304139837672,0.3363381768518398,-0.1861454213879152,9.95320030989974
5.000000000000002,-0.0672430249214696,1.0406691643771482,0.6553637295767679,0.1298389150714781,0.4681709493512972,0.1745069923376196,0.8564491391447857,0.6205874227261805,-0.0078929891423523,-0.3419158515361092,-5.719383368221699,-3.9152487182289617,-0.5796950742357919,2019.3638715913044,1092.180379486174,1908.305998518024,1271.132856068214,0.3357523362387891,-0.1784824685626416,9.30837317758726
5.01,-0.0605571678796675,1.040259074654706,0.6536265974674179,0.1076315424552908,0.4462331875391779,0.183277027361891,0.8693106030923058,0.7078047137825043,-0.0129860178479561,-0.3854385944091729,-5.5810483334770815,-4.478590270356117,-0.6809767824782635,1933.2814878180288,1038.4129566101003,1850.882093613125,1255.6437944800452,0.2339967329525807,-0.1534875035884104,8.908837739644252
5.019999999999998,-0.0533623815555456,1.039786587635465,0.6507572510041405,0.0864152461907612,0.4220515585693568,0.1905909348604104,0.8820884211256838,0.7866506130849139,-0.0154428461359374,-0.4316190939136232,-5.392911622508174,-5.024958205341634,-0.7837876882138529,1853.68972030268,987.9548587302364,1822.250128225432,1220.8766837333287,0.1352011483572948,-0.1211735102267905,8.18911326860254
5.030000000000003,-0.0457816066716743,1.0392438582187409,0.6467373759990629,0.0665092631567626,0.3960711188868862,0.196340077373059,0.894513700686119,0.8563013391910578,-0.0158489865847918,-0.4800201515710686,-5.104233118981573,-5.44710482984558,-0.9303645836782664,1779.5285356235745,945.6197083291802,1858.507245734895,1166.2618792187834,0.1483684333937533,0.0246961909248559,7.729290419063452
5.040000000000001,-0.0378756335852654,1.0386352795046565,0.6417252803497259,0.0482432188333058,0.3688644520736723,0.200235984592738,0.9063758372260198,0.9156527207498252,-0.0145488595069416,-0.5267106688016171,-4.615433796122959,-5.616549340876048,-1.1435834432509704,1714.1817241789904,911.2567185026944,1960.607052112407,1119.0230175135025,0.0847905098453258,0.1741649145874113,7.704715979714432
5.049999999999999,-0.0296342109872545,1.0379770814137497,0.6359471344594426,0.0321236827407882,0.341139968968739,0.2018747041910966,0.9175174082201024,0.9658991134471264,-0.0117702805528637,-0.5678212932113426,-3.8493722665916654,-5.492815341900603,-1.4188395010516084,1684.011910575765,868.2569563931346,2078.0424383350714,1110.5887768928203,-0.0413836430365996,0.356722522447526,8.063849456194461
5.060000000000004,-0.0209981225280586,1.0372923917710375,0.6296081930789359,0.0188077887292844,0.3135939269220757,0.2008938190097944,0.927872183850969,1.0116573892106666,-0.0076378482786092,-0.6024688243784467,-2.846957334356008,-5.21425445467014,-1.7305054910008342,1729.137225624631,805.3571370493812,2144.456278350259,1148.0043321298836,-0.1773340338539122,0.4325702575026786,8.530521124108489
5.070000000000002,-0.0119026227432587,1.0366042062616505,0.6228565214080112,0.0089045945553562,0.2866862519464569,0.1971526024042582,0.937476694380146,1.0581702567591724,-0.0022872514214867,-0.6320384436642653,-1.7894694777977245,-5.05532545255116,-2.0376113392087403,1856.8394267255276,753.6570434454063,2137.4845199431493,1207.8280969346351,-0.2568843893995121,0.5242957272898567,8.955033111995089
5.08,-0.0023192787536358,1.0359285956104545,0.6157936372789302,0.0027107143459793,0.2604952476001846,0.1908439149751045,0.9464214062046716,1.107126198068084,0.0038535488349548,-0.6575411652011262,-0.9013638522799778,-5.227174502413993,-2.2856388828255123,2007.2106335223543,782.5071049508695,2101.555080681398,1254.3659236504127,-0.1041194286846849,0.5134672522659275,9.412678355363091
5.089999999999998,0.0077254039840933,1.0352705112745892,0.6085046704499357,1.6899284547047317e-05,0.2347671026080897,0.1824767251488337,0.9547704708600774,1.155993110879106,0.0099683497113348,-0.6783444788964333,-0.3176273927318589,-5.669333148241783,-2.423431540605446,2091.2980067105373,936.1874436631005,2104.0617783424905,1262.041236866751,0.0051202248873023,0.276283676415828,9.705500088586025
5.099999999999996,0.0181596160128885,1.0346235911910076,0.6010832091881512,8.512774594187096e-05,0.2091412521465739,0.1727362443021874,0.9625082437611664,1.2014237128552367,0.0152043550858256,-0.6929645550218931,-0.0448316317404648,-6.053073494033486,-2.43691325730004,2078.0000525936603,1177.8730519457813,2167.775844858352,1228.6400328192765,-0.1438208046245428,0.039163430124957,10.068095894358477
5.110000000000001,0.0288922298105005,1.0339735927612117,0.593639993451269,0.0018166799133012,0.1834043689234732,0.1622921839516411,0.9695466900371956,1.242297940169818,0.0191012147948819,-0.7000808661675317,-0.0266918764824738,-6.0485314285933365,-2.364449123718239,2027.709329698721,1415.5531039767618,2254.6513686872227,1184.7866235576505,-0.5050676910367691,0.0206029374384431,11.165591593038846
5.119999999999999,0.0398392827945125,1.0333043881773405,0.586296130508713,0.0040501353310449,0.1576082938189766,0.1516464353274255,0.9757799858450452,1.2791664162474297,0.0215577766518342,-0.6982930480007291,-0.1965468012700053,-5.621942391621439,-2.268183522489608,2022.936066825508,1582.6054800266784,2317.000649830081,1194.3036854410395,-0.7872692898766012,0.0132122565102184,11.926547229504235
5.129999999999997,0.0509416777888271,1.0326057321787931,0.5791672088422821,0.0058740016271951,0.1319971494722115,0.1410805020506644,0.9811414477929404,1.311792347913525,0.0224829493949425,-0.6853314417963337,-0.4492937128865925,-5.059755054107896,-2.187378425661632,2077.5957287228525,1679.9226641249647,2348.5174264756733,1317.3060807360162,-0.9414994076128812,-0.1002785952369123,13.076149819610585
5.140000000000002,0.0621711200811386,1.0318810073030111,0.5723472925996719,0.0068304194573847,0.1068341686780254,0.1307025353695954,0.9856250062883302,1.3384173723992203,0.0217396604531557,-0.6587341882043025,-0.6238960778896132,-4.6918982933292845,-2.120120106299128,2137.6788697748743,1752.5517287292432,2373.9373317316617,1543.6167843853354,-0.7903940707085608,-0.1155350455949975,14.188516811926757
5.15,0.0735231738866302,1.0311511295590583,0.5659029992697924,0.006932306112625,0.0822742888946907,0.1205422889013784,0.9892686395035732,1.357593589579508,0.019481213121772,-0.6182623212546537,-0.600028802260087,-4.60569852207128,-2.0437243488052115,2163.5658667594603,1848.2361016561204,2403.881424129196,1775.969392735187,-0.5521842811467028,-0.0579407630110773,15.10836147779554
5.159999999999998,0.0849980768095322,1.030450918760184,0.5598850855374263,0.0065025916418666,0.058355810729847,0.1106300120639675,0.99212565539186,1.369904807110638,0.0163217744698511,-0.5670799268765971,-0.4263518835865618,-4.62997496524327,-1.944743246896711,2174.8040960512108,1985.7140936404005,2423.6814686936013,1914.6840387118152,-0.6013900404860626,0.2056572364795394,15.798495270638526
5.169999999999996,0.096575269826269,1.029817796453253,0.5543542855271261,0.0059309124982647,0.0350691792493153,0.1010238271864052,0.994248039115154,1.3769660565207569,0.0129682349749239,-0.5091510132711654,-0.2892025493696769,-4.557859332289499,-1.829800602673301,2201.5666867408104,2135.8680812292228,2425.0249713453345,1958.8542833756123,-0.7166048812957462,0.0959976639059648,16.3493164067715
5.1800000000000015,0.1081935582815356,1.029277292057845,0.5494042086669274,0.005479195705021,0.0124145941745767,0.0917929517754311,0.9956856483199202,1.3787758736761546,0.0096807618847806,-0.4454089517412308,-0.3104960480548546,-4.346266837959926,-1.7149543506032798,2230.250297844633,2240.2614903879926,2423.418114749037,1994.794799227496,-0.7395813437697412,-0.1312132367539647,16.948078341173325
5.19,0.1197485753181681,1.0288320890830704,0.5451615375481904,0.0052225930809051,-0.0095967975908742,0.0829896328007506,0.9964905151807054,1.3730607341940388,0.0061926459452731,-0.373943735733945,-0.4128639653075551,-4.11252806385938,-1.6105679985390693,2230.686663784904,2270.633988108081,2432.4727269954565,2084.080351250812,-0.7088433746041687,-0.3065641550674666,17.47137831269209
5.1999999999999975,0.1311097097880122,1.028459614597636,0.541759725868886,0.0051126948084644,-0.0309784272048587,0.0746384184176146,0.9967162604752798,1.3577102983999485,0.0021514633498732,-0.294495293036828,-0.4324766741888969,-3.985675075911886,-1.515986801628028,2211.288929804455,2265.1393811617336,2438.457730387723,2194.155471378014,-0.6664786999180383,-0.0564031681356961,18.043082900692998
5.210000000000003,0.1421464327887499,1.0281187778340213,0.5393023263122432,0.0050747028617672,-0.0517959834313094,0.0667488064839169,0.9964115717534704,1.3329400825592703,-0.0024863811788145,-0.2111810920597873,-0.3355956791974008,-3.983626884931485,-1.4237360728096666,2203.393174650012,2285.320360384024,2418.5128751520915,2251.419619104475,-0.5935950041127407,0.1749315443152125,18.36994693846436
5.220000000000001,0.1527501718343512,1.0277624272000665,0.5378349982308888,0.0050597090807598,-0.0721600702589793,0.0593370157683564,0.995613600833146,1.300245686764036,-0.0075210429915978,-0.1294016436712487,-0.2501612344887607,-4.016487500123564,-1.3258709554046504,2202.219358298875,2339.8563132901145,2374.843060727455,2237.795161978332,-0.5468880435944627,0.1449837388971859,18.34167234957949
5.229999999999999,0.1628447842938652,1.0273504380435283,0.5373320395911602,0.0050428863322342,-0.0921873772201514,0.0524369763651493,0.994347233258277,1.260118094094692,-0.0127827334302445,-0.0511306990629003,-0.2767866450916992,-3.987836801387632,-1.219026793043353,2168.980203622913,2373.528798979489,2329.8751505912496,2206.844531284514,-0.5742322379236229,-0.089886134883993,18.05352907704709
5.239999999999997,0.1723865750825951,1.0268588923265032,0.5376946715113559,0.0050073813023982,-0.1119570636777913,0.0460890402366165,0.9926310202664468,1.2120732302885833,-0.0181846702014684,0.0248744807168426,-0.347990324804594,-3.89027663704989,-1.107176377075151,2093.698032878582,2338.303947204445,2289.020272066228,2207.5588079569297,-0.6171080430860276,-0.2296170993667392,17.53323760937885
5.250000000000002,0.1813564085786012,1.026282744021291,0.5387625734312312,0.0049405310535223,-0.1314920140287419,0.0403107785322314,0.9904849734012624,1.156513060133062,-0.023603041122012,0.0985513706896097,-0.3309493044915602,-3.803793154318317,-0.9995362830225412,2015.117577558364,2255.7135572640827,2230.73750797337,2221.102634568908,-0.6650704024156076,-0.0298295609038097,17.172342077108386
5.26,0.1897461932730359,1.0256322479046431,0.5403426177843758,0.0048328702963862,-0.1507718573273615,0.0350692938734249,0.987934529728552,1.0953340882035123,-0.0288705873389907,0.1660977254163222,-0.2239724007566214,-3.7999241925027594,-0.9043210661798268,1965.849011222161,2191.8159765128808,2141.5623750578525,2190.8403377816644,-0.4658485164477657,0.1280425015957771,16.410970377573918
5.269999999999998,0.1975450608436843,1.02492610610167,0.5422490157414371,0.0046671059347901,-0.1697558686923457,0.0302784030212689,0.9850098382641578,1.0307827894175603,-0.0338496310336007,0.2225132581128191,-0.1701023720841087,-3.8570413296638417,-0.8243996735496201,1928.9920660575635,2178.577932566528,2043.1475650925909,2100.385814171176,-0.4140249082979563,0.0436944260403738,15.593586508835672
5.280000000000003,0.204732662096237,1.02418502860219,0.5443381735632382,0.0044097307479978,-0.1883913613714872,0.0258302290364603,0.98174439061461,0.9644661619100772,-0.0384080836927532,0.2653988280558795,-0.2696687781330611,-3.88394078751793,-0.7577274264750196,1867.6198503485832,2179.726504963703,1970.9618136713889,1997.6547621346908,-0.4780850204996074,-0.131040024589018,14.192280582810842
5.290000000000001,0.2112830169747989,1.0234279681474374,0.5465234991394173,0.0040243041241573,-0.2066067943880803,0.021645945284199,0.9781763085158786,0.8971748071230728,-0.0424033740960201,0.2956493598315526,-0.4429329416907486,-3.820515891901264,-0.6984250423373016,1777.8653031138606,2139.637119916556,1935.397545677,1940.405064487597,-0.4863879849313033,-0.1967517432347642,13.551227601798614
5.299999999999999,0.2171755865716587,1.0226710245013066,0.5487678912203646,0.0034974923518008,-0.2243049138403732,0.0177132105939386,0.9743517410795584,0.8289299655310989,-0.0458139779345134,0.3152944991550219,-0.5169308331997203,-3.689808761041604,-0.6365830581694583,1692.015056116889,2052.7509450338525,1915.052414628952,1935.373947317485,-0.4826629991612075,-0.0725952620447898,12.665512463112949
5.310000000000004,0.2224063701835551,1.021927347925527,0.5510621912875643,0.0028461502452132,-0.2413629334733658,0.0140839148221024,0.9703285408134696,0.759397481772035,-0.0488209497503128,0.3257237937348298,-0.4215788691644723,-3.5422717745812826,-0.5618571252628013,1635.293729399332,1970.685525439595,1883.033402699309,1938.509131500466,-0.3922413764841099,0.0748332446033742,12.23067967466142
5.320000000000002,0.2269920243948089,1.0212063206898732,0.5533999707281193,0.0020914280139293,-0.2576329415604589,0.0108334515606968,0.9661798640413956,0.6887962148994777,-0.0516139641792256,0.3278684495864261,-0.2610028305286251,-3.373732551955851,-0.4725226367131785,1597.9572989758185,1942.1482419083857,1831.7249813374744,1905.6773770657012,-0.3888648176240386,0.0575672245858853,11.443149603337696
5.33,0.2309637243663188,1.0205118247439722,0.5557565176407695,0.0012258603803787,-0.2729364763854426,0.0080111503938785,0.9619979202649002,0.6182431986415294,-0.0541170022392006,0.3229781707704401,-0.1930962440937942,-3.124580779280619,-0.3806053481632956,1554.7799662192688,1959.370779323629,1775.4336958640731,1835.127769157486,-0.4345276301317184,-0.1171406785356522,10.9294846445834
5.339999999999998,0.2343540903046043,1.019840869967721,0.5580781338105849,0.0002136805749995,-0.2870579677471594,0.0056163874204017,0.9578967239143408,0.5488291621017385,-0.0560195892241719,0.3124013638435279,-0.26743190146753,-2.7531721543056262,-0.303793439084929,1498.929448475432,1971.6353242116631,1734.8733809908758,1762.4784981679054,-0.4517174068394345,-0.1762407394334071,10.480762358827826
5.349999999999996,0.2371857623581223,1.0191838487531752,0.5602858780539308,-0.0009660016982186,-0.2997465506424127,0.0036111051701626,0.9540115471723308,0.48054216196604,-0.0571216360385105,0.2967411608073894,-0.391516799656086,-2.285063061629722,-0.2500628246291267,1444.5297409521309,1943.8927450987037,1717.8832791922628,1719.857858060075,-0.5056813926385217,-0.126655953296902,10.228077184629258
5.360000000000001,0.239468537746773,1.0185267673563678,0.5622921686667082,-0.0022684458529995,-0.3107294609165081,0.001949172595824,0.9504936911932346,0.4124900400192138,-0.0575790532214963,0.2757801452122766,-0.4359935888435644,-1.7835997281895566,-0.211369150244067,1402.4039107832546,1890.216922443788,1713.4996592290497,1704.919395254018,-0.4355396793551689,-0.1363979228573423,9.740152083537886
5.369999999999999,0.2412043375620382,1.0178550787345615,0.5640212122970117,-0.0035733555006095,-0.319731508644655,0.000594412318926,0.9475012613101232,0.3441152685892006,-0.0577599900402113,0.2494710802427718,-0.3538787105886672,-1.2874584314386943,-0.1732625280512709,1368.9863049431478,1850.450660064443,1705.778913184496,1690.866768128776,-0.3667267335441391,-0.0476586962936242,9.562590187165384
5.379999999999997,0.2423935566316958,1.017158266238399,0.5654219266353963,-0.0047316137886898,-0.3264934949884264,-0.0004831027783234,0.9451874820229595,0.2758666165475026,-0.0579088608064196,0.2187782829670841,-0.2046463023204816,-0.7861084594796208,-0.1296545833155735,1340.5116913157435,1845.674154127918,1690.9592401594346,1659.8823803792222,-0.3578921202786889,-0.0063251543079678,9.216524705048286
5.390000000000002,0.2430379902611072,1.0164339050318525,0.566468227580138,-0.0056371404990397,-0.330788276838116,-0.0013201109371032,0.9436872341303436,0.2086857072233152,-0.0580106351249903,0.185308052578469,-0.0848402832666301,-0.2473056649171967,-0.0873813633418544,1324.708144466171,1861.8114915960589,1677.262862327354,1619.596324766224,-0.4043479685959354,-0.0116895360486014,9.048451831730072
5.4,0.2431412194450873,1.0156896940687965,0.5671513114341129,-0.006273785185648,-0.3324404474396943,-0.0019643806835014,0.943101335877577,0.1431974880141934,-0.0579466095962857,0.1503411317062693,-0.0460028335753163,0.3406710968188739,-0.0573031768345092,1331.2604475045714,1869.714603007401,1670.5635237300637,1590.2584268773744,-0.381866032433515,-0.0566776067479807,8.956777027383612
5.409999999999998,0.242709948390422,1.014942124664592,0.5674728996384457,-0.0067105635663147,-0.3313573731536675,-0.0024641891652132,0.9434782389462312,0.079540915488781,-0.0576977499006781,0.1146300230426002,-0.0695191431466591,0.949217247634209,-0.0428313086514273,1357.1855044591332,1853.7502917356376,1666.3450293975286,1583.8197933032116,-0.3319504862221158,-0.1187447936096719,8.76224751903229
5.419999999999996,0.2417573087748406,1.014211473388717,0.5674437691764428,-0.0070568579790029,-0.3275706713383076,-0.0028527178544867,0.9447960192736192,0.0176271603185278,-0.0573673834769905,0.0789518403614774,-0.1023552578691254,1.5228690039191315,-0.0378667892383882,1388.5381000200646,1821.4421956766687,1656.1268051705445,1596.065273564726,-0.3051650078962424,-0.1040621072048866,8.57520549677381
5.4300000000000015,0.2403057917700709,1.0135146482689932,0.5670843881149219,-0.0074091119105293,-0.3212714234690116,-0.0031426370727226,0.9469529562523796,-0.0427164731723303,-0.0570276996372998,0.044192001453286,-0.1074702082683344,2.0114452467440724,-0.034193261837856,1414.9060123031925,1790.3331440733657,1637.462534795922,1613.8411077770843,-0.2402193737452025,-0.0135040657653497,8.520051231582196
5.44,0.2383867955571292,1.0128587309767867,0.5664224226161941,-0.0078155166255547,-0.3128131001707531,-0.0033383558795411,0.9497766776676818,-0.1016062127585992,-0.0565762676601665,0.0107082199445792,-0.0848710679710638,2.392849706677074,-0.0283437195344589,1437.7654635670872,1769.6632490555653,1616.3469515406257,1627.5239317383114,-0.1669276800067507,-0.0163857042982239,8.560853489836292
5.4499999999999975,0.2360354391908034,1.012237735286266,0.5654859070837064,-0.0082692763463654,-0.3026645243449174,-0.0034578384216788,0.9530550079220096,-0.1588623315247671,-0.0557914244244189,-0.0218382029820715,-0.056880199245805,2.670771307699038,-0.021322556093869,1464.6694972511964,1756.0682629974754,1602.295697752337,1638.1015407682678,-0.0469831562460507,-0.0037946103842428,8.560276074990878
5.460000000000003,0.2332820974170275,1.0116338230511412,0.5642950777961333,-0.0087266176124325,-0.2913183371929518,-0.0035453832081922,0.9565797942765084,-0.2140880287204396,-0.0545689983856781,-0.0535840596146199,-0.0423771395123754,2.85968488796084,-0.0145396529844427,1499.0005942351015,1744.5523751930798,1602.1077663376705,1653.725225132955,-0.0236580779543027,-0.0469550363108453,8.697631760198437
5.470000000000001,0.2301446694818421,1.0110229232052268,0.5628566666320192,-0.0091374830191466,-0.2791858623420092,-0.0036618248513689,0.9601866233765088,-0.2671478971393378,-0.0530945252056529,-0.0836516750869468,-0.0446171743538509,2.9782226407900376,-0.0080326655861743,1537.3552227124492,1739.0181438931977,1617.0063227249452,1679.838958831309,0.0704001300483181,-0.0693511009146423,8.816169898691331
5.479999999999999,0.2266255476174258,1.0103831963051442,0.561163634203218,-0.0094745501618765,-0.2665227433987953,-0.0038557817967891,0.9637743476027704,-0.3184413577528161,-0.0517464849410177,-0.1106672780057801,-0.055765844283136,3.05283852206238,-0.0015819856149357,1575.0316489345364,1749.004301012987,1644.2123489172386,1713.615084319963,0.125993214518874,-0.0707651101955437,8.999489398025547
5.489999999999997,0.2227142038859052,1.0097031632845015,0.5592026370402272,-0.0097476022983579,-0.2534197746000148,-0.0041349289448275,0.9672984567617856,-0.3685715537992173,-0.0508065498836003,-0.1339529701817747,-0.0662778245616152,3.1155932890842752,0.0043421714416422,1611.9160218008644,1776.4925706638671,1679.5268512430348,1748.7923994044972,0.1489047876009208,-0.0727851848981136,9.225160874325656
5.500000000000002,0.2183930869052913,1.0089859355857989,0.5569689902938278,-0.009996501561254,-0.2398609699684312,-0.0044582838456228,0.9707455427389255,-0.4177799930408808,-0.0502440144554951,-0.1537168344876645,-0.0701836921014501,3.186178409733121,0.008893786541825,1652.997155163476,1809.2954102751928,1717.54417543851,1783.8320474817842,0.2275541926285478,-0.0601843731580737,9.707936413406546
5.51,0.2136436972380538,1.0082478701358746,0.5544835374569257,-0.0102682815255302,-0.2258152103792174,-0.0047569651216399,0.9741044217324618,-0.4658072308852873,-0.049753745372817,-0.1700278545310851,-0.0659428973675006,3.2528361419240897,0.0114090420628092,1702.8221743155382,1831.569264323051,1752.1098453363995,1821.462592468887,0.1618790097078837,-0.082809966599358,10.155184935378962
5.519999999999998,0.2084512566936636,1.0075130177365228,0.5518022878508487,-0.010594074406993,-0.2113119594073484,-0.0049708375701324,0.9773486134295876,-0.5123141715984862,-0.0489806198891463,-0.1820221096117802,-0.0553862216288276,3.27993826580514,0.0119808625113759,1758.213671171154,1841.5220340332908,1780.4341572505764,1860.312136000956,0.2995420479115176,-0.0622978148078687,10.47502108350638
5.530000000000003,0.2028083356146532,1.0068064618227428,0.549012931246853,-0.0109787097473608,-0.1964637225703926,-0.0050778076871801,0.9804364790822296,-0.5572694383829697,-0.0477173657948529,-0.1883151761375643,-0.0423381213009844,3.246337056329431,0.0122294226790399,1807.38429171072,1854.144553600265,1806.3437575499436,1892.2825756169225,0.3754558800897163,-0.0556556877506445,10.964302950148136
5.540000000000001,0.1967181968921516,1.0061490013080263,0.5462202636910543,-0.0114028439053929,-0.1814295523619553,-0.0050996106395551,0.9833246089933552,-0.6007770224248067,-0.0459470288241653,-0.188083297399092,-0.031513838177411,3.1771323498142894,0.0150527410974281,1839.3994821902656,1882.4372671958824,1835.832511561246,1911.8259264109645,0.4015862109394761,-0.044484375212061,11.379606391771436
5.549999999999999,0.1901975527365406,1.0055540425175389,0.5435282772892691,-0.0118299428019568,-0.1663482680986454,-0.005084520812823,0.985982988596653,-0.6426577777458407,-0.0437750203672099,-0.1817261235066402,-0.0271291413251305,3.127441362283735,0.0222276232175538,1855.749332251848,1919.121436964944,1868.330769951438,1925.1795224318928,0.4223588260218056,-0.0625105300400881,11.80682057252568
5.560000000000004,0.1832775973716394,1.005026622064941,0.5410263272576614,-0.0122149716883981,-0.1512870514832503,-0.0050793749073531,0.988401346857999,-0.6824194612663107,-0.0413460123555406,-0.170511909405335,-0.0302295203328688,3.128318992681498,0.0317107014899831,1869.8009603996263,1943.107562560872,1895.5545926512063,1945.4479504046235,0.3580509391085069,-0.0742107319266647,12.143576383766458
5.570000000000002,0.1760022782835303,1.004564142223347,0.538781835501559,-0.012516948719842,-0.1362370135633587,-0.0051052193639379,0.9905840392744716,-0.7195675844666933,-0.0387818638788744,-0.1554996715444385,-0.0359182531762651,3.1543093866790413,0.0384739035134443,1891.842370948504,1943.8458628097744,1911.5116975458184,1976.7193156785036,0.3508939995465479,-0.0826316065565078,12.405878420119237
5.58,0.168423329511721,1.004158181558558,0.5368369849570882,-0.0127134020673017,-0.121151363992088,-0.0051464936720204,0.992539283864178,-0.7536950670895383,-0.0361592121940208,-0.1368597536938546,-0.0347148061245867,3.153160902238077,0.0394412069119036,1916.6167951206976,1933.3279102030608,1920.4978085850555,2005.6727464482765,0.5013154223238994,-0.1699022829714929,12.68362866523935
5.589999999999998,0.1605927068864852,1.003796768220678,0.5352065756934729,-0.0128083054995514,-0.1059933932726078,-0.005157661540568,0.9942709622734748,-0.784266245677862,-0.0335447040127,-0.1143951524586587,-0.020283156544307,3.1061825084056847,0.0372640747397988,1930.3120926934123,1931.3075179385137,1930.230706602411,2013.6120648793176,0.5328116423716049,-0.1275871697736248,12.755256219455667
5.599999999999996,0.1525548925791643,1.0034667167952311,0.5338784768245393,-0.0128276352684145,-0.09076272245037,-0.0050851725096038,0.99577694340016,-0.8106253048920393,-0.0310153051507596,-0.088493795583519,0.0026405481654556,3.048061120909804,0.0376059657862222,1929.3982832889144,1942.0030415948904,1939.061633732352,1998.041843391478,0.5441109145441996,-0.0155601336709758,12.88295103813618
5.610000000000001,0.1443427333719555,1.0031556367928296,0.5328202565308832,-0.0128060363492008,-0.0754926176587528,-0.0048963471201235,0.9970521028998092,-0.8324392560322442,-0.0285667688442561,-0.060164294759352,0.0203563876534972,3.021652653701368,0.0423556869336057,1925.9710806568144,1949.259244192169,1936.8139591015056,1977.1244766800853,0.4693451727486579,0.0345763439360435,12.905247610230404
5.619999999999999,0.135979263230028,1.0028531997961594,0.5319912608936134,-0.0127736538606035,-0.0602327255643114,-0.004601496236293,0.9980920191898796,-0.8500124966700504,-0.026018114801015,-0.0303934055589514,0.0229354979246079,3.024591640732765,0.0472357262031096,1930.885753211336,1934.987082409157,1918.8686125412491,1968.2966656760043,0.4422682171656209,-0.0488105874778964,12.691544750215996
5.629999999999997,0.1274845872164873,1.002551692172882,0.531354090254569,-0.0127497955875634,-0.0450334466327424,-0.0042558698132416,0.9988950490261648,-0.8639610121927317,-0.0231394370976744,-0.0002488376019732,0.0149147479696115,3.0159433943340828,0.0474120644073714,1937.0482345197183,1899.963027091848,1893.512226191644,1966.8999029190009,0.478319507408755,-0.1310437812151784,12.49403493961567
5.640000000000002,0.1188837925148462,1.0022465118145762,0.530880836092199,-0.01274382858498,-0.0299369889384015,-0.0039379828935867,0.9994627876099382,-0.8745881661342675,-0.0199434179227047,0.0282924115280227,0.0117123578858635,2.972443384881769,0.0439778110279117,1926.9551302287869,1863.8874020780815,1873.243593367789,1953.43560244108,0.565330535368159,-0.1412215535272398,12.399198364196764
5.65,0.1102112028469526,1.0019374290243177,0.530555610940429,-0.0127589633954132,-0.0149727692624745,-0.0037160176725593,0.9997995880406956,-0.8816838815539999,-0.0167642637170545,0.05260750373628,0.0239925242574024,2.9185655459778683,0.0424367632812316,1896.054908295565,1844.650631384713,1862.1416139402832,1920.5301829106172,0.5656106690612132,-0.0930819881464564,12.196124574250083
5.659999999999998,0.1015084026499315,1.0016308900337034,0.5303767476923722,-0.0127939986347258,-0.000157761230589,-0.003621443125055,0.9999115830212292,-0.8848730465205505,-0.0139526976852356,0.0713326130924247,0.0455656698375308,2.891308700299444,0.0453013410002447,1860.9418274738412,1840.0282316690143,1853.1814600967396,1883.833085756204,0.5210767548909108,-0.109426886094246,11.875149074778474
5.669999999999996,0.0928171632305201,1.0013423843673186,0.5303575492177501,-0.0128409915308416,0.0144936717011163,-0.0036415708391508,0.9998058718466044,-0.8839862067357227,-0.0115245576818882,0.0855765780780793,0.0587182780532965,2.8876070346602782,0.0491844919309134,1840.5276486467988,1832.0426282627195,1836.3846770291373,1862.9553943630715,0.4741605968810562,-0.1015822404613864,11.497500601125807
5.6800000000000015,0.0841717597099272,1.0010965132537408,0.5305219645170762,-0.0128796934452202,0.0289475367617187,-0.0037285621589033,0.99949099617576,-0.8790985918685539,-0.0091865935915597,0.0975441754476808,0.0532813976298479,2.8624495502287783,0.0499756042921717,1834.321294169491,1807.943105773388,1809.481206239307,1858.845937647915,0.4800216577165024,-0.1480291604520008,11.185404348161892
5.69,0.0755959337319001,1.0009225382371665,0.5308954808820949,-0.012877423763286,0.0431295049972233,-0.0038166832410702,0.998979204330577,-0.8704820996876376,-0.0066860486548381,0.1084960690895041,0.0393207077172197,2.777795851065336,0.0482883347690414,1826.71920496846,1772.8131886309702,1780.8206805160996,1856.7586295128333,0.549073742337238,-0.075817251700643,11.13244800688152
5.6999999999999975,0.067107029912385,1.000845633645973,0.53149478813382,-0.0127956783484088,0.0569265735519732,-0.0038402566733927,0.9982889803398204,-0.8587057323275782,-0.0040583047554838,0.1188723194502508,0.0385208340737084,2.640549253920065,0.0479082895900253,1811.008274146448,1740.6826766107652,1760.1874849735314,1847.2716269302357,0.59432387736018,-0.06297276772314,11.00074269653758
5.710000000000003,0.0587252977802756,1.0008770058388312,0.5323177712980991,-0.0126044596572729,0.0702148930461159,-0.0037510608229473,0.9974451994640976,-0.8445626208362965,-0.0015366739530501,0.1294032005352828,0.0624649073910207,2.4890102911028675,0.0501879651667473,1798.1305183052357,1719.0339450159906,1747.437542456691,1835.0847775421453,0.529431892158641,-0.0952423117935358,10.763135198895792
5.720000000000001,0.0504830295562885,1.0010071482327565,0.533335295262776,-0.0122969701781954,0.0828967274920269,-0.0035340344034759,0.996476004576319,-0.8285630198370634,0.0007109268808392,0.1402460577734822,0.1003182036844162,2.353550489934238,0.0522556788412436,1797.3022288735249,1706.6671158900972,1734.1740748597483,1826.607215634381,0.5284595841950745,-0.1305027433532088,10.53384519717039
5.729999999999999,0.0424282566778773,1.001205492316214,0.5344914986752759,-0.0118941143187713,0.0949196498300639,-0.0032159144652625,0.9954086839157382,-0.8105202070338492,0.0027322920683466,0.1493081987633968,0.1281153966883602,2.238515891794316,0.0510078298721608,1799.6226046103206,1701.0546905530673,1716.498082364647,1818.5200678932763,0.5978811792036913,-0.082762320017102,10.489421883499556
5.739999999999997,0.0346210326762985,1.0014275153906904,0.5357189537873638,-0.0114338315850973,0.1062668739157614,-0.0028590146724,0.9942677934231592,-0.7898503582694913,0.0047110113135464,0.153551064228585,0.1300230609398144,2.1324072742142945,0.0471231934893562,1791.9514168456813,1699.329401998874,1700.4907313563674,1805.2776625957408,0.5694086388880368,-0.0733607794771798,10.464758299841147
5.750000000000002,0.0271242723152465,1.0016274731038262,0.5369625959956399,-0.0109511955327512,0.1169306313606436,-0.0025384557985759,0.9930764597996288,-0.7662461703013403,0.0067565672056148,0.15268465009836,0.1117460961847104,2.01973726632301,0.0438739234276522,1778.7792811740185,1694.5111938443974,1693.0646296779466,1792.2386277081664,0.5121503737275264,-0.1137784654703254,10.342919825251766
5.76,0.0199927054290848,1.001772138486842,0.5381954210903945,-0.0104617318209639,0.1268884303954131,-0.0023132246613433,0.9918591267870456,-0.7399188489732231,0.0087654398282492,0.1500496451582675,0.0953410714328605,1.8825986080361443,0.0428991401103748,1775.583080097456,1679.8296356366295,1692.0224428748734,1791.056508968746,0.4832081948713451,-0.1044381655057286,10.048001567779288
5.769999999999998,0.0132625424909632,1.0018500647868014,0.5394150900052714,-0.0099575680467223,0.1360932872031528,-0.0022071430829526,0.9906435244507716,-0.711333460904495,0.010487471236307,0.1487825460663445,0.1012548104620025,1.7059892290304075,0.0428112131131364,1783.7573558370275,1658.3956499194187,1688.615250003406,1801.823229119064,0.5247169223460242,-0.0676169861454449,10.143761743588437
5.780000000000003,0.0069435573445103,1.0018729614483537,0.5406274710801793,-0.0094180016538857,0.1444785353539077,-0.002207914929669,0.9894606506468564,-0.680967932023908,0.0117523689665158,0.1482420268867471,0.1321435266786734,1.4931977845931383,0.0417139827473611,1787.399694226228,1642.678148813986,1677.7364836873533,1809.382220991464,0.5982277523490049,-0.1124588015385747,10.2222035799712
5.790000000000001,0.001016155348003,1.0018693950783344,0.541831192653315,-0.0088279132564085,0.1519734560557806,-0.0022789792553813,0.988342523043278,-0.6492706049059853,0.0126623526071368,0.1455104243987073,0.1699941782170513,1.2720390985492025,0.0393759821405845,1776.723065771283,1641.3849643044605,1662.5904655049226,1801.2800866754585,0.5387535037168072,-0.0467877874207405,9.944184178769072
5.799999999999999,-0.0045633742506181,1.0018738747068077,0.5430107084131519,-0.0081923683062444,0.1585229038958638,-0.002373011914288,0.9873184607088092,-0.6165865424425566,0.0135651781024914,0.1395103853536565,0.1887380389286035,1.0749613477909217,0.0367493688774044,1761.6194316563033,1649.5138460771473,1650.1174010489913,1782.58350244749,0.4498603515803427,-0.0771940042306465,9.900867145148798
5.810000000000004,-0.0098489894605967,1.0019154406422632,0.544137146302481,-0.0075377374601466,0.1641000435906077,-0.0024406662727638,0.9864118822052416,-0.5830656193530248,0.0147897862378056,0.1319704763429373,0.1743535355091739,0.9085577041121836,0.0350170508996662,1756.5185572874252,1653.8828438326773,1644.543289203389,1768.7200970652248,0.4532094242630076,-0.1359021686105554,9.87142274823777
5.820000000000002,-0.0148873324080882,1.002009545965757,0.5451757629607784,-0.0068987604496854,0.1687031518272141,-0.0024364211156056,0.9856397503753432,-0.5487740972044709,0.0163433264019236,0.124712781436517,0.1375173365140553,0.7463552194855503,0.0354951098452951,1761.0951907917718,1647.7211040519128,1645.9110873711124,1768.6627652705874,0.4683429316637251,-0.1347953976274129,9.781644666171385
5.83,-0.0197043448124214,1.0021558340910364,0.5460998381448167,-0.006300430359451,0.1723394222315209,-0.0023270646297332,0.985014727246451,-0.513887752078552,0.0178621851421296,0.117790826800638,0.1065122682528071,0.5557914136655668,0.0385812197872577,1763.2697843735937,1637.981112592429,1652.3337595642015,1778.6842779462097,0.4747435263479547,-0.1252107855007479,9.775588366921196
5.839999999999998,-0.0243013443757395,1.0023423801877565,0.5469059836795882,-0.0057466305767756,0.1750115037021722,-0.0021043446817818,0.9845473688667188,-0.478654594231162,0.0189233782272675,0.1106385557559202,0.1035740422816528,0.3324009479944482,0.0417484069811113,1755.9451514201628,1637.6486665857649,1660.994355630102,1788.156453540622,0.4799999420881846,-0.1020697683761139,9.765661593260283
5.849999999999996,-0.0286601662440442,1.0025541346142877,0.5476206428529482,-0.0052222894689328,0.1767212262496797,-0.0017950926281156,0.984245453902617,-0.4432364346595078,0.0194484814557518,0.1035100026894912,0.1253094959545642,0.1058598297939925,0.0402767745938698,1743.5711273546465,1651.4743898172787,1667.750172918882,1787.3248417729974,0.4398217209487569,-0.1354620946342798,9.69006717060305
5.860000000000001,-0.0327529011047436,1.0027809276535902,0.5482913811462049,-0.0047056098736321,0.1774882243662903,-0.0014579418577509,0.9841105943198448,-0.4077665303639453,0.0197829163683974,0.0967734033356577,0.1469987529510408,-0.0873485534770578,0.0319139454460192,1734.4997325814932,1669.9872855167262,1669.4593851788925,1772.8544478806914,0.4308835453476605,-0.1518855454282434,9.7799636557371
5.869999999999999,-0.0365514257824038,1.0030206078295791,0.5489671986801997,-0.0041797452377562,0.1773654414716702,-0.0011624461541456,0.9841354980998528,-0.372527850285049,0.0203545395363607,0.0896682380683799,0.1473124504614682,-0.2360220449288554,0.0203736167107322,1732.6956934463217,1677.810243082395,1667.9966768404088,1751.283820487006,0.3663724085128876,-0.149679264239667,9.763918545964891
5.879999999999997,-0.0400340657502015,1.0032762538959723,0.5496783304198654,-0.0036363902323333,0.1764351055147124,-0.0009603680459423,0.9843050888323736,-0.3378842404892267,0.0212734176119012,0.0810248349087925,0.1284198959414558,-0.360669582612966,0.0125946243810143,1736.3055281003535,1668.5585271446234,1668.8707752269877,1735.9522398726372,0.4024257489868894,-0.0989540424914907,9.644641428800083
5.890000000000002,-0.0431889239552628,1.003550403113395,0.5504234906391167,-0.0030738345993608,0.1747856750028365,-0.000866577194503,0.9846013245972324,-0.303983445203711,0.0222858063029253,0.0710555543682279,0.1115827665099576,-0.4913110255010772,0.0121486103470325,1740.1389933664366,1652.111040997553,1674.0039072758352,1735.0336707486017,0.3481638630383661,-0.1217473653253967,9.626763896534005
5.9,-0.0460143417867741,1.0038405968258262,0.5511678422515744,-0.0024970390092305,0.172485991153835,-0.0008599577566543,0.9850084304839845,-0.2706160925613325,0.0230765186187899,0.0614596024219404,0.1140059695171636,-0.6395458225062868,0.0161147610627169,1739.3237574981158,1645.9823035486395,1678.828574341502,1742.0908027324033,0.3516177243007305,-0.1506583613112537,9.614419363134967
5.909999999999998,-0.0485169950571122,1.0041387154040364,0.5518530808135454,-0.0019211739078143,0.1695747235509828,-0.0009003237965992,0.9855150489162938,-0.2374241909359129,0.0235462647885423,0.0536649766060789,0.1311911898086596,-0.7901816072692185,0.0186406600193978,1733.1222586246818,1658.5120575057538,1679.061416501604,1743.2641392476617,0.3352229938541007,-0.0935498618281122,9.683922717775244
5.919999999999996,-0.0507082192510528,1.0044337884159933,0.5524184431089035,-0.0013710822078359,0.1660714906553943,-0.0009488373781233,0.9861123058925412,-0.2042668393680478,0.0238016218911024,0.0476922018507788,0.1424903746345145,-0.9181857031553916,0.0166841793140133,1725.6111202369063,1681.7737201351238,1677.960093364465,1734.4018397423952,0.2829077797798485,-0.0883430864572871,9.704389655373244
5.9300000000000015,-0.0525996166199716,1.0047162374544432,0.5528254183335929,-0.0008698105562254,0.1620002356688637,-0.0009812582553369,0.9867898480451982,-0.1714281247207875,0.0239650004527842,0.0428163319716538,0.1330062330818274,-1.0126770506894425,0.0116069704179212,1721.2418484713744,1701.0390327406622,1683.35885606474,1725.5157770059834,0.2860038210329954,-0.1109920132753491,9.639235880682849
5.94,-0.0541994957620801,1.0049812154812652,0.5530747053961791,-0.0004205565830919,0.1574074366787974,-0.0009905744413002,0.9875331593281548,-0.1395016971887315,0.0240571468802144,0.0384664827321978,0.1078384359615894,-1.0835572688495163,0.0061288153331711,1719.7191730401842,1708.4088852854838,1697.681528732523,1726.327668814874,0.2367146899245313,-0.1356336146714128,9.669974777332415
5.9499999999999975,-0.0555117968848295,1.0052296699939516,0.5532075437508314,3.719976234898797e-06,0.1523635473578445,-0.0009818943689097,0.988324028497812,-0.1090356888111054,0.0240336584403753,0.0340024164453933,0.0848026090190228,-1.1466849929929015,0.0016327176093249,1716.924116214213,1706.6991137699606,1713.475965437427,1733.226195731079,0.250736322268883,-0.1443239398138305,9.74773484934791
5.960000000000003,-0.0565383134883774,1.005467418172047,0.5532921749703339,0.000450232923445,0.1469492110107161,-0.0009649787575362,0.989143465574959,-0.0802015446973692,0.0238671511669598,0.0284132802864095,0.0772442418305872,-1.2079418992544209,-0.0012243334996831,1711.5718578925582,1703.6311015006563,1720.234186276476,1735.3546496267832,0.216787485259517,-0.1149138452788468,9.855310600407176
5.970000000000001,-0.0572830317372881,1.0057034162959149,0.5534016541658258,0.0009543046352753,0.1412362078441479,-0.0009487124217102,0.9899750112205908,-0.0527150951234989,0.0235843289259527,0.0213408506984754,0.0866701761732832,-1.264274045413145,-0.0013680352450553,1708.528545403268,1704.3835391380817,1715.3694351668291,1730.09972343355,0.1889183206787552,-0.1158532686967421,9.80809353464496
5.979999999999999,-0.0577555718232365,1.0059478084747502,0.5535892053591861,0.001497817500433,0.13527278727074,-0.0009390105527766,0.9908068166024708,-0.0260487008934045,0.0232704686336232,0.0142887759176854,0.1069108743450651,-1.3151784712403187,0.0011511531925317,1712.8274888722192,1708.467908333772,1707.812178384103,1725.5102849381965,0.1576724262790176,-0.1346663263552935,9.77481149396945
5.989999999999997,-0.0579711421800949,1.006209626108709,0.5538673587918346,0.00198381308056,0.1290787619328893,-0.0009390970780089,0.9916319154808462,0.000181226791435,0.0230357094463306,0.0096859088401119,0.1258420726184372,-1.3658755778766518,0.0030493491266069,1722.5593400445166,1713.0681547211368,1709.4173949127764,1726.326083140351,0.147551980532564,-0.194251998159048,9.81102638720089
6.000000000000002,-0.0579473160293543,1.0064944178859254,0.554199747805689,0.0022589877077927,0.1226515384495168,-0.0009500219373317,0.9924467716451202,0.0258760970061461,0.0229052789400338,0.0082709565814304,0.1218789559705477,-1.4179276458059986,-0.0001912063518253,1731.3129504468552,1719.1069817906694,1722.0687356690755,1724.9187184073282,0.1629503078749477,-0.1574768895191856,9.900259018961616
6.01,-0.0577007003293222,1.0068026480346048,0.5545132580225236,0.0022018117945465,0.1159804490373055,-0.0009699381099101,0.9932485825240271,0.0504489351617386,0.0227279480070994,0.0081174210981243,0.0752190309657734,-1.4616343361944748,-0.0083833281227576,1734.1449256900437,1730.2794815838229,1737.0339532315725,1714.3221266949774,0.1420476182750452,-0.1328326712277657,9.937823787514896
6.019999999999998,-0.0572463960471448,1.007129182528539,0.554728272868509,0.0018558985528081,0.1090639441699361,-0.0009924248570303,0.99403250792696,0.0732377588026555,0.0222825669422799,0.0067916038068065,0.0081474612652011,-1.4831466480664828,-0.013089437706108,1725.3535797693507,1742.195136645246,1751.1958285743412,1708.8370821202925,0.1122453018047338,-0.0888979939967905,10.00829332278916
6.030000000000003,-0.0566001938176566,1.0074632553886336,0.5547930684468959,0.001546902340293,0.1019237866020737,-0.0010059001950197,0.9947904990412012,0.0940152296247627,0.0215289641578126,0.0040273816219164,0.0218353823067198,-1.4805881418794014,-0.0021520427900293,1695.6615430529987,1737.2723667383116,1777.6783099406507,1738.6506310447216,0.0800961157808686,-0.1299431750570676,9.955639615795308
6.040000000000001,-0.0557807302979307,1.0077881290860815,0.5547064012515173,0.0019079612566676,0.0946119958397536,-0.0009967206521179,0.9955118967018944,0.1131132705801915,0.0206579039200131,0.0019377140958763,0.2624778762289068,-1.469392716302624,0.0299276537057856,1643.650527790334,1702.315079084943,1828.755575087947,1813.3377779059424,0.0581697881256091,-0.10488225444307,10.040555917107
6.049999999999999,-0.0548089811795711,1.0080802827379245,0.5545207658080291,0.0037689815793632,0.0872088608476603,-0.0009571620156402,0.9961824597975932,0.1310512840206146,0.0197505301010495,0.0032190274046064,0.8028269419199189,-1.466302050285993,0.0754767721607936,1590.310803857254,1654.4003388002238,1889.5884881182003,1897.2417076879717,0.0310851689784108,0.0655371430595276,10.448472168276528
6.060000000000004,-0.0537049891858524,1.0083089787573425,0.5543278725356247,0.007929351863859,0.0798127388829675,-0.0008963050790586,0.996777933507872,0.1480567354786798,0.0183861486687507,0.0094703145358468,1.5402496937717176,-1.4679441094518393,0.1180869620014556,1569.4469109596305,1636.199312748947,1922.732767230433,1935.569140150259,0.0533247395195006,0.2855205768764042,10.947527482881023
6.070000000000002,-0.0524839629442304,1.0084378056207608,0.55423192557416,0.0149019271053741,0.0725229907148744,-0.0008483689240242,0.9972550469446044,0.1639175182185816,0.0157159296632505,0.0201371654144946,2.2387876412772107,-1.451355165056086,0.1433334662955701,1595.926978767032,1672.6879063604888,1904.996026487644,1906.872332579476,0.0454744741113486,0.2243373445113001,10.793091365506085
6.08,-0.0511542188932287,1.0084290347189826,0.5543190742697834,0.0247471703182005,0.0654180553520318,-0.0008716834069192,0.9975506482195472,0.1782185244511041,0.0109705605755708,0.0320527098306981,2.702305627427296,-1.3997402540963575,0.1454526654767408,1648.6096642750344,1737.9068049021084,1853.3485744206848,1841.9397543984544,-0.0163361837756996,-0.0622094729486708,10.614633768843612
6.089999999999998,-0.0497184048442621,1.0082493686154528,0.5546341408939408,0.0370803098595825,0.0585354436435004,-0.0010345301944324,0.9975959012573442,0.1906784004952227,0.0037798690751172,0.0409436947373657,2.912910462290016,-1.3242046318410816,0.1272519626312366,1690.8539391573831,1779.180320040109,1809.065303823872,1790.3300074082,-0.0526061704384495,-0.0697467834204823,10.515878282537049
6.099999999999996,-0.0481779014072441,1.0078741898059531,0.555172178440532,0.0512431690531241,0.0518661272492252,-0.0013914462225461,0.9973375087436398,0.2012925306796135,-0.006066786169831,0.0449431733463027,3.003248276030338,-1.2550694827998985,0.097690970221388,1705.9692596187092,1775.0376457925115,1798.9249803885673,1774.6132235584228,-0.0470290380300397,-0.0715311546162029,10.350503127848484
6.110000000000001,-0.0465384244203723,1.007288332344867,0.5558833513862336,0.0665439153128031,0.0453726947690691,-0.0019610574369181,0.9967494069012354,0.2102163034576737,-0.0190072034592546,0.0464086723715751,3.110271379923157,-1.2122384501426913,0.0685613200184983,1707.756728542782,1755.4595508168918,1815.92424019579,1779.2414842896328,-0.0165405526135239,-0.1668521597288397,10.222777452483893
6.119999999999999,-0.0448135182364569,1.0064833544950058,0.5566862911804809,0.0824436594846595,0.0390261681655391,-0.002717759568754,0.9958276030478465,0.217583986399496,-0.0356345377294701,0.0492310350166339,3.264451132178179,-1.186802152998038,0.048607945254939,1717.1784558855318,1760.3447952795125,1836.225778402984,1779.0090799054926,0.0130047527400012,-0.1031132276166044,10.521377751739394
6.129999999999997,-0.0430234986733822,1.0054525287770355,0.5574894652209653,0.0986200789133017,0.0328407135422363,-0.0036024495100412,0.9945765882659308,0.223502801294848,-0.056235145242805,0.0547898272319439,3.403546757017786,-1.1514570492309812,0.0380398942454621,1737.4164026379726,1793.5307235458656,1846.7296680660068,1769.8691601032606,-0.0506534434697073,-0.0454341283512511,10.725288377696222
6.140000000000002,-0.0411903364258084,1.0041852799500657,0.5582197334968274,0.114919826267656,0.0268826502185662,-0.004546812709767,0.9930005453885816,0.2281871025024371,-0.0806005566996523,0.0616178515137455,3.463051191083029,-1.0877337921093977,0.0296033707073529,1759.0772078792804,1830.420233026244,1850.931692844829,1767.1581109278668,-0.0567305539731464,-0.1844691285849076,10.679949787379387
6.15,-0.0393314481717591,1.002662892536185,0.5588479261286361,0.131264477368021,0.0212454542870623,-0.0054983860217627,0.9911044523180148,0.2319554811803845,-0.108455169977699,0.0684139019585155,3.436367243396682,-1.0034815247174358,0.0162752649084243,1781.261768897,1857.166973710354,1856.8727836545752,1781.3914738651745,-0.0853009203598937,-0.1923718144061346,10.9311221699379
6.159999999999998,-0.0374555807751258,1.0008566927599791,0.5593964430042169,0.1475739207745479,0.0160064153683266,-0.0064341234305269,0.9889005686265756,0.2350067659288751,-0.1399974735416235,0.0757291276664507,3.363026980343012,-0.9240467957431008,-0.0023348535600536,1810.6841178647087,1879.785958646501,1871.60475932128,1808.066071045759,-0.0563633207829563,-0.0492283088578222,11.338075494799696
6.169999999999996,-0.0355624737901082,0.9987287951322528,0.5599239368643798,0.1637359328602945,0.0111945004527383,-0.0073579308445481,0.9864132441850472,0.2372514619032917,-0.1758648009209937,0.0844425249989873,3.289609102952805,-0.8665993945930439,-0.0213126218370209,1842.513192559832,1899.5356774314137,1901.507998713571,1837.89418848203,-0.0408533612550769,-0.1328324563000777,11.578752614920464
6.1800000000000015,-0.0336460131611376,0.9962346848777194,0.5604983954532619,0.1796156198273822,0.0067899909865334,-0.0082867517485895,0.983678532286786,0.2384342725405974,-0.216594631301337,0.0939921403993022,3.2447374220055494,-0.8249796988199359,-0.036666093262939,1861.8782620431157,1906.063801137706,1943.6135213400603,1863.6698789540712,0.0259053265237217,-0.2317340808910075,11.731417421007205
6.19,-0.0316990729438787,0.9933267108712808,0.5611757264400183,0.1950807564201149,0.0027507788708958,-0.0092347194899299,0.9807398491170334,0.2384042382682656,-0.2622549495180357,0.1031553397454917,3.224069072919405,-0.7802587983789745,-0.0488611030001861,1867.8205385591425,1900.9768087560085,1980.253328226208,1878.916247118691,0.0147333790737365,-0.1819907078209848,12.140863557667876
6.1999999999999975,-0.0297179697398462,0.989957597337555,0.5619920646827388,0.2100202069407079,-0.0009601206907154,-0.0102045270125106,0.9776433186358368,0.2372230730269602,-0.3125663690463632,0.1119323564604693,3.189246434280117,-0.7228035630617797,-0.0609909540722383,1878.7665927727976,1905.6272243955527,1995.8669980314728,1883.233618470891,0.0021680875197959,-0.1083598089050701,12.389560254799628
6.210000000000003,-0.0277053958037297,0.9860830933686028,0.5629663402042078,0.2243495163576777,-0.004368139008327,-0.0111893695151974,0.9744347140170716,0.2350395887733179,-0.3672246619113266,0.1214746434989328,3.101973600567539,-0.6611568752370678,-0.0751060625122586,1907.8602860399697,1933.9022658884344,1996.6581573527728,1888.48322466996,-0.047632687627187,-0.1204713553780765,12.453012031460617
6.220000000000001,-0.0256717658209817,0.9816631842285876,0.5641064624687584,0.2380162992378439,-0.0075013464229652,-0.0121800215760166,0.9711558155998304,0.2319364121594006,-0.4260744805576762,0.132267910740141,2.9687849246099764,-0.6107654352089996,-0.0902650049933398,1945.2515997043783,1972.9552128356345,2002.334581792244,1907.443160521901,-0.0334247919332519,-0.1982025280962371,12.774329155663734
6.229999999999999,-0.0236352459613407,0.9766618788612774,0.5654155306356735,0.2510162981674096,-0.0104049921825712,-0.0131685153625603,0.9678373543086446,0.2279168203291288,-0.4890888021286202,0.1434503185716648,2.836842037941131,-0.5768373461480288,-0.1029706579629339,1971.8882491122413,2001.567876845553,2020.3925415264016,1935.5140181354477,-0.0065713278646797,-0.2223627486880524,12.93788428614764
6.239999999999997,-0.0216204885585479,0.9710458933757616,0.5668961219210691,0.2634083164673589,-0.0131377168634177,-0.0141465096954967,0.964491231414202,0.2229640765218175,-0.5562639250442515,0.1540655663330492,2.738436236819565,-0.5496138973388738,-0.1095090329594129,1981.6856976484291,2014.4996179875,2038.4533845720375,1954.1741999676733,-0.0231539907713635,-0.0251285415308286,13.033580832035833
6.250000000000002,-0.0196559187772499,0.964782623630992,0.5685504889727233,0.2753017073199523,-0.0157498895441987,-0.0151031785250275,0.96111019395515,0.217053878051455,-0.6274762800995061,0.1640083349919117,2.6544587273109967,-0.5164829505234051,-0.1089567329428848,1981.4926655288232,2018.2043993515767,2042.5484797532308,1954.9611687244849,-0.04966134375725,-0.0119897182097741,13.207222301971504
6.26,-0.0177697497440751,0.9578382249652722,0.5703762581099944,0.2868065855028933,-0.0182612970985626,-0.0160256941677075,0.9576803666500074,0.2101740450198546,-0.7023018079808576,0.1732516569453897,2.5435950638164657,-0.4761467877925165,-0.1041737898443027,1975.5770144552996,2014.6598146852807,2034.5947763584784,1950.5426607388904,-0.0399112880884546,-0.1012798729681829,13.246679082415891
6.269999999999998,-0.0159856420980292,0.9501771707721048,0.5723603731641157,0.2979706204805541,-0.0206554778895069,-0.0169009626508762,0.9542018748802916,0.2024314140098862,-0.7799329820126778,0.1808010119008047,2.395575709534564,-0.4369805351399763,-0.0992219174991894,1962.1570474597297,2003.4316979278176,2026.193821025356,1955.7417336293972,0.0170306232346202,-0.163050675173431,13.045615514466832
6.280000000000003,-0.0143193986965238,0.9417644950315622,0.574474917083373,0.3087424366489841,-0.0228938205910643,-0.0177177887208368,0.950705033516514,0.1940942200087929,-0.8594111189519478,0.185176149825767,2.235498154319433,-0.4029837183131363,-0.0958018333648096,1944.5815820581663,1993.025921551006,2019.978124705946,1964.5096533956664,0.0446675774700675,-0.1050203219714926,12.89854161971794
6.290000000000001,-0.0127775789559913,0.9325706499109284,0.5766765502184361,0.318983614407209,-0.0249377625237411,-0.0184702781378671,0.9472520311751949,0.1853991966386497,-0.9400814566843588,0.1859668412025689,2.076803048242565,-0.3683509690130556,-0.0926004458367918,1933.3619350786332,1994.631735614824,2007.14042178081,1956.7499275927307,-0.064536267029756,0.0339289929478647,12.906815433319538
6.299999999999999,-0.0113576788723849,0.9225769706215416,0.5789093263403915,0.3285173790767303,-0.0267647102604393,-0.0191609505189926,0.9439241706325988,0.1763322100680861,-1.021780391692754,0.184428468489568,1.8957156696363275,-0.3279411635916643,-0.0872858889272161,1931.766911743416,2003.5558690420464,1983.239587554308,1926.5921367152591,-0.0342846065554559,0.0460396996433418,12.578756659062536
6.310000000000004,-0.0100488836076985,0.9117785146194584,0.5811105663899429,0.3371825098216001,-0.0283731430562898,-0.0197996045026276,0.940803324550383,0.1667304434839417,-1.104430264546182,0.1820025321782366,1.6671762181313188,-0.2869345806552507,-0.0778675464827424,1928.064593153116,1999.409929657743,1955.1700973133995,1891.757774619789,0.0309736986844532,-0.067590930764549,12.228472890437637
6.320000000000002,-0.0088332356921267,0.9001821443666391,0.5832203212784688,0.344864515815067,-0.0297813898961125,-0.0203958503485238,0.9379581780847458,0.1566091034861137,-1.1873812880829795,0.1781209325154547,1.407184130584675,-0.2554762536736444,-0.0626722867608493,1909.120930364998,1970.763958144088,1929.2106717730535,1871.3629577287288,-0.0147867302594505,0.0194770273679329,12.036003223417367
6.33,-0.0076884293160216,0.8878010811456553,0.5851933385636192,0.351490994331733,-0.0310221980344466,-0.02094742799542,0.9354426275262304,0.1462804699612928,-1.269267122150212,0.1700627013113091,1.154930987444868,-0.2357678941462375,-0.0407460737926584,1877.056361339973,1932.203182963542,1901.62120126479,1863.8148404829976,-0.0444460548603621,0.0429276151969464,11.80154779951176
6.339999999999998,-0.0065934586414061,0.8746503680873429,0.5870071751077613,0.3569964810151332,-0.0321296030597219,-0.0214302418128826,0.9333069944481706,0.136122952970809,-1.3487693536586374,0.1556396783523107,0.9161272286729354,-0.2173690093901265,-0.0130351912677145,1846.515577713936,1909.6493373588244,1866.0812585633453,1852.2141647608385,0.0243839966963619,-0.0121983338094651,11.24463472761376
6.349999999999996,-0.005536422983361,0.860747922604659,0.5886574064869358,0.3612806013853103,-0.0331200964661759,-0.0217982966318454,0.9316137721914,0.126276039433721,-1.425661691701725,0.1356703359866813,0.6441205483604954,-0.1856570196345489,0.0169793312430024,1827.5329833863805,1910.8946482030613,1825.142490667997,1826.4799724436405,0.0426618506080962,0.0489570789858833,10.916614878570185
6.360000000000001,-0.0045214176239917,0.8461220818895491,0.5901388563674453,0.364189103728037,-0.0339821107887758,-0.0219987173460142,0.930444823354528,0.1165675275792715,-1.500890342508003,0.1128978000190697,0.2867759867039051,-0.1357035015308647,0.0444568395759033,1815.4740782557767,1916.6746395206512,1789.5991320840576,1794.31457471504,-0.0576387858174637,0.0569577208082865,10.575040869164992
6.369999999999999,-0.0035706483264638,0.8308204813584673,0.5914263407783583,0.3655308075715191,-0.0346867916191738,-0.0219965586322619,0.9298925779957696,0.1067443858959756,-1.575329597475799,0.0886548194573706,-0.1532490445629208,-0.0791500730241539,0.0667358195771061,1798.19695766645,1903.4518283902985,1767.2157571571013,1770.4238490273892,-0.0296562580180583,0.0468327310865097,10.30249443764758
6.379999999999997,-0.0027194470072952,0.8149113218848396,0.5924731039417664,0.3651176857839422,-0.035213906362875,-0.0217937848355111,0.9300398310120856,0.0968040295962649,-1.648514009300548,0.0618355090369371,-0.6136789636178809,-0.0358387966598153,0.0868125763169026,1770.7023078208765,1871.4491615600657,1754.5127694600817,1759.2706979659165,-0.0334875504625672,0.097917796716926,9.995462456792588
6.390000000000002,-0.0020049439852883,0.7984712610970174,0.5932309768508608,0.362802767925752,-0.0355699902219707,-0.0214283544946043,0.9309402521132468,0.0870759854349939,-1.7188746695415462,0.0314312835238274,-1.0304211489401611,-0.0146797572277624,0.1114748602536766,1740.162463090482,1843.6889050404409,1741.09092841377,1752.2239651169498,-0.0197570439346806,0.1541327666061906,9.733930431514974
6.4,-0.0014521833718398,0.7815634286189314,0.5936763414496092,0.3584989520830187,-0.0357820711813271,-0.0209535904996733,0.9326087560078578,0.0779147750266094,-1.7852059886884717,-0.0012550987450751,-1.3947772225485409,-0.0017764386001229,0.1438323283736555,1716.4267384315024,1837.3411287309136,1721.122298199542,1740.059719204718,0.0328962943582482,0.2145996472889306,9.544140167731245
6.409999999999998,-0.0010629316484486,0.7642165730050843,0.5938215229607637,0.3521811754177868,-0.0358738475581979,-0.0204123252578587,0.9350212958645832,0.0693005959249837,-1.847631776779865,-0.0337474949369446,-1.7492737068306856,0.0284364896013192,0.178904665158326,1701.314046605692,1844.195757086743,1698.4323333750574,1723.5850172175162,-0.0479073136002503,0.2038414029599513,9.383751483700053
6.419999999999996,-0.0008117380621078,0.7464154165760125,0.5937054280263295,0.3438872720898414,-0.0358469324257546,-0.0198220051446856,0.9381170660649526,0.0608009747238778,-1.907222765801772,-0.0646545214981753,-2.1330127360507483,0.0865082973796544,0.2084957960373598,1689.8635820799718,1843.1239484314651,1680.6186741076797,1711.0148308827122,-0.0573474001610469,0.2139037226029696,9.276031181990028
6.4300000000000015,-0.0006514375902725,0.7281053181723766,0.5933725637993351,0.333726892787022,-0.0356826227181268,-0.0191765819502262,0.9417990073106796,0.0520085555435047,-1.9650989095281048,-0.0936682308430788,-2.539027920129082,0.1537738379702272,0.2289032444452534,1678.7228661377671,1824.7557190929592,1671.2905033341794,1707.5851280721968,-0.0277856840025409,0.2086785824175763,9.070696591833766
6.44,-0.0005269750647128,0.7092083516221496,0.5928527906181563,0.3218889195341002,-0.0353597687105585,-0.0184599170944058,0.945936806398172,0.0430316613282789,-2.0218870745498454,-0.1201968365185921,-2.922185490250512,0.1980778744905923,0.2417591919809059,1668.4297915732127,1797.6680710210212,1669.4507206904757,1709.9111234886518,-0.0020485716850336,0.3205530292680745,8.963250722527018
6.4499999999999975,-0.0003929496322566,0.6896453070004653,0.5921498873146764,0.3086264280413412,-0.0348722787370918,-0.0176610892939303,0.950379786198695,0.0344522911544284,-2.0775227610256435,-0.1435928575169281,-3.23900201818895,0.2039827540198037,0.2492959306456409,1658.3380153142227,1774.4101406478198,1673.6463946247593,1711.191284080753,0.0653324901186486,0.3475897622094326,8.987063009629015
6.460000000000003,-0.0002280571006134,0.6693572138387321,0.5912426279255988,0.294208663579111,-0.0342333054199414,-0.0167829552620881,0.9549804581705792,0.0267337451158755,-2.131405936366753,-0.1646357543945037,-3.47697684680877,0.1863554341416427,0.2523019228639363,1644.701146909145,1758.7566153825617,1683.4315668643462,1710.4299847349196,0.0856310887162274,0.4078276689520881,8.987921481921301
6.470000000000001,-4.031195550309526e-05,0.648320484136102,0.5900963974540385,0.2788557217666644,-0.0334651794448316,-0.0158396013337742,0.9596190260891584,0.0197671988646237,-2.1830733193318976,-0.1853318296402757,-3.653260184761718,0.1756203709325214,0.2524246952717205,1626.582535710368,1746.7967799551886,1697.2417497067631,1713.3273306240876,0.078566732855269,0.4563894350392141,9.007313260244311
6.479999999999999,0.0001391110819414,0.6265521260922459,0.5886767123567282,0.2626915475779759,-0.0325853417476159,-0.0148464526812355,0.9642151882111496,0.0130803582380366,-2.232809216221272,-0.2065246895799629,-3.7954254458229855,0.1921545786868855,0.2531267112198773,1611.386970211259,1735.1206623408264,1711.2989212088924,1723.7355742359496,0.0365886268830075,0.478852627393739,9.08919973868552
6.489999999999997,0.0002703389433391,0.604104557794743,0.5869556096286074,0.2457442246321326,-0.0316011895807093,-0.0138140920189715,0.968720966913965,0.0063697328758624,-2.281378694662485,-0.2262755654173706,-3.926034718382619,0.2336379446219934,0.2565495953012352,1610.9975437649089,1725.0594957182218,1722.2123924192997,1738.3990155158644,-0.0004552476416351,0.5552735433501574,9.088800286116143
6.500000000000002,0.000321151448252,0.5810525411381948,0.5849100328328697,0.2279915773223735,-0.0305176148474449,-0.0127536024733603,0.9731011568578216,-0.0003002901312418,-2.329108408501895,-0.2415026328689832,-4.057300354024467,0.2815914428955796,0.2602813855863118,1630.3818225914824,1720.0307360606498,1731.8508613504555,1752.642488961547,0.0430754099602574,0.6189039337615396,9.265816353993385
6.51,0.0002790270979452,0.5574776859696239,0.5825194660897439,0.2094203225902825,-0.0293485169062464,-0.0116875640550564,0.9773152991169456,-0.0067158419531782,-2.3752839851250496,-0.251732542439604,-4.1889268896606895,0.3162247732282433,0.2586161388710785,1659.2585639163335,1720.275768932479,1748.1552443810417,1767.1787059010337,0.0663977850842805,0.6248712092464981,9.461869219244722
6.519999999999998,0.0001552436576176,0.5334573450679171,0.5797695741479222,0.1900629324257928,-0.0281206176214963,-0.0106522097034155,0.9813112875182516,-0.0127441627323321,-2.418409883422327,-0.2609229690282668,-4.307325970103845,0.3274865369436933,0.2477718574324108,1677.275340119275,1721.622632436548,1776.1287090197843,1784.6931270590685,0.0700718009850577,0.6084408156592636,9.639241516460029
6.530000000000003,-1.9857970530087e-05,0.5090623421558286,0.5766606144775825,0.1699986567954147,-0.0268655739548051,-0.0096847385284173,0.9850304073801324,-0.0183757924802289,-2.457165120131837,-0.2741692734376065,-4.39334436471132,0.3178570411374211,0.2299944947731083,1673.0793049540828,1721.1047330927177,1808.931169807812,1803.6596328464188,0.0558553244942311,0.6650024200469438,10.018934038117898
6.540000000000001,-0.0002089850290567,0.4843624193525432,0.5732119652628577,0.1493322408510536,-0.0256053360713696,-0.0088063737919405,0.988416256638726,-0.0237182425206175,-2.4914011298674152,-0.2913224448527953,-4.437667598347399,0.2980652176616405,0.2119009250308984,1660.364655096103,1723.4732491839825,1836.9104997154243,1822.6563926371791,0.1632571169784087,0.7677043801154593,10.340311029877558
6.549999999999999,-0.0003833997843904,0.4594330571988955,0.5694550113804847,0.1281740868928836,-0.0243395798522871,-0.008017250685826,0.991420552537232,-0.028993835579912,-2.522236251985554,-0.3048032556050587,-4.449001952315846,0.2801175650508442,0.1980905089591052,1669.2296173197765,1739.455594050381,1865.3545385734803,1847.4196200352817,0.1618554534307054,0.8339095742653604,10.8078901516551
6.560000000000004,-0.0005356945493387,0.4343557705393559,0.5654174152124435,0.1066351741460252,-0.0230430736189797,-0.0073078174082121,0.9940043019010356,-0.0344030353434299,-2.550760028366574,-0.3062331026745118,-4.446833457357713,0.2730801067367968,0.186725812439817,1716.5422867374318,1775.7788036153322,1910.1003491011625,1884.623267491393,0.0653900790240613,0.9037201615152776,11.321513276207208
6.570000000000002,-0.0006839605039708,0.4092073695770872,0.5611140206780774,0.0848319691088735,-0.0216767956434108,-0.0066756634731956,0.9961370834704116,-0.0398873880300096,-2.576303827117576,-0.2956346177457297,-4.447885138588637,0.2815888011244931,0.1722035913700871,1788.1941392959804,1827.110560017791,1973.676589688188,1931.9986866662048,0.1187096008251972,0.9622001399854918,12.077090330761951
6.58,-0.0008651830830275,0.3840410238518889,0.556559450116336,0.0628880593194318,-0.020210270333753,-0.0061317227686806,0.9977970930725146,-0.0451013486398972,-2.5962256936267343,-0.2814315495817346,-4.454173321020546,0.3014539125938676,0.1520190684885262,1854.78575217656,1877.982679657472,2040.8905894556417,1984.3466816614844,0.185440166631857,1.0281410270800433,12.791614014233485
6.589999999999998,-0.0011210037098068,0.3588699406497183,0.5518009103557596,0.0409264216823956,-0.0186451136924393,-0.0056891937471688,0.9989719819985832,-0.0497400540655866,-2.607947715426184,-0.2698448940117265,-4.446053732284805,0.3153116856532303,0.1300304030415527,1900.923031018811,1913.681858657976,2100.4159724747747,2043.071775907105,0.1272560887240885,1.0800686213329884,13.226213092839332
6.599999999999996,-0.0014825513902926,0.3336676941954512,0.5469515214570787,0.0190564493273226,-0.0170248548968257,-0.0053440535378768,0.9996591654891988,-0.0538890175875067,-2.611311465616678,-0.2568698318295285,-4.396630745489121,0.3031075644814027,0.1127013713546173,1933.9265460248516,1932.7599951215896,2154.20033251776,2106.391403150566,0.1517973244821105,1.085758722932466,13.71301636052244
6.610000000000001,-0.001960864671947,0.3083931165327726,0.5422034309919942,-0.0026410181050212,-0.0154200372193439,-0.0050651779554215,0.9998647865825672,-0.0579483207112263,-2.6085026734168597,-0.233629074910139,-4.312204406138506,0.2667312592441672,0.1031748947807811,1967.595772132428,1949.7418534270732,2202.8023637520373,2158.0407724498978,0.1647842134182784,1.1573808434435158,14.60939367949054
6.619999999999999,-0.0025460491142573,0.2830333433510043,0.5378155723111767,-0.0241327309847656,-0.0138930131077584,-0.0048059256795951,0.9996006695477784,-0.0621821016274522,-2.6015401234887885,-0.1977412339251069,-4.249948633663218,0.2372315010531661,0.099578373599474,2005.301660441656,1980.570987838992,2239.429869965788,2184.530666274942,0.1976258850002492,1.1934580854965908,15.538308548353667
6.629999999999997,-0.0032139973195868,0.2576449456139885,0.5340836703304968,-0.0454444047759548,-0.0124637554228284,-0.0045303807059711,0.9988788397628504,-0.0664183895051471,-2.5902735188001818,-0.1550110582630046,-4.262747677787877,0.2432527421497025,0.0974838256014882,2039.5331719485607,2023.0910611857075,2264.6497883964453,2198.815272776537,0.1900441129363979,1.189976446416276,15.944578407352536
6.640000000000002,-0.0039365116976563,0.2323699114805861,0.5312990943735322,-0.0666489906035394,-0.011106011896479,-0.0042352664631098,0.9977056835907426,-0.0702395875810865,-2.572869927114084,-0.1098195258160873,-4.3225065300093055,0.274093217306789,0.0923919921549664,2063.0436725918707,2058.331234187294,2291.099488880816,2225.309642553279,0.1393679713058994,1.0110417619863008,16.221929519640806
6.65,-0.0046902303253297,0.2074121259778206,0.529700662865652,-0.0878293772988656,-0.0097722032984206,-0.0039500124308782,0.9960797668499164,-0.0734236207046007,-2.547592918876824,-0.0583537195863148,-4.338424681232433,0.289204930204728,0.081312498467125,2078.657237241965,2075.491365689641,2322.919436647462,2260.6464449454807,0.2338609677957919,1.0738062922180944,16.501168171091233
6.659999999999998,-0.0054616101125611,0.1829747558434431,0.52943187461212,-0.1090418828309016,-0.0084248531459521,-0.0037183404158128,0.9939944987688378,-0.0761418050190348,-2.5138953294317146,0.0059143951876465,-4.278541230229393,0.2671721484557638,0.0647318679274096,2096.596813788342,2086.7055332778714,2341.248138914621,2271.0143568523745,0.3223256625406221,1.1311749413636458,16.948914707892026
6.669999999999996,-0.0062477474181144,0.1591741208114233,0.5305248092362451,-0.1303123120876353,-0.0070476904398963,-0.0035775036757014,0.9914414923964442,-0.0787286819525094,-2.472558922124736,0.0818246589470237,-4.2410645034798335,0.231744039015866,0.0470117513129614,2116.9963975760384,2105.6795224560838,2325.3507474138432,2237.355813152843,0.2953591148512404,1.2048211016670969,17.096791537079465
6.6800000000000015,-0.0070542916416489,0.1359598098054133,0.532923129067687,-0.1516589622939615,-0.0056369072016754,-0.0035478830061921,0.9884104395236288,-0.0813170518706377,-2.425460321080983,0.1586109307303727,-4.352185826243415,0.2227836313391449,0.0323542810760671,2118.3582744650075,2117.913633193233,2284.981877501053,2186.3466441259675,0.246943737400948,1.1388010012459615,16.89097556585231
6.69,-0.0078917438845873,0.1130817451013266,0.5365321304317311,-0.1731062411719976,-0.0041957895022871,-0.0036328574989655,0.984887519955526,-0.0837360605380743,-2.374653480728928,0.2254746508079301,-4.59334600348551,0.2502694238523388,0.0195996512213105,2078.7075099497542,2090.9166092009223,2253.252618307912,2160.410146565144,0.2737604406625616,0.8845592345434774,16.42245698480627
6.6999999999999975,-0.0087709041516304,0.090145061550117,0.5412650938795114,-0.1946696778090458,-0.0027457812873749,-0.0038221675444161,0.980857567775315,-0.0856921935220113,-2.3202588578716985,0.281877249452915,-4.788401365082601,0.2835002435372671,0.0032533789105043,2011.721675663732,2018.934256814175,2240.765211911532,2163.1400514530696,0.2782359506944301,0.7887901421925507,15.79634031171211
6.710000000000003,-0.0096981547763737,0.0667737567379701,0.547060744846918,-0.2163389098678377,-0.0013380112671048,-0.0040958321280075,0.9763088189513726,-0.0869321658621609,-2.25878069141148,0.3361617320159598,-4.802673028051402,0.281711205048514,-0.018860674832942,1963.0527648753528,1941.7176670168967,2215.2620387311104,2150.9770013060943,0.2287232205886697,1.0855636872030123,15.35019786339869
6.720000000000001,-0.0106717214038621,0.0428623306537024,0.553872845210476,-0.238099084830731,-4.04853806985396e-05,-0.004431594860014,0.9712307579204332,-0.0872927917272183,-2.185454469655272,0.3936289951140235,-4.7223082903064775,0.2331687010251124,-0.0412524565220092,1958.2911355307328,1905.151673343872,2144.90692592073,2084.640156993455,0.1954646046964993,1.0667996334864327,14.98847216051069
6.729999999999999,-0.0116801689055721,0.0188420268282761,0.5616542517471029,-0.2599895505758343,0.0010989484655701,-0.0048174133693917,0.9655987875054908,-0.0868452670400356,-2.1013014263951364,0.4488142548581165,-4.773098516049464,0.168712223879206,-0.0568822288684387,1967.7127524958617,1908.7156153311748,2051.523665913281,1980.908714167984,0.2191264416829673,0.819271796962922,14.48119637949008
6.739999999999997,-0.0127037156636595,-0.0041548717813669,0.5703512315747816,-0.2821490462226917,0.0020841946769871,-0.0052628597659611,0.959353883692174,-0.0860787729605125,-2.0179954318806868,0.4919711013154542,-5.04778100300736,0.1379925194636437,-0.0662115463560267,1939.4010143156447,1905.8059046855808,1996.538982107482,1903.4113052693888,0.1854954575899267,0.5163626084664852,13.54728147518502
6.750000000000002,-0.0137180537769297,-0.024358939600451,0.5798985762752111,-0.3047982427911278,0.0029675511317807,-0.0057996684943659,0.9523946601472922,-0.0856615365266509,-1.9504906710064076,0.5209205625401069,-5.361924076979628,0.1658532664217382,-0.076545552222922,1864.4921499986904,1859.280853607032,2010.115173843144,1899.1594219866956,0.1309918145723514,0.498885306502344,12.706697521054444
6.76,-0.0146997864676987,-0.0397347365413343,0.5901969388488909,-0.3281606253544823,0.0038116066417253,-0.0064672966167166,0.9445921075767229,-0.0857109641682402,-1.8976002934911576,0.542579152742042,-5.427948387838155,0.2260407674105279,-0.0924767152123961,1794.682302399555,1787.3209736899262,2052.2030076381147,1948.452033572867,0.1610394490552999,0.5968945660633009,12.594503311721034
6.769999999999998,-0.0156322100974213,-0.0486223426781294,0.6010751912426584,-0.3523639476557981,0.0046465074771844,-0.0072887772102895,0.9358231307717636,-0.0853688080614188,-1.8289911095123828,0.563634125569736,-5.168891800300782,0.2594957473076238,-0.1104064739301251,1787.1594899831944,1745.238301180173,2054.649494832149,1982.1177181891303,0.1592865190131713,0.8254751972736196,12.84861130782805
6.780000000000003,-0.0165097462230916,-0.0504511169923969,0.6122648799565481,-0.3773616823163577,0.0054568134485329,-0.008249063217,0.9260131407611872,-0.0834313353295233,-1.701442130204237,0.5834113530943718,-4.823095699145209,0.2259956321922209,-0.1236603110448081,1838.1484286630227,1762.8501948698286,1992.496489316127,1947.5894242052,0.1648551005523917,0.7632116432297718,12.68299243079331
6.790000000000001,-0.0173391296167055,-0.0461993553553768,0.623411741646153,-0.4028939402409354,0.0062078153347949,-0.0092903564514273,0.9151784663238686,-0.079573152695165,-1.500169273094494,0.59542905024595,-4.71808859864776,0.1434363731133474,-0.1305218808314502,1881.5877676946109,1808.4103795053863,1903.074959002568,1855.7970254648767,0.1743445826935679,0.5370388399702639,12.121030369855063
6.799999999999999,-0.0181361973590656,-0.0382978396097923,0.6341259449676553,-0.4285036644628802,0.0068882183785334,-0.0103326353541631,0.9034547020388408,-0.074823818754184,-1.2638108742182672,0.5925092601481193,-4.949234038387182,0.0753968138839844,-0.134872824806592,1854.0218779042868,1818.9449142840524,1841.387367373225,1766.662937225989,0.1984742036838319,0.3505744549550025,11.687236460263184
6.810000000000004,-0.0189191839097538,-0.0299197551092009,0.6440482814653011,-0.453616396714786,0.0075324131591366,-0.0113103938271466,0.8910934307775862,-0.0706845169753896,-1.0580870602110817,0.5706279794762092,-5.2841499567053125,0.0759250113609505,-0.139544123120263,1752.2333951840742,1760.5128970434844,1829.6778682760687,1734.650587625707,0.16789592617652,0.299059096333921,11.03416761115098
6.820000000000002,-0.0197017253796467,-0.023950830386583,0.652896471415318,-0.4776547939246188,0.008203287522483,-0.0122007777384099,0.8784245812460119,-0.0678292945974995,-0.9211528620417866,0.5310125182965693,-5.365972696497727,0.1435901780231779,-0.1418859950846608,1627.8879573238592,1654.5011781709773,1847.9180137068493,1765.467375583042,0.13268042622861,0.3077430999410264,10.412847979541166
6.83,-0.0204891140337341,-0.0221258958655851,0.6604667181380282,-0.5001289972546411,0.0089488958972812,-0.0130230689435611,0.8658067353876258,-0.0657599376663684,-0.8391855351845422,0.479305105031233,-5.006980288563276,0.2264947517669265,-0.1376957870871838,1538.77371787024,1552.8832115443208,1858.8857804004124,1815.658001071511,0.0706088866799005,0.4377596540380559,9.931188039027267
6.839999999999998,-0.0212789365244253,-0.0246924928562579,0.6666030776524169,-0.5206633949568752,0.0097650908068142,-0.0138126542610808,0.853594448632241,-0.0635752511446735,-0.7722816185939534,0.4211311054707605,-4.313627751318172,0.2679798142170705,-0.127854356672009,1508.051928578409,1495.6324473092952,1839.994461386078,1833.1196072904795,0.080836706298274,0.5836130095719336,9.876940422928207
6.849999999999996,-0.0220642512138762,-0.0306439699663145,0.6711796500947671,-0.538961101820983,0.0105896374539482,-0.0145895489510623,0.8421377175758789,-0.0608242550844376,-0.6936639911590763,0.3579105599875242,-3.5531448434044384,0.2475396753270402,-0.1177128901412621,1515.4856812356234,1485.6150568498126,1802.3130716234527,1806.858300934664,0.1312238474427386,0.672311187826319,9.78442777093714
6.860000000000001,-0.0228367526982612,-0.0383036378743327,0.6741278584238378,-0.5547254773359467,0.011331043985839,-0.0153389711047127,0.8318148641386771,-0.0576344475498964,-0.6024862498885937,0.2875652796554763,-2.8919678617872355,0.1851683497879681,-0.1088215344324106,1516.5486173019551,1492.9928090489082,1782.2094432703034,1778.6421973583874,0.1599030934842784,0.5517063211123978,9.46835644513021
6.869999999999999,-0.0235889973177054,-0.0459633905500912,0.6754898505109508,-0.5675652055291096,0.0119144822601409,-0.0160104716379848,0.8230865369954131,-0.0543096816163222,-0.5096304341746019,0.2092724486187504,-2.2439860838722883,0.115926756999844,-0.0934120744117136,1476.4668511159523,1482.4693933681892,1805.9194526333067,1798.0179967812824,0.0966704812302187,0.3747831816844855,9.111544548586982
6.879999999999997,-0.0243161771464159,-0.0523502597392556,0.6754441035857799,-0.5769319038162032,0.0123195916703088,-0.0165345069227725,0.8165319443236186,-0.0510138114213869,-0.4207188902643953,0.126727446318945,-1.3685046081574783,0.0640484618603833,-0.0597160698215946,1397.7900414085202,1443.790164493199,1859.474697618596,1865.3321870213583,0.0779110503785364,0.5054503387536893,9.244721318643558
6.890000000000002,-0.0250175878663308,-0.0568244178129401,0.6742688422045979,-0.582154453881153,0.0125922073119492,-0.0168500390521382,0.8128060680908398,-0.0477668093260057,-0.3326164449416626,0.0462714795107962,-0.1211101697370647,0.0371992907673162,-0.003582828025001,1318.8501831415306,1401.1357379072774,1898.268308756324,1926.5022559787096,0.0772346377129421,0.7138718667529724,9.780319014464505
6.9,-0.0256970935915138,-0.0593316537830772,0.6722607772224413,-0.5825989064418101,0.0128275355486826,-0.0169314926973189,0.8124821801735684,-0.0445533583717216,-0.2405300794944142,-0.0279425251494779,1.3836183501051351,0.0362812860596711,0.0655547106387616,1282.5765955086192,1391.2328489027705,1885.2795554895863,1924.5477307695528,0.0861851987621916,0.6588623528072992,9.91159889965628
6.909999999999998,-0.0263621084383622,-0.0602049875030079,0.669659922212535,-0.5779023156419978,0.0131359131452358,-0.0168020534309339,0.8158272196745838,-0.0413726548885063,-0.1444325326555697,-0.0965506950054487,2.837558413410656,0.0614794885807814,0.1303672451163074,1302.2437930105418,1428.0554285081296,1816.3835761534951,1850.9950073898904,0.090564627333405,0.5117213800239959,9.583906846041565
6.919999999999996,-0.0270214505891672,-0.0599265541126012,0.6666205815809295,-0.5681649249048976,0.0136056605572021,-0.0165256321782215,0.8226362547260633,-0.0382649251030398,-0.0487872053067455,-0.1630217352380962,3.9510942263199,0.1059373405511149,0.1773789347260649,1353.2320441664772,1487.9364062622635,1714.6603346402746,1747.6970561658393,0.0417327822887341,0.3507504650781685,9.005288255365839
6.9300000000000015,-0.0276828309982281,-0.0589354695172779,0.6632304281964105,-0.5539915638774264,0.0142722100585054,-0.0161792546263845,0.8322426826908266,-0.0353468412096912,0.0417895705210725,-0.2299188680955643,4.623393980848423,0.1490749645298886,0.2043700225983252,1396.2716718366196,1531.032030511776,1610.6258510747384,1664.997876094471,0.0767771355984499,0.0366875535126367,8.628195730914232
6.94,-0.028350690975247,-0.0575225130257096,0.6595490353545783,-0.5363469468377695,0.0150992709612486,-0.0158176907172718,0.8437142675661082,-0.0327767466254943,0.1255219057826128,-0.2972507143359203,4.95606170522198,0.1639558037383834,0.2183204726216429,1409.693478045714,1536.785396276826,1528.0096830173077,1621.73112358263,0.0810456431805492,-0.1150820733129349,8.296661147487189
6.9499999999999975,-0.0290248970217487,-0.0558100468971008,0.6556337455392968,-0.5162848815434168,0.0159797492571979,-0.0154487960158648,0.8561284386148128,-0.0306343498270027,0.2031425919516324,-0.3633710909116516,5.137202229559243,0.1348751411306929,0.227616918292742,1401.252827562588,1516.7184511243693,1478.3689496966683,1602.7763769315104,0.0781598567337804,-0.144151449142615,7.844207458539419
6.960000000000003,-0.0297005251177726,-0.053789696148958,0.65153670762151,-0.4946743062872665,0.0167621936828284,-0.0150342205468469,0.8687867009656051,-0.0288477510729392,0.2760381047752795,-0.4265329004842324,5.308165115212399,0.0678868856908764,0.236211776863539,1392.5731162875986,1496.5106655851923,1459.87103122162,1586.2902072274687,0.1399462836650499,-0.2143134535034412,7.639474820786817
6.970000000000001,-0.030368773849468,-0.0513836239968866,0.6472776334234723,-0.4720399281759851,0.0172976889247266,-0.0145144482533633,0.8812879364642265,-0.027241669250719,0.3450453344909373,-0.4860524583089842,5.506259360873123,-0.0150269882516062,0.243636008667513,1396.3632528073515,1491.9998348245624,1458.9288408093944,1564.8782520486734,0.1045685243486955,-0.2801812617331154,7.641260381664088
6.979999999999999,-0.0310188631591682,-0.0485018806540765,0.642813813671488,-0.4485679128961478,0.0174903634931793,-0.0138418683762229,0.8934703785715147,-0.0256028556587118,0.4104282476422025,-0.5427122087103018,5.694032417522676,-0.0900678485588489,0.2482881905664868,1408.108485328956,1501.4615753209314,1457.7005559182307,1542.8739242089357,0.110621368470301,-0.3543458611731038,7.583051112817797
6.989999999999997,-0.0316404163184428,-0.045080546577045,0.6380329096371256,-0.424244422342545,0.0173309023294884,-0.0130040743872769,0.9052884645156016,-0.0237088049288483,0.4724344988622558,-0.5976405728643621,5.823809510738173,-0.140987671588997,0.2495657850090322,1415.8114799859595,1514.6127262684436,1447.3004851439116,1524.8918118223096,0.0967792136160836,-0.4003307666022606,7.46528953204251
7.000000000000002,-0.0322254782161347,-0.0410976190752259,0.6327787935922498,-0.3990450442928011,0.0168987417656762,-0.0120301955596571,0.9166966562319784,-0.0214396522482928,0.5316611512808619,-0.6501877743658302,5.883417529067962,-0.1607887315170046,0.2474435445806821,1417.6713195011216,1527.3791249137798,1436.9932161005383,1513.8184836860878,0.0931354500986757,-0.4058455489945203,7.53167222563464
7.01,-0.0327692857023118,-0.0365718901269221,0.6268978644527411,-0.3730890222478681,0.0163326685810928,-0.010983747155481,0.9275867521227188,-0.0189612092872404,0.5887869756188534,-0.6974917703661014,5.896473460203474,-0.1511654333598668,0.2409143918321743,1432.3476550593502,1550.2250504491817,1447.3260363294098,1515.146503759548,-0.0148451363521701,-0.4978188389137545,7.98473884492469
7.019999999999998,-0.0332694961286316,-0.0315522113978984,0.6202848534838474,-0.3466976959738819,0.0157836418033352,-0.0099477872517011,0.9377913551460264,-0.0166800205953252,0.6440068948038337,-0.7370672072502734,5.883770818314972,-0.1224417846565445,0.2275989573296549,1487.7941165061004,1601.0075696532776,1490.8436589019036,1536.6996404546308,0.0509153385822909,-0.5072532538247967,8.102991109515127
7.030000000000003,-0.033724897206336,-0.0261020307249941,0.6129173262248947,-0.3203369232745037,0.0153682824979811,-0.0090042467294466,0.9471362072167456,-0.0148399548314188,0.69709976345203,-0.7693136008810268,5.828044062249578,-0.0914734820524816,0.2061103226050186,1593.488122222362,1687.211471139365,1562.3448202512466,1585.2076658934152,0.102631230720338,-0.549761682068199,8.563063478657064
7.040000000000001,-0.0341353794920277,-0.0202815441622072,0.6048773031489132,-0.2944723759856454,0.0151368975012455,-0.0082092088853422,0.9555048419578428,-0.013179349112933,0.7483131893869287,-0.7962146243107425,5.689704610623343,-0.0749967364769359,0.1793288561913024,1726.1670866393697,1796.7046088950938,1650.84908066324,1665.0885830019342,0.1069193076082987,-0.6098927259873745,9.610971072714154
7.049999999999999,-0.0345035348961363,-0.0141301898672335,0.5963544940590286,-0.2694092997001289,0.0150643928491957,-0.0075738211800556,0.9628781493708868,-0.0111411654634097,0.7988464651061501,-0.8176513615474791,5.464257205453616,-0.0795670291861004,0.1539534991489117,1850.0848867371565,1908.367678959368,1753.6155805181952,1773.848039921566,0.1162479530466886,-0.682937970289208,10.25841695576124
7.060000000000004,-0.034835864481478,-0.0076540163339328,0.5876220474015424,-0.2451981956538747,0.0150675118579949,-0.0070650416177028,0.9693301295850828,-0.0084481102794058,0.8499730613224226,-0.8299683206600386,5.20911581031996,-0.0941588599337145,0.1352789900167756,1949.6383116296447,2010.312848748076,1868.877791571995,1893.7501027915869,0.0439361548082,-0.6813613301068013,11.847994948861
7.070000000000002,-0.0351414747232682,-0.0008228283562516,0.5789861481740719,-0.2216543759427225,0.0150425631178354,-0.0066298767502964,0.9749867197324096,-0.00535043146818,0.9017147199141496,-0.8280795807181183,4.994737860096161,-0.0960193104715712,0.1225925066008004,2035.3378491400845,2104.139856491744,1980.6236650124688,1998.1352618310093,0.0679877092098499,-0.7637068808834035,12.930363378017953
7.08,-0.0354287911506602,0.0064199647307526,0.5707268184031951,-0.1984814547406438,0.0149067314396065,-0.0062289920607306,0.9799714797583308,-0.0022876367247142,0.9526191014757908,-0.8082780206124973,4.835399216705,-0.073758983482891,0.1106240872166955,2119.9518166064454,2192.082132424901,2066.2884824089083,2075.888932723439,0.1537121476677042,-0.8443258064490751,14.432896397616233
7.089999999999998,-0.035702996619423,0.0141357873283692,0.5630532923860437,-0.1754360516174989,0.0146235798026224,-0.0058582129129369,0.984364782003138,0.000576197116467,1.0007289886652937,-0.7694056224841863,4.690262466380806,-0.0471322273998197,0.0956203747337516,2198.4345538903367,2267.8321441727103,2122.674535774401,2140.8483989898286,0.0884289824962563,-0.8378723552597096,15.971021621907797
7.099999999999996,-0.0359662061543409,0.0223635553470343,0.556089623551423,-0.1524476127277028,0.014203954170872,-0.0055445569456776,0.9881939237557638,0.0034709197288094,1.0446224976941687,-0.7126819819496831,4.532144448519691,-0.0514564471812201,0.0794076296746728,2255.150814817257,2325.5622631396773,2171.378126402201,2206.5246450274985,0.0363550245043527,-0.8432387321691239,16.662172353233633
7.110000000000001,-0.0362199337717365,0.0310961517313423,0.5498911532489943,-0.1296302624110409,0.0136886897044128,-0.0053194320689922,0.9914536390996224,0.0068059096080462,1.08375429101306,-0.6413440758239592,4.386529324422904,-0.0937803287041494,0.0671407900351594,2284.9628413638293,2370.4481137293265,2230.124832697278,2262.204839834939,0.1061673780419854,-0.8971829409369532,17.391484169973285
7.119999999999999,-0.0364674607284573,0.0402699578477606,0.5444789600976304,-0.1071879720513408,0.0131263520946998,-0.0051865374763487,0.9941385906186389,0.0108487195970238,1.1179855763529585,-0.5603032707882054,4.2888804038340265,-0.1365177120716564,0.061420858576432,2299.79672124597,2409.8136914153574,2287.5783491214384,2289.8136128890133,0.2082553629287216,-0.790014877694726,18.21541209890494
7.129999999999997,-0.0367133912747463,0.0497722070562061,0.5398737580677261,-0.0852795339661829,0.0125552923411784,-0.005106998065218,0.9962648665347484,0.0154529508065871,1.1465898192233346,-0.4750632110874701,4.229376557216201,-0.1385962163534497,0.0593876574967257,2314.076620438216,2438.254540350053,2317.92518691255,2297.0303702654555,0.0873015608143837,-0.745265312584801,18.72616646800506
7.140000000000002,-0.036959351787617,0.059464770976475,0.5361134477826706,-0.0639261840411698,0.0119937942441343,-0.0050137822593977,0.9978699584019048,0.0200115404873378,1.1677124056493364,-0.389451739628869,4.168844603594156,-0.1047691855203191,0.0559066286579167,2329.222714782416,2443.6816359960194,2314.5912514806914,2312.1432684249926,0.0491113359777564,-0.8251866492131119,18.85484517641921
7.15,-0.0371979823986567,0.0692168403526034,0.533246529651817,-0.0430038816074455,0.0114407979575102,-0.0048475876552247,0.9989976352337944,0.0237817697489787,1.179276829097344,-0.3036246776086586,4.098459507030746,-0.0773618220153831,0.0489847304722239,2334.4146791381845,2426.9435066879114,2295.177106136892,2342.420890892745,0.1288665505312186,-0.8768203364411178,18.87850054442507
7.159999999999998,-0.0374097974569124,0.0789338336961994,0.5313052754265573,-0.0223055416194821,0.0108876230765096,-0.0045913486021074,0.999681370234946,0.0264077771477145,1.1806722896911328,-0.2151636699838074,4.052231189917288,-0.0819491822030127,0.0413198937011659,2317.6454779472297,2402.270505583262,2274.459000144961,2356.566971706663,0.1716174021703185,-0.7938262990958713,18.685341293919045
7.169999999999996,-0.0375665807654805,0.0885689427014181,0.530275708315858,-0.0016284375569579,0.0103340247048797,-0.0042806571764609,0.99993611400862,0.0281794656334109,1.173277836264176,-0.1234815492880172,4.058165412337329,-0.0994497944639709,0.0370034997707532,2273.49786180628,2374.7628806216785,2247.3805854175025,2321.0443019050563,0.1443375131575436,-0.6980432879365752,18.276843696507395
7.1800000000000015,-0.0376409858887929,0.0981107030547769,0.5300867112837921,0.019157414479253,0.0097969612268341,-0.0039835582683971,0.999760543472642,0.0297759146021236,1.1592467932585824,-0.0330337199666435,4.102940436129762,-0.0973512100812873,0.0378513610695981,2205.7081730880186,2330.270898119148,2202.031146078494,2241.635802820626,0.0792527105013806,-0.7643462754373364,17.67621035615958
7.19,-0.0376180880066431,0.1075528812612868,0.530628114827688,0.0400825679407283,0.0093008769430864,-0.0037625435151684,0.9991459976908594,0.0317607354378396,1.140132729736947,0.0488068625976025,4.152621161707064,-0.0735805174076391,0.0426627506813789,2126.9989872999663,2257.0691699147765,2137.601306247804,2153.519304952401,0.154522830592496,-0.8008833029076978,16.806691987004736
7.1999999999999975,-0.0375034606012723,0.1168632027331009,0.5317842698396366,0.0610948367722529,0.0088621709708808,-0.0036458560504684,0.998085963521737,0.0342798182114091,1.116612267131106,0.1170646888509306,4.186898965267668,-0.0561492476239147,0.0482303158317416,2052.8280264524387,2168.5337258720274,2063.694383276142,2078.94035162726,0.0760927969286084,-0.6624081152856622,15.53360259666634
7.210000000000003,-0.0373238900564163,0.1259678651697971,0.5334574759284183,0.0821049420085473,0.0084766736651206,-0.0036210829924542,0.9965810615596254,0.0371038204388967,1.0887101116262237,0.1718025802176936,4.201569488744862,-0.0643873496623544,0.0504233633836071,1990.3477794206171,2091.1410728145465,1989.4067250837084,2013.1871282353957,0.1088991478953799,-0.544751402410022,14.395777875518222
7.220000000000001,-0.0371197547794391,0.1347599633519924,0.535566823607851,0.1030263029266312,0.0081229498170541,-0.0036500929889268,0.994638766292925,0.0398435830796245,1.0559110163306111,0.2158745871055865,4.194824280579797,-0.084217750074149,0.0459152645092053,1935.063271149858,2033.876853400476,1919.5130574160216,1947.548760788132,0.0809518311674075,-0.5935771699698957,13.698489093342417
7.229999999999999,-0.0369315532777339,0.1431274596196955,0.5380301258213528,0.1237871992241337,0.0077763179129743,-0.0036914052613665,0.9922714506198176,0.0421398099810263,1.0177589761056418,0.251135439704959,4.16733705712803,-0.0858506583065162,0.034560300990184,1880.9290201391416,1983.2302902760885,1857.6719298718583,1885.6157656930973,0.1204289528400268,-0.7382288155856496,12.84785102183462
7.239999999999997,-0.0367860488558657,0.1509862908919488,0.5407480523064087,0.1443118502772563,0.0074215447084628,-0.0037168629009042,0.9894974459157896,0.0437380070854113,0.9748769552992546,0.2771933479215052,4.126530967740235,-0.0583275500031788,0.0203280440071401,1830.5929248331256,1928.425666789875,1806.1661203492256,1833.5911319795136,0.1173614082386323,-0.7237820255572602,11.89216846565152
7.250000000000002,-0.0366881018606159,0.1583019997068936,0.5436031074480336,0.1644852314157326,0.0070577121412939,-0.0037170104341113,0.9863472923767148,0.044492280261733,0.92891464661627,0.2930226495660947,4.073961806974927,-0.020674138980086,0.0092846958317007,1792.476685634717,1878.1736613256755,1761.383017126025,1788.5543927725707,0.1020436528040682,-0.6622715534726464,10.983884533191496
7.26,-0.0366215254091361,0.1650905123065528,0.5464727093666237,0.1841204511163417,0.0066963505926443,-0.0036969422953377,0.9828739242584068,0.0444410945219639,0.8812050815865139,0.29876238068352,3.988460929397691,-0.0021298871522462,0.0057646243213665,1770.889640128854,1847.9917678284655,1715.2816670425732,1743.1618407041562,0.0533620621474348,-0.6656101302030084,10.548769351018844
7.269999999999998,-0.0365578339292115,0.1713999609483097,0.5492480746229713,0.202944213524963,0.0063545577501846,-0.0036680056844103,0.979162811552212,0.0439582285766336,0.8320805635488765,0.2959197791532161,3.832403194234507,-0.0158400774016979,0.009738544796748,1762.3877825499217,1840.9287579863803,1665.5891508781006,1696.468802841748,0.0655146520304417,-0.5637072121136355,10.317367152790505
7.280000000000003,-0.0364682735591712,0.1772831017321325,0.551850408635917,0.2206125624466549,0.0060442979474026,-0.0036404618963432,0.9753359989204874,0.0436855545563723,0.7816415300900978,0.2866179355248089,3.5782366836155264,-0.0497620678497161,0.0174266601516116,1759.1829421165748,1846.820688564318,1621.6379577467742,1655.4298574348418,0.0340729391613616,-0.64226958969819,9.86687753167464
7.290000000000001,-0.036333583526956,0.1827717816586635,0.5542381581974691,0.2367605987146315,0.0057636930211229,-0.0036197651117273,0.9715441812082368,0.0440745221597873,0.7302838190043114,0.2730075332075404,3.226667599297436,-0.078459185788359,0.0240008286268289,1753.7330723443088,1853.501933672696,1595.6898244974498,1627.5438537063674,0.034084482175883,-0.6704565371120084,9.73386155623854
7.299999999999999,-0.0361476396050318,0.1878631199972845,0.5564023046224618,0.2510734641532997,0.0054982437700149,-0.0036064890352194,0.9679457000009588,0.0449612879673347,0.6780542236967919,0.256856109592086,2.80278428529855,-0.0834627108215714,0.0258681707432002,1743.3844323627416,1852.5671659377565,1589.678648949665,1615.0884711111494,0.0811880521651803,-0.6352779178394705,9.564343523911674
7.310000000000004,-0.0359146698334065,0.1925221220247028,0.5583522619275092,0.2633512155335725,0.0052316136015706,-0.0035983591374455,0.9646791276417416,0.0457502154720239,0.6241920767280346,0.2390536777110723,2.342107011409098,-0.0660660334218892,0.0218047551147139,1732.922612070383,1839.707492368108,1593.8196849034657,1615.3379832255682,0.1108847452878225,-0.6211841848601942,9.421333079657147
7.320000000000002,-0.0356432113580057,0.1966978895463668,0.5601005117772221,0.2735374820715664,0.0049553464727573,-0.0035925933022811,0.9618418704322697,0.0460542011254209,0.5678672316252638,0.2195065662468288,1.878903896850793,-0.0435494113428463,0.0133516249256028,1729.5657020644123,1817.396839281196,1597.1028084154557,1622.140626210293,0.1577262368367905,-0.5950445173477581,9.349344478234164
7.33,-0.035341004619635,0.2003443344506717,0.5616539940057914,0.2816948020563877,0.0046689605190334,-0.0035873892663009,0.9594859925711976,0.046046720196184,0.5092249306010854,0.1978215784929836,1.436415049261107,-0.0334617651309116,0.004192579743553,1734.1100310695406,1796.4837050134242,1595.7325658472432,1626.7286205261385,0.1493162088300673,-0.5670381943277478,9.223390863020722
7.339999999999998,-0.0350130715000114,0.2034352807119869,0.5630139375995404,0.2879364498946381,0.0043745818960837,-0.0035822771895349,0.9576328268942352,0.0461846599991003,0.4494835069074899,0.1741048285535155,1.018549605995019,-0.0403787662134716,-0.0017737951268986,1740.1544859528567,1789.1828664901734,1591.804516384714,1621.8349317181628,0.1267536263749928,-0.5011871006361552,9.182731784412344
7.349999999999996,-0.0346625178388937,0.2059682223770804,0.5641799073003485,0.2923519120392027,0.0040766753007086,-0.0035776918354745,0.9562954252565706,0.0467187247390378,0.3899527497089511,0.1490071242827989,0.6103664587826327,-0.0554820203904754,-0.0027046336306464,1742.2394607093588,1797.6952272844728,1587.9000489280472,1608.3040328930103,0.1172723130531032,-0.5035177491853879,9.166573150144302
7.360000000000001,-0.0342923482491511,0.2079579265242134,0.5651532418685857,0.2949689416110231,0.0037882654811943,-0.0035743280616086,0.9554926460776269,0.0475175979964752,0.3309552984767006,0.1232862486631196,0.1923631795788357,-0.0658073697907973,0.0002913752881367,1740.581778478844,1811.017362059266,1585.3402339437723,1596.1397923053962,0.0973956965631692,-0.5251129655000772,9.18537347677571
7.369999999999999,-0.033906698658394,0.2094262317630705,0.5659376509473002,0.2957710119949118,0.0035323664097385,-0.0035726972352141,0.9552456577684708,0.048265544975881,0.2718265303756997,0.0976415265130435,-0.2393561144133129,-0.063355340562324,0.0043652337882042,1737.2530068554595,1814.444539456565,1585.8328427917504,1596.9114188113836,0.0647976067145048,-0.5079867241947333,9.227689898035475
7.379999999999997,-0.0335105072237728,0.2103943217038744,0.5665370391536794,0.2947525467704423,0.0033290982660253,-0.0035730049009279,0.9555611371927236,0.0487402615933634,0.2120345764723363,0.072723377409638,-0.6640049272920464,-0.0496970129325631,0.0069399962331927,1732.3549244260455,1802.0824165685772,1591.5104633248493,1613.7564899052998,0.0659085189108264,-0.4465818613339385,9.297951688644254
7.390000000000002,-0.0331077401626378,0.2108795412188598,0.566952320403388,0.2919724382441601,0.0031751458089378,-0.0035752352220317,0.9564147800237924,0.0489252572987389,0.1520622580600872,0.0488923100493703,-1.0481747044467515,-0.0365504220213647,0.0066855489534805,1726.1268981966768,1780.3722065368593,1602.321562370896,1637.3509256732273,0.1053882992746264,-0.3341207524099268,9.268030212795225
7.4,-0.032699600359732,0.2108953263795589,0.5671799417215115,0.2875720765399676,0.0030341703852834,-0.0035792682256867,0.957747505057326,0.0489527070216132,0.0929771078458009,0.0261119691945218,-1.3698795255974192,-0.0400260724825636,0.0034837289759147,1721.2788366638151,1761.7239882738777,1615.3847407743042,1652.4895526044488,0.0955617677666604,-0.3107197989199877,9.326495258734678
7.409999999999998,-0.0322844157634536,0.2104524296525069,0.5672136126656744,0.2817500899589801,0.0028502589729788,-0.0035849361874025,0.9594768944922152,0.0490044269411514,0.0353519258445821,0.0044410346297652,-1.6331291546276918,-0.0673860172449606,-0.0014967531173039,1719.98764635959,1755.9627765795992,1628.9172128557138,1651.630941076254,0.0786564217734497,-0.2811409156899387,9.381585524256485
7.419999999999996,-0.0318595036756533,0.2095603212692375,0.5670480775521805,0.2747131284811033,0.0025776713307076,-0.0035920269369063,0.9615160685049002,0.04922880471853,-0.0210442115535002,-0.0155464666117119,-1.8605597911136451,-0.1063206048559132,-0.0059729904430958,1720.1983792651558,1764.9651971945652,1645.2335329337627,1642.8807560763694,0.1049231183694501,-0.2364997150406438,9.40269966552784
7.4300000000000015,-0.03142350945699,0.2082276321272405,0.5666829035843458,0.2666326869441157,0.0022069367506405,-0.0036002809290194,0.9637889694639444,0.0496459344956238,-0.0765416731060946,-0.0333064164725641,-2.0722869214569344,-0.1311211745055555,-0.0079330535639161,1717.4844938949004,1781.3142356616984,1666.648346402096,1642.8655339964046,0.1299267231265631,-0.1630772739594093,9.404306782822196
7.439999999999999,-0.0309773809029126,0.2064606234063601,0.56612600347878,0.2576283567190041,0.0017705297469367,-0.0036094086135165,0.9662357203126686,0.0500775029465535,-0.1309423641733854,-0.049243148129573,-2.270112462944869,-0.1242120088152548,-0.0071274459104941,1709.8870496673965,1791.9748017189245,1689.1502179658823,1660.6366827755023,0.0687718435256715,-0.1561388521429885,9.561650427017796
7.449999999999997,-0.0305235137507947,0.2042601456333034,0.5653975327435073,0.2477793722113844,0.0013260460957988,-0.0036191218400214,0.9688088182223524,0.0502354593894449,-0.1837500083506609,-0.0644949860376882,-2.4397094620208177,-0.092081348740084,-0.0048518319150999,1699.8676732856634,1787.4868154341682,1704.3837803684446,1689.240038961516,0.0419343043722547,-0.1637346973987155,9.649500677189708
7.460000000000003,-0.0300642311446125,0.2016196869957555,0.5645322627686817,0.23715202936667,0.00092784453009,-0.0036291602292749,0.9714653278773404,0.0499959532013926,-0.2347017092264824,-0.079484236000715,-2.567140436109826,-0.0584645459775535,-0.0025733356621273,1692.7703056523171,1771.1001245129655,1709.5025209826338,1713.919313264736,0.0748755520967592,-0.1127610437641735,9.749277367826163
7.470000000000001,-0.0296011992253374,0.1985274859772121,0.5635757577781308,0.2258248814439816,0.0006024208303936,-0.0036393022899589,0.9741609289479828,0.0495961559787736,-0.2837347843302521,-0.093024298054985,-2.6533393325938595,-0.0426561254073938,-0.0009899921871076,1693.6204420063195,1757.633832955319,1712.2608325352362,1727.9549107215053,0.0889626013549932,-0.047661670178233,9.883208004330172
7.479999999999999,-0.0291362945613659,0.1949731119422388,0.5625722830738651,0.2138967060034286,0.0003401438505907,-0.0036493653357818,0.976849407839146,0.0494375230496194,-0.3306312622056304,-0.1032442887308056,-2.7129833061498294,-0.0460881477508541,0.0003110329505912,1703.2741307774045,1759.665514779037,1723.6070588344642,1738.4358358870516,0.0861174926587307,-0.0204357320915575,10.020435707812911
7.489999999999997,-0.0286726873045097,0.1909556974953556,0.5615495655471714,0.2014741341547983,0.0001076206261296,-0.0036592026783949,0.9794869942577764,0.0496232503008956,-0.3751486654171516,-0.1092128113964712,-2.7608727041786603,-0.0576321670189251,0.0024803711443679,1717.074408226027,1774.8155338852562,1746.1184986086903,1755.9338910160582,0.0643708818195882,-0.0029464965458143,10.145875780031602
7.500000000000002,-0.0282142807343122,0.1864900698073992,0.5605097304501016,0.188650432141286,-0.0001283241170147,-0.0036687006627476,0.9820374425760324,0.04978753987594,-0.4174892749273008,-0.11139545545106,-2.8013999933923386,-0.0666519304065731,0.0058276754932665,1728.9000808474236,1790.1423446875028,1772.1048118892954,1781.2069002552312,0.072465355489567,0.0304407992205657,10.296780636009329
7.51,-0.0277632581060028,0.1816082705337409,0.5594323456864881,0.1754925266015812,-0.0003830209895234,-0.0036777728438664,0.984473819046918,0.0494878577092244,-0.4582123915357827,-0.1108881728077204,-2.831154143466293,-0.0691923927033877,0.0086234091162542,1736.83064731255,1798.6454391166944,1792.322273621283,1804.381123360337,0.0482019593978368,0.0100653759030815,10.503444747101693
7.519999999999998,-0.0273177515378178,0.1763557669182275,0.5582882078253395,0.1620456178114953,-0.0006541957832413,-0.0036863502148998,0.9867761653982432,0.0487153863329374,-0.4975064100931516,-0.1087180438432001,-2.848598269428421,-0.0656104874283732,0.00847207405821,1743.7640372940853,1805.6440215505568,1803.912716041112,1816.0004124789864,0.0538252700974611,0.0223695656871036,10.632222421438048
7.530000000000003,-0.0268717859591187,0.1707836593870702,0.5570575671131514,0.1483513215038165,-0.0009342052028542,-0.003694370839703,0.9889273806972932,0.0479155319032363,-0.5347680939333509,-0.1055656684092232,-2.857130009444931,-0.0577091167905021,0.0049854901384543,1752.634404772718,1817.025754484172,1810.8462355313488,1817.0222876271337,0.0821602084685195,0.1446062711628712,10.813812928037214
7.540000000000001,-0.0264175514849857,0.1649401117775784,0.5557458005147317,0.1344663496423062,-0.0012188558661768,-0.0037017738552789,0.9909104965003523,0.0475149478684825,-0.569065961252715,-0.101278412508151,-2.858002220180315,-0.0495514906395059,0.000544237897415,1762.3629452300966,1827.9418398574903,1819.6134115154612,1817.8710581561756,0.0507752317245017,0.1275035527997241,10.878937937867224
7.549999999999999,-0.0259483236614177,0.1588646355165304,0.5543910457155338,0.1204691388348996,-0.0015058713217165,-0.00370850025874,0.9927090036691372,0.0475065081467018,-0.5999203629534223,-0.0946011684282415,-2.8454134704292664,-0.0473669878442692,-0.0015371158749753,1769.5558499072658,1829.3992365175704,1833.23345476654,1827.5737144903192,0.0524010866432684,0.1188730836065268,10.935886698947302
7.560000000000004,-0.0254605284425497,0.1525870686848709,0.5530609976818525,0.1064497981202597,-0.0017905215526961,-0.0037144986211214,0.9943095277692552,0.0475144817560409,-0.6275024895319629,-0.0844349421273573,-2.815225887745516,-0.0546701177260684,0.0004012792064105,1773.4833703255204,1823.010829821317,1846.77146458722,1843.6558966112043,0.1076658416130281,0.1113869778629892,11.11440447274672
7.570000000000002,-0.02495460870269,0.1461305116549101,0.5518404944147505,0.0924881033661377,-0.002067747193219,-0.0037197316267382,0.9957046945525088,0.047213237438967,-0.6521250843716826,-0.0718427019764904,-2.777950026494865,-0.0674139011623073,0.0049504279042448,1776.5777803707128,1821.4918954148288,1851.242499494908,1854.2985355624828,0.1345103472768287,0.1199422764483415,11.210951304545745
7.58,-0.0244351131396815,0.1395158883413493,0.5508148667406718,0.0786311407479317,-0.0023385217949591,-0.0037241801629857,0.9968940793798542,0.0466326463740875,-0.673705787590952,-0.0597646677809095,-2.753630260714836,-0.0762405836948943,0.0086153026108494,1778.9767320116746,1832.5213887221717,1845.2386842414064,1851.84851078278,0.1044760916322627,0.1470717144856981,11.355731470635236
7.589999999999998,-0.0239104406851573,0.1327656302747553,0.550051984438423,0.0648856918468717,-0.0026104497053877,-0.0037278435176907,0.9978823255918484,0.046046178202998,-0.6918063782665598,-0.0498586095802081,-2.7466685444086405,-0.0749773934735152,0.0088931753486025,1776.2177126588967,1847.538006615793,1839.0868557047716,1842.038294635636,0.0577339595027444,0.1671346977976251,11.260285314272114
7.599999999999996,-0.0233922817103973,0.1259047709467889,0.5495824383482643,0.0512352560006362,-0.0028898589076886,-0.003730736122955,0.9986754622328636,0.0456046881264649,-0.7061270196087627,-0.0404647989429938,-2.731864420089557,-0.0670198467911341,0.0067492973370978,1765.5373246934798,1851.3097879792824,1842.551744584404,1836.3847639895816,0.0319530153537766,0.2064878721264795,11.154869670219126
7.610000000000001,-0.0228944520511065,0.1189591734851286,0.5493816724643703,0.03767398165682,-0.0031746883944128,-0.0037328829892197,0.9992780684295582,0.0451563612169207,-0.7168633839243548,-0.0287487538122986,-2.678217396239758,-0.062360935670177,0.0055687229562438,1751.8570974843435,1840.194203487199,1851.840261108034,1837.120545432648,0.0481165930838436,0.2311050916265753,11.11436089598472
7.619999999999999,-0.0224308307225001,0.1119523609065188,0.5493672261598425,0.0242332757704986,-0.0034571878636423,-0.0037343139403025,0.999693378540091,0.0444511863253542,-0.7245439321491851,-0.0141066336157005,-2.5878909112809945,-0.0670529756927671,0.0071715419498797,1743.1108787196818,1825.226574764364,1855.384502453384,1836.072458838653,-0.0125559619357684,0.2358783717476612,11.0784259106455
7.629999999999997,-0.0220125543210304,0.1049035190106697,0.5494226588607706,0.0109824156254856,-0.0037328001371397,-0.0037350376702741,0.9999257483652308,0.0434459978162579,-0.7295546089246644,0.0017491510836478,-2.498818549378212,-0.0761155963669484,0.0092176795138556,1740.193866286154,1817.084438073435,1850.333760862777,1829.425022781586,0.0062087519508561,0.2021700309269846,11.088728690255444
7.640000000000002,-0.0216452256222645,0.0978287308279091,0.5494423136189976,-0.0019908620051241,-0.0040039094264088,-0.0037350679865941,0.9999830270784188,0.0423231819171289,-0.7318951525824409,0.0172795729564913,-2.441388132083509,-0.0789885306549226,0.0074412584374014,1735.9374645588582,1814.183780542221,1845.0819734358304,1825.007459002533,0.0321427368842449,0.149005732624866,10.940178534750268
7.65,-0.0213271442247813,0.0907455259349945,0.5493744430226434,-0.014603001378345,-0.0042752394224238,-0.0037349126406942,0.9998772550199306,0.0412377189716245,-0.7313849068985092,0.0318616702133226,-2.4029385073234355,-0.0721659548085828,0.0005357621308491,1725.0928106478432,1808.555251380949,1844.8299569134133,1829.533107215524,0.0152812435421505,0.139770980224965,10.850116862632529
7.659999999999998,-0.0210492073064925,0.083678568240394,0.5492409236955832,-0.026783878373901,-0.0045467722449392,-0.0037340960153535,0.9996239329109486,0.0401458646138716,-0.7279760713149576,0.044168383078711,-2.346791023613699,-0.0636260440967058,-0.0081823812043172,1710.9581167173988,1798.016003471644,1843.728902593312,1836.24287793034,-0.0099651247138211,0.2509612217818016,10.907678578760526
7.669999999999996,-0.0207966202141315,0.0766630378592858,0.5491261596405312,-0.0384853650637032,-0.0048180045623488,-0.0037327751384814,0.999240576586898,0.0389015932716063,-0.7218119559856719,0.0520569627189468,-2.2587464546838327,-0.0631461739089198,-0.014303880423695,1699.4249631923876,1787.098157073322,1836.2147369385052,1833.8659493637645,-0.0024913852699478,0.3054148773714873,11.039212828901324
7.6800000000000015,-0.0205523561439276,0.0697427544271269,0.5491409614314589,-0.0496890547666125,-0.0050934323313169,-0.0037310086730056,0.998744779389494,0.0374406825352672,-0.7130779910319424,0.0554362127170439,-2.157755267309166,-0.0702570244845242,-0.0164027615797845,1690.472684025834,1779.127842386427,1828.3347127166576,1823.0893022901676,0.014735172305069,0.322779040740571,10.75612182534466
7.689999999999999,-0.0203019293082911,0.0629624079341135,0.5493740089271597,-0.0604048475313814,-0.0053812415647157,-0.0037288443329525,0.9981524895294672,0.035831643824657,-0.7018599791220251,0.0578722010077353,-2.061552322298545,-0.0740209583986766,-0.0159454899069282,1679.9751625095644,1773.0720464773062,1828.919450347631,1814.4273853293464,-0.0350754351373474,0.2475114564639655,10.547823789240557
7.699999999999997,-0.0200381263530886,0.0563566159846753,0.5498495606393305,-0.0706534077144163,-0.0056819874863077,-0.0037263359567385,0.9974777819164112,0.0342078064493401,-0.6881048856868255,0.0633802812386721,-1.96145503090078,-0.0643498968841545,-0.01435613975464,1667.398747563726,1766.8514719826312,1833.872590099188,1811.642625413857,0.0526675074758006,0.2211064325741136,10.431495362374015
7.710000000000003,-0.0197638664028786,0.0499411911238533,0.5505135662909246,-0.0804382948942687,-0.0059789109704341,-0.003723549613069,0.996734703176522,0.0326981026610907,-0.6717275946733843,0.0719880259467449,-1.8406185370384531,-0.0423078690916683,-0.0117387167314689,1656.4654823734372,1759.2122466339683,1830.158086416473,1807.3310474994817,0.075576932128087,0.3195629607546759,10.514053129861187
7.720000000000001,-0.0194921048419144,0.0437119484477761,0.5512590781802565,-0.0897243386557108,-0.0062417501029413,-0.003720566256445,0.9959401292222236,0.0313746584256233,-0.6528551615385491,0.0800893158308386,-1.702642646741357,-0.0188523514661634,-0.008219378537509,1648.6502756734646,1748.9719886674266,1814.9890515176696,1796.4207843231677,-0.0204376365478398,0.2948029009310979,10.449987135337294
7.729999999999999,-0.019242651661444,0.0376529343629732,0.5519764720155116,-0.0984352905736845,-0.0064415932509747,-0.0037174802130649,0.9951156615122329,0.030190621968863,-0.6320014362810047,0.0849218549659491,-1.5661889911065665,-0.0038766929528685,-0.0048395176453597,1640.88563859794,1736.0642835189144,1800.049847617538,1784.8898800927864,0.0098116127158348,0.2574075162044653,10.306747211363891
7.739999999999997,-0.019036084735306,0.0317510322880667,0.5525972836743875,-0.1064729830313788,-0.0065628882657608,-0.0037143919733805,0.9942869986448978,0.0289690615550411,-0.609919037160628,0.0869804263098001,-1.436895901358176,0.0020104467193977,-0.0025256888749205,1631.1324296073813,1723.3792114886348,1793.785404640848,1780.5464280969757,0.0294750442066721,0.2261662589513626,10.110421351317708
7.750000000000002,-0.0188856449552424,0.0260106750610516,0.5531099811373931,-0.1137510510089536,-0.0066030193162305,-0.0037113952403176,0.9934804095077256,0.0275146458375834,-0.5871974880794517,0.0880083804149737,-1.300788592370273,0.0042479254067784,-0.0012213159584557,1622.6087891012285,1714.8154834134598,1789.8434911697482,1781.796307968491,0.0260859804081874,0.237194141730336,10.111363526095529
7.76,-0.0187898332730361,0.0204623312016515,0.5535495829354986,-0.120229218708934,-0.0065632865594976,-0.0037085618332108,0.9927175352572888,0.0257695669397242,-0.5639701410388307,0.0885846593217561,-1.1476801262228244,0.0059892075413505,-0.0005400476068123,1619.7229713351117,1710.625548492238,1779.2635335602477,1781.060607186775,0.0051253938737425,0.2528949937031868,10.143826170070025
7.769999999999998,-0.0187296823352664,0.0151605002998766,0.5539753643952207,-0.1259299754145139,-0.0064425540416131,-0.0037059322195522,0.9920112906897304,0.0238603607617678,-0.5399418147372147,0.0885142380701323,-0.9886770562800148,0.0067623993547409,-0.0004900497431419,1621.5888772559947,1706.37131607089,1765.849028433409,1774.7308658083134,0.0455432009913292,0.201940737820923,10.003995625316506
7.780000000000003,-0.0186733368520325,0.0101700153039273,0.5544463047433058,-0.1309242060282105,-0.0062401858166948,-0.0037035195660551,0.9913658236492116,0.022017913694914,-0.5146169119008273,0.0879350836792692,-0.8434123895058089,0.0080990479346831,-0.000989581962935,1622.4509271581385,1698.2271993791364,1760.5403102355845,1764.2925146958594,0.0498971277746223,0.2019233883940456,9.866167222278332
7.790000000000001,-0.0185871411600453,0.0055438712290127,0.5549981935165369,-0.1352884067245754,-0.0059642058507052,-0.0037013284440152,0.990781396384816,0.020460839381136,-0.4875793534702403,0.0865419099901284,-0.7161504322618294,0.0153005384158359,-0.000930646712421,1617.9361530418114,1688.558546524006,1764.9155814848225,1751.4708144036772,0.0259670298940589,0.1882597730121165,9.790349588616534
7.799999999999999,-0.018449115571068,0.0013011764291684,0.5556284775657481,-0.1390553352956263,-0.0056345546349068,-0.0036993789679334,0.9902616725467762,0.0192758167210051,-0.4588073724635754,0.0827033986268175,-0.5910998599224919,0.0308784244224693,0.001705221453696,1608.7617003619262,1683.3719778884245,1769.601985052244,1738.6982524009222,0.021739897927389,0.2085831269577771,9.764450882260949
7.810000000000004,-0.0182591941049312,-0.0025834511374627,0.556295726700768,-0.1421877348111398,-0.0052763200812783,-0.0036977211943872,0.9898187386454376,0.0183310588311111,-0.428869316541451,0.0751088972888074,-0.448377897093022,0.0482332228241437,0.008002942090357,1599.3620093284385,1684.146969813313,1768.298805916306,1731.756481079996,0.0518526332424656,0.1567213708754353,9.646204567208637
7.820000000000002,-0.0180415511065105,-0.0061717095647921,0.5569330237753822,-0.1445923030934944,-0.0049089154460873,-0.0036964292010578,0.98947223551064,0.0173542073122018,-0.3987079910847376,0.0650819748277874,-0.2804284118919672,0.0560737873250399,0.015902634497276,1595.4012498283691,1686.068929124944,1764.939310385969,1734.5638116309992,0.0302628865192864,0.1909235240459628,9.595079350467374
7.83,-0.0178376323987422,-0.0095372414033306,0.5574674391106382,-0.1461663178359722,-0.004541282216773,-0.003695576864016,0.989242703787975,0.0161864443373254,-0.3690969391373707,0.0557883985854151,-0.097080860676779,0.0515657269493476,0.0206458059402019,1601.2299088820223,1685.1115882096622,1764.7733605144474,1742.017789426819,0.0262239846045298,0.1639648924923871,9.590552708408492
7.839999999999998,-0.0176926829027649,-0.0127370770946252,0.5578394337212176,-0.1468509425327236,-0.004175691423772,-0.0036952084651289,0.989142916727802,0.0149368654205983,-0.3402919765867319,0.0489994236055011,0.0793644230308931,0.0462597710036459,0.0187571233079315,1615.9873075099815,1682.5051338220248,1765.147697765114,1744.9372456247568,0.0337671808531656,0.1632446973441519,9.734379426670522
7.849999999999996,-0.0176411311196849,-0.0157929949206891,0.5580201479183339,-0.1466640218224296,-0.0038145155723994,-0.003695319728763,0.9891721077678648,0.0137964626956647,-0.3121390420072807,0.0437821876161721,0.2269921671956525,0.0534381304158909,0.0117101248777124,1632.2035490547578,1680.9631295312918,1759.7310808262423,1742.2993704228084,0.0021862395719999,0.1157643412858822,9.78391991452011
7.860000000000001,-0.0176958173160599,-0.0186903020910293,0.5580225194472151,-0.1456981236709845,-0.0034647875208289,-0.0036958585238843,0.989316123711709,0.0127104286443839,-0.2843435924379542,0.0385408193834822,0.3402361180651219,0.0697681073258803,0.0048797714071334,1641.616515699939,1680.9851535435823,1748.3888771982822,1741.6269772955384,0.0369132982346876,0.1066809408460351,9.713932178133303
7.869999999999999,-0.0178439327897478,-0.0213915281532699,0.5578989005423797,-0.144087848846893,-0.0031388470324063,-0.0036967437648574,0.9895530170433108,0.0113596431917426,-0.2566226823610748,0.0330805016851856,0.4345000823494176,0.0766011468332817,0.0026808765404142,1643.3421921511913,1683.0572486142096,1738.5311510404415,1745.824018907656,0.1038696740034759,0.0680706921833982,9.668602749507714
7.879999999999997,-0.0180505773129146,-0.0238560390013784,0.557722916299004,-0.1419646731045659,-0.0028491657943867,-0.0036978922197225,0.9898607171909192,0.0095453632721781,-0.2288128385262512,0.0280778097470144,0.5302096791235772,0.0630958650181157,0.0050480443698518,1644.0712358420324,1689.8082651991967,1737.441158778403,1747.1177523162012,0.0996403057947698,0.0847895510039418,9.750089231263564
7.890000000000002,-0.0182692896547038,-0.0260563415554589,0.5575638064795712,-0.1394207775680747,-0.0025970621961301,-0.0036992407621753,0.9902229131200944,0.0075155381693418,-0.2009944181401906,0.0236629420333594,0.6315256733035908,0.0424152110061851,0.0084724592184926,1649.159128514506,1702.7817307801138,1745.0786107154008,1738.7100677172286,0.0939539231741903,0.0774588706834533,9.855384794099752
7.9,-0.0184568506163341,-0.027985603887823,0.5574652356606418,-0.1364950604605743,-0.0023628692436978,-0.0037007561644131,0.9906310209773428,0.005784014098549,-0.1734946603394625,0.0196098378706719,0.7254235944312835,0.0387652267119522,0.0097908045922571,1655.6353137829171,1718.367914820392,1753.8475431888264,1726.6639568248277,0.0810051297575276,0.0502626662449321,9.786424567196896
7.909999999999998,-0.0185873602310348,-0.0296554665539116,0.5574347439638976,-0.1331819516431902,-0.0021092054173728,-0.0037024314145509,0.9910824441037378,0.0046356226219401,-0.1467322786969269,0.0162884477520127,0.8018580067098716,0.0604994250144161,0.0086957570266307,1656.4223436384727,1728.948135657375,1755.2895558374323,1723.1067624279235,0.0163490463101765,0.0164775864095196,9.851204030672134
7.919999999999996,-0.0186599887021501,-0.0310870783235231,0.5574444789236032,-0.1294553603529573,-0.0017995373755666,-0.0037042720612447,0.9915766988537076,0.0039275517600106,-0.1210452679697994,0.0142588434698754,0.8673096960248584,0.0915726621240018,0.0069673989075082,1650.733323126371,1728.5933964718722,1748.0035207891624,1730.3142122604695,0.0536216627258804,-0.0294806031126557,9.851855824535123
7.9300000000000015,-0.0186971562411172,-0.0323006110586465,0.5574436032621408,-0.1252980509482127,-0.0014195494804313,-0.0037062775855002,0.9921112068787002,0.0033902818504906,-0.0965761961307326,0.0131006421050709,0.9340159187297152,0.108953385982074,0.0058175815013986,1647.2651880512535,1719.048283742584,1738.703071602298,1738.768569030817,0.0656065879982763,0.000199513317689,9.844597076158358
7.939999999999999,-0.0187339818743558,-0.0333083340917784,0.5573806926548793,-0.1207265568725282,-0.000985526844172,-0.0037084238727245,0.9926783843697432,0.0029722404496812,-0.0732241458316108,0.0115893307780759,1.0014728449311558,0.1034829009866263,0.004355223160003,1655.5524907926222,1710.7652794198832,1735.1113313206029,1740.3310027168868,0.1027251125484507,-0.0085745956831546,9.901105198090807
7.949999999999997,-0.0188033005852626,-0.0341137973621092,0.5572268633349824,-0.1158013399702929,-0.000534747763177,-0.0037106543587512,0.9932653194137728,0.0027784683905851,-0.0507485681838022,0.0091190220434775,1.0561247278469588,0.083368024323328,0.0008598864630757,1675.10503451223,1714.627632317263,1738.7909061475928,1736.635474480552,0.1219200972445041,-0.0259987046200533,9.915821922228432
7.960000000000003,-0.0189220960788714,-0.0347162679633371,0.5569864618398888,-0.1106155588635639,-0.0001054107814654,-0.0037128865580239,0.9938563283992692,0.0027588513307732,-0.029023034425571,0.006389212414955,1.088815801685388,0.0627207202576908,-0.0045753800180312,1694.6632961195508,1730.20680494123,1745.036656779327,1733.8055497216922,0.0578910342033608,-0.0183969284880811,9.875401336516967
7.970000000000001,-0.0190847370847527,-0.0351169410296249,0.5566899644370296,-0.105266964560928,0.0002816443149551,-0.0037150348776659,0.9944370193051272,0.0026284132332691,-0.0081952601024086,0.0046726587271712,1.1063649718032358,0.0502303861279928,-0.0092583829142299,1702.859477435253,1745.8026133870649,1748.4933487147086,1734.970142506249,0.0608204009903596,-0.0559908117727814,9.973669111411327
7.979999999999999,-0.0192660059801526,-0.0353229019052337,0.5563767109925389,-0.0998297527583863,0.0006295958230797,-0.003717041924233,0.9949973907868466,0.0021456376528156,0.0114692523664839,0.0048706329931172,1.1231981555803734,0.0466626319216327,-0.0101967903571574,1698.575739979795,1752.6223621219096,1747.812179770032,1739.7384990836438,0.0849400373393597,-0.0892750502590393,10.007172326464556
7.989999999999997,-0.0194328335583982,-0.0353468135321917,0.5560798559974065,-0.0943437755401006,0.0009581820556024,-0.0037189044527882,0.9955322715279792,0.0013919062113365,0.0299203408984715,0.0072030984400961,1.1450275960450895,0.0489262719265984,-0.0070132467223839,1689.6915732395732,1753.9535212388223,1744.4451992117893,1745.853931480993,0.0868729485648228,-0.0839753866579562,10.059854080519427
8.000000000000002,-0.0195594243674333,-0.0352034319762489,0.5558193992405727,-0.0888237651697783,0.0012890181305001,-0.0037206799130956,0.9960395743715746,0.0007241292731186,0.0474158490090628,0.0110008422180591,1.1648035569336566,0.054277826125125,-0.0024026613072395,1683.844592174354,1756.5535576931318,1738.8976861469112,1749.2495134936355,0.0591886068830024,-0.0660183676559138,10.071270890014196
8.01,-0.0196386842716876,-0.0349057692660822,0.5556012948494449,-0.0832754007834519,0.0016340152866283,-0.0037224638053931,0.9965182792511214,0.000476948671406,0.0641853622333693,0.0143775373983598,1.1740101977176154,0.0606995206904215,-8.018332877776473e-05,1684.2843321862013,1759.5696223635912,1732.4205395339236,1747.422811056694,0.0458678076142241,-0.0881620325638574,10.15866520249284
8.019999999999998,-0.0196849051114915,-0.0344629947468376,0.5554194072256239,-0.0777048272357379,0.0019911536319936,-0.003724335764946,0.996967464090272,0.000717862339442,0.0800602491139108,0.0150117900064609,1.1732719723706504,0.0647087015299509,-0.0022755315168735,1694.4761344590572,1760.5885938361148,1732.5635841186552,1745.714393478785,0.0529103301402276,-0.0998637261543577,10.179394365543711
8.030000000000003,-0.0197270495600915,-0.0338803744435454,0.5552592073753773,-0.0721209976179242,0.0023455542456954,-0.0037262866325319,0.9973861713828842,0.0012349373218792,0.094625223828792,0.012568213982399,1.1683449185250798,0.0617307396828657,-0.008070393246523,1721.3355072431373,1769.5542627438335,1751.2149447218906,1756.4312586644526,0.1042916862558488,-0.125503871099782,10.147306292736852
8.040000000000001,-0.0197960149525811,-0.0331604482292218,0.5551028596427382,-0.0665384978073611,0.0026747557069344,-0.0037281603128531,0.9977733083281642,0.0017084011472249,0.1077865421773308,0.010384469590405,1.158029791135513,0.0513698673729854,-0.0134250038684538,1769.3579269450804,1805.360152901392,1793.828486255709,1788.9516200149912,0.0534011929306945,-0.1183026523081238,10.143425762095884
8.049999999999999,-0.0199113828466758,-0.0323046469922723,0.5549369818062996,-0.0609841307398294,0.0029583649932526,-0.0037296611716357,0.9981273834045526,0.0019161134733032,0.1200252256396806,0.0137225269463801,1.1330722550513583,0.0406921189758972,-0.0141819683077883,1833.1473805819917,1874.613995353514,1853.321532581682,1842.7881182320823,0.0816791650822421,-0.154088797196169,10.84571961064226
8.060000000000004,-0.0200731635385583,-0.0313151632634283,0.5547674568702945,-0.0555018899466207,0.0031870630275177,-0.0037304689121134,0.9984465265818232,0.0018628311671583,0.1319895869421075,0.026059353639125,1.0901564545944102,0.0364363365029877,-0.0108272547985474,1900.1261558169783,1960.0319592288777,1915.810174654289,1909.799315671898,0.0786835304293258,-0.2391491451185534,11.95208480912549
8.070000000000002,-0.0202619959271523,-0.0301974190841166,0.5546430270655218,-0.0501487193245497,0.003362390420523,-0.0037304539652383,0.998729134447364,0.0017765922159201,0.1439436838483003,0.0478230594033538,1.0408650841286016,0.0324783507706176,-0.00968694718421,1960.6137541705948,2035.029059844459,1970.8935249242784,1978.5729546911205,0.1121453398924639,-0.2777120421964699,12.639966999975098
8.08,-0.0204474839470795,-0.0289631046674744,0.5546780582597025,-0.0449796264642583,0.0034863271308571,-0.0037299063993176,0.9989748578040014,0.0019473853908275,0.1556665807839467,0.0786198866806857,0.9999421199080208,0.0135653477464534,-0.0170739931141329,2012.9493783598537,2088.7261133401257,2019.1760058240736,2038.2920600258476,0.0737605013879986,-0.1935502325660609,13.395963582064883
8.089999999999998,-0.0206003789807333,-0.0276323089780775,0.5550562343178779,-0.0400294987003652,0.0035517281337353,-0.0037296191479741,0.9991852252721076,0.0025010508185585,0.1667157217171991,0.1191232559230453,0.9680724916173826,-0.0205134745331977,-0.0314176252179785,2061.186022627809,2133.657452126833,2072.2756096354374,2086.33960637141,0.0770556302189054,-0.2118669998042474,14.692031574303996
8.099999999999996,-0.0207026820962709,-0.0262321403025904,0.5560040902179121,-0.0353027118866369,0.0035459666153876,-0.0037306612335183,0.9993634107875736,0.0033258802408151,0.176634331026268,0.1700651404198425,0.9337795958584136,-0.0426893567467767,-0.0430228844881235,2111.9271920057854,2187.4786585909605,2139.694883606578,2133.0163280375764,0.155529419660583,-0.2384613947203762,15.69163823184017
8.110000000000001,-0.0207516276690266,-0.024790470181884,0.5577416704144299,-0.0307775263642036,0.00346710243013,-0.0037337888855366,0.9995132724942666,0.0042392567221587,0.1850350550027171,0.2308304946299431,0.8904291134868285,-0.0275706001807683,-0.0433157735740739,2171.088011318427,2250.3272651645198,2212.9062431673105,2191.3387662429272,0.1360925705523514,-0.252578675723783,16.176510081624837
8.12,-0.0207572729071696,-0.0233270288555885,0.5604296957601308,-0.0264238869361668,0.0033382448104304,-0.003738671491933,0.9996382629012583,0.0051903232275609,0.1917522431028354,0.3003307842977451,0.8435070756050761,0.00870319225676,-0.0330857149391628,2236.818332329346,2306.581852679974,2271.24500966208,2259.5304653493554,0.0244644736608179,-0.2470262742308298,16.98775065114473
8.129999999999997,-0.020736322302371,-0.0218469682634138,0.5641316300049023,-0.0222251202314362,0.0032066465009239,-0.0037433698870161,0.99974084073364,0.0062628888579104,0.1969834453212104,0.3781853481505022,0.8010121825584655,0.0204077538128492,-0.0196648026251816,2294.093606716903,2346.701717087132,2306.397012575942,2318.308918788628,0.0129822372532466,-0.2512525580924353,17.667698865717284
8.140000000000002,-0.0207055726658852,-0.0203410561172466,0.568803920260851,-0.0181895370814249,0.0031271992444868,-0.003744628737326,0.9998226538348032,0.0075163120456913,0.2011368200625046,0.4634631133759732,0.7635301886870107,-0.006519848020284,-0.0076560670975733,2323.4334294382666,2375.451494203514,2329.588144487502,2348.60095680871,0.1868924796036784,-0.2764946337935847,17.830996343296437
8.15,-0.0206774360220799,-0.0187925531281927,0.5743223784230143,-0.0143417107710797,0.0031401966665909,-0.0037393454683177,0.9998852293101056,0.0088810947847222,0.2044553408116351,0.552877153255005,0.7262557748825453,-0.0283644377901629,0.0037354592206067,2321.2985633047656,2396.687886613762,2350.712020199844,2350.8753246506294,0.2125063803069592,-0.2428151229780994,18.25118720824708
8.159999999999998,-0.0206584318539147,-0.017187248468445,0.5805393427188595,-0.010696922582669,0.0032535865671768,-0.0037269718280039,0.9999305474395228,0.0102198414122021,0.2068516426674427,0.6419368448754003,0.6875689283124625,-0.0011950186798135,0.0143943066587684,2307.454282931391,2403.6970664677183,2362.9687960628235,2344.6124931610107,0.0852222002572419,-0.2154485946950068,18.541511014362538
8.169999999999996,-0.0206501581117447,-0.0155224897364023,0.5873464727909903,-0.0072373121011016,0.0034366834331691,-0.0037117464982971,0.9999610159693546,0.0114679192094248,0.2081211859197293,0.7280436740048726,0.653853024861582,0.0507742026438149,0.0195279419714789,2302.878760571982,2391.3912865632174,2355.308765914393,2345.9804675284718,0.0363502648555841,-0.2393991722797416,18.3105914407661
8.180000000000001,-0.0206514703593271,-0.0138126284760071,0.5947107414966895,-0.003910068357503,0.0036302649137813,-0.0037030005130471,0.9999789099422526,0.0126854987076293,0.2081970204665632,0.811406942846346,0.636094310307534,0.0576465700021143,0.0154121288849959,2303.052579978167,2368.0077198836643,2330.847080323142,2347.113506356301,0.1024497235771625,-0.2622723850145754,17.842473406069512
8.19,-0.0206604967139908,-0.0120900397524986,0.6026684360332499,-0.0006520501650993,0.0037730517994944,-0.0037119537408199,0.9999857800539598,0.0139488875715722,0.2071369063369652,0.8928875561830216,0.6390090382008957,-0.0034279958940136,0.0056723423296857,2286.5007396597457,2346.778320236878,2303.6033153979224,2324.7813160360643,0.1965299604660548,-0.236634167525735,17.90518329036312
8.199999999999998,-0.020675544739917,-0.0104016339247962,0.6112897857427813,0.0025750922039902,0.0038328435578997,-0.0037447407120246,0.9999823274075405,0.0152074454314414,0.2049814111016859,0.9721174201729984,0.6502455150834601,-0.0704364595049785,-0.0020992206804548,2249.1485536654163,2330.885226295882,2280.158198428299,2272.41941932416,0.2094622151160441,-0.2076637905527863,17.645921499503274
8.210000000000003,-0.0206946622803181,-0.0088010921917792,0.6206402557049463,0.0057618726969954,0.0038208198098697,-0.0037938145595925,0.9999689040815678,0.0162897440446616,0.201740183975329,1.0480085043367526,0.6442613139590876,-0.0697416587875586,-0.0042717623311486,2211.992801072305,2311.5691023263557,2253.1676664515453,2214.7323071363508,0.0799055965447788,-0.188696885496736,16.615627295324867
8.22,-0.0207143274953318,-0.0073378389018031,0.630756408804235,0.0088543651622979,0.0037766619539822,-0.0038330675673999,0.9999463208768168,0.0170580850929303,0.1974542717749767,1.119515557987495,0.6049658217991556,-0.0060633664609499,-0.0025056550811071,2190.522206442361,2279.453386914739,2215.494255638977,2183.3027246164106,0.0250714494748689,-0.2223097315704256,16.14783237099551
8.229999999999999,-0.0207282277446192,-0.0060450049544241,0.6416396785345865,0.0117822904943264,0.0037368296817436,-0.0038217153034326,0.9999163006105944,0.017550524970112,0.1921564429923882,1.1847653312321864,0.543974074585246,0.0467972723649464,0.0012672880013812,2174.936479748177,2237.088039525732,2175.0035982633462,2182.5449253513234,0.1035873402948269,-0.3000262242546787,15.88698467122664
8.239999999999997,-0.0207271686216181,-0.0049298173604385,0.6532634720272208,0.0144931778195185,0.0037149355554476,-0.0037192785133181,0.999881149946258,0.0180058143622294,0.1857896713733449,1.2410838563649536,0.4877883568936532,0.0377058072273948,0.0075628022827583,2149.509972731836,2200.23132621438,2148.7359419985432,2186.929542269965,0.1427959100760982,-0.2555363204018879,15.23859569557251
8.250000000000002,-0.0207007526998176,-0.0039703086850762,0.6655846512422259,0.0169704858886279,0.0037085876844988,-0.0035073750809949,0.9998429613224924,0.0187542295860677,0.1782819512260711,1.2881182657477726,0.4466511391395777,-0.0070443324115558,0.0163929372219216,2118.2820592264443,2182.4514548692327,2142.88525005959,2171.6269547505794,0.1725407257346206,-0.2496599757690402,14.812579627146718
8.26,-0.0206406410386768,-0.0031208320941119,0.678547728053781,0.0192265778850577,0.0037166978295774,-0.0032064251078762,0.9998031024647308,0.0199792278818913,0.1697408991785138,1.3301719525776436,0.4067520012888631,-0.0285166226222434,0.0234605270658476,2099.992198004612,2177.6183984209147,2144.786619932852,2140.123201488252,0.1969523115929318,-0.2818972619998029,14.78578280567976
8.269999999999998,-0.0205442147035652,-0.0023251483672155,0.692077802407812,0.0212808655089937,0.003742455722578,-0.0028740030180837,0.9997624012209124,0.0214849025392608,0.1604775342399308,1.373177453407628,0.3553868475332928,-0.0126525698132049,0.0217167930371972,2101.027448110467,2165.168910952877,2137.1288054485976,2115.81052992598,0.0670067266692095,-0.2800381090432554,14.10201138675489
8.280000000000003,-0.0204167855116386,-0.0015319582403815,0.7060742898234693,0.0231402089750028,0.0037797354794468,-0.0025813307031906,0.9997217518190248,0.0227500652106715,0.1507835505437605,1.4193638211350876,0.3004343850260107,7.49256199501962e-05,0.0084186383227465,2103.2975009581533,2136.8492366845744,2115.8509655770995,2108.53471625279,0.0852811372551313,-0.2306868235307742,13.948173700996763
8.290000000000001,-0.0202707781027313,-0.0007071079508278,0.7204218840860521,0.0247900253038181,0.0038042405137352,-0.002380481264702,0.9996826074852448,0.0233437140776753,0.1408154868360673,1.4662629425890212,0.2558944776553382,-0.0219333061018153,-0.0101083362675091,2085.49241696609,2110.459560530004,2091.5912283086486,2101.39081969479,0.1211900165853206,-0.2621525556937839,14.177780503785607
8.299999999999999,-0.0201216803129311,0.0001601656547099,0.7350194743862773,0.0261959959598241,0.003784666035338,-0.0022830111808322,0.9996470546941164,0.0233184482303552,0.1307944747584578,1.51039573864628,0.217314415743296,-0.0549668316630328,-0.0228204293317167,2051.8910527087837,2107.7287517925984,2076.407826060552,2076.7089047099125,0.1513884722397784,-0.2369423482756929,13.889102118213636
8.310000000000004,-0.0199822326897449,0.0010562346859087,0.7498098963525445,0.0273161157082072,0.00370291353826,-0.0022624855868634,0.9996174265252248,0.0231303911289499,0.1211376506251875,1.5502625170831223,0.1658821057881093,-0.0529330991340449,-0.0233315963779009,2028.420099589037,2122.696149810563,2071.727575059272,2044.221456305312,0.1652690048037703,-0.1778830092332108,13.107484028873632
8.320000000000002,-0.0198572325453538,0.0019462168279021,0.7647926870115697,0.0281221406032258,0.0035611136835076,-0.0022766325614334,0.9995955585242492,0.0231791147791423,0.1121484845536855,1.5860369114023405,0.0979701610642483,-0.0123621012051297,-0.0144138985786423,2029.8663213694451,2126.189993245441,2069.5692747549624,2030.602845492749,0.0932493569545583,-0.2548286011025684,13.353683931319765
8.33,-0.0197412304815603,0.0027813886901677,0.7800151324582353,0.0286213471626482,0.0033703942178215,-0.0022938872398757,0.999582011148031,0.0235227236711628,0.1036110192506362,1.6185221394455085,0.0384476975569902,0.0199743233793487,-0.0044100615794586,2042.698272823959,2103.5320953077726,2063.3773982861826,2043.9169155177572,0.0555117948373127,-0.2504198121324559,13.44226970323187
8.339999999999998,-0.0196204763263948,0.0035106684271851,0.7955475939099553,0.0288630736848113,0.0031381180337539,-0.0023094284404543,0.9995757808855464,0.0240411392825655,0.0949098511038222,1.6494574072173158,0.0149565693177325,0.0058807495039968,-0.0003379948352449,2042.819474416065,2071.726941416376,2053.1232127890357,2060.61219602743,0.1216332293942904,-0.185643666166706,12.943935471208874
8.349999999999996,-0.0194786399618795,0.0040937285133577,0.8114516632433667,0.028921804733057,0.002869820235545,-0.0023436133714858,0.9995748100163206,0.0247010391884051,0.0856378962069729,1.6812909203515147,0.023071676070537,-0.0384477884473409,-0.0033179946393649,2021.3802604471168,2052.906701775811,2040.1485049379496,2052.230203697806,0.147872026897467,-0.1583948478923834,12.914439244191842
8.360000000000001,-0.0193036552463584,0.0045116360852989,0.827752082223157,0.0288658707563542,0.0025822704567494,-0.0024253393912064,0.9995770160991112,0.0255080128935553,0.0759839583644141,1.7146880219445548,0.0272210972034583,-0.0659400655510075,-0.0090120220434678,1989.6524167284608,2047.1497462391671,2023.957480689823,2017.9854091523607,0.1099484459676082,-0.2229552544181812,12.907039519961836
8.37,-0.0190921882164346,0.0047713762627593,0.8444268511414544,0.0287318713381812,0.0023091556385882,-0.0025706263666311,0.9995811819205712,0.0262781468810137,0.0664479290524726,1.7466564793415074,-0.0023762009393698,-0.0546395830684234,-0.012242635407722,1963.1972492817465,2040.9001293377885,2005.6421365407389,1983.481771502311,0.0619115163143138,-0.1990266852697803,12.493994374050205
8.379999999999997,-0.018849804891124,0.004902644978579,0.8614223133565605,0.0285196022279255,0.0020870409603998,-0.002769795902557,0.9995872171949022,0.0266847206449332,0.0572702134045715,1.7729889032649329,-0.0601899919077492,-0.0262895868944275,-0.0117911373277487,1945.859849051548,2027.4854754577157,1988.536212729964,1969.5601020163697,0.0864504825718392,-0.161955313888959,12.034014426053604
8.390000000000002,-0.0185877303425275,0.0049478475422276,0.8786797017509002,0.0282061561114445,0.0019298713480169,-0.002991906891123,0.9995957867293918,0.0266227222019781,0.0482737419400775,1.7928512704354658,-0.1143688877765413,-0.0151435661864512,-0.0110582714855785,1930.6482737539584,2008.2267017777472,1973.680605252116,1970.4046020483715,0.1284644114417977,-0.141308357761872,11.921790347054406
8.4,-0.0183186176471334,0.0049486050729634,0.8961488337785184,0.0277650516642489,0.0018140911129242,-0.0032026254864714,0.9996077001351624,0.0264012155107598,0.0392324335037811,1.8095933893901628,-0.1400202469679933,-0.0319818812898992,-0.0139330474457226,1912.3787422169348,1983.4217684841465,1957.7983657957984,1963.895747027399,0.1133800998653819,-0.1421914325390435,11.561789226826749
8.409999999999998,-0.0180530344126304,0.0049334197814914,0.9137802786250018,0.0271768117563443,0.001689655336786,-0.0033805933692014,0.9996234979011224,0.0264672017055711,0.0302448474141696,1.8267545696641223,-0.1407860372123074,-0.0597359832964991,-0.0201847128898675,1893.209059844239,1952.998653957048,1936.7935347422,1937.3551708033624,0.0992110709879076,-0.1172162427738899,11.171586935253352
8.419999999999996,-0.0177971115912406,0.0049107302321096,0.9315126489315868,0.0264291446164663,0.0015115368294379,-0.0035202649674412,0.9996433480526014,0.0269959286033337,0.021720362964408,1.844622821275453,-0.1409032486997971,-0.0750299195242108,-0.0256516756509021,1876.8524766047071,1922.482270458815,1910.7305573620224,1899.4112655789536,0.0931981170126657,-0.1926894408794144,11.246773438033632
8.430000000000001,-0.0175515525970816,0.0048695394324407,0.9492761860433294,0.0255151516841439,0.0012696285908942,-0.0036239875473478,0.9996670604716518,0.0277986910671281,0.014108225855425,1.860949544036828,-0.160537818806891,-0.0695883147278456,-0.0270004565060163,1863.5371248111733,1900.246490547084,1884.2546092303,1868.84393399142,0.0843242715673308,-0.2282781943733582,10.876119022854535
8.44,-0.0173122534070914,0.0047870226044627,0.9670144062172186,0.0244367412377075,0.0009947348709042,-0.0036948339751739,0.9996940553900048,0.0285355765051051,0.0076276466754793,1.873118725804085,-0.1991061493626207,-0.0545221934635671,-0.0251635890414544,1850.3937135388808,1887.0308138516743,1860.4306673262715,1854.7259628191368,0.1180954202117009,-0.1875018642196367,10.185501103958469
8.449999999999998,-0.0170721551891893,0.0046399537162782,0.9847075018506116,0.0232110600113417,0.0007352916214482,-0.0037358386009708,0.9997233365033192,0.0289440518846463,0.0021004760346815,1.8786271459157171,-0.2387885914047038,-0.0480216764607616,-0.023497778429479,1832.8652421897664,1873.1019887818595,1836.773758945457,1848.9937091342676,0.1369847017635554,-0.2006193506855402,10.225295294695076
8.460000000000003,-0.0168234811880797,0.0044152087969694,1.0023808249918074,0.021872166472442,0.0005218207850129,-0.0037522207525052,0.9997535980811944,0.0289575327318182,-0.0029752075946262,1.875632396565432,-0.2612742438286603,-0.0588714621065312,-0.0234073808544748,1807.1919638741035,1850.2615771074627,1811.2121746431803,1838.080523826148,0.1100139367502576,-0.1706090855499415,10.167817846015364
8.47,-0.0165600023404486,0.0041148075049508,1.0200912279477063,0.0204642135078327,0.0003455441704924,-0.0037519105168819,0.9997834864270392,0.028740547798959,-0.0080267349670856,1.865556481638725,-0.2623786468728903,-0.0795682056774606,-0.0229055440357109,1774.5723873322822,1822.898558173212,1787.6231133004603,1817.7736102183144,0.1020326613130668,-0.1509502731646902,9.75576230784437
8.479999999999999,-0.0162793270602062,0.003753410339447,1.0378939041242934,0.0190301595715836,0.0001653646721487,-0.0037436319935556,0.9998118877572432,0.0286082883273302,-0.0130329877270082,1.8541471826697944,-0.2536358151817353,-0.0938334930372,-0.0197375892304751,1741.868484593054,1800.9718476747762,1769.817673743031,1793.4607604600296,0.09390656844733,-0.1039113232409159,9.369877197135764
8.489999999999997,-0.0159844733512497,0.003350080503189,1.0558046435612496,0.0176028274740425,-6.507315654752888e-05,-0.0037344334452139,0.9998380820099056,0.028806553527276,-0.0176551505454508,1.8469951028799805,-0.2510643755226018,-0.0913130259039799,-0.0149995406988029,1716.374063633755,1785.3554486028318,1755.011428220398,1769.7061605742172,0.1123035152604732,-0.1183870384176518,9.225052162762813
8.500000000000002,-0.0156833741983965,0.0029191700200312,1.0737825798393237,0.0162016024804228,-0.0003712241596849,-0.0037283746865277,0.9998617251859812,0.029303890985515,-0.0217251682652875,1.843681620702545,-0.2616077140859219,-0.0766688860224606,-0.0123893822132498,1700.0779783748446,1768.0291145800195,1738.8862941577522,1745.807668750403,0.0768311514681108,-0.1375447500808618,9.043994968595976
8.51,-0.0153858422319667,0.0024652422342353,1.0917496917378329,0.0148330978236582,-0.0007471974633537,-0.0037267436160543,0.999882759270768,0.0298095880116722,-0.0254465126175843,1.838541185573898,-0.2790508485819425,-0.0649797071684186,-0.0139211222571563,1689.350033991026,1745.5274489078042,1721.79680079153,1721.175991222966,0.0838053281888053,-0.1459002008029455,8.731853937994659
8.519999999999998,-0.0150991567717139,0.0019839439930805,1.1096342472862042,0.0134921835738522,-0.0011602519604749,-0.0037291103332402,0.9999013494009898,0.0300230901875164,-0.0291008453399198,1.8275671776722344,-0.2915555664932771,-0.067359286175234,-0.0176248138565734,1678.9647426256877,1724.0160294748566,1705.4298555847186,1699.406338778207,0.0585718364942554,-0.075196874337339,8.629480201388702
8.530000000000003,-0.0148244181979816,0.0014670010987621,1.1274039590496316,0.0121616851020137,-0.0015617050079091,-0.0037342629402372,0.9999178515124334,0.0298733670450498,-0.0327181538345764,1.812522284236908,-0.2923328271638917,-0.0803866345851753,-0.0198438503085238,1665.0000259064705,1709.0880827070082,1688.6925122879006,1684.1065575158404,0.1153933990332673,-0.0252674921007244,8.435123990398868
8.540000000000001,-0.0145556734227791,0.0009077694734193,1.1450652465555593,0.0108126958009148,-0.0019006844199552,-0.003740499632343,0.9999327385733268,0.029516639275519,-0.0360840539362257,1.7976299558076816,-0.2843275309483566,-0.089623462237855,-0.0188459597136482,1645.130536524071,1696.7488944100048,1670.2536996784593,1673.098003480744,0.1092340023213978,-0.0637684099156754,8.230064424944299
8.549999999999999,-0.0142825102970264,0.0003048774153408,1.162635499538485,0.009409601957688,-0.0021419218045228,-0.0037454593025508,0.9999464201128948,0.0291325002612445,-0.0389618235759146,1.7843075598496432,-0.276954874878036,-0.0831704620433788,-0.0156752837414268,1619.4635821204818,1678.5689462009984,1651.031659941771,1660.0148786112231,0.1171372737001217,-0.1059600336001719,8.16524822320115
8.560000000000004,-0.0139947902744409,-0.0003360566761771,1.180112664125393,0.0079221142563213,-0.0022832084232049,-0.0037461892424804,0.9999589957249077,0.028781502973207,-0.0412713306720991,1.7706252333039976,-0.278615617929339,-0.0618289596578801,-0.0122148124897798,1591.7182275679982,1652.107545651033,1632.340201553836,1641.1763075417098,0.1436877449795584,-0.0758011231017716,8.044805343684782
8.570000000000002,-0.0136869835570898,-0.001001230052117,1.1974587605604672,0.0063407762365455,-0.0023608426444718,-0.0037401384073392,0.9999701157251752,0.0284693756828793,-0.0431305577011283,1.7544503556421351,-0.2904528002449191,-0.0377315101311343,-0.0091650248204518,1566.6009364885251,1621.6297695043074,1613.449645932455,1617.8747435073874,0.0635568102086861,-0.0870123537373791,7.6395432113623905
8.58,-0.0133602352540549,-0.0016674864532584,1.2145992609653202,0.0046861084969869,-0.0024355657509249,-0.0037271465971462,0.9999791081742012,0.0282578723863467,-0.0447587794892547,1.7349019131904222,-0.3061431282456713,-0.02470973805605,-0.0057377643290898,1544.6921241492207,1590.7268758774037,1591.1062895229672,1591.6819748945916,0.0888569547286846,-0.0387487715015924,7.446223546899693
8.589999999999998,-0.01302184212147,-0.0023028458073154,1.231435523763877,0.003001300891329,-0.0025652350520912,-0.0037115124994809,0.999985318110748,0.0282194317851671,-0.0463039025519767,1.7109838313121344,-0.3179624611420591,-0.0289200731244316,-0.0009555950290529,1522.317606712627,1559.8044359996063,1562.161910078297,1561.73169098608,0.079342831705713,-0.0837254390845048,7.236943932490221
8.599999999999996,-0.0126828585886219,-0.0028712794599117,1.2478674289073954,0.0013285197704028,-0.0027809287822415,-0.0037024021496366,0.9999883967770076,0.0282974092064488,-0.047741907018207,1.6810521064224997,-0.3231044943965568,-0.0461393223938533,0.004726137116009,1497.5926819381998,1530.7201054818736,1528.634072783506,1529.6677846352454,0.101228571853223,-0.0064316485522391,6.922078792258687
8.610000000000001,-0.0123549122379958,-0.0033423622730263,1.2638183782101868,-0.0003165071378509,-0.0030811546142659,-0.0037108609513536,0.9999883178420008,0.0282818567280046,-0.0489308250836139,1.6447382928279377,-0.3242132431675737,-0.0667107856877203,0.0091535996996468,1473.4136896289776,1507.7667053700948,1498.2423056594323,1503.3075994981937,0.0725988237587217,-0.1007023210773807,6.557193465913484
8.62,-0.0120472967653018,-0.0037029223282525,1.2792507441264165,-0.0019525995237422,-0.0034450768314538,-0.0037430450513852,0.999985154097034,0.0279683061628352,-0.0497245639456835,1.6042431258531162,-0.3250874656508155,-0.0831126159768799,0.0101344559581952,1451.787636649009,1491.130294680671,1476.5518387627462,1488.611052097354,0.1458559402713941,-0.0606445686049235,6.266479137209847
8.629999999999997,-0.0117651607325701,-0.0039653778556683,1.2941663691087164,-0.0036177732218625,-0.0038508763287288,-0.0037918975346167,0.9999788517671278,0.027362649460739,-0.0500267874351658,1.5626300666081534,-0.3270316779692244,-0.0933387254688696,0.0075021307963227,1428.3391664807432,1473.7520665526924,1460.1939652985386,1478.9409173791917,0.065959275532981,-0.0208269063548079,6.128884537176636
8.640000000000002,-0.0115092450887143,-0.0041679060730382,1.308597788115058,-0.0053421689446858,-0.0042834589981613,-0.0038319678278165,0.9999692141423876,0.0267121483971775,-0.04979901916602,1.521555322509842,-0.3284250291354528,-0.0986885909702243,0.0035318871366994,1397.785787988947,1448.7108359033898,1440.9937702958157,1460.1577186774891,0.0198831082479137,-0.0701259874922013,5.917792653007086
8.65,-0.0112769765927173,-0.0043649069771344,1.3225972352512034,-0.0071260871744872,-0.0047289939720953,-0.0038227701311321,0.9999561200003318,0.0262691386402285,-0.0490848817681177,1.4812372997345291,-0.3259413675700607,-0.1005371882239287,0.0013420000316591,1363.5502961347445,1417.3301883906,1415.0107308438853,1427.709890336311,0.0629985882291757,-0.0694144770884568,5.647439073097792
8.659999999999998,-0.0110638871296819,-0.0046108509066301,1.3362231361792618,-0.0089317321401422,-0.0051673328061237,-0.0037232998274966,0.9999398281251938,0.0260071120052382,-0.0480241817514685,1.4410049487794585,-0.3160916734750436,-0.099497769494271,0.0026879805210541,1334.7626605191736,1386.678372270765,1384.2946618322237,1391.1488047338703,0.0660856116113403,-0.0041762984702722,5.44129082723659
8.669999999999996,-0.0108643548529008,-0.004943970464844,1.3495225559623312,-0.0106897307959142,-0.005573486948875,-0.0035136217243205,0.9999211570724564,0.025640449184724,-0.0468083390458596,1.3984398240899516,-0.297288691496795,-0.0956923734399775,0.0069063565590232,1312.655367014127,1360.4589877037863,1351.4347970818214,1359.6910749102758,0.0785124596155597,-0.0637550408831987,5.233380364978941
8.680000000000001,-0.0106719377004932,-0.0053762349696677,1.3625154733533351,-0.0123209251958092,-0.0059293663938869,-0.0032120082949378,0.9999013553442156,0.0249581161725314,-0.0456234759940393,1.3498352604352593,-0.2715866399793532,-0.0884377564098634,0.0116968689158177,1288.1106869730752,1335.0383113553576,1316.7299614166595,1330.9291924795566,0.0310382122161455,-0.0331948457668764,5.067663685338337
8.69,-0.0104804133315009,-0.0058928044063186,1.3751881639562074,-0.013770400380711,-0.0062371725979792,-0.0028744819197624,0.9998815985430628,0.0240672925646794,-0.0446342779502841,1.294149292016064,-0.2442623019029341,-0.0765765277223739,0.0147894475006754,1256.6956535075997,1304.4406310464692,1281.485725227332,1297.2958241862675,0.0531340570609911,-0.0385516250346416,4.7994245697049385
8.699999999999998,-0.0102856124609752,-0.0064600693367,1.3874945877092528,-0.0150382065870438,-0.0065217142026782,-0.0025729002771363,0.9998623404102526,0.0232573219067454,-0.0439441904894735,1.235639088954735,-0.2212674519105476,-0.0605631268071266,0.0151160835192793,1227.830743690523,1267.5976736096102,1250.2310120259244,1257.7597824701977,0.0323072823186754,-0.0592682079549063,4.634251015550949
8.710000000000003,-0.0100865624903469,-0.0070386247142399,1.3993621129501053,-0.0161838804081448,-0.0068143160684715,-0.0023632641460719,0.9998430187254546,0.0226967984485688,-0.0434829832007564,1.1799150786678363,-0.2065338806819929,-0.0440013233335567,0.0131685444188797,1211.1511365054082,1229.7164528798608,1226.215917662911,1219.1832750860874,0.0613425048492719,-0.07835626419875,4.456322372658831
8.72,-0.0098847140542885,-0.007596434674737,1.410705935238319,-0.0172957565950383,-0.0071261260089139,-0.0022638058728431,0.9998224593971072,0.0223430865866449,-0.0429617238580998,1.1276699492336446,-0.2006215110129325,-0.0318668318928591,0.0106780112214067,1200.258292199877,1197.6351614834005,1206.7693959393368,1189.4798876827383,0.1282010403726577,-0.0888028600320652,4.262304177483992
8.729999999999999,-0.0096820186836437,-0.0081174963075594,1.4214566204391257,-0.0184429245071724,-0.007431642546788,-0.0022545397104251,0.999799753088274,0.0220714620001841,-0.0420526170447775,1.0747148417482937,-0.2008953289525234,-0.0268715785760284,0.0093924681651842,1180.9096010636304,1175.2352443542873,1187.4495255559982,1172.0150001065172,0.1994463017654804,-0.0838711180510364,4.1493311032465146
8.739999999999997,-0.0094797742505252,-0.0086028120017222,1.4315887150631024,-0.0196414197465584,-0.0076788983450182,-0.0022944176639988,0.999774967079157,0.0217554315829042,-0.0406723522713295,1.0180595674537245,-0.2027517310072451,-0.0279620836558629,0.0094653649201926,1151.6889129964766,1161.6306256924024,1169.1837499055152,1164.1969618756752,0.1480678736288879,-0.1447764623785885,4.048941819394316
8.750000000000002,-0.0092789109697395,-0.0090638832378827,1.4411271185364891,-0.0208537516793259,-0.0078222573808423,-0.0023429485897777,0.9997491905084348,0.0212490672131261,-0.039063976287466,0.959282079635874,-0.2010353106765061,-0.0322044698656044,0.0091820787565825,1124.9558007745131,1150.9689936874154,1156.0549213717738,1159.168817491598,0.0452971615655806,-0.0780320553071259,3.9228606834297146
8.76,-0.0090804355762307,-0.0095127395237949,1.4501225468689152,-0.02201547291876,-0.0078560964747308,-0.0023747534329744,0.9997239425193716,0.0204557086857831,-0.0375741264203543,0.9012574413791417,-0.1910777359734947,-0.0377301876347447,0.0067887752377157,1108.9480831500764,1135.52825373276,1147.5207404524276,1150.2087008572685,-0.0089148021418982,0.0127444064256947,3.837516342962937
8.769999999999998,-0.0088847277015256,-0.0099539460872103,1.4586139596405714,-0.0230669470348863,-0.0078275141713912,-0.0023829352877022,0.999700438929483,0.0194821534866609,-0.0363486043970209,0.8441506277230808,-0.1699655783979159,-0.0447791827601909,0.002556031324796,1100.1474098396247,1113.121697093968,1138.9254983305773,1135.67793215252,0.0189398171425518,0.0461805485723445,3.8275091164307073
8.780000000000003,-0.0086902859458973,-0.0103821952780744,1.4666035940493385,-0.023972526826471,-0.0078199200895693,-0.0023738321433347,0.9996792144124544,0.0186327415277622,-0.0352376749911368,0.7863716158623002,-0.13866824542784,-0.0535861076781484,-0.0013053939826363,1093.2961349322914,1091.2690381544776,1128.7362019802297,1119.7390074298862,0.0590128152625432,-0.0376410059857908,3.8308297663043143
8.790000000000001,-0.0084937068434886,-0.0107857072508419,1.47405422084075,-0.0247238397170341,-0.0079144781122986,-0.002358603684782,0.9996602071576692,0.0181504105915799,-0.0339778193870674,0.7276934459116522,-0.1033919386638788,-0.061184783295107,-0.0026591876596297,1088.4486963257782,1080.749194452075,1119.4653473899923,1107.3706089203,0.0515535645081505,-0.076882113883841,3.652252615393856
8.799999999999999,-0.0082914813399217,-0.0111529260072033,1.48090238683647,-0.0253330768759985,-0.0081465290541735,-0.0023463824900413,0.9996431182024786,0.0179647824794979,-0.0324433121742583,0.6690597030978713,-0.0732047256828796,-0.0616823591023103,-0.0011855846763156,1085.927536816518,1084.9922421858496,1112.8164460073665,1099.4867339595369,0.0713869340551554,0.0040844295307135,3.5696871486422475
8.810000000000004,-0.0080821847604589,-0.0114790116768585,1.48708046240346,-0.0258218908854208,-0.0084786813673018,-0.0023411909262678,0.999627861125539,0.0177531393268651,-0.0307163843700954,0.6100245485145716,-0.0540364769180415,-0.0513229055841938,0.0013839672920263,1082.5907264475345,1097.3085176973354,1110.0073378686714,1094.2992952478687,0.0508095020486796,0.0282476985059208,3.673232818394539
8.820000000000002,-0.0078674284796233,-0.0117693584296647,1.492542474532782,-0.0262097753429682,-0.0088085833098364,-0.0023423473790768,0.9996149108258142,0.0172698256281914,-0.0289551156047013,0.5487990365918165,-0.0438993251549416,-0.0328481639348959,0.0022966547169111,1076.745678022238,1107.1163512240469,1115.457618720571,1091.8144314780418,0.0783836116769434,-0.0691508350308317,3.695540191573489
8.83,-0.0076516016511782,-0.0120388511635535,1.4972832727862335,-0.0265060266653011,-0.0090136880165734,-0.0023467246188105,0.9996052605215328,0.0165839263017511,-0.0272508093568823,0.485223829514073,-0.0341170078120113,-0.0133900725963525,-0.000311873607464,1072.253615560774,1108.3440624637287,1133.0049744531254,1093.9648711215966,0.0788524574178104,-0.0735573722534328,3.6031856431561136
8.839999999999998,-0.0074414757537481,-0.0123069229568042,1.5013382310403272,-0.0267070537347682,-0.0090124299446353,-0.002351115885388,0.9995999107850074,0.0159666255570237,-0.0256074111550094,0.4219196289434041,-0.0156058644633708,0.001690309259852,-0.0056589523355122,1075.3283384301556,1104.736794850001,1158.0716100998943,1101.5797288590695,0.0624842312897948,0.0015473061306139,3.6432526926887534
8.849999999999996,-0.0072456992863365,-0.0125898503911229,1.5047631924323035,-0.026797130211747,-0.0088071708469424,-0.0023536455773385,0.9995993236825362,0.0155631562841453,-0.0239931905262655,0.3616309935433568,0.0151811769790433,0.0116831341895611,-0.0107426513252507,1089.2298856722832,1107.5661040601417,1179.8785875079138,1114.9088567331803,0.0625904870065507,0.009228538980346,3.951057805335752
8.860000000000001,-0.0070727784234883,-0.0128932619559169,1.5076109778267952,-0.0267517169085031,-0.0084825468925403,-0.0023540155169135,0.9996033466588682,0.0152161935935872,-0.022368007508935,0.3046409824891649,0.0545082567108148,0.0179273740806671,-0.0131398293258797,1112.7338158021985,1124.8200693782928,1192.8688448689973,1135.735552419169,0.0944139043844304,-0.0320900466715358,4.07673464916022
8.87,-0.0069268926520626,-0.0132083452686557,1.5099211151483547,-0.0265458024385079,-0.0081598523640706,-0.002352967476402,0.9996115249067246,0.0146239587125411,-0.0206676240113994,0.2496463265599369,0.0938887852920732,0.0203192551478025,-0.013137813132056,1142.5766607453777,1152.583234524504,1201.884205047916,1164.59665430034,0.1425039413715627,-0.0310141796491408,4.155227902709341
8.879999999999997,-0.0068036079565555,-0.0135137459030528,1.5117235899703023,-0.0261675451188884,-0.007935012871146,-0.0023515244331334,0.9996233117960116,0.0136499708461412,-0.0187921498129137,0.1958739799804654,0.1250290004720707,0.0174627124043157,-0.0128802418473616,1176.434018571491,1180.7913506686732,1216.1359939287177,1197.1574792644944,0.0915395903500532,-0.0389425154813651,4.374831583042544
8.890000000000002,-0.0066891842721319,-0.0137825971623267,1.5130459902160551,-0.0256305748022563,-0.0078355696172521,-0.002350436547105,0.9996380109480216,0.0124738259357107,-0.0166413337734966,0.1430950114055451,0.1444873453303163,0.0102588042592515,-0.0139847774966341,1213.0677368134338,1206.8733244039038,1241.9326401250885,1228.1752302878365,0.0196089313154402,0.0247296403772437,4.598611739514381
8.9,-0.0065655227611179,-0.0139919901463915,1.5139167287014956,-0.0249757158067397,-0.0078170406744537,-0.0023499909474447,0.9996547329141108,0.0114604258828333,-0.01418165040213,0.0908704737333058,0.1550739021143849,0.0046336957932506,-0.0162128808808082,1251.1638148410934,1238.9714648283814,1280.7859684713123,1259.0881589959845,-0.0219662766882749,0.0326853480663599,4.918946265899867
8.909999999999998,-0.0064189755815938,-0.0141310787107916,1.5143638606608274,-0.0242591267201514,-0.0077945618015781,-0.0023501138858493,0.9996725546606852,0.0108653616076988,-0.0114909031711041,0.0397316967699145,0.1626077734012297,0.0088345803729547,-0.0179248562303273,1290.7060246680317,1285.325069110936,1330.1238859703074,1297.7576509498344,-0.0132788015008631,0.0440921687721028,5.330061439625596
8.919999999999996,-0.0062482416659677,-0.0142043706815105,1.5144106551460832,-0.0235329632599135,-0.0076886156375047,-0.0023505853857511,0.9996907319657068,0.0106071587742435,-0.0087435881404249,-0.0075183056574301,0.1701899287679666,0.0258576845193506,-0.0178417806541603,1334.6510721319935,1344.5422138112392,1384.3595306884563,1349.3379144108883,0.0630176709764525,0.0881434571298683,5.713368538805272
8.930000000000001,-0.0060665733342981,-0.0142288916198355,1.5140716260309233,-0.022828475140962,-0.007460508534628,-0.0023512025245449,0.9997087942905332,0.0103032161702258,-0.0061305398775064,-0.0476482542089325,0.1753311547025834,0.0483137361331748,-0.0168159106589708,1386.657256165723,1408.0006861222485,1438.3485256030615,1409.9626938135868,0.0855629938637934,0.2063110184086198,6.1884937807082165
8.94,-0.0058966834373146,-0.0142267723488875,1.5133577934928193,-0.0221486618153815,-0.0071220127433174,-0.0023518184391478,0.9997265539457784,0.0095712551319259,-0.003743581301879,-0.0800716457324575,0.1738816815655434,0.0629271981463522,-0.0172859785414387,1448.2062657994538,1470.1211446628804,1492.6237646977606,1472.278890751435,0.0463166482356655,0.1058125643009159,6.897434926509441
8.949999999999998,-0.0057611078395029,-0.0142166189495673,1.512296170523559,-0.0214724291744705,-0.0067195441047813,-0.002352286892093,0.9997440918848928,0.008344504003345,-0.0015029102878091,-0.1064555483164477,0.1673444579810182,0.0620233543736243,-0.0200770203264747,1519.091140410785,1533.9391358800758,1554.030496586337,1535.936131950618,0.0577970477173982,0.0077103224144538,7.5709957593637185
8.960000000000003,-0.0056732502328561,-0.0142070349362522,1.5109531064493424,-0.0207679787652624,-0.006307627050988,-0.002352406635298,0.9997616571373468,0.0069037881382695,0.0008175314402298,-0.1272188002424605,0.1643954827149219,0.0499803162336991,-0.0224390223977375,1597.0199546662968,1604.9278044820462,1627.4088380441783,1607.041384109293,0.153950212323765,-0.0138257547367071,8.306694587905074
8.97,-0.005633272729654,-0.0141944133287788,1.5094413792687864,-0.0200103128728077,-0.0059282475533828,-0.0023519598516718,0.9997794314470236,0.0055964681366185,0.0034975063571779,-0.1401099447286298,0.1725692034364782,0.0376628186649425,-0.0206651490295397,1674.3829626759743,1680.6751037965732,1705.659282556185,1684.8619862183127,0.1090463867107508,-0.1061507420805274,9.03656689465646
8.979999999999999,-0.0056297604283589,-0.0141654131360454,1.5079015471744994,-0.0191956519302098,-0.0056017914235884,-0.0023508746997077,0.999797289588228,0.0045270279256019,0.0067622700554943,-0.1428674860411187,0.1884569831494754,0.0326873983866742,-0.0144702547614005,1740.6039980765008,1751.0220255269892,1773.476210342245,1756.226767851348,0.0959910971515328,-0.0842947481919077,9.875092531252298
8.989999999999997,-0.0056453069596561,-0.0141029063517626,1.5064690299804255,-0.0183451097636594,-0.0053258457236128,-0.002349439437375,0.99981476906946,0.0035262789789887,0.0106688600290393,-0.1358543171239881,0.1993151620320717,0.0364951823248527,-0.0076431989720246,1793.2275522117072,1810.0841800664869,1826.0301831981017,1811.206453084904,0.1341081047707026,-0.0864324190828172,10.852565571756124
9.000000000000002,-0.0056631654978939,-0.0139929454725934,1.5052470001486156,-0.017493807942074,-0.0050796981251014,-0.0023484046271985,0.999831309945008,0.0024127751016222,0.0150216478221126,-0.1209413725257053,0.1970119009423112,0.0469689194883004,-0.0044000841133411,1842.994959056757,1863.7085011418296,1877.9684111869915,1859.172790937287,0.1474191515233099,-0.1195368961291693,11.612108712043993
9.01,-0.0056725562194035,-0.0138298249633538,1.5042957441050264,-0.0166702503475673,-0.0048360625905703,-0.0023487934414023,0.9998465874429632,0.0012580706482735,0.0194180776623099,-0.0987975069461442,0.1885039759906767,0.0590301380944393,-0.0058984131016471,1900.4154178021784,1920.4597963581425,1943.7064858821816,1917.0805630369312,0.1495355452313857,-0.144630340033277,12.107573988275034
9.019999999999998,-0.0056712583291453,-0.0136170987997244,1.5036373707616018,-0.0158782535435577,-0.0045765247661149,-0.0023513479868197,0.9998606941209942,0.0003630355870671,0.0234663493739602,-0.0688261559611301,0.1883473313705421,0.0641061128414699,-0.0102699918806255,1959.0382433991688,1977.8639474203055,2012.7504839909045,1982.7985554275049,0.1754078503380848,-0.13702618385784,12.93534155896462
9.030000000000005,-0.0056651295233119,-0.0133645862077854,1.5032716987093722,-0.0150922157267601,-0.0042997769125456,-0.0023557702885382,0.9998740857174502,-4.7906331136149776e-05,0.0270277936935453,-0.0315036124953209,0.2010071120125929,0.0552636196295217,-0.0150270165522752,2000.6109488485515,2023.4967832461907,2058.07668306412,2032.9709818922724,0.1114521588328348,-0.1522608006801614,13.991932449842936
9.04,-0.0056649552177407,-0.0130837555633129,1.5031980980519133,-0.0142670042589122,-0.0040156982546964,-0.002360184318574,0.9998873718009372,-0.000110584479673,0.0302553203542298,0.0106765543291423,0.2155975525395574,0.0359541042869455,-0.0185273840341691,2016.9234044765387,2049.118036773395,2068.669126302609,2050.3729771906683,0.1295650590898216,-0.1330427558636045,14.37383832859808
9.05,-0.0056815662781671,-0.0127843833194306,1.5034327122029565,-0.0133559410124821,-0.0037323503318712,-0.0023613822695676,0.9999010512417956,-0.0002875512393166,0.0333795455723672,0.0548514406935746,0.2204479898960778,0.0201805821327841,-0.0195727757887489,2017.261865402717,2057.4756429243635,2059.64467876253,2041.8979820445347,0.1694243022903854,-0.1146972091615501,14.348449575898576
9.060000000000004,-0.0057205911081693,-0.012473574110726,1.5040090670926247,-0.0123298373612548,-0.0034499622574238,-0.0023562357153117,0.999915256921466,-0.0010074436019723,0.0364571050062589,0.0992656796219073,0.218548476918005,0.0194746790666809,-0.0173928663826785,2011.041270408671,2052.736373245981,2046.621696669676,2023.090441679468,0.1650313953034066,-0.170125581213635,14.096181072236584
9.070000000000002,-0.0057785425036915,-0.0121561703697409,1.5049608686050675,-0.0111917258903236,-0.0031663959810635,-0.0023440617147736,0.999929609813993,-0.0022633756045362,0.0393336140061073,0.1426659468915678,0.2236733067040393,0.0305930280725513,-0.0129399363058316,1991.8110362055927,2029.656687787464,2023.690279027818,1995.09341032266,0.1602812436809528,-0.1479843625095455,13.780233139082831
9.08,-0.0058419945803637,-0.0118351987426731,1.5063002677104844,-0.0099803736029039,-0.0028843599232181,-0.002328880106376,0.9999433228578658,-0.0035366706963137,0.0418255581064341,0.1832348602242573,0.2424621862873072,0.0398573927840036,-0.0089461127076305,1946.903497777827,1979.8523678449071,1976.4406985485875,1948.343548441235,0.1097948271433009,-0.1587689566687807,13.294133580283855
9.089999999999998,-0.0058909959879391,-0.0115118371451626,1.50800690500888,-0.0087558176892644,-0.0026098816918382,-0.0023198180189429,0.9999555703222548,-0.0041760508667753,0.0438820090806342,0.2188040919714056,0.2653119351166376,0.0389627748531117,-0.0073905751686122,1879.313646864671,1908.7675000772288,1908.233094149219,1883.7891420158903,0.1476309493835234,-0.0961547498310905,12.512696805364106
9.099999999999996,-0.005906258268937,-0.0111851350243029,1.5100313741407485,-0.0075696349529663,-0.0023443793713134,-0.0023280256161106,0.9999658918227026,-0.0039393349685415,0.0455520965099152,0.2472902818547931,0.2765279700901119,0.0321087761666971,-0.007357388148326,1809.934312838422,1837.725930442754,1840.3811932276544,1817.4980267953408,0.1231862189065601,-0.1247448756262428,11.629225266868664
9.11,-0.0058774647395461,-0.0108520308985471,1.512306340883329,-0.0064366359759543,-0.002081367230991,-0.0023598281238477,0.9999743340901248,-0.0032007495565191,0.0468505286054675,0.2664035961636234,0.2704631863769142,0.0276173167470036,-0.0062139844857315,1756.5130982226813,1784.5221075044064,1788.0957295291037,1763.820394457147,0.1010742970310934,-0.1372228885631583,10.866187112388324
9.12,-0.0058088723215247,-0.0105081358827277,1.5147579772693642,-0.0053285575827029,-0.0018120769460679,-0.0024083164505,0.9999812612559816,-0.0026282900872007,0.0477194996066862,0.2744204109956747,0.255755126116425,0.0281258018208751,-0.0025424935893215,1718.2126549068164,1747.7545333187518,1748.1084178669676,1723.0680463423266,0.1076706538668225,-0.1750119591884328,10.35883568170366
9.129999999999995,-0.0057196473972311,-0.0101493057421199,1.5173128728389758,-0.0041964763411424,-0.0015322625546674,-0.0024481059900707,0.9999870241832356,-0.0026559328352821,0.0481275320022123,0.2727062714357967,0.2457702746311491,0.0313303089985767,0.0026872879684916,1683.7981983114305,1714.673643726216,1711.5344228212127,1687.4618758951513,0.1239999999999999,-0.1409020057692976,9.91856203695224
9.140000000000002,-0.0056391653650726,-0.0097734963628123,1.5198972126296342,-0.0030065437954481,-0.0012421524006218,-0.0024387116193866,0.9999917351845752,-0.0032260490567116,0.0481546987742283,0.2663034990687292,0.2470511570748548,0.035503607000146,0.0073589453188322,1648.0110244810248,1678.9195083981335,1677.6638140745845,1652.7019404996577,0.11,-0.1689179767418287,9.364758376660523
9.15,-0.0055993289906135,-0.0093820257983681,1.5224315945052769,-0.0017627831775432,-0.000942816475987,-0.0023391041142809,0.9999952661310472,-0.003944276014735,0.0479358402538996,0.2599350932590358,0.2558676899898445,0.039841621007232,0.0097525204709228,1614.8482873000312,1644.5913966305725,1649.7406533655767,1620.680414716703,0.142,-0.066,8.975190000000001
9.159999999999998,-0.0056259317977913,-0.0089793587498646,1.52483357771288,-0.0005014476772757,-0.0006381601340812,-0.0021293407665033,0.9999974036015146,-0.0044279034782785,0.047547165968115,0.25368621843452,0.2632281338219795,0.041748655763367,0.0090736343979751,1589.1949048913727,1616.7765298789918,1625.8756944928791,1594.6026182934845,0.156,-0.0996751029502125,8.789499515328043
9.169999999999996,-0.0057305703475887,-0.0085713016707551,1.527035998589127,0.0007359236740659,-0.0003425491314991,-0.0018277829923503,0.999998000140886,-0.0045576142445826,0.0470105656792068,0.2442644991522467,0.2621791198370172,0.0382760443687901,0.0056252861287682,1571.4843598546993,1595.945085263074,1602.2037066557011,1575.4150341549075,0.1379999999999999,-0.1329481712573406,8.501056100265385
9.18,-0.0059048620879626,-0.0081627524772978,1.5290106701409008,0.0019277680278808,-8.174782329900523e-05,-0.0014904850124004,0.9999970277366588,-0.0044815192009548,0.0463872473793091,0.2301820248738554,0.2516113207598163,0.0300536984686623,0.0009973351774731,1560.108932303375,1581.5275199472223,1580.967065269332,1562.081833999965,0.0977202343013245,-0.0925158009012233,8.285545096038746
9.19,-0.0061193935624909,-0.007756563546779,1.5307757070492762,0.0030748106723164,0.0001218920306095,-0.001189126032574,0.9999945583156644,-0.0044199652141339,0.0457695626130871,0.2137465889538278,0.2349833654946996,0.0212912751313951,-0.0026554414190708,1554.4717777409755,1574.3198996094154,1568.4045280080088,1552.3787148581712,0.1047650799630454,-0.1783790871754612,8.184273845331592
9.199999999999998,-0.0063294655580697,-0.0073539744680292,1.5323769868656063,0.0041787529750852,0.0002714601251678,-0.000979661351213,0.9999907522555448,-0.0044569307451539,0.0451494969600984,0.1978016391755101,0.2159790014526019,0.0164036417830416,-0.0041753186154623,1554.0511043192755,1573.446064313193,1565.8495518211848,1543.9932824557377,0.1309470146060318,-0.1493318523574905,8.136733793933367
9.210000000000004,-0.0064872849648756,-0.0069556347416287,1.5338574385287358,0.005216899653896,0.0004036187295725,-0.0008803356939035,0.9999859229304124,-0.0044782025580608,0.0443588209492836,0.1826589597398632,0.1949153432029905,0.0178900100780326,-0.004041184691021,1556.997542069746,1575.0817598512635,1568.1908829043846,1537.4058168323318,0.1079044842128167,-0.1709942172535948,8.119661798132517
9.22,-0.0065566395858089,-0.0065621458603102,1.5352358025420734,0.0061370723671481,0.0005691612195779,-0.0008711725408336,0.99998062654067,-0.0042764326535225,0.0431958843387471,0.1672819931461142,0.1694406927212762,0.0250995493804762,-0.003506317138866,1561.5436679780307,1575.7788130504866,1570.9227785395628,1536.65383557037,0.0981481505473886,-0.105048780243504,8.086349873114166
9.23,-0.0065238965637042,-0.0061742763112554,1.5365039667929312,0.0068810846689355,0.0007948054925504,-0.0009111298127384,0.9999755941024122,-0.0037254538770987,0.0416223894702616,0.1516772417383589,0.1392155236613221,0.0320176471240314,-0.0035081171287446,1567.2855823516584,1574.8197363919326,1574.1462035658592,1544.4561858781333,0.1210545247880982,-0.1075966151634433,8.117459462574095
9.239999999999997,-0.0064003413595473,-0.0057938349044121,1.5376379481365563,0.0074215756506762,0.0010529296676534,-0.0009597216848868,0.9999714448364332,-0.0028918731927787,0.0398227698834668,0.1364049267196333,0.109190958658702,0.0283933723421178,-0.0041364683213734,1573.8905341734228,1573.4855368442036,1579.3073992488326,1557.5681580566636,0.0960604861747358,-0.0848875224488192,8.12665412501531
9.250000000000002,-0.0062148939347639,-0.0054255024238886,1.538614802103183,0.0077863568328288,0.001265061822737,-0.0009915746549748,0.9999683940233112,-0.0019948369375708,0.0380450438578596,0.1209626620756133,0.0865088953067336,0.0086266565044523,-0.004770049122944,1580.811106918056,1574.803353951241,1586.79131659197,1569.635905297588,0.1292324014454634,-0.1317932564864913,8.34514971465829
9.26,-0.0060009449038842,-0.0050785465548444,1.539428468555019,0.0080515682935211,0.001343372550846,-0.0009997976863022,0.9999661834296152,-0.0012360444930034,0.0363737097287136,0.1047870089278574,0.0734383177633176,-0.0190098440396653,-0.0051134102354645,1589.7780353868395,1583.5399674391017,1598.026456176709,1577.9377254973538,0.1347717601113422,-0.0978777219724929,8.444543135085402
9.269999999999998,-0.0057840380634195,-0.0047667988317854,1.540095551272233,0.0083037112825495,0.001245400357145,-0.0009907345451128,0.9999642572622022,-0.0006463040794938,0.0346751536201603,0.0894478134639886,0.0645662122787929,-0.0364986187930725,-0.00615087995149,1604.6376471117546,1602.5079618624557,1615.2504202384955,1585.2542936312757,0.1247931251458508,-0.1115749162872609,8.613787968720372
9.280000000000005,-0.0055764305997219,-0.0045059752003862,1.5406460061690623,0.0085913385172845,0.0010042233262198,-0.0009755494637718,0.9999621136529304,-9.797113125998013e-05,0.0327681782143212,0.0777980399029032,0.052334053773113,-0.0331169788781916,-0.0090828002710777,1626.1041430678338,1627.6240876184106,1636.8606765476711,1595.6932392238905,0.1235335362059687,-0.0782514869168771,8.679706739650124
9.29,-0.0053801424494913,-0.0043088621237068,1.5411071297666017,0.0088968905926496,0.0007130295888765,-0.0009633766013033,0.9999597036041562,0.0005348799280743,0.0306296795661896,0.0706585080127413,0.0351403101480051,-0.0170407939410808,-0.0129687955786457,1648.8249071414405,1649.5688853389229,1657.0449943835924,1610.379589419121,0.1736075412848688,-0.0987573420579642,8.97908701177902
9.3,-0.0051947832288571,-0.0041803961725078,1.541496720568767,0.0091479389817242,0.000476071682943,-0.0009582352297561,0.9999575842771452,0.0012423905964062,0.0284268490463167,0.0659576595660651,0.0189154618007868,-0.0076926067981961,-0.0147346662590349,1666.2166584899587,1662.5871222192582,1672.9194145287431,1627.3235633093109,0.1160575276564561,-0.1002820167256231,9.17401179547398
9.310000000000004,-0.0050239984004368,-0.0041152039319072,1.541830612722086,0.0092609161866746,0.0003584483689619,-0.0009594352815117,0.99995659227293,0.0018939905251909,0.0263488311236456,0.0616409120816928,0.0104491097147286,-0.0170263384308104,-0.0125394636335802,1676.7896535691496,1670.4544841669267,1688.438256821054,1644.1342785906554,0.1214900596496908,-0.1110432932701319,9.366312816072613
9.320000000000002,-0.0048763983507085,-0.0040989601748997,1.542133229114789,0.0091895185716423,0.0003612450387173,-0.0009638374012239,0.9999572457199896,0.0023541292847784,0.0244036527833068,0.057899168687885,0.009704756810315,-0.0393446173346371,-0.0083413680741533,1684.0024775991062,1681.491494915237,1707.5527564793974,1659.4099417731409,0.1683602361659434,-0.0784303582258054,9.444738468898263
9.33,-0.0047614392419593,-0.0041127708245329,1.5424378874609144,0.0089492433024186,0.0004282661838193,-0.0009682239739974,0.99995939426295,0.0025771857003596,0.0223894820317595,0.0557287122061626,0.0090395881918506,-0.0585377529298939,-0.0061242730701713,1691.4696592230164,1698.004945669627,1726.6841725253005,1671.790219081831,0.1519361044197919,-0.0759763365848859,9.598677501226556
9.339999999999998,-0.004684140021211,-0.0041383990878344,1.5427760143559128,0.0086063172103101,0.0004748479230333,-0.0009707169703764,0.999962381058452,0.0026187473411656,0.0200785543231838,0.0548925862675461,0.0001745191018708,-0.0635498288846899,-0.0079588780935552,1699.9458601332808,1713.710593389766,1739.0268780112942,1679.9717162690545,0.0894348599182724,-0.0950010175356982,9.772147005064886
9.349999999999996,-0.0046424389860868,-0.0041622518682122,1.5431631491835884,0.0082411599785402,0.0004245198689557,-0.0009710302178279,0.9999654794868696,0.0025792492545335,0.0174317440701721,0.0547806457136899,-0.0176171717269319,-0.0563618272915308,-0.0123013872534584,1707.882034079456,1722.3945981589095,1744.3275785747471,1684.6036738157122,0.1110957748832889,-0.1273303654481169,9.86184994830777
9.36,-0.0046284046805219,-0.004177077198562,1.5435876534888278,0.0079108893387428,0.0002404502529808,-0.0009699323314007,0.9999682091170792,0.0025374550231785,0.0146436563010625,0.0560835214974679,-0.0361538009125041,-0.0464728361133653,-0.0155615709921047,1713.2608933702527,1724.94885492865,1748.1998822436572,1688.0419727900214,0.1169780440351224,-0.123456102545019,9.90779980137155
9.37,-0.0046319743433487,-0.0041814523644138,1.5440063498206773,0.0076325877980686,-5.949889446771912e-05,-0.0009684791076449,0.9999704006177405,0.0025255404811609,0.0119932603053307,0.0596663683333945,-0.0458446553891287,-0.0402374290691649,-0.0150183016885907,1714.9168601871506,1725.0486217352836,1751.894086511462,1691.0322960133756,0.1301087363507139,-0.0866925718907031,9.89712142447511
9.379999999999995,-0.004644869592675,-0.0041778682254593,1.5443544017373991,0.0073903302836064,-0.0004113179174077,-0.0009674409252556,0.9999721385588332,0.0025458418961462,0.009642146021076,0.0642503162332771,-0.0449968378623575,-0.0368701684129824,-0.0109952910879459,1713.1048346587677,1722.3420166826468,1749.6774530520554,1691.853583668878,0.137414412263137,-0.1151624131992474,9.975289114305838
9.390000000000002,-0.0046627295668086,-0.0041704177196463,1.5445729003159734,0.0071511873589243,-0.0007342638147178,-0.0009670900371674,0.9999736927103972,0.0025863222446936,0.0075570221541183,0.0671232384505026,-0.0412878613869759,-0.0329740555980045,-0.0065294175798609,1709.5588852502058,1715.3907415224078,1739.118357914641,1690.0770307332095,0.0904683875261473,-0.1091631333538211,10.003379674753669
9.4,-0.0046846157129375,-0.0041628936783966,1.5446423956495616,0.0068756948300599,-0.0009656963769812,-0.000967289597207,0.9999754279990816,0.0026139548163553,0.0056106216604376,0.0673328382912966,-0.0440800501993116,-0.0277435014647982,-0.0044529075318803,1707.068764413876,1708.6793040526543,1728.0486151291982,1688.6475110544395,0.1135103956383864,-0.0948064942270701,9.9081276260873
9.409999999999998,-0.0047102823563222,-0.0041577058651787,1.5446003473389205,0.006523164385935,-0.0010819251403128,-0.0009677210092892,0.9999776703909108,0.0025806963403277,0.0037339691198088,0.0666283587950018,-0.0563992832237892,-0.0229549372252134,-0.0049941949966341,1708.0413139653851,1709.6852526350262,1725.9960258026078,1690.2040387526386,0.1384401947053004,-0.1205363242162743,9.868548831674008
9.419999999999996,-0.0047365808729392,-0.0041556376219578,1.5445302152239466,0.0060614024580629,-0.0010964229474036,-0.0009680948817904,0.9999805598356708,0.0024800213981078,0.0019592459073485,0.0667931784884028,-0.0745050799893121,-0.0198796305427334,-0.006568360580448,1711.910338986949,1718.4297659660897,1732.1108058849368,1693.3579745954892,0.1024775041812401,-0.1065750960928171,9.920324974824643
9.43,-0.0047548307457931,-0.0041562021584298,1.544530535204608,0.0054829550386306,-0.0010429427390449,-0.000968262312795,0.999983955842583,0.0024161013528369,0.0003465863316596,0.0675305886188488,-0.0925717826884787,-0.0178500048304599,-0.0079642700485776,1714.0814060741109,1725.5617519919351,1737.488473108732,1695.0940627375142,0.1474891017132003,-0.1161981572005748,9.91674449147698
9.44,-0.0047508073609928,-0.0041582641697504,1.544681960211534,0.0048173698359188,-0.0009585678219801,-0.000968220574872,0.999987468243734,0.0025821918180444,-0.0010852491409162,0.0679203251653254,-0.1050414910063386,-0.0158583073290882,-0.0088738174372054,1710.0415951907598,1722.7869722465732,1737.6474858541494,1695.568333731066,0.1575907897074442,-0.0797138237152321,9.881236051497208
9.449999999999998,-0.0047081250255684,-0.004160634586855,1.545023495858752,0.0041273407878517,-0.0008766923224569,-0.0009680548592089,0.9999906296252892,0.0031125347671918,-0.0023496950342445,0.0686400192488208,-0.1061826241435929,-0.0152909164104353,-0.0092682819475016,1701.5574190081163,1711.65218719538,1736.298872800253,1697.4028973960617,0.1665631897487139,-0.1036615275930093,9.828937241005146
9.460000000000004,-0.0046143607032033,-0.0041624627942441,1.54554113204458,0.0034867483769442,-0.0008291585814808,-0.0009678675508372,0.9999931091333614,0.0039359745997805,-0.0034421362655517,0.0711116459740796,-0.092691129305762,-0.0206525308627875,-0.0095888923262593,1695.8757210477652,1700.5938174491162,1736.5731907375457,1700.377641158443,0.1015434381410422,-0.1109350539851324,9.788016247435833
9.47,-0.0044676639459686,-0.0041633785872017,1.5461721793496412,0.0029502987059028,-0.0008489527743578,-0.0009677299608982,0.9999948192443076,0.0047966505712713,-0.0043274558823489,0.0749535772078585,-0.0692142590100473,-0.036100465471453,-0.0109746001569068,1697.0272445508808,1696.2342964878806,1734.716866416822,1700.465347622412,0.0966640915963216,-0.0807462894582003,9.819197725182775
9.48,-0.0042805789022207,-0.0041634317380427,1.5468276445749172,0.0025302710134929,-0.0009648662300264,-0.0009676666601447,0.9999958651829473,0.005426959057329,-0.0049977919280829,0.0779195856274529,-0.0484188906739664,-0.059556981316346,-0.0138425988017893,1700.748545370615,1698.9878744276891,1725.5064218761872,1695.087839878567,0.1047503249632825,-0.0494292124573994,9.859939025089147
9.489999999999997,-0.0040783403813717,-0.0041629225247279,1.547425273315213,0.0021932740210363,-0.0011871851155833,-0.0009676645166711,0.9999964218765752,0.0056957152441191,-0.0055393126896511,0.0785248244188049,-0.0421311383778781,-0.080255503894628,-0.016258092108447,1700.0108068488294,1704.703152113815,1710.614359559909,1685.888098554471,0.099593904190257,-0.1064676533845733,9.733408287395063
9.500000000000002,-0.0038914485693372,-0.0041622162330406,1.5479172372339165,0.0018788345070068,-0.0014936796934095,-0.0009676926409658,0.9999966512308036,0.0056210593215599,-0.0060983131276334,0.0773881868027867,-0.0519293554401296,-0.0844780139921646,-0.0150265258669398,1693.105429557242,1708.3147220073547,1698.3466656325045,1675.582990373352,0.1276143516066018,-0.0996912012554852,9.59534694514775
9.51,-0.0037456781762666,-0.0041616054346544,1.548300875010031,0.0015282177981312,-0.0018294334173586,-0.0009677214782566,0.9999966906139608,0.0052995579108955,-0.006734945692138,0.0755312072038972,-0.0686317186264695,-0.0666997265282534,-0.0091965070167167,1684.2926088122592,1706.7955609514747,1695.755186647465,1665.92559562439,0.0944769060217254,-0.0538259250871884,9.647410262869364
9.519999999999998,-0.0036543019782241,-0.0041612454814795,1.548613125782007,0.0011074280530832,-0.0021261852575301,-0.0009677345041142,0.99999665820906,0.0048408399263121,-0.007322086970803,0.0727789757623266,-0.0799286844286829,-0.0358961792044529,-0.0021150386625007,1678.5319711488678,1700.7758367577394,1702.4216800120175,1659.3627735826915,0.1075156437159804,-0.0527901157631506,9.660368596804892
9.530000000000005,-0.0036158087377535,-0.0041611564629233,1.5489144698845516,0.0006161817017951,-0.0023313996357974,-0.0009677308710889,0.9999966241907068,0.0043306963136931,-0.0076478917892353,0.0689715828794942,-0.0785212860536996,-0.0093305349572365,0.000937832510535,1677.5708112671575,1693.891320821984,1711.6399169490978,1658.288428146383,0.1003632460042604,-0.0650083021900058,9.617455205801477
9.54,-0.0036171491325307,-0.0041612666168525,1.5492648195434038,8.463375929317381e-05,-0.0024286491231874,-0.0009677204452557,0.999996579003,0.0038124614603629,-0.0076424351091184,0.0655829744979311,-0.0654067497778043,0.0010748663792032,-0.0022510475944809,1679.6237417176835,1689.6038972288582,1716.8075534766967,1661.081994668675,0.1161180877307131,-0.0948684200074771,9.545203492261807
9.55,-0.0036400593541931,-0.0041614684376578,1.5496947568849266,-0.0004374196194496,-0.0024378578846566,-0.0009677150000534,0.999996464514095,0.0032932341814625,-0.0074618078425478,0.0643164511802013,-0.0478455424190967,-0.0036281119024247,-0.0085886117463183,1680.9499481994196,1688.2542650330763,1716.256808914123,1662.570001128083,0.0991818367361222,-0.0788020834620137,9.552206079801865
9.560000000000004,-0.0036674541596686,-0.0041616653238073,1.5501841525374778,-0.0008961062327168,-0.0023988702860787,-0.0009677205138687,0.9999962529589684,0.0027764924488629,-0.0073203419659267,0.0643704717131957,-0.0341691374496853,-0.0137811013542808,-0.0129164941467748,1678.8388058655555,1687.6414894424192,1712.3782541582227,1660.4563815100885,0.1153006606719583,-0.049807955536984,9.566081383791058
9.570000000000002,-0.0036877685730935,-0.004161797693689,1.5506626343591488,-0.0012521454266842,-0.0023508807228309,-0.00096773528344,0.9999959844819772,0.0022889691340135,-0.0072771353855286,0.0627600136522739,-0.0287163818415729,-0.0203571415325003,-0.0128908223089087,1674.5294024105244,1686.1717284290876,1708.1203984903875,1658.613561981149,0.1253301040479614,-0.0813104219962132,9.59487957800379
9.58,-0.0036964809594809,-0.0041618479665242,1.5510344413784447,-0.0014985115356007,-0.0023187182767845,-0.000967753998336,0.9999957207213086,0.0018676006900107,-0.0072228486749381,0.0576889480754497,-0.0299688660344669,-0.0200253369436703,-0.0101947842362078,1672.4562727260964,1684.5979566850192,1705.7170503185766,1662.1699260252506,0.1341473777454702,-0.0703350770628693,9.517854922937133
9.589999999999998,-0.0036951682480113,-0.0041618306171851,1.5512152830087858,-0.0016680972179773,-0.0023097794763662,-0.0009677727363992,0.999995472882939,0.0015215429500105,-0.007043127920531,0.0504674924080235,-0.0325796309410148,-0.0150436066888032,-0.0080951475341049,1676.059625946852,1685.0185986850158,1706.743684934782,1671.0342752896993,0.1160589544640131,-0.0632851388682486,9.478904861131753
9.599999999999996,-0.0036890399305501,-0.0041617758881121,1.551164906328293,-0.0018218726856382,-0.0023189494460356,-0.0009677910143175,0.999995183305368,0.0012194669533336,-0.0067354251650856,0.0437268553498734,-0.0311599995181698,-0.0109115320155925,-0.0088385073288745,1684.899920455589,1689.22623918227,1711.085385842209,1679.433495767729,0.1124713479491958,-0.0422746393413536,9.606915360658649
9.61,-0.0036840005206352,-0.0041617145674033,1.5509049379048747,-0.0020183756870929,-0.0023361869873637,-0.0009678105483723,0.999994765852646,0.0009156179137608,-0.0063623510919611,0.0388886367177611,-0.0230906533904114,-0.0123559011383741,-0.0124412281122388,1695.3580046062816,1697.776889796501,1717.1602977241644,1681.5263216651383,0.1195764606981372,-0.0592941576190048,9.661895842380996
9.62,-0.0036840933610348,-0.0041616681886974,1.5505173603147016,-0.002280815756779,-0.0023523782128686,-0.0009678324569384,0.9999941637312504,0.000579350015992,-0.0059547985013965,0.0360750248004491,-0.0095210165775223,-0.0188890816745588,-0.016843862070995,1703.5208724613606,1709.4625222607915,1724.3058808182843,1677.8549897393812,0.1336427743295879,-0.0853329950329168,9.711857004967085
9.629999999999995,-0.0036898912951269,-0.004161645717906,1.550122587447615,-0.0025837181674476,-0.0023617715115564,-0.000967855321539,0.9999934048241692,0.0002126246914422,-0.005511487056754,0.035287349412283,0.0046718202429386,-0.0244107292184873,-0.019740545438757,1708.0972900921277,1721.5046805433087,1732.7324484845722,1675.594648658088,0.0787218560090411,-0.0951284786281732,9.736783377380869
9.640000000000002,-0.0036981488173373,-0.0041616453772863,1.5498431252352622,-0.0028689286550425,-0.0023618300548085,-0.0009678756200419,0.9999926270847944,-0.0001285361788786,-0.0050621548276724,0.0363226981902279,0.0123883429349604,-0.022366055162027,-0.0207012343982711,1710.352648989414,1730.8411591299073,1740.3852091322417,1680.4832089044903,0.1059592434650507,-0.1064718365718733,9.833677406893177
9.65,-0.003702829654954,-0.0041616591501096,1.549767388709324,-0.0030796418624578,-0.002352461016425,-0.0009678898383225,0.9999920224293924,-0.0003202352212259,-0.0046633694862591,0.0382225606641485,0.008914600896688,-0.01158410187899,-0.0208046036801932,1710.745391742831,1735.2903283069836,1742.9758658170897,1689.7995370592578,0.1204484879341804,-0.0839374944684303,9.98770099346575
9.659999999999998,-0.0036974058248949,-0.0041616775747101,1.549927595520438,-0.0031892783971102,-0.0023360905494226,-0.0009678963721975,0.9999917171461288,-0.0002111744254909,-0.004320477463255,0.0402247043918376,-0.0022563517879276,0.00213789142402,-0.0203163546986233,1707.857332686022,1733.9141312749116,1739.080364604299,1696.5650122887166,0.1305260018425541,-0.0569681096678865,9.988747892174668
9.669999999999996,-0.0036780130927812,-0.004161693224312,1.550295062457568,-0.003209080979469,-0.0023185474938478,-0.0009678962206147,0.9999916946223564,0.0002511204907374,-0.0039635118002261,0.042931448775846,-0.0091917260390003,0.0092360994727564,-0.0181422253074116,1702.1775511153407,1727.698146805868,1733.2176767929031,1698.958515241343,0.1154265468097062,-0.0668545220864327,9.962762024723276
9.68,-0.0036466394257537,-0.004161702268414,1.5507894855598092,-0.0031753002929879,-0.0023092210080646,-0.0009678925266364,0.999991824041798,0.0008691779976353,-0.0035339883964781,0.0472653155048869,-0.0006863877120785,0.0028917942923864,-0.0139076205983557,1697.8939163020027,1720.2363313969402,1731.2878483255472,1700.8078184513922,0.1283213958654245,-0.0707961932582265,9.9287152026072
9.69,-0.0036131374397359,-0.00416170433351,1.5513013103313054,-0.0031283227231076,-0.0023184986675144,-0.0009678893120472,0.9999919506431784,0.0012108320044758,-0.0030692265129078,0.052421121195511,0.0221854137717428,-0.0144981652044992,-0.0092643475674682,1698.265646339284,1716.1060765753236,1733.651523997371,1703.5083935137684,0.1885589748035389,-0.0240704586121565,9.967678516191382
9.699999999999998,-0.0035947259725433,-0.0041617013341743,1.551725899775701,-0.003096199406603,-0.0023516736757782,-0.0009678897877589,0.9999919731525428,0.0009098792784911,-0.0026587858021778,0.0560510357452262,0.0446907401838564,-0.0310925882978449,-0.0062816394583932,1701.612586196478,1717.1249311558795,1735.6307492692572,1702.6405849110915,0.1732740835551605,-0.068867919343756,9.909596164211406
9.710000000000004,-0.0036120521308942,-0.0041616960232912,1.5519981654840052,-0.00308840663555,-0.0024011088434294,-0.0009678947640041,0.9999918797672817,1.276655173362685e-05,-0.0023218531112498,0.056684366488764,0.0508452075681818,-0.0340936209232766,-0.0050426128376471,1704.32984798504,1720.344896991394,1734.810052934828,1694.1394660989718,0.1160754798608325,-0.0755301960372163,9.844735283823615
9.72,-0.0036819834826309,-0.0041616908247144,1.552109560532145,-0.0030989158982726,-0.0024412157630182,-0.0009679018124923,0.9999917501419376,-0.0010373275862154,-0.0019723844692653,0.0551711952585741,0.0383881462373021,-0.0198502546379671,-0.0035428295988361,1705.5324169981768,1720.6051472348238,1734.02928303676,1681.127637899723,0.1046830339509386,-0.0861366625089669,9.713736371441971
9.73,-0.0038089627730853,-0.0041616872157614,1.552098803732554,-0.0031141947386411,-0.0024317371356979,-0.0009679057139554,0.9999917257678492,-0.0018047177346005,-0.0015300090344298,0.0535516547480177,0.0211909178347549,0.0038612565774966,-0.0001473794033462,1706.386117995976,1715.4910216368933,1735.78714573808,1672.392698022023,0.1528925699110828,-0.1045296905244595,9.807552879386623
9.739999999999997,-0.0039784314692068,-0.004161685652301,1.55202605337535,-0.0031216658189,-0.0023320421128213,-0.0009679003967494,0.9999919399429784,-0.0022172266844379,-0.0010382132787226,0.0532166642781904,0.0161763210320548,0.0244122164719336,0.0040047663501899,1707.0781770591598,1707.2442076405896,1737.3437486210294,1673.4677599749102,0.1430088675811381,-0.085565940361076,9.830632927220062
9.750000000000002,-0.004156511200345,-0.0041616858537184,1.5519488123409564,-0.0031157728796972,-0.0021224654197363,-0.0009678821212058,0.9999924251233624,-0.0025128532337788,-0.0006304572525353,0.0543560014037614,0.0276732320003233,0.0330437071111563,0.0054562149173385,1706.4783998780545,1699.521055405134,1734.103642121936,1680.1014107328676,0.0999760248279846,-0.0864166084557624,9.819749416372222
9.76,-0.0042986443146797,-0.004161687209154,1.5519101086840916,-0.003100428194728,-0.0018212748047653,-0.0009678529446177,0.9999930667578514,-0.0028838568329868,-0.0003753098408216,0.0561211609579204,0.0445670753789474,0.0292495489459814,0.0017865710002883,1703.0812145375023,1693.795877240924,1725.823810253382,1682.607746506818,0.1387825349394917,-0.0512336678688759,9.714738867070617
9.769999999999998,-0.0043658243154714,-0.0041616891078581,1.5519370998604107,-0.0030874842050733,-0.0014841865780786,-0.0009678225177263,0.9999936639554567,-0.0032246877146806,-0.0001931840077764,0.0565325921656311,0.052058380272008,0.0190214300178358,-0.0055773978545366,1695.6302200781818,1690.146278242918,1716.9588230175375,1676.7198621375746,0.138882194920075,-0.0561332256068071,9.66507219492008
9.780000000000005,-0.0043420425923781,-0.0041616910921395,1.5520431895937052,-0.0030913042820694,-0.0011825918708255,-0.0009678057998478,0.9999940543154427,-0.0032575276387418,4.4278429022571726e-05,0.0533282190741045,0.045373131306726,0.0096214266315768,-0.0124604422032321,1685.0461052048058,1689.3924720032403,1711.7862470748366,1667.6954529130696,0.1365971885084515,-0.1590964587339212,9.653787188508453
9.79,-0.0042441026905934,-0.0041616928362977,1.5522278980609243,-0.003120332219497,-0.0009721458301831,-0.000967815907168,0.9999941908789745,-0.0028925015496807,0.0003552184251117,0.0464591926160942,0.0323427960122931,0.0052871015216357,-0.0156630002609815,1676.0340963941003,1691.3459681856486,1710.8929850202203,1663.3025128589657,0.1115697161205549,-0.1689497027387537,9.625759716120555
9.8,-0.0041175790048527,-0.0041616940343353,1.5524718458189828,-0.0031682244704394,-0.0008711783523479,-0.000967854739796,0.999994133312384,-0.0023982396526117,0.0006292295963224,0.0392468885096078,0.0241367856832648,0.0059073292514821,-0.0149156552554496,1674.3094382823183,1692.115452186988,1711.7167089586092,1665.409707148899,0.1406720996300246,-0.1319610562758427,9.600862099630028
9.810000000000004,-0.0040195526932605,-0.0041616943129168,1.5527311465610865,-0.0032090047030112,-0.0008604320016083,-0.0009679059853701,0.9999940125338704,-0.0021661362108544,0.0007599170695512,0.0354183865352297,0.0247995146082157,0.0076736422516731,-0.0118242807867538,1681.0729479869417,1687.7512120667209,1711.502007056601,1669.8059817003746,0.1436002279489353,-0.1578999713448078,9.575790227948938
9.820000000000002,-0.0039958823344595,-0.0041616932680808,1.5529429820793,-0.0032011646842459,-0.0009000751530014,-0.0009679353053623,0.9999940027373304,-0.0023334425164464,0.0007526856431428,0.0350876276998579,0.029740083625434,0.0056936666195355,-0.0085738225483373,1691.4268252820143,1681.46404298596,1710.7038969404107,1672.4089320805283,0.1325750367323817,-0.167104700067326,9.660765036732382
9.83,-0.0040637850695889,-0.0041616906613617,1.5530495659812114,-0.0031028301151675,-0.0009507439011136,-0.0009679018354472,0.9999942658322336,-0.0026805713549107,0.0006961018620973,0.0351571153246888,0.0328842764105814,-0.0009079488574459,-0.0076059136531997,1699.311626683234,1682.378070277583,1713.7008717657554,1673.466516070564,0.126671777940086,-0.1321935292908483,9.698861777940088
9.839999999999998,-0.0042075336686187,-0.0041616867213996,1.55302961367342,-0.0028936589024262,-0.0009872041225459,-0.0009677810212647,0.9999948577698148,-0.0028778681359752,0.0006652796640091,0.0336511372319316,0.0333240364797448,-0.0060048785016183,-0.0105026228215849,1703.325700287612,1694.3403343166622,1724.1304454220112,1675.7500172866153,0.0797355116881079,-0.1091355872006347,9.724925511688108
9.849999999999996,-0.0043879936096934,-0.0041616824092887,1.5529145046540087,-0.0025919613766718,-0.0010009316768851,-0.0009675910079248,0.999995671810454,-0.0027897279126222,0.00067291370782,0.0319169540921771,0.034259758470017,-0.0019949493319909,-0.0160752777246978,1706.4195878160858,1709.5728266592755,1738.9188168000985,1680.466784968274,0.1426274858768729,-0.1482017093499791,9.685817485876877
9.86,-0.0045598979755927,-0.0041616794555818,1.552776862071058,-0.0022540421371126,-0.0009948180067603,-0.0009674070000115,0.999996496871301,-0.0025448760321546,0.0006924137256641,0.0320705852961277,0.0370181021416422,0.0098155637224077,-0.0205579332444192,1710.5517672110386,1716.44334340691,1748.9524700115364,1686.4481909607314,0.1147698538912578,-0.0833179490732899,9.86919
9.87,-0.004688133087005,-0.0041616799993699,1.5527009684388628,-0.0019520629267747,-0.0009760067160017,-0.0009673456393179,0.9999971505477576,-0.0023643009295339,0.0007009272618552,0.0340583439284182,0.0385976547739797,0.0172501290100316,-0.0208057379046828,1714.0926891394354,1711.5144891952764,1747.2008907986208,1692.6113152517166,0.0778004385120999,-0.0722155922728946,9.97819
9.879999999999995,-0.0047567382341996,-0.0041616857769713,1.5527528424568378,-0.0017422091037769,-0.000951593031976,-0.0009675097811488,0.9999975615485088,-0.0023593759330356,0.0006968170492557,0.0365194603773502,0.0358202708895742,0.0093305135173882,-0.017214177197521,1714.8985224590374,1702.1346138654776,1736.164951403222,1698.720791247014,0.1027145490759047,-0.1032846620178114,9.94119
9.890000000000002,-0.0047692285438895,-0.0041616970113795,1.5529588721859235,-0.001642747073965,-0.0009284408714095,-0.0009679061457941,0.9999977512661178,-0.0024704376135475,0.0006900969295478,0.0392041262138395,0.0304640755932317,-0.0104439597823874,-0.0130176584421634,1713.2048214886067,1698.4242940717586,1726.4352165740927,1702.9000117252735,0.1347227291430147,-0.1003732347404322,9.89319
9.9,-0.0047427793909145,-0.0041617113925062,1.55329426074199,-0.0016336226125256,-0.0009149666393416,-0.0009683779011741,0.9999977781762563,-0.002539623035727,0.0006878712178345,0.0426418443254997,0.02865760677431,-0.026594769575405,-0.0107657951505923,1710.090599028434,1703.6418399567235,1726.6216354252444,1700.7584157107583,0.1458029456349864,-0.071403788724137,9.89619
9.909999999999998,-0.0047001548611805,-0.0041617237171128,1.5536857772310322,-0.0016736873124105,-0.0009211630791007,-0.0009686105068256,0.9999977060088928,-0.0024304409784268,0.0006897327337909,0.0459050356539969,0.034562270388291,-0.0279955893219278,-0.0099897134155485,1705.3862472105866,1712.3004200718235,1735.1534447366985,1689.4734785835965,0.1208251816844638,-0.0633346308974506,9.95719
9.919999999999996,-0.0046624994566814,-0.0041617267563997,1.554034555144269,-0.0017223710468187,-0.0009541967916588,-0.0009682540491981,0.9999975927123804,-0.0021262937473238,0.0006919413413138,0.046674239794642,0.0449266910684263,-0.0184583045394623,-0.0086835182461439,1699.0023155563838,1717.6715380665742,1743.8697225903804,1672.5431945767696,0.1157919903700392,-0.07532074724898,9.86219
9.93,-0.004644495667168,-0.0041617136376981,1.554253788263111,-0.0017542607144747,-0.0010102759078811,-0.0009671530476356,0.999997483260292,-0.001749315970048,0.0006923585339374,0.0439837745699092,0.0508707094946237,-0.01037234119531,-0.0065996773575578,1692.9411602122575,1719.1613887930605,1748.0733023948762,1658.6773693662649,0.1267615053198931,-0.0863511480469987,9.75519
9.94,-0.0046519736092402,-0.0041616814424286,1.5543040127089478,-0.0017624671078948,-0.0010676358306635,-0.0009655933750878,0.999997410743078,-0.0014682555740625,0.0006915537793927,0.0395605158298846,0.0460632961250947,-0.0116646128429164,-0.0059175390815578,1690.1561533731456,1719.7112920173472,1748.9355979351456,1655.1771809044708,0.1007145567351891,-0.1032791269407055,9.73519
9.949999999999998,-0.0046813830934422,-0.0041616349483733,1.5542096362292,-0.00175335906394,-0.0010880017448967,-0.0009644005709265,0.9999974059545028,-0.0013656033678828,0.0006910035186398,0.035770348164977,0.0333130071831439,-0.0208431609693102,-0.008195067550767,1691.695114487089,1718.4367398191669,1747.4818452392797,1662.775406001374,0.1427586765070657,-0.0873954248342037,9.76519
9.960000000000004,-0.0047206227979948,-0.0041615887513085,1.5540515097855223,-0.0017381296952756,-0.0010322140916817,-0.0009647140732614,0.9999974913798476,-0.0013924733892769,0.000691248513694,0.0333788010940531,0.0225868580293465,-0.0305543384830397,-0.0117108313040479,1695.9765015528124,1711.7990641178808,1742.7629944660514,1676.1003392450193,0.108753271637793,-0.0893013208641193,9.82919
9.97,-0.0047511999387965,-0.0041615657768763,1.5539389211544774,-0.001725933731557,-0.0008885880525043,-0.0009673734021024,0.999997647873598,-0.0014443870288501,0.0006916018573159,0.0322568153553633,0.0219083110313465,-0.0312270041117537,-0.0130521186320803,1700.634591719538,1702.0565051434708,1736.7936248095698,1687.285366971821,0.0997090254877253,-0.1052763517428683,9.83019
9.98,-0.0047520378089523,-0.0041615908198726,1.5539679510251596,-0.0017207983316544,-0.0007016202453675,-0.0009720903915088,0.9999978008087838,-0.0014607696627346,0.0006912001905992,0.0330516334274185,0.0297557079074163,-0.0146820755336252,-0.011126096561593,1703.9096694166176,1697.335222388729,1734.2877730994846,1690.1584099408756,0.1247504428249656,-0.0903455976513242,9.78919
9.989999999999997,-0.0047050158038633,-0.0041616794091651,1.5541791820205602,-0.0017220266033832,-0.0005790842870045,-0.0009768613963246,0.999997872511526,-0.0014506832573723,0.0006902568986729,0.0363523445118627,0.0365594925926379,0.0151365356323011,-0.0085618611747421,1704.5658379057174,1699.8751915017492,1734.3859932847322,1684.923018420545,0.1347863825297324,-0.0773733228222017,9.80019
10.000000000000002,-0.0046013885187806,-0.0041618247739164,1.5545349552480014,-0.0017264591714325,-0.0006549714018529,-0.0009782238518291,0.9999978167122604,-0.0014463866813579,0.0006902234269691,0.0405516583426846,0.0342104760428744,0.0312773532158572,-0.0088518576730427,1702.944839813243,1700.7819280339404,1729.394155296349,1679.5290021608164,0.0897976250178411,-0.0732487989058878,9.89319
10.01,-0.0044469260218345,-0.0041619882336221,1.5549315202396266,-0.0017308602022801,-0.001000249924585,-0.0009727744138649,0.9999975286634404,-0.0014526075843871,0.0006922058530499,0.0423656085218263,0.0241622149257488,-0.0008835027226665,-0.012479947461512,1701.906097902909,1694.0495875375495,1718.1666319444414,1681.4855111649513,0.1827502207057207,-0.0905061148873951,9.83019
10.019999999999998,-0.0042627902176526,-0.0041620997360612,1.5552415606030463,-0.0017333381513074,-0.0015023603292831,-0.0009597157251943,0.9999969086942324,-0.0014451640685839,0.0006947312234336,0.040057797551152,0.0159623653028086,-0.071374519008805,-0.0160160566222847,1701.2110546210108,1693.3653281996656,1717.2788740342908,1684.830591093357,0.1986975761989403,-0.1095503227410412,9.77419
10.030000000000005,-0.0040799287284207,-0.004162074168438,1.555364884276743,-0.001733589873622,-0.001766519341449,-0.0009432978554203,0.9999964921262086,-0.0014156607668421,0.0006938185794611,0.0352394370909397,0.0180153878430503,-0.0795092650303179,-0.0151320777727882,1689.8104430449794,1724.6734957445638,1750.0905625776431,1670.3158022859664,0.1778830817044728,-0.0424924610174537,9.75319
10.04,-0.0039276461397876,-0.0041618445582823,1.555265105379051,-0.0017323805547607,-0.0011072094106777,-0.0009333010502881,0.9999974509437932,-0.0014039768057354,0.0006874159683202,0.0311755231938825,0.0295879415853081,0.1332618814430872,-0.0088411893099054,1654.456970822659,1795.592279010771,1819.817625597055,1627.0637547981946,0.0837439305141091,-0.0472694814408309,9.801459481440832
10.05,-0.0038207171925189,-0.0041614056051112,1.554982424916462,-0.0017309933764144,0.0013241679495067,-0.0009418798007664,0.9999971815478348,-0.0014370356093754,0.0006810074632901,0.0302386656803768,0.0406579451565729,0.6592276733838554,-0.0008391003178005,1604.0462985338631,1876.280195692079,1895.9899656351045,1573.9924527626183,-0.0613592133702355,-0.1318694282450418,10.115059428245043
10.060000000000004,-0.0037511541295711,-0.0041608520863103,1.5546220306026648,-0.001730387038136,0.0062962308639222,-0.0009760914877787,0.999978205003996,-0.0013265424784445,0.0006858808861339,0.0332918954433269,0.0395806642412904,1.4122923555798823,0.0036060733469938,1574.7745433535886,1918.7308385801468,1934.4527605192,1550.260048894666,-0.3121024116908704,-0.159296891376589,10.446377565506356
10.070000000000002,-0.0036888176383909,-0.0041603902373437,1.554321400561234,-0.0017304161803213,0.0142319098869031,-0.0010285322307082,0.999896694925163,-0.0003889353497166,0.0007053803506208,0.0400402940104398,0.0235601808010991,2.1579347776204414,0.0023029678461894,1596.364533384984,1897.7023514096504,1914.897341422802,1578.3119012883228,-0.25305109175432,-0.1536968542301637,10.35415854225063
10.08,-0.0035906445940941,-0.0041603008182086,1.5542063316901635,-0.0017308717126425,0.0250590338874213,-0.001072179394965,0.9996838997078468,0.0026744580712848,0.0007205099079101,0.0486897464988046,0.0034246364923578,2.679828911239299,-0.0021135363638457,1656.663902345351,1832.2772356459973,1858.0145975507053,1640.205141730307,0.0338454743448742,-0.1638511001378224,10.401360903119842
10.089999999999998,-0.0034140189537119,-0.004160844040437,1.5543538405529933,-0.0017311150713265,0.0382573469578795,-0.0010637046208249,0.999265854103318,0.0094059052556041,0.0006994459091314,0.0563109626213343,-0.0041107862005264,2.9262543650627797,-0.004585829056124,1711.7731060825918,1769.612679021641,1805.842878157112,1694.9850412612811,0.0290594124690037,-0.1382340169976514,10.38297649054411
10.099999999999996,-0.003127640775576,-0.0041621194940278,1.5547769841696757,-0.0017304270143135,0.0530766787254304,-0.0009593564445788,0.9985884795214884,0.020701817863462,0.0006401356090017,0.0612460310895678,0.0081270607137298,3.0060654590792613,-0.0013832391212744,1730.1561959292987,1747.8363142555547,1787.123207889811,1716.5774851485255,0.0357132400993664,-0.0806737656142835,10.280140625697843
10.11,-0.0027140337678934,-0.0041639240445227,1.5554306395076385,-0.001728313685484,0.0688074012844332,-0.0007387079587467,0.9976281916479904,0.0360833424913705,0.0006093016671538,0.06479287006815,0.0302553303155712,3.06793437816122,0.0078212508815999,1718.5253240144928,1768.909017853031,1800.1056101266704,1711.2335483083875,0.1188499270692369,-0.0793345011533911,10.271249560197743
10.12,-0.0021618581129319,-0.0041656766553237,1.556226391062592,-0.0017247610679714,0.0849688683551087,-0.0004237852492423,0.9963820236313846,0.0540606750297174,0.0007150814225008,0.0691934928894668,0.0445729964903566,3.1907543550204664,0.0199469849486143,1706.6518948403916,1803.1085967753572,1823.5033178767956,1702.437632338573,0.0603055909744583,-0.1016337653628441,10.390483439644925
10.129999999999995,-0.0014522111862044,-0.0041664861927648,1.5570495027085196,-0.0017203770941562,0.1013461953051,-7.890312301218418e-05,0.9948497287400402,0.0735590563601332,0.0010059007445742,0.0743635340211276,0.0418168467989837,3.360215113486751,0.0298626123879761,1716.6115008379202,1820.1610326264895,1838.9373826197573,1706.9588276811978,0.0260960106553911,-0.146098798584176,10.502845539918225
10.140000000000002,-0.000547432593784,-0.0041654120219611,1.5577794918765593,-0.001716299572389,0.1178970373888487,0.0002140546405677,0.9930243184692512,0.0950849512808833,0.0013909124766509,0.0780456812209189,0.0276681013738111,3.51058126556891,0.0328496096534249,1749.5466487782294,1815.2241099326816,1841.9361141441564,1727.419360198251,0.1183247332839791,-0.135663356885545,10.643714345433732
10.15,0.0006103299826488,-0.004161901139669,1.5583153788356718,-0.0017137539808443,0.1346090362019125,0.0003934561746498,0.9908972275732352,0.1204305423539984,0.0016875994942851,0.0792165387149513,0.0151990055858843,3.576173147360258,0.0274548408041707,1793.834654019878,1805.537764209932,1838.402641906072,1760.0129800649352,0.077510810415498,-0.1186205868316779,10.805909044904478
10.159999999999998,0.0020902435800255,-0.0041562890606238,1.5586016015477655,-0.0017132844044727,0.1513908633427918,0.0004473630041423,0.9884723926439302,0.1512497942451094,0.0017706953835784,0.0800575053097516,0.0137228871315688,3.5266255617914704,0.0171009410337073,1835.7695870526827,1810.0518960770848,1839.6845811336584,1798.7985230896384,0.1411304701122375,-0.0761644255979751,11.046315601447354
10.169999999999996,0.0039599505942193,-0.0041501543243655,1.558649450050848,-0.0017139434521048,0.168041030798891,0.0004187496990581,0.9857784228793904,0.1879590807940712,0.0016818113674686,0.0838518188159917,0.0240043007955011,3.38801055917956,0.0087759220599644,1863.9695271444843,1836.246369751054,1858.3092499640943,1833.2237697390428,0.2084461224648,-0.1298336707574371,11.260877529218892
10.18,0.0062765904090546,-0.0041462653253235,1.558549795717329,-0.0017129854456328,0.1842903720875835,0.0003855203961281,0.9828702741515316,0.2298950506314498,0.0016011441296735,0.0913325345930476,0.0394525381149159,3.2376248841712383,0.0083472956100635,1875.7346783841297,1877.4417393463464,1897.33539566207,1853.492949503923,0.1820485579365103,-0.1661266643580491,11.564366475948544
10.19,0.0090851429196563,-0.0041479042658684,1.558469719021198,-0.0017066470603336,0.1998806037992309,0.0004261480455583,0.9798186821950832,0.2762636084660711,0.0017058909087662,0.0997673517616212,0.0497848662799396,3.151785818068734,0.0153960331162109,1883.3703591413343,1916.181431043736,1943.068987736914,1863.268985342771,0.0920686016183971,-0.1281715379715972,12.059883774131077
10.199999999999998,0.0124220290521899,-0.0041575284475329,1.5586205714385204,-0.0016922256967346,0.2146352709980661,0.0005860495974153,0.9766926299310584,0.3268093217536803,0.0020221577147562,0.1060650142038481,0.0473226868710104,3.135575644824046,0.0230514392631659,1906.0207767613704,1936.7870990300692,1976.3494010874715,1879.332014193587,0.0328963208978372,-0.1202319538146176,12.360130289177915
10.210000000000004,0.0163195970085937,-0.0041750197129966,1.5591890077314274,-0.001670859801859,0.2284992656284436,0.0008588949413479,0.9735422723920436,0.3818186362406015,0.0023954124272482,0.1109126452204884,0.0337594867514426,3.1096628118255616,0.0241868321230068,1950.1981338734508,1940.2466845999836,1991.734865831083,1913.602489174332,0.0563862534761163,-0.1077384728223299,12.620960236368424
10.22,0.0208083130411033,-0.0041960982079511,1.5602439073986931,-0.0016494706858262,0.2415476539291828,0.0011915795090164,0.9703868250682496,0.4418210832125055,0.0026331893414475,0.1194476176624865,0.0203203319522072,2.984768677029153,0.017807722303082,2000.2567610094932,1943.2912855584243,2001.166097479443,1958.4795819095607,0.0725951399270492,-0.0386860415128731,13.032581169206315
10.23,0.0259159458660215,-0.0042116914665913,1.5616635237019765,-0.001639843880659,0.2539681794302577,0.0015102306611716,0.9672100050931428,0.5072294282507246,0.0027121438187032,0.1369172823516964,0.0193676087625791,2.7594636031162905,0.0093015675799674,2029.1018692130529,1960.1107943643724,2019.3582671558468,1992.004471489,0.0496902512527306,0.0134386240027096,13.290264194455103
10.239999999999997,0.0316652901268108,-0.0042089797328269,1.5631423250501362,-0.0016534856293044,0.266006885150558,0.0017519011005928,0.9639681187053364,0.5778518109790346,0.0028471800231242,0.162707113473957,0.0349646421298744,2.542228308723581,0.0054044174380101,2020.4324353256895,1986.869384288912,2047.0068866639504,1997.1313524941895,0.1432041660058365,-0.0810649629996125,13.389542585716375
10.250000000000002,0.0380732961668126,-0.0041743543368806,1.5643088813005923,-0.0016929925491442,0.2778648636744715,0.0018837318797528,0.9606168345732866,0.6524822250795015,0.0033330555356162,0.1880821095689022,0.0597072409995803,2.4604220685558955,0.009010496170408,1985.6151642025904,2005.036805688561,2066.723795260919,1977.923634808218,0.1247852424390636,-0.187330736884125,13.465231383618622
10.26,0.0451536777722658,-0.0040976471564579,1.5649196489582766,-0.0017436707365272,0.2895687980550001,0.0019030239174361,0.9571537229229768,0.7291320076910265,0.0042815897343036,0.2004518316782133,0.0787686658307972,2.524435979088949,0.0171473241427091,1959.5447171297476,1998.5537893012488,2056.3051516441183,1959.613382836767,-0.1101811435240023,-0.0411215441281234,13.572022320579949
10.269999999999998,0.0529219960664719,-0.0039759882103114,1.5650323565915722,-0.0017714158566378,0.3008873455814241,0.0018273283861185,0.9536562945976904,0.8061263999962516,0.0054879951989222,0.1925109622388545,0.0799361179479668,2.5754608739135563,0.0226682123530326,1973.597103402916,1967.531678530294,2010.3443265901876,1970.2197522160525,-0.1164393863105077,-0.1368338450551873,13.323284217649306
10.280000000000005,0.0613994664884102,-0.0038151192329137,1.5650541356276604,-0.0017321830204129,0.3113753480964967,0.001688834028302,0.950283925981806,0.8833261386325958,0.0065770730308276,0.1699408680776288,0.0659384007603706,2.3921884439219,0.0190660820331916,2024.6306891017236,1928.926974214713,1952.7214137656383,2013.166772929294,0.0284165298408556,-0.136565151911601,13.032981961017796
10.29,0.0706122899665219,-0.0036267203152933,1.5656166601707384,-0.0015932093150384,0.3205644957160088,0.0015387868241464,0.9472241012060078,0.9621616977996944,0.0073283132829857,0.1494006315284955,0.0567398483727889,1.8926092394476552,0.0067635230786615,2069.092808642637,1909.0216561277773,1926.9866667570464,2053.8309560692696,0.0280641345673879,-0.0643239138444582,12.878535242587128
10.3,0.0805868600490789,-0.0034225598255112,1.567324693377597,-0.0013574624757433,0.3282141482944035,0.0014540658530619,0.9446012470071704,1.04411096471038,0.0078575271972093,0.1456153998109373,0.0700665964329884,1.2575413127259856,-0.0031296021010077,2057.0590045395256,1931.7390855200397,1964.0942502814512,2044.0966922741936,0.2155321855415666,-0.0443586624797518,13.118078581185536
10.310000000000004,0.0913443680671283,-0.0032087692445291,1.5704980978162548,-0.0010752704090894,0.3344702628601167,0.001530648584697,0.942404448297408,1.1290583679723727,0.0084485618388453,0.1591496248830791,0.0935311689870813,0.8314669353456143,0.0066200911467956,1981.7621677038492,1999.331275820851,2047.388248368534,1972.957556719864,0.2306255455800334,-0.1440221150245242,13.098728958345912
10.320000000000002,0.1028982026878721,-0.0029838872945257,1.5750279838944414,-0.0008283600760687,0.3398156934407227,0.0018542843189561,0.9404898563730762,1.2152375164714777,0.0092397067612964,0.1776285969278508,0.0859027244564744,0.8410105486066126,0.0453458830303119,1891.7762494668032,2074.9621727345598,2112.983068222804,1887.63495949318,-0.1430003757702573,-0.0763357823616612,12.97951030882756
10.33,0.1152544612966947,-0.0027416432742151,1.5803968680304037,-0.0006866142392316,0.3448203234498065,0.002455974259935,0.938665244529322,1.3005713734551834,0.0101476076379175,0.1878699750542699,0.0218844345089562,1.17535232392772,0.1015759304964416,1845.520132813476,2096.189598955555,2100.7612271310086,1850.9696684545645,-0.4602182290605814,-0.1459508219379507,12.676683786989248
10.339999999999998,0.1284129768803935,-0.0024760133605334,1.5858308391033216,-0.0006601631080398,0.3498316251590569,0.0032779793943229,0.93680662522974,1.3837731884754891,0.0110728172471937,0.1850296039820391,-0.0649348291652344,1.4602284037848396,0.1467467453219652,1855.4474366010609,2026.6655359311812,2010.534686088644,1877.3917742378533,-0.4408029768202262,-0.160926318838891,12.197027781046964
10.349999999999996,0.1423661627785215,-0.0021849921483125,1.5905129668186029,-0.0006804136737866,0.3547860638307194,0.0041786430026594,0.9349379256888628,1.4643557631588262,0.0120640061932642,0.1716544783023196,-0.1007143132211339,1.3739018624702817,0.156490568443003,1882.903545117593,1897.2515806096676,1899.972353403376,1920.3007293211465,-0.0950796531882289,-0.0962516862395247,11.834946561288127
10.36,0.1570953111146648,-0.0018712555523579,1.5937905710772926,-0.0006291274904009,0.3592347155422984,0.0049830642222481,0.933233728719018,1.5421169436009614,0.01324396819933,0.1514968105521384,-0.0420019418120017,0.8961007222007843,0.1300425598461597,1883.5426463702768,1781.0654287753273,1825.6541211131655,1923.4005478547083,0.0890954536423471,-0.0826102794728647,11.354957593842686
10.37,0.1725664330678407,-0.0015402738794203,1.5953270481038817,-0.0004021306997962,0.3625322971073651,0.0055546449999962,0.9319545685085092,1.616806915644322,0.0146425492065948,0.1251775076325609,0.0791134463823304,0.2624709009365475,0.0886949528965646,1848.6380201789264,1724.2879502273477,1794.8496854755945,1874.7360708233396,0.012790827498228,-0.0959916048165995,10.577506821677623
10.379999999999995,0.1887289001655473,-0.001197629375169,1.5951690042293738,3.1163344581525897e-05,0.3640527984662762,0.0058465610559134,0.9313599608537712,1.6880813006580313,0.0161280069977068,0.0907550778836355,0.1841086055087976,-0.2861182290592268,0.0561266941504609,1803.8127709671403,1712.8017560562107,1775.7262609611364,1807.2966288463235,-0.0599775316604516,-0.1107669319473424,10.036837370336478
10.390000000000002,0.2055199655044308,-0.0008472421633635,1.5937176842095273,0.0006092660127043,0.3633213790316802,0.00590632364464,0.9316449536569436,1.755675388668393,0.0174643564265519,0.0483743299045717,0.2147869379704425,-0.6948599742075346,0.0404556994121002,1778.3469409206464,1704.7351497967277,1741.8660159783835,1758.921672735749,-0.1074507897135648,-0.1275282752808989,9.694798228065082
10.4,0.2228763395448241,-0.0004914310373781,1.5916073007301188,0.0012114647686472,0.3600449555695382,0.0058374960013499,0.9329159050860252,1.8197617172455625,0.0184464296070243,0.0039544638379942,0.1705944823763274,-1.0787214909901135,0.0329792142602927,1778.9725959943214,1678.1168457374697,1697.7954045060178,1741.9176331035346,-0.1598562887056394,-0.1127302358400612,9.361579520411537
10.409999999999998,0.2407500911988466,-0.0001326423346578,1.5895136250951962,0.0017219316255687,0.3540951841991777,0.0057451231447174,0.9351901566197536,1.8811828770774583,0.0190387078733339,-0.0337719297815855,0.0951062883190839,-1.56691923740511,0.020963954652079,1787.0796427436171,1642.1114474234018,1666.7293093053447,1744.0031386784176,-0.1047590348425915,-0.081946269308374,9.103502896669244
10.419999999999996,0.2591222911885675,0.0002242006728683,1.5879527328889131,0.0020890618042434,0.3455001593627426,0.0056931026421258,0.9383990964847544,1.941138123515524,0.0194017066019588,-0.0607709530561188,0.0388434161274096,-2.172213095547529,0.0004071452409641,1777.6115378875463,1616.4801511448918,1663.9001774834817,1744.9405473679624,-0.0929751283371365,-0.0668370659525584,9.000729412010205
10.43,0.2780077205040153,0.0005701648268831,1.5871532400901112,0.0023479081547199,0.3344557381134778,0.0056886826871056,0.9423913653358412,2.000382187818305,0.0197486537260064,-0.0806334597129248,0.0296213384168529,-2.7861870960047828,-0.0219318700107928,1742.1003096572697,1611.830735691476,1684.3519042839616,1730.637543453893,-0.1295843295472565,-0.0899034036254821,9.025075667031958
10.44,0.2974486963990462,0.0008928879239452,1.5870565454371754,0.0025939250611628,0.321325634769285,0.0056939759701285,0.9469480907792912,2.058611581850036,0.020138373871705,-0.0994303960714478,0.0626103907291031,-3.275124622044594,-0.0363776848825052,1694.4642426260302,1625.529771226909,1710.5799314255169,1699.2310942078395,-0.2723733015370086,-0.0881631253403733,8.98134366250619
10.449999999999998,0.3175017599257731,0.0011797525310284,1.5874301908269126,0.0029237386012276,0.3065936675701164,0.005654211207872,0.9518192079665724,2.114722615591454,0.020405506135071,-0.1197299031933108,0.109376235828392,-3.576030400302433,-0.0394025491667221,1655.7490242733306,1646.7666595108444,1726.1114483848935,1659.3740554388614,-0.3355236424983863,-0.0752541170968,8.921444391985222
10.460000000000004,0.3382226195022427,0.0014228010032478,1.588024862920364,0.003377946636327,0.2907592298530709,0.0055282182839602,0.956774319541644,2.16784505602248,0.0203231942136356,-0.1404250141041887,0.1382911462545865,-3.719845114427081,-0.0360575556907092,1636.0685923401677,1663.7664816129918,1723.7321788989566,1623.114712794232,-0.407286103534334,-0.0546672370098749,8.84117948122113
10.47,0.3596520094906662,0.0016232470912324,1.588698778842335,0.0039186724754942,0.2742067002925649,0.0053070701286258,0.9616481500670312,2.218172012757881,0.0198412628007694,-0.1595422289277716,0.1332937095072634,-3.789026819177377,-0.0345910636184397,1631.4593950877002,1670.9227234582331,1707.8880158607476,1598.4978919182497,-0.5344257206640943,-0.0736851017073773,8.871662374717552
10.48,0.3818026404513292,0.0017927895210726,1.5894609998385143,0.0044518274864672,0.2571057627818529,0.005012434258098,0.9663600175292854,2.266704054048955,0.0191306721545996,-0.1748070175934268,0.0998638655543208,-3.8620767624736754,-0.0391661660951149,1633.4720324765372,1670.854140001245,1691.545763714941,1586.871373954354,-0.5499649762587575,-0.0798201317095488,8.800812075460001
10.489999999999997,0.4046487249452072,0.0019497996976948,1.590423700391111,0.0048769449598075,0.2393925119531642,0.0046776270706114,0.9708993564904662,2.3141944519867663,0.0183894490386892,-0.1832604706774766,0.0569634028123311,-3.982370984344758,-0.047826022170311,1636.9958350533736,1668.4787847451034,1685.9559945108006,1585.485075751768,-0.584113102083049,-0.0873066043016698,8.806879583423418
10.500000000000002,0.428122392895495,0.0021112319972139,1.591691414770769,0.0051340513242125,0.2208410426843645,0.0043258722627497,0.9752867076979208,2.360423064731847,0.0176503481495835,-0.18323475220169,0.0229574313643567,-4.154265779534099,-0.0565173318237133,1639.0271160661546,1664.759093359618,1690.5852999200392,1590.8446755858924,-0.617579312840308,-0.0723146388427799,8.866152476777103
10.51,0.4521208812473173,0.0022842594389463,1.593242631700182,0.0052240004041648,0.2011885839231902,0.0039609766979304,0.9795305886915208,2.404417817472784,0.0167924334439276,-0.1760912137608143,0.0057211168965258,-4.354453215846986,-0.0634907501276094,1634.574000060486,1658.5267725125395,1695.7263460327486,1598.521964215492,-0.6679291779350254,-0.0709083662623521,8.99778848678702
10.519999999999998,0.4765240186929756,0.0024625072234343,1.5948612297230724,0.0051981555808396,0.1802563561416453,0.0035735917448238,0.983599438130754,2.445164176936028,0.0157014205160322,-0.1640300378964839,0.0022775496848179,-4.550192672189185,-0.0694516546061039,1618.4820094160004,1651.6754495669534,1695.155798177338,1601.3572523195603,-0.6457026934051724,-0.0283379385140951,9.08005500473814
10.530000000000005,0.501217049795231,0.0026291720671089,1.596149946698323,0.0051301296441185,0.1580222181688625,0.0031542267685605,0.9874171920664128,2.48197980765438,0.0143980005839397,-0.1480569696149188,0.0056413154162562,-4.7197793049551375,-0.0748190342996894,1591.658677998826,1647.6924790123803,1691.4084179547283,1591.7783912270106,-0.7038031889162553,-0.0672842207224428,8.974757500958626
10.54,0.5261121547953324,0.002765011900685,1.596622473145904,0.0050865333359796,0.1346325451332703,0.0027031845818784,0.9908788512036556,2.514326660373524,0.0130243399333953,-0.1318679003140935,0.0115744042866302,-4.8656746424733655,-0.0782728173816026,1561.980488489782,1646.0751711303046,1688.393307874693,1568.7948674593345,-0.7702363990673753,-0.077330641337193,8.993086197605475
10.55,0.5511625773157172,0.0028565105158589,1.595841984143118,0.00510735168706,0.1103683790151757,0.0022334477104533,0.9938751166940604,2.541600603659389,0.0117094141265991,-0.1265908936962551,0.0192043569693883,-5.00565650624922,-0.0780936020614186,1536.9231760528924,1644.834614814063,1686.660835750744,1541.2121700526438,-0.8214789704287477,-0.0673692987063047,9.094625917256584
10.560000000000004,0.5763647231070976,0.0029003169322829,1.59355595714955,0.0051983999200137,0.0855941759479509,0.0017668833111056,0.9963149561285466,2.5634120898206247,0.0104378432111272,-0.1454832682315101,0.0262362749622887,-5.138808929978514,-0.0742287877769739,1517.178339443975,1651.6565359213405,1691.394816351397,1519.8584955250196,-0.8330033448800709,-0.0736809960798401,9.144496640840067
10.570000000000002,0.6017458865442198,0.0029030328737707,1.589773202291667,0.0053343801416552,0.0607130095263711,0.0013259988899294,0.998140128734287,2.580047965733543,0.0090538530324063,-0.1896852435965195,0.0259326082246432,-5.213071342287247,-0.0686363238506005,1500.7346151674014,1686.619589210619,1719.6444458397164,1508.1484225625636,-0.8882556393313915,-0.0672030932144149,9.145928144237653
10.58,0.6273387548383568,0.0028779325305204,1.5847496773017336,0.0054707729171309,0.0361328757364332,0.0009246367214656,0.9993315921062628,2.5923369079129106,0.007413982675519,-0.2413161340060794,0.0117184072433786,-5.140637448809836,-0.0635310931560121,1494.896437561231,1764.062018469421,1787.926375697677,1508.2491272094694,-0.968513989016474,-0.1229914169363496,9.487354772566452
10.589999999999998,0.6531483482149316,0.0028408997496406,1.5788962139129294,0.0055613299378129,0.0122285539434849,0.0005617154416127,0.9999096051911576,2.6007935969713003,0.0055574946526411,-0.2756990398868391,-0.01405878636497,-4.877328019576718,-0.0591903159787945,1521.5295509575076,1869.503404427308,1887.8781946292409,1535.8974499023798,-1.0055793980601844,-0.1116934049769849,9.834395181890017
10.599999999999996,0.6791216396421459,0.0028071246858201,1.5726681003511211,0.0055739857055969,-0.0107175150485433,0.000222200250571,0.9999270054266894,2.604896048633975,0.0037171443504076,-0.2819748281892038,-0.0382944102047097,-4.504040874887833,-0.0537753243768264,1601.0770764718973,1964.8893503108327,1984.3743948486745,1612.5502949425272,-1.1385415068478968,-0.0649899689754485,11.001083881019047
10.61,0.7051325794339532,0.0027888957665271,1.566503257077284,0.0054949123349895,-0.0325906297669945,-0.0001138178800761,0.999453672680886,2.603318869369054,0.0021134341070243,-0.2693514267500065,-0.0483136855147652,-4.203065016899084,-0.0461727948944418,1723.3419129789206,2027.399286519192,2050.406153800996,1731.3474400612056,-1.3315086019257465,-0.0825846874878124,12.464445159271644
10.62,0.7309932172048172,0.0027939484331241,1.5608295454650123,0.0053209898439226,-0.0534785211137403,-0.0004592011579849,0.9985547175697806,2.594849318737384,0.0007146792280395,-0.2526972618799965,-0.046007659913439,-4.107060606229703,-0.0390723012135564,1841.1418921659936,2076.8222915118067,2098.6757434575484,1844.932036535112,-1.200912305770842,-0.0962481480432414,13.62932201042834
10.629999999999995,0.7564949335855135,0.0028236796684425,1.5561005892846491,0.0050518181009428,-0.0736388614760675,-0.000813403692146,0.9972718463833306,2.578942553664942,-0.000756321122348,-0.235459839088367,-0.046318145314246,-4.164716234455458,-0.0376259849735922,1909.190862526021,2149.18009873516,2163.04722911057,1908.8643526839537,-1.0432477969993108,-0.0177588856197584,14.457725768326696
10.640000000000002,0.781474502440665,0.0028710891569786,1.552797732950577,0.0046895748153334,-0.0933965611540928,-0.0011642290117806,0.9956172632208872,2.555456181106334,-0.0025429429059162,-0.2085659770724559,-0.0581154289065109,-4.195037952229432,-0.0437601366261574,1930.9019241275744,2245.293893887511,2249.6884604325382,1933.4937764490496,-1.0618804221893807,-0.0161552547942462,15.197189064192544
10.65,0.8058892253347418,0.0029192149935888,1.5513680637855012,0.004247387624187,-0.1130374386838973,-0.0014944427018897,0.9935805270813056,2.524258983082694,-0.0046184527611614,-0.1625536305011708,-0.0714289540779346,-4.093493973241295,-0.0528620360975726,1952.171512961842,2324.129216235371,2323.680201240541,1970.4184293668995,-1.3582779144719912,-0.1221329022764943,15.986402840455986
10.659999999999998,0.8298742791386555,0.002941556866606,1.5521203086789117,0.0037560383325167,-0.1327530950543667,-0.0017908826302919,0.9911404041148436,2.485436768801983,-0.0067586122124511,-0.0959944002810058,-0.0707255996902149,-3.9511098859061695,-0.0575363071996836,2004.2268010824032,2351.802850754228,2349.91608585773,2044.343516919359,-1.3480739858806905,-0.1173947929884379,16.738246328312627
10.669999999999996,0.8537468709732928,0.0029059975484725,1.5551299396504423,0.0032618404146618,-0.1526391283089936,-0.0020544671029646,0.9882744740562224,2.439528253450017,-0.0087943127273875,-0.0123490858373433,-0.0578894702053189,-3.9404379776933744,-0.05384342549075,2065.666571149247,2340.0264324445952,2334.069761329189,2118.944690456028,-1.2211519452127,-0.0635099736130613,17.330356737414697
10.68,0.8779234607700795,0.0027827752254825,1.5601998477395334,0.0028150785415446,-0.1727160114250831,-0.0023045524323641,0.984964945451513,2.3866622172358483,-0.0107144994398413,0.0855387085370114,-0.0519777467712026,-4.110511393841105,-0.0429010501805537,2089.605856222651,2323.9117997898857,2310.2951592941786,2140.024979914334,-1.0628327547850045,-0.0818519879258142,17.8146000551101
10.69,0.9027365305464355,0.0025553653986342,1.5668978885422702,0.0024525524919432,-0.1929623231124777,-0.0025693360377003,0.9811997377484544,2.3252109082064334,-0.0125270443982688,0.1927978687202259,-0.063799205024566,-4.3439678785877565,-0.0284031410777083,2059.5140941311374,2311.2365751632333,2292.121121585718,2098.3711507808584,-0.9309039216450544,-0.1203765135144659,17.571562858202455
10.699999999999998,0.9281779418406704,0.0022315311166824,1.5746621483428038,0.0021802202792213,-0.2133814634441209,-0.0028643004453418,0.9769623296120163,2.252794374912431,-0.0141253697219823,0.2965599692697282,-0.0787283739309048,-4.521511181967265,-0.0154739257822377,2004.870132239916,2271.244968933208,2252.8320006425333,2035.6942886525333,-1.0662270853984346,-0.0554916554443092,16.965087579338892
10.710000000000004,0.9536468143779298,0.0018511594026834,1.5829321562718242,0.0019629631248276,-0.2341052523304339,-0.003173977594713,0.9722040955855424,2.171166151322451,-0.0154176136401943,0.3795091278313154,-0.071116819804353,-4.676976281712372,-0.010670492254812,1960.9534975132024,2179.359885559113,2166.0706860318764,1992.098141083699,-1.175142161769263,-0.1225768704409363,16.37671626445806
10.72,0.9778198287337752,0.0014877015439545,1.591239133655992,0.0017271099411077,-0.2554741772353581,-0.0034521105796639,0.9668081737292636,2.0905795732248063,-0.0166024872197218,0.4322386811226598,-0.0348599837288668,-4.939535343736829,-0.0172827921012991,1926.6306999402236,2061.8266122019627,2053.96061801302,1962.275963380712,-0.96731437629765,-0.0843042753990738,15.128678716353832
10.73,0.9987645942926888,0.0012401761214656,1.599198714834679,0.0013805972712406,-0.2779980106734344,-0.0036407097126707,0.9605737583577724,2.024615062388297,-0.0181219383653194,0.4590827606381984,0.0024788915276224,-5.333355077419627,-0.02702796205076,1873.594987031761,1981.1352850395,1972.7600659564844,1912.3958817453763,-0.5826064488641496,-0.1015722301107758,13.965001534690655
10.739999999999997,1.0143602572799348,0.0012131579154863,1.6064086157433135,0.0008547875256031,-0.3021515513432238,-0.003695442324941,0.953252355394516,1.972875144738924,-0.0200148093029754,0.4701030338149103,-0.0017688887759149,-5.691796447448468,-0.0213087198408449,1791.6078408551084,1974.7712771841695,1951.700619542618,1832.6497448212504,-0.587486778771213,-0.1342711765970435,13.064774160773093
10.750000000000002,1.022969192180894,0.001485419961418,1.6123264992473143,0.0001612534988707,-0.3280702735689815,-0.0036047297684333,0.9446464288404308,1.906737686030596,-0.0212119690078236,0.4701104341653743,-0.0640412764355573,-5.7994251120607885,0.0091513331617601,1708.1721985325908,2016.661519186568,1969.3861291457315,1755.7203829133027,-0.8247678951567439,-0.0667365721380455,12.681587819557848
10.76,1.024148375684686,0.0020753144517577,1.6162352475752093,-0.0005649850595838,-0.3552946128556516,-0.0033973345201219,0.9347480286075992,1.7823695236945885,-0.0198973157370104,0.4574179379584325,-0.1408883028169882,-5.5880762471604895,0.0416846118589052,1658.2299518997952,2043.7100267833853,1996.088792873001,1716.431384472971,-0.9872792924408288,-0.2102329603151059,12.469111452594156
10.769999999999998,1.019074287710947,0.0029188283981455,1.617371136574655,-0.0010766596011823,-0.3827120708438255,-0.0031376517108664,0.9238617140980976,1.581507653221681,-0.0152011064031668,0.4306587763853933,-0.1406467968604099,-5.157182777428044,0.027805810884289,1645.878777167577,2018.1135495564904,2031.8685876196264,1705.91017432865,-1.0144106866389508,-0.1098437403744724,12.291245156925042
10.780000000000005,1.01039105435351,0.0038763767501981,1.6152110230108565,-0.0011010070711675,-0.4087626992142938,-0.0029094657367707,0.9126354028436552,1.340036106267123,-0.0086139482934123,0.3925542633678398,0.0058950712214197,-4.622896089017573,-0.0625064345255109,1646.3198459956316,1962.2834919452664,2083.3421517921606,1680.94707020463,-0.8253099909415598,-0.082,12.35304659324784
10.79,1.0014416020908783,0.0047717850787417,1.6098204123954534,-0.0004749639537174,-0.4318411740956046,-0.0027939189994182,0.901945213847048,1.1251034735683425,-0.0032127167760143,0.3461968194458105,0.2603729846605726,-4.005093695933426,-0.1986879797828079,1640.1805429230012,1933.2049666230737,2124.9540913336714,1615.9658777884356,-0.7174487408589778,-0.115,12.227435261752152
10.8,0.9951946380781828,0.0054479272976708,1.60209361522645,0.0007430549934056,-0.450718594902382,-0.0028530402391999,0.8926612214271956,0.979235905629452,-0.0012099199300249,0.2920785924747437,0.4655561441972264,-3.2787068293438675,-0.3042701981641135,1632.414287254276,1962.581507476368,2117.3012593806866,1532.3496805640525,-0.906906993290093,0.0292828562141139,11.93539471638678
10.810000000000004,0.9933695932488076,0.0058129808171403,1.5937082003313083,0.0022608410169297,-0.4648037990756563,-0.0031252637188951,0.8854053024967833,0.8909674250776991,-0.0024189283807262,0.2340674273327239,0.4542086994285109,-2.4817745382049208,-0.3235038953773044,1634.2238471855394,2024.9896756361388,2062.8718238848537,1475.307687517574,-0.9961024908910624,-0.0617090423887576,11.578337824481892
10.820000000000002,0.9961243279310098,0.0058577805455698,1.5866951446281428,0.0036654526005026,-0.4741733338396489,-0.003625089561501,0.8804164200299183,0.8176072169426254,-0.0050121417536536,0.1864077828101089,0.2019074039608725,-1.7103516431109511,-0.2682291559929376,1639.840986460339,2067.312628206837,2014.8497376355456,1473.3663184160926,-0.8952054553013653,-0.3341781642477931,11.231411888246225
10.83,1.002334978453217,0.0056418140243563,1.5827033950083365,0.0046086036362522,-0.4794202870990788,-0.0043344402262696,0.8775626255249739,0.7270889265816087,-0.0073141159239071,0.1650720918897598,-0.1283872102364652,-1.011463238323256,-0.1948388666581632,1636.0272124709145,2061.4664809801952,2016.098111529369,1524.0863801610533,-0.6359356417636581,-0.2850537966471431,11.013103154363522
10.839999999999998,1.010225814989074,0.00526007447483,1.5822679874307588,0.0049578865407823,-0.4814140486568449,-0.0051884571494944,0.8764639256862097,0.6167910433055389,-0.0087832179431272,0.1671775186102138,-0.3140197576102757,-0.3436461931787786,-0.1454481500166669,1630.1023247418325,2018.8907491655743,2044.2525071705832,1607.309061603455,-0.4547292246981635,-0.1130899011690634,11.06404976952648
10.849999999999996,1.01803306593558,0.0048079798639897,1.5845062042906597,0.0048244327398056,-0.4810405794768069,-0.0060753151789949,0.876664004217598,0.5020691457333286,-0.0097659637122951,0.1669075262791632,-0.2576749149191719,0.3237821075109614,-0.1199878710740888,1648.128298659131,1963.8520981149331,2037.422863904354,1698.420970850609,-0.5515859551828584,-0.0258705625011212,11.648123643923984
10.86,1.024471623798904,0.0043572677089105,1.5874824512776469,0.0044591089658132,-0.4789713437991307,-0.0068639853328132,0.8777923751502043,0.3956733222694905,-0.0107687386506472,0.1397504840331203,-0.0532273166603647,0.9194554162738972,-0.0959769311503264,1696.9795112653849,1913.4517996862212,1970.3129319181369,1769.092607097141,-0.7399710365232259,-0.0097547541427506,11.788458063969957
10.87,1.0289173365928117,0.0039468974006405,1.5890820191357429,0.0040947493764053,-0.4755071397190186,-0.0074485900593922,0.8796707972928902,0.2986873839925782,-0.0119734902333324,0.086027792496163,0.1158268673658076,1.33936842252867,-0.0602367974279778,1742.9974243170218,1882.4597733481517,1884.015990190997,1791.4568409274198,-0.2910304781806703,-0.0608554202713817,11.331683396331435
10.879999999999995,1.031341263859556,0.0035855482486346,1.5879503813413738,0.0038368136495323,-0.4705334438948069,-0.0077804831690173,0.8823395157869606,0.2056574802615069,-0.0132314027710984,0.0251309307729074,0.132173947617209,1.5991383356111757,-0.0195725964418783,1742.006101351477,1884.361627755488,1838.6357191269635,1757.4324226240053,-0.1078002900850982,-0.167959801375254,11.21534237010532
10.890000000000002,1.032098970384303,0.0032599876372198,1.5840751966974926,0.0036573492840945,-0.4635991102891363,-0.0078685282381223,0.8860025818239478,0.1126830190866918,-0.0143921567104058,-0.0260179601894369,0.0167047172972771,1.8645312296021683,0.0108009696189966,1686.4851604386022,1915.6341855247024,1854.3368676704813,1693.48955465343,-0.2891324580634329,-0.2005081580910727,11.03085769178141
10.9,1.0316867647243235,0.0029454011424277,1.578796140616408,0.0034712365180345,-0.4541079791619868,-0.0077539851028113,0.8909061507776663,0.0193995432634782,-0.0155934349235875,-0.0610775512988087,-0.1195516345707317,2.309125220105029,0.0236901669451246,1616.02962633298,1948.1014076997285,1900.236424601699,1646.1919757023124,-0.1999024571407313,-0.1915091218062861,10.528317399280576
10.909999999999998,1.030547211177949,0.0026159779800777,1.574265184997404,0.0032255702827951,-0.4415887331294721,-0.0074832947972099,0.8971805764551731,-0.073524118126589,-0.0171607173062759,-0.0775452962105123,-0.1770427212833627,2.9498087145898384,0.0253108683411113,1582.4403276687794,1946.397788708504,1924.216002973624,1646.983752804724,-0.2011775270447566,-0.0906981532343554,10.492808433575448
10.919999999999996,1.0289624475570749,0.0022541262441462,1.572591427446295,0.0029394161975387,-0.4259652351202008,-0.0070969362411369,0.9047069203877014,-0.1656759091291009,-0.0192096789842918,-0.0726604263576384,-0.1349191172526939,3.619094997561503,0.0268490125340379,1604.556023260644,1894.8655992121053,1890.896499300208,1687.8439504295388,-0.3220153372096535,-0.015166300964627,10.70573236738229
10.93,1.0270348923193149,0.0018554948483376,1.575026888707482,0.0026773565537645,-0.4077104423804533,-0.0066348179645051,0.9130832416195124,-0.2558455788014208,-0.021453554772085,-0.0476263550544377,-0.0452166960034159,4.091577314267955,0.0335244568241168,1652.6317676111114,1808.5156103911336,1803.9256562452983,1728.26985809346,-0.1393250243822521,0.0133317377814338,10.33369608119228
10.94,1.0247305674711955,0.0014274337967682,1.58151289406158,0.0024875890224969,-0.3877827665152604,-0.0061459482474412,0.921726947210922,-0.3412620103340379,-0.0234686042852237,-0.0123343989481447,0.0218526816880276,4.251525109286575,0.0427903601667663,1675.4168697019836,1719.1688782437827,1698.7753723878657,1727.6552252646077,0.1441441846223377,-0.0609146327838138,9.988053534981296
10.949999999999998,1.0219514012455817,0.0009818845842004,1.59073583503314,0.0023528701771799,-0.3673321862011992,-0.005689923430483,0.9300694349100674,-0.4185850287309522,-0.0250782262002986,0.0166290127998471,0.0290268997758593,4.165808547411376,0.0500722487715322,1644.1415713983447,1651.1827536172036,1613.1919796740578,1674.8403462258266,0.2351527895286658,-0.1326645465571726,9.471592805846528
10.960000000000004,1.0186055461732386,0.0005272861979586,1.6006249682286884,0.0021862930992563,-0.3472851533627724,-0.0053250263074955,0.937741908240804,-0.4856771714650192,-0.0264318732208828,0.0248118187514441,-0.0155033340385878,4.019255470939249,0.0531277379543721,1570.692285275039,1608.615682097678,1562.8688615978383,1588.3844668164804,0.2471712821844454,-0.1420900075396584,8.514692763871206
10.97,1.0146543391017002,6.429453730715448e-05,1.6090507845337534,0.0018717078532674,-0.3279969077605994,-0.0050865077840657,0.9446632482783268,-0.5424963193846257,-0.027781984169649,0.0080524346945063,-0.0802076708277246,3.988945902746037,0.0522642361023603,1486.4594927951853,1579.9956394359936,1540.2001590715877,1493.7616584580462,0.1842810739501144,-0.0981133670694532,8.02111236731453
10.98,1.0101273010255347,-0.0004130000645109,1.614431939323715,0.0013229169725751,-0.3091361271418697,-0.0049669512342252,0.951003908604926,-0.5905069644623084,-0.0292284840815842,-0.0280278818582788,-0.1378404347142763,4.162532942551384,0.0496458751341256,1411.128083400169,1551.2844905834609,1528.546496632268,1407.0514210432625,0.1671640135534859,-0.100178111849222,7.424604146658527
10.989999999999997,1.0051090489157428,-0.0009118745702014,1.6160533510536583,0.0005290512543303,-0.2898525518012196,-0.0049136855863662,0.957058553074497,-0.6314862226016165,-0.0306278112579017,-0.0752606023248651,-0.1757295118097738,4.535000480072056,0.0485396580557556,1345.745889942149,1516.731657134964,1515.263366567726,1337.2922021438474,0.1316692023847347,-0.0751437237328457,6.91452503488323
11.000000000000002,0.9997106074616108,-0.0014345117730649,1.6140570860696042,-0.0004358881373672,-0.2691514578951597,-0.0048502252811536,0.9630855507322098,-0.6668920050840058,-0.0317195398496028,-0.1280735767124936,-0.1902050602007348,5.04268655041679,0.050739695434467,1291.994399599066,1480.1457289079913,1494.5048689830794,1295.117102300571,0.1092886919160722,-0.0749700927197093,6.6358136775467775
11.01,0.994039766506796,-0.0019727546468939,1.609190996444168,-0.0014428337769441,-0.2463238783246198,-0.0047132131799008,0.969175036213444,-0.6979275833683456,-0.0323714472825369,-0.1832240667726953,-0.180871318432456,5.581984569515965,0.0536313946368241,1270.3584152128806,1445.403353818605,1462.522899529878,1295.8355428548284,0.1297777438442051,-0.120463190803282,6.496803539661964
11.019999999999998,0.9881808015597844,-0.0025060102215405,1.602454242085098,-0.0023617939572628,-0.2212688295632006,-0.0044846306386082,0.9751996795944254,-0.7256302386944099,-0.0327141756360699,-0.2380952626857251,-0.1524189604234543,6.005627209029662,0.051217242787872,1311.602490800632,1409.055046222894,1417.4793258198174,1352.8604184413846,0.1870963291627596,-0.0469394140596523,6.283673679554148
11.030000000000005,0.9821863083217528,-0.0030035922722186,1.594776533972687,-0.0031128479163143,-0.1945827990483188,-0.0041997886902155,0.9808721661191784,-0.7506495628075975,-0.0330267892525653,-0.2904390259332707,-0.1168923940733227,6.142076087436821,0.0397126332543544,1425.0414333319577,1369.810975248693,1371.27767366518,1462.1659841647115,0.34571524455253,0.0476966470861524,6.45685398128537
11.04,0.9760779889182796,-0.003431709685522,1.5868237121532038,-0.0036882404826128,-0.167377074391682,-0.0039258437627179,0.9858782377154768,-0.7730757567788902,-0.0334953631123677,-0.3383680099051273,-0.088308103028598,5.880429798826932,0.022246444318224,1577.0927143022882,1346.57658521621,1358.5635430753978,1592.6573583448169,0.4891885278078998,0.0208151243910048,6.9843714012756895
11.05,0.9698519094198462,-0.0037636353699397,1.5789543553080838,-0.0041381817937624,-0.1408979991602073,-0.0037249063197147,0.990008461760303,-0.792703106884082,-0.0340660610600263,-0.3796587258511642,-0.0736428684753241,5.280406032632478,0.007108771701161,1710.9432241966392,1377.30221386705,1418.510456297381,1703.1931359868624,0.7142433550649587,-0.1413867077960619,7.803760960248856
11.060000000000004,0.9634859610014466,-0.0039897564660419,1.5712911417953837,-0.0045348055557336,-0.1161194635277907,-0.0036252073991495,0.9932182859774092,-0.8095527728565707,-0.0344687593330022,-0.4114868525768172,-0.0708930733929848,4.586410226331673,0.0009082316926715,1795.2960569592683,1487.7059618920762,1556.3878759610989,1778.636292136348,0.7702951603578034,-0.1948739077436287,8.85413391710957
11.070000000000002,0.9569495401701116,-0.0041232849524437,1.563841600139165,-0.0049370170853461,-0.0934900387356796,-0.0036152857035649,0.9956014103187992,-0.824109771298423,-0.0343475920059928,-0.4310873104629525,-0.0754770682828503,4.076316033033928,0.0037832458457144,1851.1262729298824,1657.5768831218843,1728.2825474483225,1845.0270901025135,0.750347174335591,-0.1072132039294483,10.210780117256949
11.08,0.950215264906021,-0.0041985165093196,1.5566075056789612,-0.0053717663334858,-0.0729298589425042,-0.0036586825884994,0.997315894710799,-0.8369773563957044,-0.033438087516424,-0.4362267548060367,-0.0841439563394988,3.851219573690578,0.0111001253299371,1923.7596209541653,1826.4769535404448,1874.4374949198716,1939.8870317090043,0.5166995251506321,-0.1242960010650838,11.599779632429591
11.089999999999998,0.943270433377578,-0.0042616203117543,1.5496459928447075,-0.0058347663210899,-0.0540343349672546,-0.0037154989719341,0.9985151181699826,-0.8482330535598237,-0.0317463148907401,-0.425053620087224,-0.0910285495181087,3.774550356401011,0.0184432163562236,2029.568595881332,1944.2329008796748,1968.9290064821987,2066.36394034902,0.5091456315789356,-0.1621079114424063,13.061069758139716
11.099999999999996,0.936124744485924,-0.0043573972142575,1.543074102506229,-0.0063039310788098,-0.0363398380345124,-0.0037580303765453,0.9993125406159316,-0.8570684590304041,-0.0296171032780358,-0.3965285596308226,-0.0867703387914775,3.63729884339962,0.0239710888940345,2137.756711395909,2015.027162155192,2031.9658438789247,2183.695564793812,0.6467974872630137,-0.1091933648719481,14.503824971214945
11.11,0.9288122564057398,-0.0045172672350151,1.5370335185781936,-0.0067550786539085,-0.0195035520809706,-0.0037754177249172,0.9997798390593834,-0.8620411761203834,-0.0275698362981243,-0.3519217858551264,-0.0690192762297249,3.3774676745721166,0.0268381919446153,2207.366747950038,2080.219191475112,2095.292432752237,2248.5657984689115,0.7917964002143567,-0.1047711562744106,15.548258216968245
11.12,0.9213884467628146,-0.0047529757697044,1.5316461781221646,-0.0071715166194619,-0.0033393735554922,-0.0037696572191825,0.9999616030718798,-0.861766834278919,-0.0259684909155213,-0.2954862655767032,-0.0496298616813162,3.11346833722162,0.0254913694164512,2234.0662772104497,2158.596815253045,2164.6265542095107,2262.7016677337,0.8685562063986344,-0.0315342533057293,16.51849942771119
11.129999999999995,0.9139250315405554,-0.0050575575776619,1.5269873687218825,-0.007545175713342,0.0122435852541938,-0.0037491602970309,0.9998895482705304,-0.8555596902031192,-0.0247939492678498,-0.2325223623630695,-0.0413944168215039,2.9710079443387323,0.0189965287604125,2250.179753209187,2222.2284316891364,2220.3430811404314,2270.138316732145,0.6932249474020454,-0.074030020572111,17.222020072699177
11.140000000000002,0.9065046105724528,-0.0054116524909791,1.5230843200277735,-0.0078692328681493,0.027313829322444,-0.0037229266310724,0.9995890003992196,-0.8435907676361676,-0.0237189032722513,-0.1664159871840856,-0.0398216960244267,2.930542614744078,0.0096765548951393,2280.3432342702754,2238.72497006046,2246.487628379141,2303.964411975153,0.5567544837402869,-0.0937591828762954,17.604988342982832
11.15,0.8992152841064598,-0.0057914369741687,1.519930885391673,-0.0081370413871388,0.0419502412608936,-0.0036998845531628,0.9990797148725972,-0.8264949847696617,-0.0224019958986407,-0.0981390446417747,-0.0302812097634171,2.878697892924282,0.0030506186025233,2309.753547037461,2217.8211523786827,2247.203311323409,2345.3920895956144,0.703253521745997,-0.134114176930965,17.690383619576995
11.159999999999998,0.8921442872625536,-0.0061749527978447,1.5175049344159606,-0.0083490517487411,0.0562455651018394,-0.0036890579737773,0.9983752403743484,-0.8047390827887567,-0.0207362301902745,-0.0287913678322228,-0.0131475922356251,2.7718193403842006,0.0040248927762769,2303.1962436510757,2196.734866234729,2234.7426378155697,2346.427534200886,0.801862652732638,-0.0364424239045529,17.600295063776418
11.169999999999996,0.885370333054828,-0.0065454072695477,1.5157809754288711,-0.0085236701544976,0.0702913951848812,-0.0036985137361228,0.997483226829506,-0.7782624130805873,-0.0188735997294488,0.0383599056787206,-0.0070466011474093,2.684778395956804,0.0123121580113136,2248.898641957984,2187.624251330838,2211.448692041336,2288.8418674993536,0.768937732534761,-0.0656476956886447,17.24182191474077
11.18,0.8789559536876994,-0.0068917959735858,1.5147352083326622,-0.0086971963788398,0.0841528461871732,-0.0037310123521171,0.9964079168696796,-0.746795039183913,-0.017052753068573,0.09924010049359,-0.0213850200813662,2.6917910728124355,0.021471973521932,2172.9921258568597,2161.9748069727616,2169.166926131155,2205.3205750445804,0.5640264238425123,-0.1095195426533171,16.579365245361007
11.19,0.8729424121176801,-0.0072082394209427,1.5143407631832135,-0.0089056998824646,0.0978394535271758,-0.0037773208245333,0.9951551947764208,-0.7106641744435771,-0.0153774350843743,0.151799007226565,-0.0381134483779762,2.752070189156253,0.0237553712952334,2108.90896501493,2092.2775544097594,2103.7027890422933,2137.662315383914,0.4838447290255554,-0.0627567294135318,15.686238629678169
11.199999999999998,0.8673495127069873,-0.0074933521501457,1.5145539338838083,-0.0091600708884592,0.111294441601759,-0.003811595868421,0.9937379494146366,-0.6712430397282976,-0.0137299377776117,0.1964274785725928,-0.0320153914908448,2.751104901200752,0.0173289555868262,2062.15952774514,1993.332146644953,2025.8063224173368,2089.961236536963,0.5722912210021711,-0.0251442657795087,14.858905277319804
11.210000000000004,0.8621804807330172,-0.0077500233970881,1.5152999742674849,-0.0094349635152558,0.1244215071161013,-0.0037945190420275,0.9921773388138148,-0.6304428556407786,-0.0119393147073362,0.2337683423850375,-0.0038584916879509,2.635762735722388,0.0085854293321167,2013.722398860518,1910.2128953996544,1956.0762543125268,2037.47155867406,0.6716306928677049,-0.0838414358591391,13.965993527212133
11.22,0.8574294908541649,-0.007984910428799,1.5164707796548202,-0.0096825810231429,0.1371354378297959,-0.0036871538497702,0.9904981192372092,-0.589699712987777,-0.0100538066604547,0.26316148242033,0.0183794852717181,2.4706654303742983,0.0064289267959588,1951.867106208318,1870.8842050880403,1908.0772164556429,1970.0504679537776,0.6090023714435877,-0.1104770630127344,13.11399094502601
11.23,0.8530884455931471,-0.008206411326485,1.5179397679485795,-0.0098615549573576,0.1493935301049168,-0.0034717199241325,0.9887225445277268,-0.5494078893545228,-0.0083549360312788,0.2833731846874397,0.0123659168787503,2.3559857751990543,0.0140082845933491,1887.9483942452543,1859.738581095214,1875.739927420305,1905.409367859729,0.4646562039851925,-0.1577600367822142,12.206648277844028
11.239999999999997,0.8491505248008994,-0.0084206340020351,1.519587259770994,-0.0099589382367798,0.161175459404308,-0.0031679424341073,0.9868704347459906,-0.5091377754668404,-0.0070301392137501,0.2940658268973549,-0.0133402870929571,2.313407797253678,0.0260260235734031,1840.843270972912,1836.9698888923697,1838.5018495110185,1862.1380887197297,0.3797886103447006,-0.1258192769286714,11.416783559177498
11.250000000000002,0.845609835361502,-0.0086269684805537,1.5213227807730745,-0.0099903597856671,0.1724229315421969,-0.0028319672483699,0.9849682763171878,-0.4682144607102847,-0.0059059850791196,0.2962285731572983,-0.0304558800942263,2.2658821329893875,0.0337779974734547,1816.2820492898468,1778.8607668974214,1781.6867629357362,1839.3244016098988,0.4181297167893412,-0.1113560822912474,10.862496041839298
11.26,0.8424585466609171,-0.0088164728630329,1.523092708817775,-0.0099812943241232,0.1829857263315497,-0.0025341361644642,0.9830616338136844,-0.4261930864940153,-0.0046066394112487,0.2915939740307108,-0.0208290660049086,2.1168448037213614,0.0326657145833334,1804.3466458296489,1698.0220642682143,1712.2499629229806,1825.4459198279228,0.4768676627891262,-0.0310503337282193,10.51505768148998
11.269999999999998,0.839684589050751,-0.0089751673048633,1.5248701001396308,-0.0099451043465959,0.1926170330126722,-0.0023274813995903,0.981220849922822,-0.3831261361653995,-0.0029701906410101,0.2819593334500459,0.0097869131464306,1.8349751887831467,0.0253848515453862,1790.7993944137247,1627.3235544993784,1652.1881538129514,1812.5314065620191,0.507029868156144,-0.0637679866071936,10.224991278860909
11.280000000000005,0.8372729257053033,-0.0090909085176005,1.5266335199339025,-0.0098735215892957,0.2010245165909903,-0.0022266644811455,0.979533919405588,-0.3395941306456199,-0.0012544255095578,0.2688096614874039,0.0430003467573202,1.4670859149888156,0.0187683294938004,1768.415640325895,1588.689849464586,1617.0799892173332,1797.050807987193,0.4813012168679749,-0.0740079972680796,9.887176783646677
11.29,0.8352106826008304,-0.0091598621576537,1.5283477569120276,-0.009745573763266,0.2079458470655213,-0.002209090785383,0.9780892946955966,-0.2963693137008818,8.561399398977965e-05,0.2530555607356413,0.0655838044591558,1.0859990822059111,0.0178820241522903,1741.344302527405,1579.0044672238978,1604.007074146027,1777.1350074254667,0.513587177903057,-0.0514998509557717,9.577005973275003
11.3,0.8334926638797417,-0.0091889746615514,1.5299573591198274,-0.0095483270528149,0.2132057755379825,-0.0022340646884588,0.9769581033405208,-0.2538434212520458,0.0008150092168426,0.2349241982938681,0.0757848188682921,0.7338283083832342,0.0224161907969123,1720.6870988171215,1580.9379343405944,1599.009745210352,1754.8063040286236,0.4969291613591133,-0.0535343335071523,9.4014560425408
11.310000000000004,0.8321226985692697,-0.009193456007351,1.531394924962831,-0.0092938874706289,0.216730494983567,-0.0022660026598355,0.9761846041767956,-0.2117586324078609,0.001114683286575,0.2143908499686421,0.077587153366002,0.4059952876731435,0.027523194189894,1714.0881960655863,1580.5420345086711,1591.9591221904063,1736.5684424667295,0.4409099638136342,-0.061388444677835,9.143643071487968
11.320000000000002,0.8311096828099782,-0.0091907867844363,1.5325968525093314,-0.0090180741534092,0.2185268284589566,-0.0022888072286416,0.975786585757205,-0.1695686384050536,0.0013875486187461,0.1919770032229548,0.0736499170398624,0.0752997733510229,0.02748753081268,1718.0099129077248,1574.849680448174,1584.1490927670402,1727.360519935182,0.3766542382447788,-0.014844001377692,9.04777154975386
11.33,0.8304618610656761,-0.0091938720995818,1.5335169342330397,-0.0087593387275983,0.2186538929724072,-0.002305976496471,0.9757604375795648,-0.1270541219430568,0.001909323819813,0.1689039577559534,0.064697576992694,-0.2725126045836761,0.019505049350017,1720.3954566573937,1569.251866377356,1584.633808160131,1724.7088514055613,0.3876921867475684,-0.0480094486652116,8.991685836219688
11.339999999999998,0.8301838621747175,-0.0092058551020772,1.5341333009527862,-0.0085338477845212,0.2172088174028637,-0.0023288957519016,0.9760850779153508,-0.0845751898572356,0.0026738283732591,0.1461513481487417,0.0535447585760187,-0.6204053371828759,0.0059564746583835,1711.892488469082,1571.3182547771332,1599.733859526932,1721.5639745552212,0.3570849288111799,-0.0757504615781063,8.96174570925144
11.349999999999996,0.8302777442504697,-0.0092183714685487,1.5344505814010714,-0.0083281050299921,0.2143250964740849,-0.0023608741817187,0.9767240254857468,-0.0427771363407418,0.0035408481864674,0.1236456057293787,0.0467465802038483,-0.9318816697132236,-0.0063104699071878,1695.0494228379089,1584.8698675607775,1625.4241472491444,1715.1988229028084,0.4004094305928434,-0.0866789546490419,9.030019324609071
11.36,0.8307456041056814,-0.0092140275733139,1.534499971657871,-0.0081162561585527,0.2101672433403204,-0.00238603395849,0.9776288472905494,-0.0020378957236586,0.0044935986120227,0.1009940443188776,0.0502401644172762,-1.1806834564892346,-0.0106750122660692,1681.936855376253,1607.5404763734714,1651.4039226452876,1710.2479206701887,0.2729283638483442,-0.1304382010730037,9.121455896950218
11.37,0.8315902909907026,-0.0091727076632475,1.5343352473262544,-0.0078870504648521,0.2049120785412312,-0.0023701440541766,0.9787457366037614,0.0378859416199374,0.0057142653298871,0.0790425207326348,0.0628956121638157,-1.3684183286316576,-0.0062640242247621,1682.0689342928058,1634.0046863504906,1672.5191716817994,1711.3672199290504,0.2087364300816081,-0.1259231419914352,9.204636516515349
11.379999999999995,0.8328127849354449,-0.0090799941183833,1.5340208287796853,-0.0076559629178078,0.1987236345234104,-0.0022751160480579,0.9800230237910612,0.0776674046657025,0.0073728586395767,0.0601039480115188,0.0757491472831071,-1.514549679987139,0.0015136677312795,1693.8013300765374,1660.285527032552,1692.6401077207552,1716.7626007149877,0.1741488020543706,-0.0877918707882567,9.427339468708368
11.390000000000002,0.8344082344745843,-0.0089347469296105,1.533614438490547,-0.0074506396567718,0.1917363647087307,-0.0020811468006931,0.9814159786986248,0.1177424542567709,0.009359132874141,0.0462711116449813,0.079911115271009,-1.6361174926223845,0.006139131636754,1708.5433178708752,1683.3036251434132,1716.5282447320856,1722.3093579773308,0.1049282105491276,-0.1010301898961984,9.604804930213865
11.4,0.8363645575143986,-0.0087523337993837,1.5331548949238007,-0.0072818471203086,0.184055327843958,-0.0018036477283112,0.9828872559198444,0.1577265724129955,0.0112924165082566,0.0375293293980867,0.0761225823410454,-1.7413765111297663,0.0051439855770953,1720.6262890170804,1699.699746037672,1741.9458971266176,1728.12408255079,0.1104650268549538,-0.095074559608492,9.777133581068494
11.409999999999998,0.8386656703325405,-0.008561012250545,1.5326644230728266,-0.007125541179074,0.1757701307462978,-0.0014919685463946,0.9844043182707964,0.1965059201166787,0.0128228565834273,0.0315334077232753,0.0747391398928184,-1.835827897076431,0.0007554508792017,1730.0840049427595,1710.3467543317256,1761.7679226379837,1736.427609925136,0.1215966580301644,-0.1115775910323571,9.965664020527448
11.419999999999996,0.8412971345435778,-0.0083919321998049,1.5321642245917515,-0.006932252715328,0.1669708762130244,-0.0012075595769381,0.985936718136014,0.2330348933876077,0.0138768451508753,0.0253927996283646,0.083987621229152,-1.9234911063330995,-0.0032049969501932,1738.273146791574,1723.3591050761918,1771.5234825871248,1746.0634618283643,0.1091910010498877,-0.1382293995718754,10.117170607165017
11.43,0.844249399037505,-0.0082668887264263,1.5316914005235494,-0.0066571949795557,0.1577546397452634,-0.0009950667276246,0.9874553991123112,0.2671833360589817,0.0145898801924212,0.0181825640572198,0.0987878935767521,-2.0012370224307814,-0.0050347053035911,1744.8960377271903,1745.2680539165638,1773.791439416459,1753.9537552805775,0.0997706833861795,-0.128188894294017,10.20918357236348
11.44,0.847515527756426,-0.0081896730971459,1.5313033207681173,-0.0062888059579594,0.1482191850925251,-0.0008665983348858,0.9889341601428564,0.299804661411515,0.0150730535132286,0.011922774977492,0.1044843229431506,-2.0595200263317146,-0.0064312409869233,1748.8015535867669,1770.3064903536194,1776.513746409161,1759.9077337467395,0.0300749659218948,-0.0885945132724466,10.382217293273284
11.449999999999998,0.851084918304685,-0.0081451212712923,1.5310640599738885,-0.0058564918853316,0.1384492259510955,-0.0008091603586248,0.9903518862484452,0.3318467237547772,0.0153356169432574,0.0097679859873534,0.0933932945897162,-2.0935766600247607,-0.0099555244113816,1749.4780264133017,1785.9967902928724,1786.6089229632732,1765.8157406235791,-0.0342702411113333,-0.0806885764218917,10.422614422509795
11.460000000000004,0.8549380106833182,-0.0081060328413123,1.5310204196752708,-0.0054145115550807,0.1285030370175058,-0.000807089734998,0.9916940058042386,0.3633165986989597,0.0154457575913233,0.0131440410449536,0.075049974044834,-2.112042023645746,-0.0153867448709575,1748.076133215052,1789.0410708701652,1803.6953767950477,1771.2024160036808,-0.0195268718472361,-0.120094032031253,10.605447935888725
11.47,0.8590463210745558,-0.0080445957638251,1.5311816887966598,-0.0050136333402665,0.1184053169796946,-0.0008609266154854,0.9929523166784144,0.3931538474481437,0.0156725213684174,0.0208398928288703,0.0666056232789116,-2.131286628023665,-0.0196787051460778,1747.0834149364634,1788.8659568888784,1820.4808442120143,1773.1364457327722,-0.0187358241780284,-0.0742356512191029,10.685219813980453
11.48,0.8633778721293227,-0.0079432825975454,1.5315132475134603,-0.0046772083458318,0.1081506746587319,-0.0009881604615769,0.9941230199687828,0.4201258805685828,0.0163360834958554,0.0304278849077095,0.0739751770410543,-2.1607133468888056,-0.0207019236604911,1747.5513780317758,1795.2646533450225,1829.953473148172,1770.5215944279823,-0.0165073339600199,-0.0730086522885657,10.6888587950593
11.489999999999997,0.8679039816324252,-0.0078005454402608,1.531945979741079,-0.004395101483589,0.0977198040597386,-0.0012050667183168,0.9952035323448564,0.4437839936713353,0.0174640882906849,0.0398753094656343,0.0862698681146448,-2.194365645958664,-0.0198550716423016,1747.0793590702358,1807.5495608924216,1831.1497748575357,1765.5620497717196,-0.061847631322796,-0.0999470566075356,10.734682688019952
11.500000000000002,0.8726027947924357,-0.0076288806566168,1.532397974969535,-0.0041390404706422,0.0871037138648706,-0.0015030963942051,0.9961895161444728,0.4645872258597991,0.0186643367767833,0.0482268930899287,0.0892596480175548,-2.2169010245459027,-0.0205231244059188,1742.4042315423278,1816.3003831088836,1827.7632833077575,1760.399536761833,-0.0568273564113044,-0.0675214359979844,10.705907191048505
11.51,0.8774578318403521,-0.0074465325152577,1.5328012210635158,-0.0038880668477412,0.0763237696776066,-0.0018384785995403,0.997073811267163,0.4832596367110628,0.0194344872700356,0.0557304325997385,0.0804648209025215,-2.217559732341045,-0.0246133309976241,1733.66929521523,1813.1938181579428,1823.1062715896355,1755.1259970686458,-0.1364945472366794,-0.076410517438156,10.57382889721124
11.519999999999998,0.8824534734588292,-0.0072676163074777,1.5331233095648469,-0.0036434342439318,0.0654356874827821,-0.0021447255501424,0.9978478322584462,0.5000740448829846,0.0196256034460278,0.0631778908902291,0.0691695863436244,-2.1992330324900187,-0.030816730084511,1724.3000411944208,1798.803846116083,1817.675998055316,1750.055493539629,-0.0831965042866811,-0.0490040946526674,10.49769365415479
11.530000000000005,0.8875710966785444,-0.0070962280188609,1.533376685261958,-0.0034205450932681,0.0545164900800664,-0.0023604995278401,0.9985042214345388,0.5146296166810594,0.0195656377445752,0.0704185493375903,0.0651583468384851,-2.175181567481854,-0.03600466498383,1716.2875061250706,1781.4473157946586,1810.7196566396417,1746.5608145573517,-0.1092864234557269,-0.0576821601037917,10.373553906070669
11.54,0.8927884694984074,-0.0069271845819524,1.5336145481503314,-0.0032265982131925,0.0436457574358284,-0.0024548879553052,0.999038843312386,0.5262496338103774,0.0196954339828465,0.0759412774004604,0.0709811377808708,-2.1567346584106084,-0.038317934267122,1707.2289715447646,1769.3373461483493,1802.7085442947143,1743.5162567627217,-0.1408121487454533,-0.1186503796482946,10.35605517087829
11.55,0.8980819751953627,-0.0067515743527537,1.5339151414002516,-0.0030458138107463,0.0328944311189713,-0.0024372169933574,0.9994512191162293,0.5346680857107106,0.0201079079460359,0.0788188370862644,0.0830557103638136,-2.1425171653648336,-0.0387057683730755,1693.7254156686654,1765.3859336026271,1795.597774855053,1735.9831404510985,-0.1437695079134948,-0.1313907813674745,10.25948097747961
11.560000000000004,0.9034288146122406,-0.0065627846509802,1.534354651392637,-0.0028459365037528,0.0223239419594906,-0.0023513217228124,0.9997439739988244,0.5403760316419386,0.0205041561730723,0.0805358335644181,0.0953993470572146,-2.1184564360738367,-0.0392088190113229,1677.1725483335758,1768.0924550580708,1790.5383649202531,1720.8252668691562,-0.1964762631432884,-0.0891456629556989,10.167994602914456
11.570000000000002,0.908806820017352,-0.0063597300234598,1.5349735272404894,-0.0025992522571194,0.0119868500512799,-0.0022613946362773,0.9999222196790364,0.5442435488282502,0.0206012748281299,0.0835586135314167,0.1015626489782921,-2.069402603400457,-0.0403653166457183,1663.963939664468,1772.969521571343,1785.7476328293849,1702.0630049180595,-0.1375696940510946,-0.0897299667833086,10.018661555738856
11.58,0.9141925115546436,-0.0061470528202718,1.5357523905916066,-0.0022989880884817,0.0019214429186436,-0.0022347310832253,0.9999930143195328,0.5467719472609093,0.0204872753271178,0.0882596983174185,0.0970388384223194,-1.9931470209351148,-0.0411685168918834,1658.9052575275791,1773.1916371257273,1778.310645493002,1687.460245298464,-0.1521066345274388,-0.1039999999999999,9.955500584492611
11.589999999999998,0.919560367275603,-0.0059339160894745,1.536615570230354,-0.0019595381442139,-0.0078552355863941,-0.0023237920577165,0.999964527108145,0.5477309883373938,0.0204904537247809,0.0927377720990863,0.0831885866998219,-1.903424272604446,-0.0412451618023807,1659.5293711540928,1764.688837646877,1769.1830337723002,1680.786594964522,-0.2165619536948842,-0.111,10.006144647980651
11.599999999999996,0.9248853911412758,-0.0057321945193712,1.5374631748844876,-0.0016011646321811,-0.0173443197911431,-0.0025459251732534,0.9998450525495516,0.5464832313462294,0.0207366199913807,0.0957906738172489,0.0683376630748062,-1.8178132083486984,-0.0419302410017679,1658.5732905756934,1752.437821467027,1763.670977716999,1680.0563367286186,-0.1517971896482346,-0.105,9.976732417445849
11.61,0.9301478513552022,-0.0055532967726351,1.5382121645781794,-0.0012385027163509,-0.0265406720779651,-0.0028731954291987,0.999642838010005,0.5426033673471355,0.0209524853943001,0.0981684232045123,0.0627980666803026,-1.7438408528017968,-0.044705567395036,1652.0996924753335,1746.4082927877917,1763.8460119845497,1681.606061504053,-0.1326834709769093,-0.061,9.869043222756172
11.62,0.9353366651800188,-0.0054033029911098,1.5388247134712043,-0.0008752774667177,-0.0354086538413438,-0.0032367282807292,0.9993672921966862,0.5362395438360049,0.0207589122975304,0.0999424784168551,0.0710240281689778,-1.6785753578636684,-0.0489865486958778,1643.3190170131527,1749.102316009068,1763.8125694334208,1682.464550854284,-0.1512959350032686,-0.042139409881244,9.847379335959715
11.629999999999995,0.9404484700200374,-0.0052785183161994,1.5393165098974524,-0.0005075425415796,-0.0438679356621777,-0.0035514250294942,0.9990308974208794,0.5279914809371397,0.0200999893790578,0.0986559989495186,0.0872644436607615,-1.6163227120892252,-0.0520095487601733,1637.7202559014877,1752.921415970156,1758.0723005790917,1680.0212032916031,-0.149037359354716,-0.0563633552108576,9.85041671472867
11.640000000000002,0.9454824146673512,-0.005164985700991,1.5397482243566394,-0.0001321770294246,-0.051805020792091,-0.0037506092626173,0.998650166614978,0.5184649092603987,0.0193292667636717,0.0924519859614163,0.098537795921229,-1.5474132330415025,-0.0511540398130197,1636.553321224358,1753.0769767154336,1751.938049876762,1673.3206569498066,-0.1653075601002231,-0.0757285984662385,9.820840615041469
11.65,0.9504336659329328,-0.005043790228949,1.5402026698218174,0.0002422628332267,-0.0591059881447453,-0.0038127096712917,0.998244402297912,0.5078791377548062,0.0188949817170066,0.0842288279989731,0.0937079900805887,-1.451371274438935,-0.0461961232065385,1636.81599337723,1756.140429806986,1755.9028432192963,1665.7069861818832,-0.1525465560760752,-0.1290611947113728,9.7562136176054
11.659999999999998,0.9552893485332176,-0.0049002094657175,1.540751577677005,0.0005892342451903,-0.0656949433524213,-0.0037677869834687,0.9978324664001336,0.4960489696512314,0.0189486661563474,0.0799728335994157,0.0724787841995818,-1.3074905506770709,-0.0391436276304588,1636.643269843505,1768.9788498036942,1769.6868334055048,1664.354228023113,-0.1549025440160745,-0.1126544899969905,9.70014613621057
11.669999999999996,0.9600288944064228,-0.0047318610906157,1.5414262171522477,0.0008701028851738,-0.071562110111573,-0.0036841377405875,0.9974289621053004,0.4827238709961777,0.0192047844245371,0.0824481378458399,0.0467361704959027,-1.1242040062931438,-0.0324873052125997,1638.4702972818468,1784.4749646557823,1779.4615887449504,1674.8221007326777,-0.195530228689696,-0.0899179656201979,9.89494575857934
11.68,0.9646281547479932,-0.0045510899300801,1.54221021037104,0.0010510060376484,-0.0767718320500155,-0.0036429706930646,0.997041478552684,0.467920493909569,0.0191487122529664,0.0884408246903407,0.032137711342982,-0.950652292937386,-0.0281388407653324,1645.3726191041912,1787.8848651958033,1773.6551245833457,1694.4212275362693,-0.2268134469859106,-0.0725046946848812,10.025321335778472
11.69,0.9690649681104948,-0.004380043672109,1.543058242098957,0.0011198380073721,-0.081446638948439,-0.0037098159910803,0.9966701702329372,0.4519128914561572,0.0184421526893076,0.0928825515684343,0.0363940438921442,-0.842514363866144,-0.0270398186428162,1655.079315942161,1776.3112083812096,1756.4267309132042,1711.7112940650768,-0.1504665209926587,-0.0185436029764872,10.00632960865017
11.699999999999998,0.9733238144110476,-0.0042412317293814,1.543924009696487,0.0010935509351974,-0.085728077550589,-0.0039103731982063,0.996310297973118,0.4349602872741289,0.0172243429184399,0.0939822119457123,0.0535985248952383,-0.8100945696336075,-0.0283956056630264,1660.372892399875,1763.472058936561,1742.1269278481475,1715.2912157175472,-0.0800097260110019,-0.0677333711379705,9.944906007111276
11.710000000000004,0.9773980355836592,-0.0041487648849382,1.5447770437050548,0.0010145678592628,-0.0897238773180194,-0.004219291293498,0.995957225021266,0.4171556087678753,0.0160382587449148,0.0933505686258952,0.0687725466820342,-0.8053085497694139,-0.0297623123896361,1656.5255956256835,1763.470648097133,1739.7108587036612,1704.1757096422662,-0.09672305523939,-0.1162553621462801,9.882087066883058
11.72,0.981289058869637,-0.0041043279576691,1.5456023919963062,0.0009404907936128,-0.0934642085465112,-0.0045693268576821,0.9956117106833914,0.3985560765463246,0.0153822100558476,0.0926744423174408,0.0691948270606842,-0.7633570747021541,-0.0292091972714276,1646.4372567711443,1774.9856636881452,1746.1480489158366,1688.1585684663955,-0.1385025342118393,-0.1204296701708753,9.885581500279052
11.73,0.9850028829246048,-0.0040986561246018,1.5463909315165332,0.000930202652475,-0.0968932194394071,-0.0048799956149787,0.9952823842470488,0.3793441228265841,0.0152689594240543,0.091981780309788,0.0544070340607301,-0.6563647322957109,-0.0271808825941729,1637.1622682404663,1783.8099408012088,1752.9064945121945,1677.733935509112,-0.1318821817490141,-0.1398571022024102,9.84230643178725
11.739999999999997,0.988544850269892,-0.0041165377626285,1.5471295546987471,0.0010272359150596,-0.0999034633146865,-0.0050919916261161,0.9949835749525644,0.3597786148745822,0.0152406774106469,0.0905575261813205,0.0369901075702015,-0.5090416772636438,-0.0254175860158367,1632.7435692879044,1778.5365226046442,1754.1267523150657,1675.370900479816,-0.1237850103295554,-0.1433910568854267,9.75848308560931
11.750000000000002,0.9919146115806944,-0.0041424981988711,1.5477961517755368,0.0012430946315638,-0.1023916913405028,-0.0051883131556788,0.9947298516013112,0.3400346856679316,0.0148215872576557,0.0879084531221313,0.0323048723228679,-0.3691591830838422,-0.0245855330203646,1631.5694852473976,1761.6316611404764,1748.1990577178187,1676.581332765424,-0.1254859429198107,-0.1107497014884464,9.721443071779506
11.76,0.995103924407597,-0.0041649796636299,1.548362084730141,0.0015482495801175,-0.1043007915009952,-0.0051922268622757,0.9945310395335654,0.3201351992807304,0.0139117935722214,0.0836310671115418,0.0448377826626294,-0.2659398653187302,-0.0238206963453675,1629.5633236988897,1745.9327495624025,1736.4344302530717,1676.643063113634,-0.1241673323896637,-0.09999294919306,9.68725826432737
11.769999999999998,0.9980992170682084,-0.004178094256542,1.5488022415545737,0.0018800948066993,-0.1056258827043955,-0.0051477332962757,0.9943908381458196,0.3000026458291061,0.0127546324846474,0.0774176887530196,0.0632565563757413,-0.1922180711336331,-0.0223509420720484,1624.7160318717408,1742.2146750714376,1723.7540910272803,1674.699612179638,-0.0771812359341539,-0.084604568528555,9.62839157906988
11.780000000000005,1.0008879661783383,-0.0041811637100727,1.5491072128323082,0.0021689973098345,-0.1063903478193608,-0.0050966984384681,0.994309012835835,0.2795643318446513,0.0116261686524734,0.069684129943481,0.0696572272783193,-0.1190676125693414,-0.0209134482949702,1619.115358247168,1750.4775190375815,1717.7572241038908,1673.002459840811,-0.0561433368537072,-0.1076379003773483,9.606715038150623
11.79,1.003464957174088,-0.0041769174103286,1.5492892943473136,0.0023693783729627,-0.1066178579895167,-0.0050643048447931,0.9942843512900584,0.2588678990486502,0.0106199444996387,0.0616826640344063,0.0555507506144389,-0.0240095705867071,-0.0210815157892031,1617.2948313577294,1761.6047168565597,1722.3385959365178,1673.9837807623862,-0.0268354412455651,-0.1175554462846239,9.604321456107243
11.8,1.0058345563329634,-0.0041693539315666,1.5493785732555885,0.0024761825087693,-0.1063241750368881,-0.0050564826786769,0.9943155788309004,0.2381294180302883,0.0096747228409495,0.0546437175049434,0.0298217926270331,0.0921772165930992,-0.0229236290715397,1622.2845231017227,1765.95005308049,1732.419922072327,1678.193461481213,-0.0239606547426951,-0.1382590743408753,9.640723315783248
11.810000000000004,1.0080082712941931,-0.004162029181041,1.5494126681646057,0.0025164797581257,-0.1055307231448024,-0.0050661100994762,0.9943999539071902,0.2176193961626905,0.0087127646643389,0.0490829846246611,0.0104137458486669,0.2101522681934147,-0.0239160604585624,1633.166630289792,1761.317918295989,1738.3479903931416,1684.9734628163546,-0.0080086515778461,-0.1128526027464837,9.66907575457206
11.820000000000002,1.0099998030631054,-0.0041571316846666,1.5494262985208382,0.0025233678163422,-0.104281219326898,-0.005082007429892,0.9945316652128484,0.1974522593216716,0.0077168459325531,0.045015187055281,0.0076160026130384,0.3095849300292397,-0.0210481396668575,1646.1960211463224,1754.741038077944,1735.7539614848065,1694.1285751649152,-0.0186268642670508,-0.1035002266554778,9.712508121958502
11.83,1.011820156213634,-0.0041553305507165,1.5494440694673437,0.0025102455457004,-0.1026420342850065,-0.0050957352991116,0.9947021388068376,0.1775016780966068,0.0067077641310249,0.0422165065683732,0.0159021119812194,0.3835034666354231,-0.0137396779324881,1657.055969787845,1756.0502568349148,1728.6283358788596,1704.5305135019516,-0.0212858492646983,-0.1078341519578041,9.790124859489415
11.839999999999998,1.0134743553564576,-0.0041561451417903,1.5494767537768206,0.002461749764287,-0.1006837745403224,-0.0051040381578927,0.9949023399946822,0.1575505532485932,0.0056944662704084,0.0399026692056543,0.0215074771256528,0.439419547372113,-0.0042407373454628,1662.533583826488,1767.6237294068926,1723.3282926479264,1711.745981357862,-0.0012771836005787,-0.0637486324685124,9.891724987926043
11.849999999999996,1.0149607278237662,-0.0041585146095793,1.5495207409988403,0.0023467293856578,-0.0984576018685108,-0.0051075344897219,0.9951253722958372,0.1375340356918397,0.0046684643642212,0.0368684466985878,0.0156616006796589,0.4897187174595218,0.0039492867459105,1662.8545764268124,1781.2660362587465,1723.2199439633996,1711.64739855342,0.0250191395571892,-0.0781924429018305,9.93105031507891
11.86,1.016273081000915,-0.004161305255451,1.5495602806175237,0.0021450969119509,-0.0959823971544367,-0.0051078224598279,0.9953676145753614,0.1176628250688747,0.0036438097121324,0.0327835101581587,7.535125098894271e-06,0.5419731997262688,0.0076044095387835,1663.0289613946572,1787.302946489443,1729.277273391073,1707.2869251397833,0.0473649910201259,-0.0847103152774442,9.952743228688824
11.87,1.017404697005144,-0.0041636197727856,1.5495716991993496,0.0018706428459732,-0.0932494000416027,-0.0051053109810016,0.9956279354693756,0.0983479468993733,0.0026876088673195,0.0289821913602915,-0.0174224898546354,0.5964860907223872,0.0053591563482053,1669.1793349581694,1784.6991488886476,1741.118503531905,1707.2476490467716,0.0842893005143547,-0.0521002617883006,9.978982777449836
11.879999999999995,1.0183521288869692,-0.004164900570652,1.5495299834941385,0.0015723002604948,-0.0902390725907941,-0.0050991488975773,0.9959058370801752,0.0799953266842177,0.0018969365314729,0.0270877169431532,-0.028415323267516,0.6490766089738664,-0.0007920613168406,1681.7882640482987,1779.2986940343071,1754.7339343505332,1715.2445576640298,0.0816057617860046,-0.1335937925843936,9.954593959289664
11.890000000000002,1.019117424286538,-0.004164904555636,1.549419750814514,0.00130989743641,-0.0869397336357512,-0.0050891813728315,0.9961997124658314,0.0627937662435651,0.0013359418207768,0.0270203398000115,-0.0284536142775081,0.6941875349254885,-0.006246022426233,1693.9257560171245,1775.5385375864334,1762.3977374269857,1725.7713552164564,0.0279746829241587,-0.101338860885502,10.019669493974826
11.9,1.019708716817044,-0.0041636503364013,1.5492493230322748,0.0011197831388243,-0.0833605169543008,-0.0050785005061882,0.996505885146416,0.0466124245563885,0.0009825303642145,0.0272362658574303,-0.018850138877919,0.7275574479472797,-0.0071841389691438,1698.1927028048058,1774.687869519648,1758.8254492785609,1732.0965043592405,0.0669508063034831,-0.052645871957217,10.077516939097704
11.909999999999998,1.0201398157848858,-0.0041614066373429,1.5490591480228355,0.0009946836326517,-0.0795365455900966,-0.0050744177044318,0.9968185385540472,0.0310956002822288,0.0007230373983725,0.0269136282112852,-0.0072934849882861,0.7490364800945554,-0.0035479966027566,1695.044486279232,1777.7162498706723,1747.2688646457889,1734.1727162253246,0.1305771660743453,-0.033054090598678,10.070308772172517
11.919999999999996,1.0204292291313546,-0.0041587260257966,1.548914103964518,0.0008915998736391,-0.075526451757419,-0.0050860137543557,0.9971304290807146,0.015947006590489,0.0004093639645771,0.026978825660899,-0.004393759900594,0.7631199879967,0.0011239143521109,1691.9290128110513,1783.3072294760764,1737.203559863292,1736.016943597666,0.0971243798972829,-0.0519430420014007,10.082776588386617
11.93,1.0205982420067288,-0.004156462786947,1.5488792448193012,0.0007604406392619,-0.0714025285879319,-0.0051180054134397,0.997434161567505,0.0012006752188799,-4.241409741640421e-05,0.0286915158247798,-0.0154129799271669,0.7756160403885956,0.0026567267237654,1694.0319280177432,1785.0158995651195,1735.206449669834,1739.3262671422035,0.0568910256735022,-0.0557773866149188,10.11340436897686
11.94,1.0206670091909926,-0.0041556795660203,1.5489919244669077,0.0005718306422163,-0.0672355743254069,-0.0051631543180634,0.9977236052095476,-0.012805648985632,-0.0005832266890687,0.0320259716119517,-0.0328536578541829,0.7898257007843845,-0.0003561387240939,1698.7156341201753,1777.0236187199848,1739.1244911033946,1743.0025437826605,0.1052947034986753,-0.0639198145805121,10.176560289155622
11.949999999999998,1.020648458530337,-0.0041573669331263,1.549246207043997,0.0003253505551632,-0.0630792550649608,-0.005197736369991,0.9979949324841756,-0.0257689480462909,-0.0010618018845667,0.035977965726685,-0.0397460279418165,0.8058463625252679,-0.0053656866819552,1700.1300816831372,1762.4719053855065,1741.741709302037,1746.045144949686,0.1042881686122074,-0.118003805665399,10.09491971913774
11.960000000000004,1.0205423605162942,-0.0041619788986297,1.549595883431909,3.708086570237376e-05,-0.0589591748209715,-0.0051850000166233,0.998246928422155,-0.0377103276945315,-0.0013389742089772,0.0397970186719541,-0.0260108668280236,0.8216790275860223,-0.0081628146306867,1696.6715057873755,1751.2971135660296,1738.3997546070725,1747.4835443976554,0.0821491277122683,-0.1069645773606143,10.065020686322814
11.97,1.020333871033329,-0.0041689077933524,1.5499713055124096,-0.0002759959071862,-0.0548697048558793,-0.0050885759615044,0.9984805184428848,-0.0488813875660528,-0.0013888320877632,0.0430827018070527,-0.0038349267906655,0.8337343068579534,-0.006809507373892,1691.8519938578188,1749.600544951105,1729.4314307435802,1744.874348660716,0.1238818006640664,-0.1146351112797781,10.0065155926939
11.98,1.0199995253930096,-0.0041761410144277,1.5503014028440276,-0.0005953645433658,-0.0507796874160975,-0.0048915265696575,0.9986977229646627,-0.0594038385474462,-0.0013081617672646,0.0449844459013533,-0.0011850442063441,0.837977431605282,-0.0033085490775066,1688.765186879551,1753.545210915099,1718.0458118022134,1736.3736833805744,0.1074245311321947,-0.1445114903164926,9.9996091041289
11.989999999999997,1.0195194636249467,-0.0041803989131185,1.5505333995266757,-0.0008849460276021,-0.0466473019988818,-0.0046102573993934,0.9989003912370166,-0.0690838127205495,-0.0012419067377908,0.0443615401415505,-0.0304821237483241,0.8329844438791683,-0.0012440098539408,1685.5968676110133,1753.061270651067,1709.8928300591374,1725.552678359235,0.1077725358481772,-0.1204594215528237,9.926156726768726
12.000000000000002,1.0188907676048609,-0.0041779860476374,1.5506441901636852,-0.0010854907521048,-0.0424428881619289,-0.004291997247164,0.9990890859747852,-0.0776325104533154,-0.0012839429521478,0.0411458247313569,-0.0615708724877799,0.8218415024984602,-0.0020884910184899,1678.5021875648088,1741.3543077089946,1711.3629531717106,1721.1551838287544,0.1546101455543375,-0.0562971211041764,9.90771376520068
12.01,1.0181356596571765,-0.0041663625387498,1.550640177273145,-0.0011495716270184,-0.0381745888549468,-0.0039943668161116,0.9992624401450144,-0.0850374204895539,-0.0014042250259502,0.0369809428398828,-0.0413085653193605,0.8095406732233674,-0.0041353615140143,1671.024569698666,1724.5373440228434,1720.2508723644994,1726.8120081214283,0.1423861339470185,-0.0966225977490984,9.826000138335225
12.019999999999998,1.017300099784445,-0.0041460809027666,1.5505485652219504,-0.0011213124323085,-0.0339061879776362,-0.0037602554760783,0.9994173170172752,-0.0916432459847539,-0.0014516443093868,0.0339958588153169,0.0329263073264965,0.7980021453522149,-0.0045826556004098,1679.339884104057,1723.2159873944493,1719.132923817382,1731.1260447211455,0.1567312404642626,-0.1424697297072713,9.82146351265837
12.030000000000005,1.016442084497337,-0.0041223364563455,1.5504081174349698,-0.0012254791154974,-0.0297536212633503,-0.0036065771405305,0.999550005164316,-0.0978107023254532,-0.0012836490424797,0.0331953068430544,0.0494062282743261,0.7841266857527494,-0.0021102089706878,1720.1163656393082,1757.083886866914,1690.2516278975706,1716.5183399184746,0.1615247287567219,-0.0963495157926715,9.89752983167551
12.04,1.0156135113634623,-0.004105117992028,1.55026465784033,-0.0019098466058804,-0.0258517423227301,-0.0035340991248221,0.9996577164450826,-0.1034861599929262,-0.0009687245370758,0.0342797210584235,-0.1769033687657439,0.7631224828798058,0.0019921149679035,1786.6057345215338,1819.4490494712763,1642.9068443442063,1683.427486449418,0.1320965515117447,-0.1133168484656678,9.891893272222084
12.05,1.0148429915964812,-0.0041070195855344,1.550168638257265,-0.0038019798458718,-0.0222981662566579,-0.0035474769096411,0.9997378417057232,-0.108160168126309,-0.0008082999223366,0.0364149386233302,-0.7481343022716316,0.7337684433173056,0.0041411918986648,1843.2453921679016,1871.788313306541,1614.773720055372,1657.9471119212362,0.1756841145694316,-0.3376054346670827,9.94158741240408
12.060000000000004,1.0141273661179633,-0.0041383283363929,1.550169227254785,-0.0075823153647266,-0.0191004679488511,-0.0036663825260415,0.9997820953872986,-0.1113311911009604,-0.0009294443095155,0.0387160356400605,-1.549809712371348,0.6999571266628327,0.0002698083319903,1855.109702350394,1876.3255579250444,1634.397571559872,1665.88286801124,0.2118554349630499,-0.5994096076355252,10.066093093800138
12.070000000000002,1.0134360655260377,-0.0042000210385472,1.5503045270430815,-0.0138068523737556,-0.0161625195878003,-0.0039164185395009,0.9997663754367452,-0.1130492509410555,-0.0006749002320325,0.0408251611028555,-2.300427206296768,0.6665158933156363,-0.0109245096628795,1821.4051538670717,1834.2340985243536,1688.695554640568,1703.7012263287604,0.1675406649854734,-0.4811424592948278,10.206126765602118
12.08,1.0127262978917753,-0.0042765253333945,1.5505921026123797,-0.0227254493848859,-0.0133309540239143,-0.0043054765595573,0.9996435877284776,-0.1139772611305799,0.0014326719084074,0.0438460795983228,-2.764567450001934,0.6336410247055356,-0.0260522893848443,1773.943023703151,1782.6328943197773,1737.5844711425234,1743.0827860479967,0.1296389665059787,-0.2162641054479728,10.42216361180144
12.089999999999998,1.011961596739543,-0.004331015703106,1.5510234757697017,-0.0341610707530097,-0.0104833272550567,-0.0048044557027258,0.9993498077750712,-0.1148772621666824,0.0067051847449079,0.0498391358633412,-2.9260163551463343,0.596051569455366,-0.0398369509061845,1747.938084096579,1756.8852730596143,1753.8940405800486,1758.423308040557,0.1838029076844451,-0.1333708914923342,10.284243025742308
12.099999999999996,1.011124745867816,-0.0043059836757406,1.551566443685276,-0.047539738359931,-0.0076003825916079,-0.0053500556298062,0.998826103166056,-0.116026599890143,0.0151514208541886,0.0591629775481247,-2.961775972445197,0.548269140560555,-0.0503778958589398,1758.2506145008506,1764.3346795557943,1740.138559873031,1743.5926826911125,0.1789585600685763,-0.176437239438323,10.293425626603495
12.11,1.0102197106730522,-0.0041303747580877,1.552180820449783,-0.0621164377897433,-0.004766943360725,-0.0058712851659264,0.9980402559104562,-0.1171211958206755,0.0256889489027675,0.0688877554076649,-3.0648408053616247,0.491484510616335,-0.0601718686975134,1793.2168427701945,1788.7362715840704,1716.7428560596477,1712.0174809535893,0.2156014333706922,-0.166510752839696,10.311068263144092
12.12,1.0092639091079894,-0.0037318666989004,1.5528468950995231,-0.0772949714485703,-0.0021015429077069,-0.0063228037993913,0.9969860044445388,-0.1176722267102251,0.0377331047108836,0.0752335778043932,-3.288864515254714,0.4352603157093666,-0.0715598057086874,1823.886815141368,1808.438686924755,1707.195046239464,1690.1854448871156,0.1882777891664353,-0.2369323712519038,10.34825984992934
12.129999999999995,1.0082773639035714,-0.0030500352622078,1.553590938683388,-0.0928241434399854,0.0003254211055952,-0.0067025309738813,0.9956599060795214,-0.1174230698866252,0.0522855883252626,0.0775397741038048,-3.5357246116869576,0.3909827407172839,-0.0830164183411246,1827.5049472412868,1811.388531334924,1727.1921656908355,1702.1496160290114,0.2118979660919785,-0.2910037080748779,10.437032157177288
12.140000000000002,1.0072753757116697,-0.0020451247503156,1.554485430057422,-0.1087363841092759,0.0025220237150432,-0.0070432501986916,0.9940424693109744,-0.1164261405679293,0.0712105683101163,0.0788204662692838,-3.669199605519205,0.3619298282864521,-0.0909079961011739,1809.084254923015,1801.3906282739254,1773.1831160340807,1748.5017073364806,0.1712235414187293,-0.2187082727403899,10.57838815918564
12.15,1.0062672522502938,-0.0006991287445142,1.555615958116206,-0.1251163984240787,0.0045423617427915,-0.0073875521268579,0.9921041668437632,-0.1148565885017361,0.0957089174571701,0.0824120286831621,-3.639104297832105,0.3394357105963569,-0.0937498826900953,1796.11131385487,1793.5373610517947,1821.917850690095,1803.2271933290704,0.1613287908967491,-0.123464091781698,10.91032807368176
12.159999999999998,1.005259427347285,0.0009901754746878,1.5570312147803127,-0.1419074432518014,0.0064299663333372,-0.0077649049912366,0.9898285908848896,-0.1128470561954411,0.1256983109628518,0.0890315197700244,-3.5109675921663683,0.3099953941188034,-0.0938589197674461,1808.985096444512,1801.3140466366706,1850.9363578849127,1838.619179228584,0.2018658497100848,-0.1207903759896154,11.21215625827116
12.169999999999996,1.004259684565907,0.003018574998725,1.558704887077606,-0.1588794649502543,0.0081834146861662,-0.0081826960482719,0.9872301610194943,-0.1104684557075982,0.1603631881648565,0.0972452417428879,-3.393238690974337,0.2683059621466571,-0.0952173322316153,1840.1745785900007,1824.9538668519956,1860.5258061144968,1851.6813628738755,0.1717058293712628,-0.1584191714630436,11.272986719160674
12.18,1.0032798016645286,0.0053842771727219,1.5605299622613886,-0.1757250789765747,0.0097633406902023,-0.0086304025866812,0.9843530311572344,-0.1077517103176643,0.1990042146930766,0.1055258572887993,-3.34062870035824,0.2240833100203513,-0.0999557880117907,1865.9574962320537,1852.180817478883,1869.388681790322,1860.662410937197,0.1923961097652138,-0.1632397893507366,11.39686591586564
12.19,1.00233541187385,0.0080941776622434,1.56234790884551,-0.1921726447086186,0.0111274011885319,-0.0090894250511941,0.9812559492409324,-0.104655725357801,0.24148033136803,0.1127973622415886,-3.3208733671196744,0.1932417950883175,-0.1065555684055806,1876.1098233954283,1872.390198682045,1889.3276197011685,1878.7303193056105,0.196434972054862,-0.2915831237994295,11.624761181192897
12.199999999999998,1.00144345409028,0.0111673235009189,1.5640004912905845,-0.208038630100173,0.012263921274356,-0.0095416221675019,0.9779971789670112,-0.1010693164651007,0.2880655030544983,0.1177168088247147,-3.266762142020383,0.1801912603683252,-0.1110924504753473,1883.7363881135475,1888.267061261968,1913.185535096627,1901.19154900326,0.1553156932485282,-0.2870326833120211,11.913527711397723
12.210000000000004,1.000618778430494,0.0146364362016975,1.5653825286689396,-0.2232160163376656,0.0132019195477739,-0.0099735251781049,0.9746285693360928,-0.0969295522046034,0.3389746783578698,0.118983537520495,-3.148966719680661,0.172324902723703,-0.1101761336267849,1902.7040079870808,1909.005651871847,1931.0239799739036,1920.713118096598,0.0993712369857421,-0.1782687520700241,12.222260917906937
12.22,0.9998716826644454,0.0185483577870247,1.566470141272651,-0.2376413173377398,0.0139957646492459,-0.0103773702326802,0.9711967015249384,-0.0923158693262074,0.3941097048281172,0.1168280838394877,-2.988090637244695,0.1552056720447829,-0.1032845487630204,1926.671552698801,1935.23545209584,1947.736911012517,1943.1531712012568,0.1558339501351929,-0.21578812910401,12.397615920789892
12.23,0.999207087851074,0.0229631909762627,1.5673087340715743,-0.2512785367849726,0.0146997254834565,-0.010751383891352,0.967743469503326,-0.0873593680094975,0.4533255204877626,0.1138780952702722,-2.8097625632257035,0.1282317074499129,-0.0930241946105782,1941.120022163688,1959.02996646601,1974.1308580930215,1978.1531187885432,0.1951787929249626,-0.3168249703741788,12.687998816718093
12.239999999999997,0.9986245924573268,0.02795091982263,1.5679687569034486,-0.2641271358990966,0.0153489405322061,-0.0111000312143289,0.9643018487036722,-0.0820883495083813,0.5168244795719205,0.1143738080027337,-2.620194650961224,0.0996963759410127,-0.0831122462693697,1947.1424971964248,1977.729063885822,2005.958058475002,2019.5797417279928,0.1661017099269051,-0.2577398986479497,12.933773103882114
12.250000000000002,0.9981183641358056,0.0335848048384767,1.568499002501135,-0.2762347785732877,0.0159520543645951,-0.011432678051272,0.9608897818900416,-0.07643886951724,0.5850581449325339,0.1216349513372491,-2.4320361691892582,0.0718275816485449,-0.0759227059209829,1958.82167857446,1997.790809973864,2024.644436464005,2046.1290662288368,0.1868244378015833,-0.1847750387423774,13.19251293539627
12.26,0.9976770397599002,0.0399324098624235,1.5689106309234255,-0.2876888659291332,0.0164913120719557,-0.0117583281902359,0.9575097361200696,-0.0704004509013772,0.6581241856291581,0.1347385095084382,-2.282449701863497,0.0402050714134991,-0.0722350153999409,1979.889763350684,2021.490140306813,2020.457453706462,2043.3980981041784,0.1791318694319402,-0.1863410018967917,13.497344423273264
12.269999999999998,0.9972849221749156,0.0470463714997594,1.5692074503186124,-0.298573823030681,0.0169269870270361,-0.0120771305791659,0.9541599929927916,-0.064087521863921,0.7353203136153477,0.1477707407945054,-2.1950483670144645,0.0062931458362511,-0.0724260872702771,1994.1994735574435,2036.4517320571997,2006.3383420732969,2022.0787887104063,0.2728442873670111,-0.2471312635955742,13.585501672352953
12.280000000000005,0.9969253398968366,0.0549575569161019,1.569446516757189,-0.3089079854034379,0.0172090253108885,-0.0123751856252039,0.9508556992428348,-0.0576837156729347,0.8153961284051465,0.1543284426712772,-2.1248357671973768,-0.019737644293841,-0.0757693555312438,1982.2274071412785,2025.8019409777544,2003.6277773857216,2010.680258290128,0.1933662140602536,-0.2389167949567747,13.378213756269842
12.29,0.9965854182064504,0.0636730793527617,1.569785219472447,-0.3185990125144395,0.0172981010299121,-0.0126293851895272,0.9476475840497444,-0.0513611175559252,0.8972650558050959,0.153679104106497,-1.968335652078132,-0.0325025227753376,-0.0785134786274914,1945.424966805127,1991.0596036513664,2016.1664402497584,2025.009596945607,0.0974720227108558,-0.2238691992873738,13.18294142831937
12.3,0.9962602260538924,0.0731803657490285,1.5704711346369802,-0.3274577605451938,0.0171881259159823,-0.0128195778709394,0.9446224863983674,-0.0452073288294089,0.980429234214851,0.1513577224769636,-1.6604499663766497,-0.0414035373762137,-0.0751170028739399,1910.8490446375467,1960.114129565368,2023.002457477633,2045.2650140522835,0.1296595972141281,-0.2954778940568996,12.937821104771622
12.310000000000004,0.995954373349819,0.0834562140264632,1.5717670170322242,-0.3352784801633313,0.0169147171605435,-0.0129369376412143,0.941878372576424,-0.0391579967956045,1.0647196823091498,0.1530912141338105,-1.2679419284641016,-0.0605317212962921,-0.0626827540460699,1904.0261305242725,1961.897615305108,2000.2634178618516,2034.3462867175567,0.1533292598247227,-0.112399263232926,13.047128855798364
12.320000000000002,0.9956803589912708,0.0944775880879715,1.573848775857431,-0.3419450853259118,0.0165420633285014,-0.0129813678572491,0.93948464748012,-0.0330346401852119,1.149722124906645,0.1592129873324154,-0.9560518851473028,-0.0897517548488603,-0.0434889958862063,1916.89704992982,1989.435352320854,1949.3162327478287,1983.725272482372,0.1710869166603058,-0.1187666754948919,12.842391330271775
12.33,0.995454461569568,0.1062299794324138,1.5767306316931402,-0.3474945613171859,0.0161378489459155,-0.0129524819782395,0.9374536430656072,-0.0267369736883774,1.2345404793931618,0.1654382722621437,-0.8306749340474273,-0.1124805573515372,-0.0231109406084473,1914.315317191972,1999.2694238850545,1897.3740328525384,1928.3131876883997,0.2009465784299515,-0.4305912848132909,12.314847407668523
12.339999999999998,0.9952921103803274,0.1187102455045822,1.580250002739943,-0.3520886502076968,0.0157528437536422,-0.0128448593473366,0.9357459269999217,-0.0204197789003459,1.3180861284517058,0.1674640395170997,-0.8211175272559942,-0.1152361449155689,-0.0067166342040622,1875.819765575203,1957.3927775312773,1868.3950868139189,1905.8935506775808,0.160582244106677,-0.4639594379778886,11.859792336246404
12.349999999999996,0.9952047595368608,0.1319234720659994,1.584110584401682,-0.3559059907328063,0.0154123413283038,-0.0126533218516512,0.9343089847268932,-0.0144594286973307,1.3994991811624728,0.1634755025238887,-0.744115531621754,-0.1046991849676797,0.0034814493032418,1818.813389282199,1878.599167904172,1859.9884029046736,1913.0246711970892,0.1238331238753615,-0.3051876850976533,11.497727092360298
12.36,0.9951989313935556,0.1458757927842235,1.5879597902920797,-0.3590208216396347,0.0151155874498336,-0.0123835062849882,0.9331249741687004,-0.0092309673055012,1.478272081936581,0.1531759451472424,-0.4810750944380368,-0.1006460985820254,0.0086695654641601,1774.5768935723058,1810.1090285366208,1852.191392672354,1914.3275166314388,0.1964639662999745,-0.2446979048363795,11.099983544195656
12.37,0.9952763872874806,0.1605658036775374,1.5914684762640878,-0.3613366158788704,0.014838981867985,-0.0120570071776715,0.9322393915836452,-0.0048672740104214,1.5540874139930638,0.1361173639715818,-0.0721139101410202,-0.1145978321366349,0.0118219221104411,1751.925774388544,1780.7681203412992,1831.790393213308,1887.4245652571333,0.2077872161033506,-0.2512730839469226,10.609704340188175
12.379999999999995,0.9954340091875572,0.1759767217144554,1.5943833013463105,-0.3625980726986801,0.014543094246538,-0.0117050479744593,0.9317586210692416,-0.0011559995519083,1.6267050531617142,0.1115196881471474,0.3586560344810835,-0.1404208829896648,0.0151672611666338,1733.263706447627,1776.3487934948148,1802.4739761255212,1843.709871057762,0.1829617823905317,-0.3611048106935639,10.118357232178475
12.390000000000002,0.995663178677594,0.192071151439186,1.5965371530454848,-0.3624576834120341,0.0141829044515231,-0.0113555104914445,0.9318231191263604,0.0023507922083338,1.6960803601690555,0.0799020291922318,0.7395886446333239,-0.1649445983426135,0.0189221084187642,1700.780201253725,1763.187559851193,1775.5475676788444,1808.0361144568471,0.1386392069607974,-0.3975734248733698,9.721736657523063
12.4,0.9959497736867868,0.2087906949183387,1.597825475183639,-0.3605594227536302,0.0137181653873956,-0.011022987671185,0.9325702163080128,0.0060671612737241,1.76249354770392,0.0451275089504926,1.1012632156502171,-0.182731343830539,0.0222725306257436,1656.5097423226607,1726.068534951408,1756.6846012098747,1791.9608683976626,0.1201265907979744,-0.390298876166689,9.484104607475938
12.409999999999998,0.9962758724564362,0.2260627782527751,1.5981730962975356,-0.3566171806344653,0.0131219203339234,-0.0107059712678348,0.9340970955218132,0.0101301565852073,1.8263486898157928,0.0134201113536455,1.5133881854943294,-0.1985385015583306,0.0251056836419095,1615.9884756601166,1679.4657560250048,1741.8239085455566,1788.2185140971426,0.1288481619614273,-0.393217677257561,9.20407245329758
12.419999999999996,0.9966229610899198,0.2438158864569789,1.5975216711340454,-0.3504800142825379,0.0123865166719116,-0.0103892762566215,0.9364306684064294,0.0143520035055785,1.887726660338754,-0.0120584176512954,1.9984935656510985,-0.2177279684156997,0.0284573824652127,1590.266866145948,1647.9644261250285,1722.8173926648776,1780.898231300528,0.143459679380373,-0.4248666903909708,9.014519412142189
12.43,0.9969753699202674,0.2620018633644415,1.5958597095621536,-0.34217394649279,0.0115251419930461,-0.0100509995204695,0.939512181321897,0.0183630555201913,1.946282431654329,-0.0356312284791208,2.5072673473830496,-0.2373022578695071,0.0333483093512399,1578.9972938483338,1642.00323146692,1695.0066693862354,1757.263577240356,0.1343594443864731,-0.4330393533994927,8.895402078276817
12.44,0.997322702269918,0.2806208931293682,1.5932886943771327,-0.3319012700886827,0.0105675565381712,-0.0096747933892508,0.9432053180698288,0.0218234861565199,2.0018207302245727,-0.0656829721167418,2.960358906244364,-0.2478407373445271,0.0392968949681785,1576.954655669761,1652.4263516228748,1660.6050108657687,1716.6709231043158,0.1033252979020913,-0.4834021594055508,8.693699479001761
12.449999999999998,0.9976606721257928,0.2997420607447855,1.59007977952158,-0.319980835275015,0.0095521297939774,-0.0092629405297098,0.9473305757790392,0.0245968274577248,2.0549327898012635,-0.105682239104091,3.305815187733557,-0.2436137537409567,0.0439680591999159,1581.6817443028551,1664.3619258476936,1628.3949751330176,1673.290939112642,0.1635560880498653,-0.5907199994415118,8.469235035374897
12.460000000000004,0.99799041186934,0.3195106942879686,1.5866622724607495,-0.3067328833203018,0.0085171832609167,-0.0088406511525428,0.9517164697358732,0.02679934847222,2.106745530068713,-0.149662800607599,3.545236241458965,-0.2285027210014282,0.0446418932569363,1594.8931225325005,1673.1693282868937,1610.6494504572588,1646.7526298502823,0.1451467247435583,-0.6908396421031187,8.463464515982508
12.47,0.9983167525483096,0.3401339233468972,1.5835223674265455,-0.2923447310633147,0.0074933298203851,-0.0084461071106538,0.9562463445694296,0.0286827813774461,2.157932542770562,-0.187093893255486,3.717480684268309,-0.2108715477908893,0.0407955157307207,1618.7837953657836,1686.556272072924,1615.6730093692229,1645.232519493373,0.113772327082336,-0.7265352834591652,8.551719570681628
12.48,0.9986460775269052,0.3618391349837548,1.5810538456480283,-0.2767836928746237,0.0064989946794389,-0.0081105364105753,0.9608760427994734,0.0304540864216099,2.208376042079759,-0.2110067847168414,3.861914845042685,-0.1950315590387661,0.0353225639430708,1651.280444793285,1712.5493369276946,1640.1222554023511,1658.889486508701,0.126515659646238,-0.7889267496377239,8.869243467605925
12.489999999999997,0.9989842431725644,0.3848075094898519,1.5794375912669762,-0.2598239789240877,0.0055406569960013,-0.007839767271406,0.9656082741698304,0.0322016114645352,2.2581999553432515,-0.2207981599257631,3.9946231417718328,-0.1808910470418861,0.0323564651495972,1685.3007506092272,1747.3830882565292,1670.7057198419309,1672.640188149753,0.0963846187033314,-0.8422081955383756,9.238371888852788
12.500000000000002,0.9993350211294916,0.4090971828690353,1.5786063229194502,-0.2412041862649093,0.0046148784305267,-0.0076099669020047,0.9704335792979882,0.0339397486985255,2.3086726298786373,-0.2193987709552916,4.114551152639614,-0.1704920188480282,0.0334590152286563,1713.3355631038876,1776.9590444041037,1694.986466896447,1681.7542068374478,0.0699841000613527,-0.9002036985598614,9.520447841511332
12.51,0.9996994794823788,0.434584859262661,1.5782982812500197,-0.2208454659144834,0.0037081240458555,-0.0073835275388464,0.9752738146398467,0.0356462766220144,2.3609510400003164,-0.2110332423582365,4.225364319189883,-0.1691010944742613,0.03610806450284,1731.3441251938589,1789.9123972097186,1708.4416323001944,1689.5067141277104,0.0996897273110177,-1.0089951281932006,9.639492465148312
12.519999999999998,1.0000766004467174,0.4609608990590681,1.578161133254995,-0.1989937858204953,0.0027972244172257,-0.0071366339573915,0.9799707736438596,0.0372505239704113,2.413560389943144,-0.2016176326944164,4.34335593203076,-0.1771814193021833,0.0355883868050071,1738.606326640942,1787.785729885798,1711.2239672106798,1693.6679970135542,0.1038031208027752,-1.0104706263526904,9.84217093031258
12.530000000000005,1.0004651285637225,0.4877970337513977,1.5778551138731145,-0.1761741425400986,0.0018578531456513,-0.0068784885991035,0.984333229285968,0.0386409515903909,2.462159318524149,-0.1972638982945138,4.479942852532355,-0.1854424060414491,0.0280991339876853,1738.8568659359175,1783.480840102265,1703.3026434040803,1685.8263370825705,0.0841887474262947,-1.066896149720261,10.062501782192085
12.54,1.0008658265126549,0.5146665794647223,1.5771166112757995,-0.15297506837399,0.0008806780010473,-0.0066468768220947,0.9882073020832944,0.0397113572958615,2.502771918656125,-0.1995771298063162,4.619521944661246,-0.182793555187906,0.0130069318356465,1742.6149349459715,1791.2676060154656,1686.6209685261083,1666.0200369337722,0.1012768335815454,-1.088020465686561,10.072287516017743
12.55,1.0012823491100786,0.5412608774727606,1.5757690992196225,-0.1298158609286152,-0.0001168411800841,-0.0064837318233375,0.9915169135325652,0.0403946397480654,2.534912604433322,-0.2040230203094891,4.722925729575201,-0.1687521291396235,-0.0065632449499875,1760.5072596366135,1815.2958221949957,1670.0580870523277,1649.544446116688,0.1092337117117348,-1.1157239074643015,10.08815693150331
12.560000000000004,1.0017191707527378,0.5674468999572775,1.5736982640860822,-0.1068502780770682,-0.0010944260890171,-0.0064094497919466,0.9942538605707062,0.0406716860717319,2.561024900348637,-0.205436040402341,4.760354198156977,-0.1539719244296554,-0.0251213608207308,1789.9497794606248,1845.639831947268,1667.5947952051877,1652.9897093808456,0.0406246578018407,-1.1822279749072957,10.244949809961252
12.570000000000002,1.0021770002916033,0.5932499143481981,1.5708279962426257,-0.0840336714148579,-0.0020062715479154,-0.0064125370020394,0.996440262289824,0.0405865989631829,2.5833870992972408,-0.2045401540943449,4.740259263240705,-0.1463787108860104,-0.0377228007884493,1816.8986014852512,1870.66068824498,1688.142677393986,1676.3491759822557,0.0819176778145217,-1.2867780169051772,10.579182140665273
12.58,1.0026484486526326,0.6187873015605955,1.56712914993313,-0.0612676244005237,-0.0028182268912637,-0.0064574241923576,0.9980965070925284,0.0402611354665394,2.6021884410157,-0.2065344981747054,4.696802130356819,-0.1395778641874935,-0.0427070818296195,1837.9655587926409,1895.5154759888117,1726.7570362756026,1705.472071573032,0.0644111942932226,-1.3841773167537328,10.886592126553388
12.589999999999998,1.0031172598035396,0.6441962583559669,1.5626651102370408,-0.0385265887411509,-0.0035149723000035,-0.0065023104264106,0.9992302371770078,0.0398532686775816,2.6161913789812745,-0.2129071741216256,4.646778399960706,-0.1208607318194338,-0.0423561802524193,1870.8761749977157,1938.7877858075688,1768.9177390852085,1733.3434846541686,0.0555518549754296,-1.328630129933838,11.32796563401129
12.599999999999996,1.0035626450823716,0.669587867518261,1.5576481926722472,-0.0159195655804116,-0.0040984784928197,-0.0065169828671905,0.9998436371953784,0.0394409339234228,2.6243139509046416,-0.2178047702438612,4.574523942821779,-0.0919925986211267,-0.0410505909828362,1929.7628955645907,2005.0204294936707,1806.3601054595315,1771.4549081325804,0.0851645061149356,-1.2698802804369755,11.771680136512185
12.61,1.003967463907092,0.6950370787552552,1.552470921911786,0.0063269974053366,-0.0045842213646422,-0.0064944705234153,0.9999483866034952,0.0389223474793508,2.626227853812989,-0.2150176697282267,4.471619515885454,-0.0734453889309715,-0.0424920897852581,1998.519477128638,2073.1185393001606,1846.1924624921844,1832.6866553641423,0.0781056161928487,-1.3833254931731034,12.508008403769024
12.62,1.0043267030146406,0.7205970113269246,1.5476878494084698,0.0279714028836586,-0.0049970993358523,-0.0064540876302674,0.9995753970420682,0.0380724662373864,2.621963017482756,-0.2056085804119368,4.371717762821066,-0.0790339633513713,-0.0477778965716437,2048.844250195305,2124.0537586848486,1899.365329312393,1907.2284241873108,0.0655798777566659,-1.5240158198903602,13.374245286985628
12.630000000000004,1.0046518535611095,0.7463156658358392,1.5439402542751766,0.0489087900867509,-0.0053625413914692,-0.0064341164815076,0.9987681290205336,0.0367587356372136,2.611660290893796,-0.1931256392146855,4.312514651230683,-0.0920752838308628,-0.0548778889844552,2082.4013195286216,2169.455565839908,1961.9562700879933,1967.7128163955012,0.1710182271861682,-1.4238661472426803,14.306329585774488
12.640000000000002,1.0049679976732016,0.7722359179159658,1.5418302364343723,0.0693153757137621,-0.0056957570684624,-0.0064797056372201,0.9975574923060484,0.0351096354400216,2.5957231889180683,-0.1715956426966024,4.268472117036507,-0.0813192068150055,-0.060080086204197,2130.607395725615,2233.471985080406,2016.5832645189507,2001.5108729394583,0.157261264406307,-1.326086319412808,14.891108239626876
12.65,1.005303774710772,0.7983725258706514,1.541773389115216,0.0896879369301368,-0.0059933290411621,-0.0066247726285987,0.9959298501219048,0.0334239783337639,2.5743471702804808,-0.1252318005372254,4.1713771931026695,-0.0416395038917929,-0.0616815243492758,2203.4598681407565,2307.0884085751886,2054.9114240683666,2027.4086493051616,0.0726756722839477,-1.4367801478765627,15.54822996708712
12.659999999999998,1.0056784231766192,0.8246765282845635,1.543889855201544,0.1107229949161219,-0.0062378470738112,-0.0068780188278712,0.9938079293896238,0.0318780602777356,2.54606831017899,-0.0444875561036622,4.029805865455648,-0.0045950848746593,-0.0626667696471636,2259.343455063284,2341.661800613261,2088.262150956857,2071.047055103209,0.0547134714882961,-1.4732110862522902,16.19264158151724
12.669999999999996,1.0060920377071672,0.8510097154013087,1.5479982834256885,0.1330428332955366,-0.0064124935672154,-0.007219274524036,0.9910632505094178,0.0303368582213057,2.5071777217102267,0.0606811091194317,3.9925313670613214,-0.0022365550027552,-0.0678749515226656,2247.302681805103,2302.225987622287,2125.8236937067954,2127.421742903143,0.1878017376030695,-1.5125811153937478,16.81896743955489
12.68,1.006523507244482,0.8771525761260633,1.5537259181905436,0.1568520030809208,-0.0065133161426929,-0.0076075119789303,0.9875713400073024,0.0284884465547569,2.4542490794197818,0.1673059118533222,4.224975508369299,-0.0303561849004806,-0.0777858330678875,2172.41982729496,2216.4053794959154,2149.4710575277672,2157.1451615429773,0.2354835668216464,-1.45329133222328,17.075416586119992
12.69,1.0069366888906877,0.902854517963616,1.5606687237417645,0.1816852276063535,-0.0065504998576016,-0.0079937413556721,0.9833024301405858,0.0261778101321483,2.3885383902917923,0.2572018895473457,4.70286154110562,-0.0546114696261206,-0.0869893315437768,2094.2677626024047,2149.548771194216,2126.6326600473835,2124.234687205151,0.1391726116351035,-1.1132177706162176,16.406732866584225
12.699999999999998,1.0072919888361536,0.9279053560603988,1.568499099161448,0.2064387491521228,-0.006542183920334,-0.0083314822685849,0.9784021816621564,0.0236116167519787,2.317298150873404,0.3259865018604491,5.1784730235981336,-0.0471345003551217,-0.0900694985704842,2055.802529868767,2130.716155873242,2050.266040665064,2035.411664912252,0.0676080481439974,-1.0150529539249753,15.422250319219128
12.710000000000004,1.0075593708940322,0.952172225201535,1.5769597707664351,0.2297790731181544,-0.0065106607153313,-0.008585535032234,0.9731831674675748,0.0212497755248203,2.2492289930506644,0.3784612938816512,5.399151066865761,-0.0124738352190402,-0.0875098530742334,2037.8814425729115,2123.3235404806023,1953.5262034472837,1937.971728890957,0.0991133028258076,-1.3279348740711914,14.492857995562108
12.72,1.007729742608583,0.97553539867252,1.585761461909784,0.250793821965145,-0.0064843927328745,-0.008743820852517,0.9679793164690556,0.0194762968903531,2.1882528800308685,0.420776226385454,5.343211167966506,0.0184207417141482,-0.0841317253815928,1996.258336020704,2076.775263550579,1879.6319059400892,1877.2806165910015,0.1397720425952555,-1.4114193666392847,13.46405538400984
12.73,1.0078229910268846,0.9977014279083736,1.5944591936508274,0.2695429707026184,-0.0064971276250492,-0.0088294441369747,0.9629259655828496,0.0182788506786507,2.1327537164900168,0.4567797281067885,5.205195250555127,0.0180848354621369,-0.0829740230514795,1922.109381233724,1989.841279147932,1843.838343532258,1857.6640162724948,0.1065786056923972,-1.2127498099733467,12.756090631354038
12.739999999999997,1.0078907304787448,1.017967562893953,1.6023943485033572,0.2871673552214353,-0.006572414617802,-0.0089014146660879,0.9578165159769172,0.0171786087722807,2.0812819306022203,0.4874730862746266,5.167678300018185,-0.0088017039558132,-0.0831536006989673,1848.453447139023,1909.5667828825328,1828.301473737837,1847.1236718935836,0.0984919399797931,-1.067926566822356,12.2914907900439
12.750000000000002,1.00801038994122,1.03510411328249,1.608762608856484,0.3054470866109816,-0.0066965163796431,-0.0090361522504556,0.9521426268693924,0.0155672941368516,2.0357670743999567,0.5106878641090812,5.236039548348439,-0.0260103237710603,-0.0832876148603809,1810.7709686752955,1878.2516689754823,1809.6153556596453,1820.0531063588792,0.1258243339677929,-0.9806255500217054,11.77300939792907
12.76,1.0082677063611056,1.047535125402577,1.6128123278910564,0.3260203316700927,-0.0068030451418364,-0.0092956810118612,0.9452925749359542,0.0133030146965856,1.9926676868862587,0.5195007011302253,5.294166285489931,-0.001316419544834,-0.0840745888181618,1818.7370877762876,1896.9716734414883,1786.037044481193,1789.0780694302318,0.123569179415941,-1.0069255917845368,11.176961020179316
12.769999999999998,1.0087294180164454,1.0538784134240775,1.614112821578718,0.3496451887286527,-0.0067938786445623,-0.0096987423569013,0.9368073545871436,0.0110379113875069,1.9293710660597467,0.5013337909957424,5.255794578776454,0.0562584118235523,-0.0861401572180521,1860.875175303252,1940.0654841306537,1774.5016982751,1786.9418915480635,0.1257451085310158,-1.077785053881815,10.990210402963609
12.780000000000005,1.0094152246089871,1.0536780061496165,1.6127844438667278,0.3758154269099661,-0.006593789276195,-0.010209110819368,0.9266148395615832,0.0097979523800723,1.810024198069961,0.444446701625639,5.0993511598212695,0.1008162941412839,-0.0865707036262547,1923.0882092978604,1993.792311754215,1781.001783552149,1818.5464525061852,0.110872940792575,-1.0989255496592785,11.17161397217994
12.79,1.0102827319378924,1.0479545035901745,1.6095730764062353,0.4028417110359751,-0.0062027810722474,-0.0107449173120821,0.915185570312674,0.010024436378962,1.6188574187235485,0.3525021780628683,4.760736101288893,0.096179274311097,-0.0791051723939612,1999.2329785453849,2070.9080615992834,1782.368328090735,1844.310075436496,0.1134184408796062,-1.095638849657532,11.655441415257062
12.8,1.0112361130685958,1.0391877914680934,1.6056955103012178,0.4283391650312692,-0.0057051469748194,-0.0112038929794592,0.9035305660465592,0.0110194292422162,1.3875013219539385,0.2513475085267915,4.074189115980103,0.0545518056679055,-0.0587248201114959,2084.045804790697,2180.386052098173,1751.4603940054772,1824.107161011469,0.2062876052040628,-0.9806349371500972,12.368040012875117
12.810000000000004,1.012157789748229,1.0306174935900516,1.6024817250889245,0.4499443770351263,-0.0052273280926312,-0.0114959715346598,0.8929672867770456,0.0114999694064105,1.1766180487438052,0.1733690507052101,2.921645994532516,0.0221227364248007,-0.0269925054294636,2155.1771611669133,2285.175843262289,1703.0367773073112,1775.5790941794096,0.1581217949290137,-1.0413544667939307,12.537560586834935
12.820000000000002,1.0129488317812905,1.0251587649705702,1.6009519624746271,0.4660060585913451,-0.0048768028301035,-0.0115729448798535,0.8846923968799122,0.0107394450830411,1.0251348743560489,0.1324664584693871,1.4730713124614412,0.0262988856150471,0.0071170542461515,2172.822774718719,2311.604441639537,1695.77357247909,1769.4978910457455,0.0782920228637352,-1.4626291935030622,12.491572577444703
12.83,1.013558318801759,1.0244705707929491,1.6015097895839223,0.4760037922944519,-0.0047029909022831,-0.0114440998294602,0.8793561873194312,0.0090565281558413,0.9226208569719444,0.1171062236221862,0.2011365459496501,0.0445942889993725,0.0330598201237562,2117.036953144061,2225.2697463725517,1768.458102366834,1850.334472893113,0.1400136993257851,-1.4491064952631092,12.7849420876861
12.839999999999998,1.0139894320280944,1.0285903756120784,1.6038731565929614,0.4805656003409533,-0.0046960496021963,-0.011170209538827,0.8768750636812132,0.007231641622499,0.830478916893774,0.1060238372964262,-0.4557385983404745,0.0319963053292769,0.0464565402811504,2025.775847763784,2090.64362854085,1881.2720267264024,1970.529484054466,0.1977263399239535,-0.926601827829292,12.99778906134669
12.849999999999996,1.014284243474502,1.0361977166468843,1.6072536064962326,0.4811044192954277,-0.0048103060454487,-0.0108362686506154,0.8765831243937394,0.0056806038079158,0.7209131727435765,0.0859957888259988,-0.4864049954048548,-0.0234292117739056,0.0511109742602287,1970.2873212044435,2021.5299495036109,1945.947055135892,2028.6117643159228,0.2306161243813937,-0.3858457405558084,13.47101682293398
12.86,1.0144991359999267,1.0452719403107693,1.6106934695789237,0.47922090320511,-0.0049898191133163,-0.0105137767470472,0.8776171649044976,0.0042819503987565,0.593451087517552,0.0560623371274102,-0.3302907322733526,-0.0815633171388879,0.0538115065494244,1980.628014173316,2060.9589012484685,1918.684895894107,1976.5926598525637,0.2297319281877156,-0.2298220339598824,13.415562053450374
12.87,1.0146834907236062,1.05381365890738,1.6134141026869633,0.4761159415028568,-0.0051835780996735,-0.010231760660355,0.8793077116906926,0.0027965359400728,0.4633551377636831,0.0211211061260872,-0.4791771331325414,-0.0918606141197932,0.0579321205715581,2014.237832597424,2135.3979217142205,1841.839173964963,1869.0672328033008,0.1524199736688301,-0.4860019731922547,12.979916466209634
12.880000000000004,1.01486864954666,1.0603722538018354,1.615034783274428,0.4722668559832426,-0.0053526212695261,-0.0099732903100184,0.8813829472287515,0.0012262039248622,0.3429081643280377,-0.0150515656452703,-1.060708242516169,-0.0483436261005278,0.0622252915484551,2009.1749516065915,2141.976363676567,1786.6076586668753,1798.4332466651688,0.1350068233721743,-0.7463364335481586,12.455599051900377
12.890000000000002,1.0150674173410383,1.0642666455335523,1.6155933278674874,0.4674833908797946,-0.0054769411715027,-0.0096976005658428,0.8839316935771668,-0.0002021852634802,0.2335090752585916,-0.0515400751159001,-1.80745396622093,0.0046892287198243,0.0650561207018934,1951.8561106038544,2059.168721884163,1775.8359100100367,1799.1804325994858,0.160127099858696,-0.6054722188013395,12.114858371448287
12.9,1.0152797865949823,1.0655232484395532,1.6153962801945294,0.4612396934482254,-0.0055621455279314,-0.0093699280253362,0.8872086632657016,-0.0012256341526292,0.1298488726025435,-0.087501760698905,-2.383784394759692,0.020096781052075,0.0681534741545434,1880.481158745897,1953.6269686491007,1777.380897490332,1827.5520093583923,0.1133761656295815,-0.360900540327135,11.719366516205504
12.909999999999998,1.0154995750001272,1.064637954446593,1.6147951636241584,0.453046187880712,-0.0056354715179659,-0.0089789656131416,0.8914240131856684,-0.0016997532492258,0.0273493888398799,-0.1198931250947609,-2.695511989839795,-0.0069325309463517,0.0747478399836632,1834.5167380944436,1895.0716737702444,1757.4594066064362,1822.4772517890333,0.0951259070743029,-0.1707432866067879,11.232048249005254
12.919999999999996,1.015719010012718,1.0622882732573915,1.6140010613906806,0.442668297143463,-0.0057253655743826,-0.0085355756059827,0.8966265347636222,-0.0017185449472382,-0.0743129060608823,-0.1457526876023173,-2.9003844052076,-0.0423907796493952,0.0845644884376848,1816.8005531885128,1889.30330191956,1717.7487332411256,1768.6315825095253,0.11618865841283,-0.1631170212190751,10.96086222836255
12.93,1.0159314487596725,1.0590944732718566,1.6130173911315766,0.4301440228134158,-0.0058379500836192,-0.0080605210216808,0.9027054148378484,-0.001643588581266,-0.1723165285348037,-0.1668617156768232,-3.190428387490745,-0.0536627625360713,0.0926116108042056,1802.9581396354224,1892.188265542478,1680.4907786946344,1699.735842016128,0.1233070316061793,-0.2447336362577781,10.63461915346951
12.94,1.0161334362449157,1.05548109003921,1.611705921761029,0.4156726282759592,-0.0059530659687217,-0.007572710733099,0.9094632929150472,-0.0018899250984032,-0.2634856002924574,-0.1903476207254904,-3.61154059582549,-0.0389057586412613,0.0936558997967315,1773.492256818964,1866.3963878402049,1656.8463332504589,1655.0549249628796,0.1014816191286092,-0.3133603433468774,10.20635750266943
12.949999999999998,1.0163260145150057,1.0516437226012827,1.609930059362313,0.399483004811782,-0.0060461774630898,-0.0070850437268351,0.9166932828160264,-0.0025573142900803,-0.3463171462444863,-0.2227281844762603,-4.069116260546057,-0.0199991590036339,0.0870578315619863,1729.7947826907068,1812.2634352542025,1641.0170801726445,1643.309645733332,0.0736664589150306,-0.1865320437003124,9.783039466628146
12.960000000000004,1.0165141944330047,1.0475932479920491,1.6076799532931665,0.3817600097977379,-0.0061170899132905,-0.0066080153278635,0.9242176206195436,-0.0033076975674087,-0.4215127302223799,-0.263007921550703,-4.449092263910567,-0.0166360481119388,0.0770432095359866,1685.9772753456934,1753.9516177289634,1626.373425972643,1645.5409755904782,0.0823626582902029,-0.2176753471884165,9.480025702066728
12.97,1.01670453672627,1.043235992504881,1.6051034949876062,0.3626487433446339,-0.0061993339410019,-0.0061555487851965,0.9318849534295522,-0.003712860367076,-0.4911274646283693,-0.3028458922539999,-4.70786522862536,-0.0313008697864239,0.0692302873330162,1653.3714239775295,1711.7997523193426,1615.6350512462554,1642.7834151935433,0.1189535114973045,-0.1616425145044129,9.132103389455636
12.98,1.016902454477682,1.0384524905651569,1.6024352335606238,0.3423011059926877,-0.0063397467805117,-0.0057463091510003,0.9395513505807348,-0.0037241372187054,-0.5569521652344075,-0.3343912923137019,-4.871040079776086,-0.0527494120765888,0.0669804862294868,1632.93405662881,1689.900897059132,1615.5551624048453,1634.328448262292,0.0974557382819603,-0.049204870462284,9.106627607182514
12.989999999999997,1.0171107290508912,1.0331519236439797,1.59988185419288,0.3209042970874358,-0.0065604798115195,-0.0053974818918065,0.9470735237586831,-0.0036998220398276,-0.6193847293012786,-0.3570572624444498,-4.985951366124549,-0.0662721972979734,0.0699059893977639,1619.6753176840753,1681.0272711609846,1626.317674648686,1630.2801936633005,0.121047051055986,0.0013872792305393,8.956132473505903
13.000000000000002,1.0173289197139077,1.027295744282691,1.5975376983830838,0.2986560794958965,-0.0068298622828322,-0.0051141234070466,0.9543226628887714,-0.0039393935747977,-0.67773960300171,-0.3757165158889647,-5.090643129755263,-0.0617167117544782,0.0751064538547653,1611.8518533504164,1677.7626614223143,1638.1073906422814,1634.0304187718248,0.0713007961852893,-0.0102667493623549,8.923713587202409
13.01,1.0175524092139734,1.0208965423027485,1.5953651471483208,0.2757087979761859,-0.0070661821752319,-0.0048824912645024,0.9612028345084326,-0.0043132240248514,-0.7314410056358285,-0.3938147065096877,-5.208170743278521,-0.03856331615364,0.0797845243371306,1611.8430648397452,1678.4690109876267,1641.3283411712212,1639.8983649386194,0.0710755383444352,0.0561799665332483,9.103595223608602
13.019999999999998,1.017771211990553,1.0140039880528997,1.593228418252472,0.2521406457725691,-0.0071782891522993,-0.0046748538854243,0.9676526818313416,-0.0044901650601352,-0.7807133776372432,-0.4103957264048553,-5.335793233729159,-0.0069006872186515,0.0824828130701231,1618.648732574852,1682.9122244742614,1642.2885896290609,1647.8057220798803,0.0803702962777037,0.0731689419115553,9.218444160351345
13.030000000000005,1.0179705385930733,1.0066886006147877,1.5909520713787146,0.2279918551294073,-0.0071195256871955,-0.0044634945808701,0.9736267783728872,-0.0044887328368456,-0.8262524718413786,-0.4231064276193742,-5.426168651066575,0.0179075977354486,0.0820230081393582,1627.9634587081546,1686.6940312496145,1663.274089832697,1671.0883679150677,0.1164540056803369,0.0995401442236572,9.329657123407536
13.04,1.0181346674146208,0.9990290442000812,1.5883812304105704,0.2033453348298878,-0.0069184786174177,-0.004232023305062,0.9790734903138204,-0.0047930380819099,-0.8684748731528593,-0.4314662730931518,-5.402191265553987,0.0239263201487066,0.0768797690997634,1642.9937071167496,1687.5035013847216,1719.9133481613549,1721.4860530735657,0.1048435178565785,0.0992697215019786,9.634326345689995
13.05,1.018252905209326,0.9911036047132668,1.5854280712149167,0.1783908463060459,-0.0066653906851838,-0.0039754409904071,0.9839291002862748,-0.0057975076949277,-0.9070325779612796,-0.4363032484612565,-5.222617905555983,0.0086975758714975,0.0672629857751996,1676.193358941783,1696.265067661428,1800.60993049982,1789.7495519450104,0.0705998219476511,0.2277237431357286,10.163471407843543
13.060000000000004,1.0183241972726,0.9829838879240014,1.5820937288737076,0.1534236601898324,-0.0064648571478643,-0.0036941331447838,0.9881324503811828,-0.0072674746684317,-0.9409123274805268,-0.4372658753867183,-4.938548529273439,-0.0197494602113218,0.0570731392988602,1733.3092442783886,1732.4867709153766,1877.1828277781967,1852.1554202933423,0.0916879934975337,0.3736893924203786,10.914175830814754
13.070000000000002,1.0183575197937274,0.974729207172822,1.5784622535723207,0.1287781724450775,-0.0063860507650442,-0.0033935729034821,0.991647056326131,-0.0085476990884672,-0.969145034510576,-0.4320403008318758,-4.665620656641693,-0.0455466073189816,0.0513402896965095,1801.567826321963,1802.8881865612557,1936.5485290143567,1898.2939822043495,0.0327428199113444,0.4684642836457922,11.67289937156971
13.08,1.0183677860889526,0.966382596362532,1.5746737713266274,0.1047400061310544,-0.0064371762815537,-0.0030914336879699,0.9944740001201336,-0.0092754785690897,-0.9916053955138036,-0.4180498639357509,-4.486714376097559,-0.0506466654229996,0.0508794179053535,1861.219289042891,1888.7281177118048,1991.1624965053363,1942.2826422083815,0.058904957118363,0.3198140183057703,12.334615543089376
13.089999999999998,1.018369345198085,0.9579711196316508,1.5708918229420974,0.0814850877024196,-0.0065717742190972,-0.0028197072039017,0.996648905842487,-0.0097078794298502,-1.009037389770824,-0.394548454126334,-4.386358450829839,-0.0253800173083616,0.0511071993996446,1906.1141328049523,1959.5167397145533,2053.568146817601,2001.4830033751537,0.086307188842329,0.2564347534226048,12.969716302313294
13.099999999999996,1.0183699841235847,0.9495117550833096,1.567279897767031,0.0590663097378299,-0.0067182267141232,-0.0026106332481745,0.9982280406188836,-0.0103359312400908,-1.0221976399040182,-0.362797730627284,-4.284985399747419,0.0184367158968769,0.0473562508790274,1946.1111240708212,1998.7171052457604,2112.872986729466,2071.804141491209,0.1286514503694877,0.3981659413060865,13.699786005029484
13.11,1.0183678399502534,0.9410207648944422,1.5639933634344825,0.037437742686982,-0.0068159757788854,-0.0024725112506801,0.999272657779047,-0.0113535152419316,-1.0310669904433436,-0.3242161437401772,-4.129131613759492,0.0476655358872147,0.0401889376629289,1989.395097979816,2014.497735878888,2148.325746680516,2130.278395535953,0.163881101198301,0.4609341883424083,14.509185451112932
13.12,1.0183524070701333,0.9325224992333248,1.561180219929159,0.0164961808529664,-0.0068398493861029,-0.0023754872905798,0.9998377116001246,-0.0125933422492385,-1.03490141545958,-0.27885052947127,-3.941012572638494,0.0352987457822233,0.0341744741729631,2028.8990196232608,2027.7010705110008,2158.577636157039,2158.271946720978,0.2001906976605682,0.4526197432237344,14.825196175049904
13.130000000000004,1.0183093410045083,0.9240543686186748,1.5589774452296743,-0.0038730169626154,-0.0067993213166153,-0.0022625363771585,0.9999668243988812,-0.0138895658057978,-1.0328442014124912,-0.2264321462078466,-3.787371777829442,-0.0069070489833681,0.0324753817704121,2049.904460185293,2050.9248704775828,2161.154725107735,2157.322167823981,0.153591504003902,0.4463521239990253,15.048704751818324
13.140000000000002,1.0182273040851322,0.9156669525143812,1.5574957102901663,-0.0237581869739693,-0.0067158702109399,-0.0020818470291428,0.9996930086541402,-0.015362872816482,-1.0243987365430198,-0.1690267722094329,-3.711055826036678,-0.0358002697991627,0.0340660876624842,2047.0381526397928,2077.0495042820507,2163.966706549715,2143.232171081502,0.1532848657146316,0.3358605371414672,15.212207795899776
13.15,1.018103990465728,0.907420320782954,1.5567973293484272,-0.0431947743342086,-0.0065949572955242,-0.0018188459772495,0.9990432472159542,-0.0172646610328929,-1.009493746342815,-0.1115069574679143,-3.692430772358816,-0.0242471457786483,0.0355431393090649,2027.3481283654112,2086.622226072306,2155.2108856425666,2128.119547256,0.0183382953637359,0.297462763528757,15.2320961842859
13.159999999999998,1.0179482310524994,0.8993787537215299,1.5568767593892203,-0.0621691923215039,-0.0064219207219121,-0.0015078409032307,0.998043825128007,-0.0195551849294242,-0.988320925338139,-0.0582491123915578,-3.669332719561072,0.0107781620062425,0.0344632415758663,1998.1080350210984,2066.708237849622,2126.5823257541106,2110.1515115542416,0.0456372463805994,0.3443034809021661,14.96844270760594
13.169999999999996,1.0177763820756072,0.8916056912334942,1.557648162586732,-0.0806450660057529,-0.0061794966403426,-0.0012130566146793,0.9967229884194752,-0.0217604493669144,-0.9612048504463684,-0.0097726405662973,-3.592141020146008,0.0352355777790351,0.0312939672190712,1960.5047547411011,2021.728642129247,2088.915835932843,2079.967475197298,0.0810145718281512,0.3049316408057079,14.433747006570648
13.18,1.0176041708496748,0.8841594274012472,1.5589433689227552,-0.0985990883531085,-0.0058755870715587,-0.0009938440908508,0.9951093957582872,-0.0233626173001713,-0.928658233788805,0.0361330400425467,-3.4647463704632173,0.0388726961726969,0.0285245139619415,1917.2235864615209,1966.9829191896445,2054.1170845829383,2033.558383551455,0.1807439449608558,0.3378232696584939,13.925558987018697
13.19,1.0174383452412956,0.8770893931828884,1.5605303918196591,-0.1160502638166648,-0.0055554707810784,-0.0008770926552561,0.9932274179265076,-0.0243036265175872,-0.891557057298323,0.0799912946939347,-3.337169816688273,0.0356255072841686,0.0272112656299862,1876.2218054565951,1915.9526159312895,2016.0720825541807,1976.604462725428,0.0389599547506626,0.3320096206722769,13.46485536089441
13.199999999999998,1.017273211887079,0.870433539909836,1.5621630900418333,-0.1330651144178493,-0.0052852995996078,-0.0008518762100576,0.99109283886023,-0.0249991936953449,-0.8511232521320452,0.1184619752965568,-3.258154174407304,0.034340419948033,0.0246451745429268,1840.819037636348,1874.0221290735103,1964.103325019503,1919.1868410873296,0.0711732207211441,0.3446691508028663,12.749826626477596
13.210000000000004,1.017094245836198,0.864217922918108,1.5636559463105697,-0.1497240229338548,-0.0051159086587997,-0.0008837566620959,0.9887141970302944,-0.0258550220294433,-0.8084798658628313,0.1468279330975989,-3.2295014115423166,0.0286795873253944,0.0170034393091797,1803.008599328678,1838.1933977599465,1906.8153551099776,1870.6461944858672,0.1391982964360397,0.2970506621287732,12.031757703448744
13.22,1.016886394475499,0.858458782990068,1.5649554903978342,-0.1660501468469574,-0.0050509597620944,-0.000935132503828,0.9861039306608536,-0.02688436831364,-0.7640338172158565,0.1629535327895901,-3.1989164743827736,0.0159266359707399,0.0046321044890006,1753.6558035204723,1799.720796763228,1867.4214539641032,1838.6565576384285,0.1329753056120554,0.2653863076944871,11.404386109382903
13.23,1.016641952281527,0.853166031437687,1.5661711161947889,-0.1819319520558577,-0.0050396884752331,-0.0009791209966454,0.9832977207760076,-0.0278525233074313,-0.7173215005382574,0.1687235981116275,-3.093032417142473,0.0089900052703136,-0.0067434163026139,1696.337628842071,1751.6230591396627,1856.4526672311265,1827.18940026812,0.0969591066624135,0.2579847422966983,11.033746541428137
13.239999999999997,1.0163637731481765,0.8483464037775384,1.5675400393735377,-0.1970890645303181,-0.0049980857364053,-0.0010025576236698,0.9803723347074554,-0.0286613028633647,-0.6676570699955122,0.168373099982092,-2.8623559710357727,0.0215267763745833,-0.010968711274526,1646.2515104146532,1697.764193215417,1859.0414513600704,1830.9165667658076,0.1143656239786394,0.2895070730050935,10.711361044929443
13.250000000000002,1.0160629590125458,0.8440048666403706,1.5693276672576062,-0.2111156789440579,-0.0048468656331223,-0.0010015161075228,0.9774485536144653,-0.0294159927407475,-0.6150874319064259,0.1657080231691072,-2.508324878350205,0.0491512776181538,-0.0071519189470858,1616.0470955658088,1652.3127337225328,1850.958593929445,1833.9757240442743,0.0953269322003754,0.3373000704466844,10.34276469202379
13.26,1.015753273140247,0.8401438681868773,1.5716947368072782,-0.2235924246371325,-0.0045473404970198,-0.0009761578959682,0.9746716351956972,-0.0301561476302311,-0.5606957146283426,0.1624156042183205,-2.08057329064375,0.0731767358179842,9.789912974278708e-06,1604.6106602769328,1626.745797305512,1822.2443914332785,1820.5637949048253,0.1309447865121715,0.3315839994912961,10.17483203843025
13.269999999999998,1.0154456527597522,0.8367614119354322,1.5745836104481383,-0.2342164939985342,-0.004118139118329,-0.0009301350932895,0.9721752978336494,-0.0307490271499653,-0.5058986686569422,0.1587149536844412,-1.6492157881922145,0.0796613189051183,0.0048657240602426,1599.5815816828351,1618.069659453253,1783.8110798239863,1789.3964868479015,0.1518629829497451,0.3213911851117501,10.009268220836232
13.280000000000005,1.0151454408000309,0.8338497782011078,1.5776762274810396,-0.2428877382017258,-0.0036255189407602,-0.0008750198388526,0.9700472342025112,-0.0311379875118318,-0.4514646006724476,0.1554110841868919,-1.2677701687423006,0.0695867632731671,0.0048592813476695,1589.9706421669655,1612.3587452741567,1753.962439427712,1754.5874793227786,0.1137953847342063,0.3087419085372076,9.816842928377028
13.29,1.0148529557171733,0.8313960664689511,1.5804525051693017,-0.2497101772969835,-0.0031530848219419,-0.0008352668807318,0.96831512832324,-0.0315196179939645,-0.3973000513950353,0.1537623362056436,-0.9498015900560904,0.053437673873814,0.0008061578027419,1575.1810868314974,1599.647901802149,1740.1100228816215,1729.6373418562373,0.1124283739362512,0.2111944002232686,9.433828234717248
13.3,1.0145657363553175,0.8293842154923144,1.5823411586492324,-0.2549090640370678,-0.0027651528335876,-0.0008470019829749,0.9669607052973734,-0.032109211716283,-0.3432239966083468,0.1514047566059999,-0.6752768107101758,0.0419700862657809,-0.0047051532980139,1561.1268605754535,1582.5329024428454,1733.397961403694,1713.6057691904166,0.0864878618289138,0.1227432250321518,9.204138880230186
13.310000000000004,1.014280051345274,0.8277974907760808,1.5829187538303089,-0.2587022671873028,-0.002479115446417,-0.0009464284683278,0.965953464309698,-0.0328081564589889,-0.2897942752246136,0.13982237758015,-0.4143570476468482,0.0416733111460437,-0.0087374043373595,1549.4295485247214,1568.880486473675,1721.901440926419,1697.6861709746909,0.107431308252346,0.1933330779057236,9.125334093122
13.320000000000002,1.0139909490841024,0.8266209423357784,1.5820839385289516,-0.2611848033503691,-0.0022591699790233,-0.0011506553526186,0.9652854866007748,-0.0332690653478297,-0.2380886382753837,0.1103835578686595,-0.1370118149970849,0.0530227125804539,-0.0096652535980231,1534.287288734343,1559.324852794371,1707.809962966495,1683.0178324705394,0.0889355487090916,0.1477219069675608,8.99140800778597
13.33,1.0136923540361429,0.8258436042912053,1.5801242528543673,-0.2622791233737143,-0.0020364172454233,-0.001441698628204,0.9649888268535464,-0.0332980358313777,-0.1885825000666776,0.0647487378557874,0.1969768492465178,0.0693589185756183,-0.0085084901906031,1513.028690173153,1547.8969167009789,1705.643049483099,1682.7343403331577,0.091747828095429,0.1044930589451427,8.660509434945041
13.339999999999998,1.0133787654774205,0.8254596176864061,1.577627159347146,-0.2617742110481692,-0.0017467861901788,-0.001766551554956,0.9651259453893664,-0.0330801985772079,-0.140464381995186,0.0165025071507437,0.6296103317003627,0.0791143627557828,-0.0076963089638171,1498.188132943064,1537.1640575551328,1721.0994692768304,1702.2635656249836,0.1039964272048885,0.0596967743679881,8.646019277931241
13.349999999999996,1.0130479752302188,0.8254673435649577,1.5752654462586797,-0.2594365340627148,-0.0013660131735168,-0.0020574865440859,0.9657570012951792,-0.0329691555449693,-0.0922469147725894,-0.0197864466017106,1.1545927146301629,0.0732088002573534,-0.0078990924995038,1511.668123656605,1545.6544129436306,1738.9726645266671,1725.5016083073765,0.118,0.1987624812865904,8.904768142525262
13.36,1.0127026293429071,0.8258668983999518,1.5735584861136918,-0.2551427637162227,-0.0009219509957155,-0.00226175290146,0.966900307479226,-0.0331210195167746,-0.042995286020065,-0.0400548807134604,1.6759130206284374,0.0531646462816998,-0.0071048080948845,1561.0457900468389,1589.667745067562,1738.6595786449234,1729.419546764594,0.142,0.1927732106911204,9.212638010110885
13.37,1.012349304366302,0.8266581048848629,1.5727173562866632,-0.2489724648648729,-0.0004787352493699,-0.0023621328092603,0.9685075646995548,-0.0333814863146988,0.0070795681590168,-0.0508424697493421,2.0505422354750973,0.0317458017803968,-0.0036483094977331,1625.269394870904,1657.6350384110654,1718.1969701807589,1710.1591911827877,0.106,0.0787512699831243,9.359973877825515
13.380000000000004,1.0119958213069429,0.8278405395239241,1.5726241631501685,-0.2412152573960548,-0.0001025433834979,-0.0023772445044203,0.970468720666862,-0.0334966034792095,0.0570261405526987,-0.0604567024302911,2.202925676824913,0.0230003631892915,0.0008319799552043,1670.6857213971548,1713.4669961452432,1697.0866943472515,1687.8722891388798,0.0655993360783877,-0.1123179942707923,9.441377921223634
13.390000000000002,1.0116484650704565,0.8294152038966607,1.5729259124561772,-0.2322872950020815,0.0001735139416484,-0.0023452761758835,0.9726443759942208,-0.0333845560366627,0.1059051724523453,-0.072234088191808,2.1976069065303614,0.0299620725726445,0.0027895868446044,1681.2488790385637,1730.811619919573,1695.969210791969,1685.6593956633724,0.1051677198107965,-0.1943199797245274,9.55967641566856
13.4,1.0113102259789215,0.8313856592268943,1.573185222002225,-0.2225989212526409,0.0003669760002343,-0.0023036966605525,0.9749073179371832,-0.0331952841711064,0.1531765263307813,-0.0851874844344665,2.1838093787104937,0.042886800073948,0.0006363765584288,1670.005039320475,1718.3750202436704,1716.6477820185926,1706.9003183424054,0.1177518431127549,-0.1804494114200721,9.69355699572978
13.409999999999998,1.0109803427973996,0.8337569420685195,1.5730286959606408,-0.2124414522642985,0.0005344184828347,-0.0022759401044329,0.977171000313334,-0.0331206387840099,0.1986247715258324,-0.0978975354090241,2.263182911999639,0.0500013068236491,-0.0040733023749226,1662.9422247935809,1707.6578170476184,1742.0479053929162,1733.5227202081646,0.123220222565323,-0.1626450905612908,9.874259503748489
13.419999999999996,1.010654968030787,0.8365322940195591,1.5722499043467653,-0.2019464122462207,0.0007350041023593,-0.0022688818359877,0.9793936688201856,-0.033162594167202,0.242180109010927,-0.1100144492025459,2.4149198950623623,0.0479423296398648,-0.0089208476167862,1675.4456893121828,1720.091786019394,1754.189524323609,1746.127141747205,0.1549126806598848,-0.1519231256073019,9.967891021744592
13.43,1.0103285913866873,0.83970871788432,1.570843906432087,-0.1911235403662919,0.0009912809380958,-0.0022783119838665,0.9815628451477064,-0.0331120078000669,0.2838710817278471,-0.1210700662399557,2.5450058002975062,0.0404292795392776,-0.0126886243669427,1703.693420857074,1750.1385062304216,1751.680211735874,1744.712142832176,0.0945286984547466,-0.2019821331347215,10.078187476881087
13.44,1.0099958868249652,0.8432724295630123,1.5689731946387402,-0.1799382489705404,0.0012739846757361,-0.002296693886729,0.9836744017802092,-0.0327675443049804,0.3237969767728182,-0.1297091394521201,2.593134891825153,0.0303669599041637,-0.0152281631809532,1734.252798301776,1778.1357944999825,1749.5671496299233,1746.203641075526,0.1463148810457522,-0.2883753453778066,10.177173893172052
13.449999999999998,1.009653715868733,0.8471957704212656,1.5668883208913569,-0.1683764707446129,0.0015223723478336,-0.0023183184300064,0.9857188604676692,-0.0321545701820781,0.3619784652851093,-0.1345531884137866,2.58227457448976,0.018562277083408,-0.0165297381780019,1758.2883970131477,1793.9274852877747,1762.4121349901095,1762.2217667608393,0.0679509107875985,-0.283994638735523,10.408497354325103
13.460000000000004,1.0093029049569533,0.8514379743348713,1.5648389885802811,-0.1564682596342899,0.0016864886045672,-0.0023399376306086,0.9876787758047086,-0.0315064174376461,0.3982089074733007,-0.1352534388143179,2.5737551304370605,0.0094143075875613,-0.0164421902851812,1776.5834086389766,1804.1864573189268,1788.7959067740032,1786.0944756846727,0.0627243895509221,-0.30457202224036,10.611529260682644
13.47,1.008949266148618,0.8559513514154612,1.5630062003172347,-0.1442765452562021,0.0017625855257401,-0.0023581663680612,0.9895330266507428,-0.0310365226572218,0.4321150659568387,-0.1324746537853636,2.594855364135493,0.0106807153628387,-0.0149426136021534,1793.687901326065,1818.8263080587224,1813.186269421456,1803.951918956763,0.1673040315464951,-0.2801902189617027,10.858230145761624
13.48,1.0086032830852982,0.8606914659074244,1.5614700284610517,-0.1318759611285974,0.0017990498973921,-0.0023669270419248,0.9912617676235947,-0.0307455925180713,0.463404772131163,-0.1270529705831973,2.62048734056777,0.023379378585145,-0.0124821642912906,1810.090958774892,1837.4671883859996,1822.0206681076315,1811.5900851547128,0.0631563656314923,-0.2650723125843304,11.05366139243832
13.489999999999997,1.0082779976237484,0.8656270863017619,1.560212183712233,-0.1193403483361661,0.0018703577905085,-0.0023582289398159,0.992848841353509,-0.0304456244043053,0.4920471107407034,-0.1192485735851,2.615259237494334,0.0361791137917321,-0.0101551940063642,1821.7066693069469,1853.088878575311,1816.450756005436,1815.5459831445487,0.0965189650245391,-0.3456844987725489,11.145897071694094
13.500000000000002,1.0079851630616896,0.8707452828731986,1.559143549711587,-0.1067402685633873,0.0020352695122652,-0.0023275896035473,0.9942821305201386,-0.0299380306783848,0.5181768588999738,-0.1087861021094989,2.576443276929377,0.0356951988619958,-0.009227223195802,1826.36600724556,1863.7277384579456,1809.1110259166817,1821.8565289049577,0.1584442246247086,-0.3351195379397573,11.32975443683905
13.51,1.0077306391741738,0.8760490136561825,1.5581441299541166,-0.0941426852712928,0.0023034182424249,-0.0022821319359058,0.9955534345017036,-0.0291618429828159,0.5418136677848487,-0.0957369593240314,2.5321779789374537,0.0216608045508656,-0.0100015899110299,1827.5997692487888,1873.429993804115,1809.9716279287052,1829.10557073215,0.1188075924046534,-0.3509455454596515,11.433787535030074
13.519999999999998,1.007510862228484,0.8815476333985358,1.5571041684592226,-0.0816089235155038,0.0026295291340647,-0.0022463063577219,0.9966584285937288,-0.02822334547902,0.5627205141555588,-0.0814948401327479,2.5079567198347794,0.0074209285678566,-0.0113809609175352,1830.213537144229,1882.7457428527268,1817.196037198196,1831.970375631396,0.1049635022952817,-0.4040388853027947,11.330777136562576
13.530000000000005,1.0073125441364628,0.8872437313304631,1.555958156227663,-0.0691932260160098,0.0029382551157795,-0.0022592884051815,0.9975963912055186,-0.0273092718249738,0.5805709685712448,-0.06856711628733,2.5022479766684684,0.004514367583622,-0.0121344607536596,1834.76138880882,1885.6848015889043,1821.424467633974,1828.4177147179005,0.1103832429068465,-0.475073776196909,11.269842967093878
13.54,1.0071168052269526,0.8931215372603566,1.554705823987165,-0.0569431507665002,0.0031633251693381,-0.0023610955332637,0.9983696190202,-0.0265168332781856,0.5952252761790202,-0.0586295888044082,2.4903853852881506,0.0098771858917672,-0.0122242335561142,1838.5515982610032,1879.377669835803,1816.5884158480944,1821.9339704092315,0.1393235404841303,-0.4550195162536693,11.27552983797193
13.55,1.006906514874154,0.8991421097492048,1.5534153406264106,-0.0448988351576173,0.003276654318729,-0.0025713674149,0.998982855812642,-0.0257494728132622,0.6068224776168127,-0.0506232981618825,2.4462850072729245,0.0106948409082771,-0.0121024820963966,1839.29231653142,1871.245763067018,1805.576892420088,1817.4142428038024,0.1125748576457476,-0.3853930887553949,11.246869527324732
13.560000000000004,1.0066733438922082,0.9052480996112288,1.5522065537827192,-0.033088968700614,0.0032929230634079,-0.0028723171884848,0.9994428580974488,-0.024850237435474,0.6156258691216496,-0.0418850797851871,2.364354478815552,0.0010052820907977,-0.0113964992682822,1835.1030543493812,1870.073593732228,1796.6681507269109,1816.5718804415703,0.1320327242029918,-0.4700824546545177,11.068183003621938
13.570000000000002,1.006421116528414,0.9113763813923312,1.551219095257444,-0.0215264549802392,0.0032530356095878,-0.0032090215084768,0.999757836516556,-0.0238439972632615,0.6217691907566227,-0.0318338987833611,2.267900035992973,-0.0100017917332959,-0.0096908194175508,1824.274382876976,1873.0002110650455,1795.3268389302543,1817.680112165085,0.1666007514503917,-0.5364587572859882,10.988403289261246
13.58,1.0061643537000489,0.9174726952407302,1.5505769958822284,-0.0102102175578206,0.0032007072163754,-0.0035108960584924,0.9999365882592772,-0.0229318651953499,0.6251169662460945,-0.022989116442194,2.193461945073747,-0.0089861540489067,-0.0080789362558595,1809.8407736854112,1870.15985782962,1799.0804057862467,1818.0511603331,0.1869747186081981,-0.4755244460399405,11.208768350354996
13.589999999999998,1.0059230368077867,0.9235018059670926,1.550359651099935,0.0008615061339676,0.0031653036258969,-0.0037227218410612,0.9999876899253466,-0.0221936126724394,0.6254072940669025,-0.0167612798336789,2.1557683234722056,0.0041499569342564,-0.0080874494944247,1802.254735022581,1861.7715419684569,1799.9375481271022,1815.7110333617013,0.1305186618450234,-0.4186946361992615,11.170143409850574
13.599999999999996,1.0057152482818392,0.9294497425958664,1.5505813302696412,0.0116716954608506,0.0031568492236271,-0.0038265288542243,0.9999195785186809,-0.0213965555100648,0.6226159240105221,-0.0098607321723633,2.125422446183687,0.0147701587096851,-0.0090550698859661,1810.1248343379036,1859.8204349355408,1791.6719053429904,1809.677678150419,0.1566460947874895,-0.476303692216449,10.853093775964014
13.61,1.0055496400800306,0.9353184996302096,1.5511810766830303,0.0221686130366551,0.0031685662953096,-0.0038397423034371,0.9997418512609676,-0.0201959199121509,0.6171808078103522,0.0024315292925987,2.0526297387602828,0.0101816444152569,-0.0085205932579235,1826.79990145304,1868.9842626560749,1775.1626552241064,1799.941340814196,0.1471508800964393,-0.4269687548302582,10.82184867649634
13.62,1.0054206336533251,0.9411161748128726,1.5520321989667063,0.0322774084353898,0.0031869344760369,-0.0038002466374984,0.999466643004575,-0.0185104107854999,0.609781396960118,0.0201248995547079,1.9225218816442435,-0.0066357873339703,-0.0058419830241753,1833.2507868576577,1876.0427009385264,1757.5620901588234,1787.6413272343002,0.1684558181371122,-0.396239897985524,11.065865777998583
13.630000000000004,1.005309440146866,0.9468469423321084,1.5529784446824568,0.0419405548988219,0.0031990338641276,-0.0037454033382973,0.9991079661332646,-0.0166575239780536,0.6008634465074008,0.0382748561592523,1.78076898466444,-0.0220710637664821,-0.0035347921371792,1818.3623846254773,1866.2630548868303,1746.3503848973096,1775.0568214972598,0.1172568533585403,-0.5411809310495405,10.822866433912452
13.640000000000002,1.0051917391541485,0.9525050318612548,1.5538860414217572,0.0511576719418622,0.0031977880002254,-0.0036999264185199,0.9986786156206068,-0.0151184976205507,0.5904327728363581,0.052617479760098,1.6922300230517129,-0.0271787023153446,-0.0036491501765787,1791.4313814132197,1843.8362525045768,1742.8037455357314,1764.42560567235,0.0999942620032311,-0.3909064807230675,10.596246830222253
13.65,1.005049077663391,0.9580743475771684,1.554685816302498,0.059987384788486,0.0031839641842416,-0.0036747601234876,0.998187293135084,-0.0141718731469849,0.5783253870168592,0.0628391397046966,1.6735004412633745,-0.0247465389455727,-0.0043750913950838,1770.3311714669655,1826.2066078046248,1740.0980034815009,1755.3252986757748,0.123518457375795,-0.3463730497536263,10.545882896049616
13.659999999999998,1.0048784101066248,0.96353211438623,1.5553855633928697,0.068499115032703,0.0031655110333632,-0.0036727133292285,0.9976393947496438,-0.0137205138279139,0.5645792183548716,0.0699368781537615,1.6744604944246066,-0.0225825525277642,-0.0022849928953306,1761.4036551882416,1820.6836678782167,1728.9270462946288,1743.365483123073,0.1428697315640461,-0.4279883334784518,10.32771161014429
13.669999999999996,1.0046946259916372,0.9688534881223996,1.5560523608849517,0.076707561339115,0.0031545897606506,-0.0036937931798433,0.99704180177603,-0.0134183334584578,0.5494264741626961,0.0732332912831439,1.6273390460587178,-0.0233739819176532,0.0026658340574284,1756.5898414072471,1817.0314179317,1707.1772046507276,1724.0006974842445,0.1600331393836048,-0.3930893348280855,10.214810880542208
13.68,1.0045244451379425,0.9740148950837868,1.556777263103531,0.0845405892698489,0.0031623624032504,-0.0037352382043616,0.9964080169416012,-0.0129226212328214,0.5329409858428231,0.0720014035804529,1.506368584891422,-0.0230105071049198,0.0063977288617578,1748.0198341344976,1804.5330666311893,1683.5880562685136,1699.0830764135285,0.12567909052293,-0.4672884790836864,9.9571073118462
13.69,1.0043947224309704,0.9789956486521126,1.5576348166690914,0.0918632796820524,0.0031921661746838,-0.0037862403813062,0.9957593144454864,-0.0120436503331276,0.5148636565819406,0.068389538440064,1.3385243747441105,-0.0180113535324959,0.0054120703832035,1737.822415176896,1786.7025397490595,1669.162142513353,1677.4415671396307,0.1080491819766282,-0.3554920222722693,9.770058231785262
13.699999999999998,1.0043209302932932,0.9837786586972672,1.5586481209167775,0.0985361453781476,0.0032332754112858,-0.0038223352341272,0.9951208789576718,-0.010754533570474,0.4949272680120162,0.0661042380594113,1.1676487789610437,-0.01236158419229,0.0010111582611861,1731.890466429081,1773.963190700034,1665.2822746726545,1666.690667655047,0.1175789494163042,-0.381127475786043,9.748070683676596
13.710000000000004,1.0043007409597031,0.9883509008122467,1.5597719888688166,0.1044661689646603,0.003259065519289,-0.00380650710571,0.9945158161323742,-0.0091725579881333,0.47333397020167,0.0663085793885937,1.0178897732126055,-0.0154112514960669,-0.0019913655124909,1730.6565521975165,1768.5258312567269,1663.7233125133248,1665.359150282825,0.1583790460323957,-0.4185845149307932,9.691622872240648
13.72,1.0043145137821077,0.9927031572755056,1.5609035700779688,0.1096243364180607,0.003233303793002,-0.0037012880906543,0.9939609404186626,-0.0075599241286969,0.4507804672249486,0.0666166150514097,0.8868963068333942,-0.0326933256095937,-0.0003005370534729,1729.9864999126826,1763.5855133189427,1658.2874934662336,1664.6297403446813,0.1538556009963521,-0.3879677637029459,9.644589925158527
13.73,1.0043316038896517,0.996828288861031,1.561917164204897,0.1140302598913576,0.0031250213495737,-0.0034888045031628,0.9934662361216976,-0.0062753107567828,0.4279377915087995,0.0642193854832385,0.7613039793567424,-0.0589652400231627,0.00468898478082,1726.565107279382,1754.8360365056924,1651.826757918485,1657.3889091151605,0.1361187904654532,-0.3328270397908137,9.479687071447366
13.739999999999997,1.00431994272708,1.000719021302363,1.5627077185274365,0.1177215464517353,0.0029262523489017,-0.0031875322442414,0.9930372169190812,-0.0056197313301351,0.4049591964473139,0.0585445461381208,0.6321803909284265,-0.0806488793557646,0.0085929325285708,1718.8883615635614,1746.331579381342,1650.0127128511376,1644.4804083270578,0.1102203523933804,-0.3337118911632704,9.487225024405952
13.750000000000002,1.004255947321972,1.0043678326708243,1.5632255173583212,0.120727483304619,0.0026612864893508,-0.0028523503612259,0.992678022536296,-0.0056454156578513,0.3815717122924231,0.0506256830218191,0.498353302072201,-0.0858965104778419,0.0085808442894363,1707.510182500779,1744.0503442138,1652.3402530392932,1632.3813433247392,0.1615973491874208,-0.3957213881681567,9.444056296728746
13.76,1.0041318495595049,1.0077701271371324,1.5634908582977596,0.1230586442314439,0.0023771912567912,-0.0025535318499081,0.9923932680730654,-0.0060886626335647,0.3575779747343058,0.0413638284394108,0.360466337797817,-0.0731780041082156,0.0060650394166678,1698.091378281259,1747.7202462287823,1653.3205067743536,1626.554761160544,0.1637562846273516,-0.3274109182112941,9.374323747662071
13.769999999999998,1.0039579350716548,1.0109284701328434,1.5635850718954298,0.1247133072872239,0.002117111186287,-0.0023458624517344,0.9921877875458178,-0.0065150888781187,0.333108939867586,0.0314055005795747,0.2163331986424599,-0.0511998047279139,0.0047057237138842,1699.2993687261442,1751.5592533269655,1651.1577976097867,1628.1201634328731,0.0974169925579575,-0.3241817010622836,9.43765149867049
13.780000000000005,1.003758493739525,1.0138541907470733,1.563621057028154,0.1256932248059656,0.001893662242445,-0.0022471335062385,0.9920648051776626,-0.0065775349618523,0.3083991902795709,0.0218907065385488,0.0651786516577717,-0.0322042118671241,0.0059580225341618,1712.322324174946,1751.2846181832474,1651.121164900865,1635.30429327719,0.1292621602730126,-0.3141902938230796,9.466803481074749
13.79,1.0035628601160358,1.016564508545831,1.563703948365262,0.1260177777803547,0.0016840112056623,-0.0022376354342935,0.992024030342624,-0.0061906085524596,0.2835212444809082,0.0140379973209254,-0.0840475777206304,-0.0256628876175957,0.0074536920729309,1726.0258608711329,1747.7400213564256,1659.0545577407224,1645.7202195136088,0.0712630070708104,-0.3682296699232772,9.473500051729108
13.8,1.0033956850222876,1.019076215785294,1.5638977295163463,0.1257274266970527,0.0014529424748674,-0.0022769607877793,0.9920611465952454,-0.0055117793308695,0.2584483773497902,0.008047511233205,-0.2140228924812543,-0.0348111939464613,0.0062668274526137,1728.218258361222,1744.409400468107,1673.7234250688143,1657.1314685931152,0.0737562518391924,-0.331665550096941,9.561083434124686
13.810000000000004,1.0032712431002286,1.021398804148594,1.5642104188086168,0.1248738871092412,0.0011869114985626,-0.0023252208017019,0.9921691876426856,-0.004774420757367,0.2332772342270719,0.003205009844945,-0.3139632393373768,-0.0542530265734559,0.0028455701886791,1719.4307279263794,1743.9638499727942,1687.5759847762984,1667.300869227329,0.1031220914650486,-0.2556162518778615,9.664731288666427
13.820000000000002,1.0031940654184337,1.0235304378077577,1.56459967587433,0.1235031084906725,0.0009115722649086,-0.0023573336899089,0.992340966708027,-0.0041214511909365,0.208282686315472,-0.0010138778531317,-0.3919255259890207,-0.070497068553567,0.0004222145561276,1710.544087542452,1747.0706104514425,1694.8546709603656,1674.0564979048208,0.1174181940293092,-0.248055623122533,9.71357327411742
13.83,1.003164214987858,1.0254590061392983,1.5649917358425869,0.121642961771697,0.0006775813143706,-0.0023663291003962,0.9925708696216914,-0.0035733205041082,0.1837662662558828,-0.0045781865495632,-0.4673142120226453,-0.0697499449856783,0.0007863047666278,1709.1154491218476,1752.164071186785,1697.40244870182,1676.761248973302,0.1074315358368548,-0.2378382566093928,9.705362670446725
13.839999999999998,1.003182931609104,1.0271676967782208,1.5653054511255302,0.1193054554717775,0.0005246898057413,-0.0023582081601563,0.9928546579684022,-0.0031176039791543,0.1598783092080669,-0.0074701535407578,-0.550559858109905,-0.0499830489900019,0.0021621522474925,1713.4198370674412,1755.903281887635,1701.2899850504225,1678.3981005265637,0.103349408247219,-0.2837479436919188,9.736865617865206
13.849999999999996,1.003254545826968,1.028642084246368,1.5654759574567252,0.116503617942709,0.0004508395538225,-0.0023437413607591,0.9931873995507544,-0.0027726137131209,0.1365592813497194,-0.0099172268484939,-0.6337498866408046,-0.025757216148519,0.0018241972463482,1718.427938573475,1755.6440381116631,1708.6330030716877,1683.7914573759117,0.1032152792894428,-0.2585140233987637,9.778570874208938
13.86,1.0033830038131726,1.0298756333830703,1.5654736044895947,0.1132726738965737,0.0004082533330724,-0.0023318563720656,0.9935611189672212,-0.00253960065867,0.1136382973050171,-0.0120285879915945,-0.7019526276791822,-0.0177658387779428,-0.0003856046746337,1721.8961630929252,1752.2811415224369,1715.3745147954378,1693.0764890106543,0.0671173163581799,-0.1988545650405946,9.803229474204276
13.87,1.0035646772657998,1.0308721547083093,1.56531369818944,0.1096807255797325,0.0003289909445625,-0.0023267319166639,0.9939640921682482,-0.0023423638719126,0.0910383730154669,-0.0137927357106466,-0.7503971676400899,-0.0340702850425292,-0.0021585167883311,1723.84502005893,1749.6043498469155,1717.8988354871049,1699.3712612666168,0.047045025702437,-0.2206469798509918,9.826409064960572
13.880000000000004,1.00378176994771,1.0316452331281327,1.5650540677631986,0.1058187240475799,0.0001638679084959,-0.0023282283125295,0.994382698029876,-0.0020830849332467,0.068947127832611,-0.0155835202563934,-0.788652640873109,-0.0614010566288683,-0.0017930360153987,1724.2138662372804,1750.186230761963,1718.8043912160242,1696.7995753269822,0.1049125316508924,-0.1871775644809692,9.865548796501775
13.890000000000002,1.0040010687571468,1.0322153896393118,1.564780432526248,0.1017721584233063,-8.910904717860498e-05,-0.0023339413175384,0.9948049922207696,-0.0017613026119844,0.0477714221048038,-0.0180635490219763,-0.8298059620426237,-0.0772698185594495,-0.0003208985707293,1723.2106547810654,1752.8311271220275,1723.1894609617784,1688.7222869254333,0.1205833489465103,-0.1757511732947572,9.97880375982725
13.9,1.0041803170707615,1.0326061359162482,1.564582123947542,0.0975907185742959,-0.0003849769255108,-0.0023411339624073,0.9952238052481912,-0.0014889215748779,0.0278335460319702,-0.0211311694340182,-0.8779095723090105,-0.0714806526000206,-0.000433870578839,1721.9233750866238,1754.7684293605937,1730.814653932459,1684.1060679783852,0.089,-0.159960263604187,9.916782098552318
13.909999999999998,1.0042802952724252,1.0328401920743344,1.5645231110998477,0.093275873022278,-0.0006614837595751,-0.0023476243922301,0.9956373147943384,-0.0013709954814123,0.0090744582914922,-0.0234067188875912,-0.9258907733899792,-0.0543382584750579,-0.0034410882673707,1720.612193968519,1755.0764473369773,1735.9377950193891,1687.5842753040672,0.097,-0.1724349786676275,9.97280117390455
13.919999999999996,1.004277537159512,1.0329367759449597,1.5646170088046163,0.0887950247421161,-0.0008788972898887,-0.0023517211396591,0.9960467561958536,-0.0013982667848502,-0.0088645351111658,-0.0234522157617094,-0.9635063031379348,-0.0436176614577883,-0.0076805773741507,1718.1686993297244,1754.608719745701,1735.4864559941968,1696.2121942668273,0.135,-0.1483078519859886,9.984730862529007
13.93,1.0041723858652478,1.0329103077156851,1.5648173391348386,0.0841131922388437,-0.0010434505625394,-0.0023519520440696,0.9964528841966876,-0.0014644517207877,-0.0262165291263738,-0.0213702417723559,-0.9858988032434596,-0.0456050241724943,-0.0103646877018112,1715.196837376596,1753.8308870143348,1733.8337798178454,1704.132924983846,0.095,-0.1239089540052382,9.990443582104716
13.94,1.0039892299250193,1.0327704841112215,1.5650301525406702,0.0792228210098264,-0.0012007558263092,-0.0023473597206886,0.9968534459583476,-0.0014689144390846,-0.042814446566316,-0.0186343045513057,-0.9958599351266346,-0.0500759459021958,-0.0104667439749693,1714.8319858332268,1752.4882336510568,1737.2525743250158,1707.578269332748,0.028,-0.0934833062391236,10.051398493122964
13.949999999999998,1.0037687280781848,1.0325233222543615,1.565145546612723,0.0741554269152833,-0.0014071405110919,-0.0023385762737487,0.997242961206348,-0.0014035034814766,-0.0582738627353052,-0.0165280028803381,-1.0002977212120578,-0.0427233421871613,-0.0090557935964791,1717.4343392413953,1750.201233576341,1745.9918486088209,1706.1041501677455,0.105,-0.1026799244601319,10.038061672913395
13.960000000000004,1.003554873716627,1.0321723674195584,1.5650758786599404,0.068970930368757,-0.0016984049397391,-0.0023290506343861,0.9976145055620788,-0.0013627380694265,-0.0723524337484563,-0.0154631969955025,-1.004560782272616,-0.0214776270714676,-0.0075589834216594,1717.7730761939856,1745.7678869639617,1754.337953290699,1701.582555692662,0.137592577942905,-0.1187785086624422,10.003212586188248
13.97,1.0033820936662752,1.0317193754131928,1.564787295260759,0.0637340118133469,-0.0020694253100013,-0.0023251641960004,0.9979620668284562,-0.0014686387490262,-0.0850688644474266,-0.0156817938124764,-1.0081600213434574,-0.0012047545312123,-0.0067064584765282,1712.206355973192,1737.6759714757904,1756.7484588717653,1697.5692200905787,0.1384995423902008,-0.0655216117685064,9.961622410594018
13.98,1.0032676390280384,1.0311646606668528,1.5643147737765373,0.0584941750406715,-0.002464829653066,-0.0023340304902641,0.9982819784022764,-0.0017563141479558,-0.0965795803667162,-0.017443925125663,-1.0055397421671146,-0.0021163496049588,-0.0064192159528338,1705.9999225174342,1727.6496079227811,1752.1828534206693,1698.2641044348948,0.1286200146371144,-0.0387193652615176,10.000726428549504
13.989999999999997,1.003211650120373,1.0305079699883264,1.5637548184655137,0.0532811935636182,-0.0027782473130692,-0.002358805888899,0.998572897583888,-0.0021219186499394,-0.1070736613161292,-0.0199861989620534,-0.9927384115427028,-0.0290674316110398,-0.0058664627099305,1707.0161148151012,1722.447682347681,1744.8645800050117,1704.2123914158597,0.1497549977823998,-0.0108000700239607,10.04455568928893
14.000000000000002,1.0032032375199624,1.0297502118766404,1.5632357834064308,0.0481132688065736,-0.002869661985755,-0.0023931196715421,0.9988348969589878,-0.0024018263163165,-0.1167416144093446,-0.0214336209387309,-0.973824789317562,-0.0571962621911297,-0.0043308813314121,1713.011222175085,1729.0442765171597,1742.0148283922586,1709.003156974714,0.136528824026223,-0.0789623628476313,9.963157438360769
14.01,1.003228351256667,1.0288951949208514,1.562876048941236,0.0430062223869337,-0.0026203733537097,-0.0024178951246601,0.9990684422313914,-0.0025113326687246,-0.1256877064435446,-0.0208654490890539,-0.9583023864895192,-0.0449950329668631,-0.0021058502278065,1714.3625906113352,1745.7450670788394,1746.64919889032,1707.5856265253042,0.1626849788200076,-0.0680806777597309,10.016080552545596
14.019999999999998,1.0032752174159705,1.027950211860283,1.5627486629716083,0.0379771169456452,-0.0020326266020626,-0.0024040434980221,0.9992736500040684,-0.0024943873273883,-0.1338269257903563,-0.0195879270654918,-0.9493895795325594,0.0150025986367768,0.0009306077860288,1713.392510086136,1757.450338819949,1749.6721374377728,1711.6002784996049,0.1499879335118286,-0.0863499823127138,10.124346528860787
14.030000000000005,1.0033350455152306,1.026925321952684,1.5628669236585844,0.0330450166174486,-0.0013452261897857,-0.0023221329395376,0.9994502613646472,-0.0024475711252291,-0.1409406556135855,-0.0189288746858798,-0.93595484059326,0.0410779568730296,0.0076499790945645,1730.40853479199,1744.0817661326391,1733.8646104531465,1745.3136494713,0.1210541477256083,-0.1326463328216341,10.147354098473526
14.04,1.0033982881265615,1.0258323192793373,1.5631911508454712,0.028232299316261,-0.001100331468022,-0.0021553256410348,0.99959845994147,-0.0024404670003136,-0.1468499830485158,-0.0175130965469686,-0.9011368254101352,-0.1238814249179556,0.0223128275134272,1778.29988877087,1702.0424331087756,1692.9965410361349,1813.5452625727892,0.1248999645073647,-0.0352007855323555,10.08672156945278
14.05,1.003448879157156,1.0246842762605353,1.563648349589597,0.0235644786296901,-0.0020926937202614,-0.0019072896390026,0.9997183094382822,-0.0025612160106553,-0.151498502290172,-0.012556647557333,-0.8424614171735424,-0.5973321124883215,0.0459197530496209,1836.143084988008,1657.3413560761276,1646.2745876192855,1881.088537781068,0.2954989421272868,-0.0470190560943611,10.301535646672573
14.060000000000004,1.0034598511992583,1.0234953882420923,1.5641591896982934,0.0190654123725017,-0.0051802935313908,-0.0015974633739871,0.9998035420625212,-0.0030739349764407,-0.1549287588274495,-0.0036086125639997,-0.7804815537128542,-1.328145710813414,0.0744490147339735,1862.626341745111,1646.215406773849,1625.6101962470211,1901.6739124840597,0.5590551739705157,-0.0524021814824898,10.62655801282488
14.070000000000002,1.0033931695042944,1.0222801040046408,1.5646680899170364,0.0147497295803316,-0.0110187037646084,-0.0012449863799531,0.9998297273303932,-0.0045328525762824,-0.1573029163678588,0.0068213759628344,-0.7415100075093997,-2.0954934867156703,0.102123714941097,1837.2419466983883,1678.4200943057294,1645.4410030934246,1866.830402493956,0.4970953524102759,-0.0407547455976199,10.51851729748178
14.08,1.003204603797858,1.021051337824309,1.5651651340414334,0.0106176607031004,-0.0198462326842254,-0.0008536740948733,0.9997462996030428,-0.0077003895487138,-0.1589386994383571,0.0164861505624041,-0.7305603348161783,-2.6610455970482256,0.1250776688389688,1779.739972153332,1727.6485209527746,1689.2046074534678,1812.977346363956,0.2023662708212975,-0.0968198149710968,10.367235909921355
14.089999999999998,1.0028516919876704,1.0198191584365237,1.5656856530581886,0.0066556381246335,-0.0314351919269676,-0.0004109112180018,0.9994835478093872,-0.0132972377455925,-0.1601666595849639,0.0254157107703594,-0.7254976185485293,-2.9369733623071235,0.1424910866093135,1729.703777513807,1759.0834822310192,1724.8702933963484,1782.2555065193128,0.1757904335966268,-0.1094114207740436,10.24898475852902
14.099999999999996,1.0023007647469964,1.0185915595484982,1.5662862604430503,0.0028430513911371,-0.0452314559700128,9.976805314430532e-05,0.9989724833527476,-0.021800418271915,-0.1610341530072832,0.0340292154888148,-0.7001020753239486,-3.021703953808643,0.1562592309830605,1713.2795932671215,1758.604061530159,1730.2557682249185,1787.5446200232504,0.1975955058381203,-0.0767630240993049,10.209706871908896
14.11,1.0015292367873665,1.017376878506621,1.5670143372591017,-0.0008362076045199,-0.0605908289664932,0.0006853433035574,0.9981621023193334,-0.0334592851709649,-0.1611821329001977,0.041036309007202,-0.6499532791513897,-3.091160607389648,0.1691988034145367,1726.767561531608,1738.225994203941,1708.8620947784773,1811.836735360773,0.1263406393652804,-0.0711120491479782,10.184554593864709
14.12,1.0005222816269117,1.0161852574787669,1.5678907390367771,-0.0043798360174434,-0.0769725512539028,0.0013404499332067,0.9970226911078314,-0.048455537204059,-0.1601067760684784,0.0449338137785027,-0.593342695987759,-3.251384500250582,0.1821838614153957,1745.8064242113778,1723.382837317503,1687.6742567629458,1829.4147880837309,0.2053558671433957,-0.1136583325338762,10.203691157976875
14.130000000000004,0.9992666329673954,1.0150270026322437,1.5689107417338553,-0.0077584570407561,-0.0940025329367236,0.0020543933968396,0.9955396072550794,-0.0670108049088884,-0.1575951005847882,0.0467451097462272,-0.5498452809179097,-3.4703862176598697,0.1933971101604654,1750.250202056331,1733.3804550182049,1694.7777543300722,1826.9580901102788,0.3184514191568832,-0.0700570209210197,10.237870786621436
14.140000000000002,0.997745782283232,1.0139086452006154,1.5700550662061776,-0.0109217580251863,-0.1114222643819804,0.0028191774413687,0.9937091357334829,-0.0893826396057677,-0.1539340160065978,0.0493932834584225,-0.522303003348213,-3.6330824772427546,0.2003510488656093,1741.5223548839656,1766.2460585299605,1733.5224523018403,1811.2932113144095,0.2133870806611009,-0.0943907588865951,10.293552293282616
14.15,0.9959392427997716,1.0128298986238298,1.5713033446701046,-0.013820577438943,-0.1290083033345621,0.0036313988924468,0.9915405499787064,-0.1158381058765235,-0.1497302606368317,0.0543733330497815,-0.4986560541135172,-3.658935764153517,0.2013694967244889,1736.587941023702,1801.934512118936,1780.8832041581095,1800.473433020356,0.0735506372808094,-0.0581313424063164,10.538592681515194
14.159999999999998,0.993825161376389,1.0117842075787884,1.572647129166184,-0.016432436593988,-0.1465338287346065,0.0044881134661233,0.9890589815079164,-0.1466420879033486,-0.1455281177721803,0.060503887224175,-0.4658397106719569,-3.570821466192939,0.1957153464925107,1749.4330762990385,1822.4616696556063,1811.7276751193383,1807.6788837217816,0.0689484517757557,-0.105632390109657,10.704943552642275
14.169999999999996,0.9913827616883504,1.0107629859978755,1.57409751764593,-0.018773056016397,-0.1637795065179976,0.0053816147893361,0.9863036468729016,-0.181990462623989,-0.1415263196929451,0.0662451074819647,-0.4201919815430536,-3.4587862816834027,0.1844560890261637,1779.977204609184,1828.3305391624097,1821.5212590304884,1831.2711815350149,0.1029059571908237,-0.0740800172132562,10.819915040845943
14.18,0.988591084768644,1.0097613304453503,1.5756788462506208,-0.0208869898566086,-0.1805571684547022,0.0062967225128426,0.983322527892017,-0.221882624377875,-0.1375226833742028,0.0719913843426643,-0.3695246800398902,-3.3861169369894166,0.1711725976638822,1815.089457747517,1835.7158030332928,1826.568043073489,1856.3576128908585,0.0799387545834036,-0.0245664453136243,11.14558572087534
14.19,0.9854236914820256,1.008782357079238,1.5774045923331474,-0.0228260207903387,-0.1967187304145146,0.0072103187499902,0.98016770258079,-0.2660971234412033,-0.1330151218611036,0.0791931925406215,-0.3285809680006125,-3.3343159223862537,0.1596867207352185,1838.339843896773,1858.1921717213177,1844.9777786038824,1867.0936989630168,0.1474545973450025,-0.0039732496011553,11.484779606553598
14.199999999999998,0.9818428917799592,1.007838211497166,1.5792436344185965,-0.0246282672906293,-0.212154841459965,0.0080919296270715,0.9768921600515938,-0.3143894997057421,-0.1274269411525696,0.0877356167975239,-0.3074073277808795,-3.2410674883940294,0.1500347011469222,1844.5837972091545,1889.7636330035125,1876.6421680743028,1862.5088540741865,0.2231127437943358,-0.0279680484428237,11.638427909641528
14.210000000000004,0.9777981179071944,1.0069474847105766,1.5810946139233055,-0.0263041135868191,-0.2268013303035912,0.008905557940915,0.9735450381049118,-0.3667150998370207,-0.1204901433932957,0.0952605569294171,-0.2980637328307941,-3.0890744620608928,0.137431330574942,1846.305698609496,1907.8703482024107,1903.192293049617,1859.2311985929089,0.1204817962074802,-0.1167870801482456,11.773744978161924
14.22,0.9732302503556316,1.006130394482599,1.5827857661759368,-0.0278311996828798,-0.2406572758368846,0.0096135829713697,0.9701634289816504,-0.423180270300185,-0.112560633898557,0.0993624351444505,-0.276043942585595,-2.940176438011878,0.116381806253312,1860.7141356036484,1899.100246862673,1911.6784705290177,1872.9774911340048,0.0447816391618873,-0.1355424911254807,11.812828736335488
14.23,0.9680794845472624,1.0054038147787014,1.584108188376456,-0.0291630686681183,-0.2537964075738587,0.0101836445561639,0.9667642899445636,-0.4838136303455628,-0.1044406717462858,0.0998801890878808,-0.2233865098929172,-2.862942651322136,0.0861530982506383,1890.563371271578,1880.967734646684,1914.9833253920676,1898.4427724108696,0.2026136612650733,-0.1485652060138157,12.03441980902822
14.239999999999997,0.962292248444334,1.0047776394011845,1.5848782605931313,-0.0302518879301003,-0.2663476512816898,0.010598798309453,0.9633438728760294,-0.5485298041356517,-0.0967445777844511,0.0988633826600395,-0.1515080490375548,-2.8351891720334965,0.0514296506839012,1922.1837032634453,1887.7943427026023,1939.3890196518016,1914.8304672251588,0.2766854331754427,-0.0918315665113729,12.218649240835118
14.250000000000002,0.9558243190184588,1.004252785876747,1.585012808052182,-0.0310720429428616,-0.2784382164431787,0.0108672782194823,0.9598898843280924,-0.6173086015274861,-0.0894627331459586,0.0986617850020142,-0.0930002975412568,-2.7492034916693764,0.0172222903187463,1942.8918226373216,1929.4870901372108,1990.3215568576295,1913.126641878973,0.2338449611776027,-0.0201420272784763,12.653880495285588
14.26,0.9486409187430044,1.0038207357076343,1.5845899325775363,-0.0316266904753043,-0.2901193438698924,0.0110232458478364,0.9564042068148072,-0.6901787481741499,-0.0821772929939109,0.0995934630764062,-0.0658405366319352,-2.528936083215369,-0.0158037410245794,1955.881613903777,1973.4498343617247,2039.6588293643265,1910.008378008936,0.1489085733980708,-0.0746943616627581,12.923851340262484
14.269999999999998,0.940716715845312,1.0034649249786662,1.5838659392333343,-0.0319353057764433,-0.3013103333927847,0.0111117228788929,0.9529264131350104,-0.7668557967517011,-0.0745930009797598,0.0987263655099044,-0.0518498453877786,-2.2246249135772658,-0.0501777102808144,1972.6485774517264,1979.469627968875,2055.4924336716763,1926.3098179680717,0.1016793046018946,-0.1253143260121459,12.888517607343829
14.280000000000005,0.9320372916120476,1.0031642334138855,1.5832295464400323,-0.0320193245301752,-0.3117916472492077,0.0111618559490081,0.949545230378222,-0.8465236727633396,-0.0667778549706898,0.0920308414002921,-0.0181658927559355,-1.9616009726712376,-0.0867370419585299,1991.508279009804,1950.1155672967416,2042.177017740269,1954.8038553655492,0.1164441664087609,-0.1133116079508768,12.99188932110003
14.29,0.9226004974219736,1.0028979350128275,1.5830940542477858,-0.0319012160581085,-0.3212571399115583,0.0111641932129728,0.9463886745200212,-0.9282278414359548,-0.0590048404402938,0.0796538718597105,0.0427008566354601,-1.7867047661705562,-0.1222094885777231,1994.9170870720163,1931.527961806124,2038.401394071959,1963.1458760788933,0.3039896637638239,-0.1576332449137834,13.121241427567847
14.3,0.9124150106310284,1.0026507772863142,1.5837518583432202,-0.0316129452402371,-0.329410750111929,0.0110689650414794,0.9435924212374984,-1.01152027089618,-0.0515130701851905,0.0685199114285942,0.1019609836220535,-1.595594470122124,-0.1518079446207698,1976.46486499309,1956.6753118536856,2066.78747387236,1935.831734582836,0.3289886331382217,-0.1597327354251702,13.027292921731645
14.310000000000004,0.9014955391596926,1.0024166618576216,1.585242862288041,-0.0311966621148163,-0.3360755159186654,0.0108109581431097,0.9412561495453428,-1.0965172848938014,-0.0443767874410266,0.0671969061776386,0.1246682929255987,-1.2549097314943312,-0.1736533470334209,1959.4676924198625,1999.2716702392156,2096.2339684791687,1901.4066649172155,0.2469222502144274,-0.0628079627552645,12.74657741977287
14.320000000000002,0.8898567162487002,1.0021994309677862,1.587304606479913,-0.0306873328880873,-0.3412743493465529,0.0103491496610647,0.939405663800041,-1.1831774403820865,-0.0374564280081146,0.0773060367638772,0.1066530497623193,-0.7957479985532248,-0.1908127312075368,1971.6115845637407,1999.6433492576252,2074.4293040625184,1902.052769662103,0.081974323204772,-0.0089974775856691,12.907198748443918
14.33,0.8775080858769995,1.002010134314085,1.5894503616637932,-0.0300859745239561,-0.3452395225028956,0.0096971162762307,0.9379821278547058,-1.270559222584207,-0.0304907660559408,0.091024192528964,0.0808646297541654,-0.4328592489970693,-0.2093348854188122,2003.6632367660443,1934.50702863425,1996.960815798645,1938.8289080158968,0.1844297910241872,-0.015894602804411,12.81224979423538
14.339999999999998,0.8644514810259222,1.001862109617075,1.5911590532449669,-0.02934558670458,-0.3483198281416594,0.0089236001774786,0.9368737925805168,-1.3568872836879615,-0.023387879098353,0.0974447046471144,0.0900787771042835,-0.3491780998402235,-0.2328785137062081,2010.3110346707613,1847.027875966373,1921.9854932939209,1963.404706208184,0.4882969236908492,-0.075027997637034,12.3955523051611
14.349999999999996,0.8506816320260159,1.0017665719532325,1.5920957999976688,-0.0283878536568883,-0.3507981624261624,0.0081217427986893,0.9359854786785397,-1.4404372964208496,-0.0164598414575699,0.0910913895131022,0.1528519195161422,-0.4746726872553181,-0.2576496628015777,1958.1263723783684,1803.7424216760976,1906.7116469743603,1929.108424177954,0.6642298418692398,-0.0743420242567591,12.011145104306244
14.36,0.8361909155613294,1.001730559037251,1.5922589822633169,-0.0271485323009206,-0.352699408042637,0.0073660868582299,0.9353137577971772,-1.5204438593178151,-0.0102545756679364,0.0747014443046727,0.2495357144670388,-0.515470291034243,-0.2741008566727919,1864.2728629736316,1828.6743439179709,1943.8382634563045,1839.9985773473088,0.6001638374641427,-0.0953983106097252,11.464493689938216
14.37,0.8209779497772806,1.0017569200541387,1.591983224548989,-0.0256266164384158,-0.3537060966440919,0.0066820115008187,0.9349816171717076,-1.5972130333483818,-0.0050788893728723,0.054879600959598,0.3353985468025683,-0.214234064465454,-0.2762351647681824,1781.6206259754804,1882.1583099789027,1973.6174010413365,1744.6427562157562,0.3628078254564402,-0.0658468257617226,11.109681922243531
14.380000000000004,0.8050569693661542,1.0018447735338925,1.5917972072016031,-0.0239045019821392,-0.353254732108862,0.006041446847946,0.9352022080532452,-1.6714282825114877,-0.0007238896542018,0.0363140816231285,0.3703026509571619,0.424255975748241,-0.2684550003084104,1749.5682928870922,1901.0160978976264,1951.9804943702293,1689.5690899393162,0.1602201653904043,-0.0961646358922699,10.801322085629424
14.390000000000002,0.7884629200904244,1.001989421327362,1.5922013157805222,-0.0221222333206875,-0.3507751393430171,0.0053835248558584,0.936182902039937,-1.743433367467122,0.0032961815019084,0.0208187162971102,0.3457906089491735,1.156629235896038,-0.2606176634124707,1764.0472183891802,1858.119006841692,1892.51835136252,1684.4765050284957,0.1636696459985618,-0.1330435959390748,10.451438671525484
14.4,0.7712483426657611,1.0021821941787064,1.5934588649684136,-0.0204185045559738,-0.3459431065233408,0.0046488732977907,0.9380217693090812,-1.8130979687020423,0.0072809830776289,0.0101196442980026,0.290416860871366,1.7230009975589713,-0.2568740376952065,1790.361760742021,1782.3727265060795,1839.2399092726548,1705.7249761127996,0.4208803387462323,-0.1549873545905065,10.04171594980031
14.409999999999998,0.7534719105498717,1.002411506928393,1.5954820124892255,-0.0188722149516133,-0.3388128614906426,0.0038122878935204,0.9406567656974354,-1.8800089421119224,0.0111838094940441,0.0057142630136761,0.2477719413314204,2.038090507205517,-0.2521942734114975,1795.014267306434,1721.6721760291896,1811.7841490799944,1722.005117353884,0.5518893927213551,-0.0992517119290888,9.697264766519517
14.419999999999996,0.7351822964809271,1.002665552755853,1.5978567936019752,-0.0174762436106701,-0.3297727313418893,0.0028986582153491,0.943894127724673,-1.9434800902310412,0.0148462786126481,0.004579330317181,0.2443764624445189,2.196453411022558,-0.2400542268518461,1765.4609143861762,1693.8720833876357,1790.5987853835982,1714.531490008966,0.5444490969584903,-0.109602110948392,9.444207209406024
14.43,0.7164029484998018,1.002935357881724,1.6000005366687486,-0.0161541189692833,-0.3193629265130252,0.0019728496540449,0.9474927300373364,-2.002541377429838,0.0182358860412433,-0.0019686403923962,0.2743540535178492,2.342127950675934,-0.2209601727876587,1711.5457682454107,1680.3660416356597,1751.2237479572998,1682.4786635952496,0.5862620529565881,-0.1064570620442859,9.127252113057027
14.44,0.6971234450140122,1.0032163749662033,1.6013864541108245,-0.0148068677554704,-0.3080533669812971,0.0011079710449105,0.9512532008665842,-2.0564318707461795,0.0214147384058077,-0.0218438667435223,0.3115088578354085,2.554492785291585,-0.2021067014230523,1655.3754430812835,1659.454609873106,1696.6312922704913,1639.1167623483298,0.5816967867958454,-0.0731677627581283,8.797215641487046
14.449999999999998,0.67730190509512,1.0035081201515674,1.6017338437412705,-0.0133645687506092,-0.2960815870615235,0.0003518712401987,0.9550690856120672,-2.1054356901696853,0.0243948727785892,-0.0546996407854348,0.3338752267346722,2.831778829317076,-0.1897213069690825,1615.278515470158,1631.1574358080716,1649.7301695765805,1602.172320161729,0.5942259134645913,-0.1331651361601753,8.480793261622324
14.460000000000004,0.6568798608760238,1.0038128240894746,1.601081036198621,-0.0118176325208984,-0.2834078108226164,-0.0002860998311097,0.9589266262197644,-2.151137436205277,0.0271100363356888,-0.092284498459472,0.3376314426329821,3.1388683368482373,-0.1830172290495939,1594.549084276998,1608.7074561967436,1624.5135255192115,1581.9609717347626,0.6425675870059715,-0.1131219042488434,8.271978676653397
14.47,0.6358056847672323,1.0041340562498515,1.599724140140793,-0.0102138200596624,-0.2697860680633721,-0.0008232567396231,0.9628657630256852,-2.195554940592753,0.0294896934631581,-0.1259703306488631,0.3319554319334268,3.449419628276624,-0.1756989581423048,1585.6737591460706,1598.4437065308412,1614.4059361316029,1577.482588000995,0.6347769067785247,-0.1736147897899908,8.171662087940671
14.48,0.6140575872014763,1.0044754382692374,1.5980704699594963,-0.0086250495687083,-0.2549055863042772,-0.0012828244591264,0.9669266285257724,-2.239820471550911,0.031506867555119,-0.1528651853291331,0.3255370309417604,3.750285201447412,-0.1625702058902787,1583.462139916969,1594.5651874261,1604.9865614287355,1584.2928716362603,0.6988372771747677,-0.1111293815711474,8.136796495960962
14.489999999999997,0.5916566170950417,1.004839199545884,1.596481919256366,-0.0071054819080303,-0.2385391677163026,-0.0016834691386228,0.9711054234858992,-2.283650926747279,0.0331622378113653,-0.174932366695002,0.3195757315643652,4.023078563282897,-0.1441100567657247,1590.006226367689,1588.5134345134804,1589.1522832754854,1601.9891188452934,0.659437963080324,-0.0951115945703522,8.228766632583936
14.500000000000002,0.5686652528225403,1.0052246128039568,1.595168210016054,-0.0056670323111437,-0.2206428149595907,-0.0020420349156309,0.9753360769729046,-2.3260209828285348,0.0344573067915609,-0.1937116230269136,0.3107858624709863,4.234863970830842,-0.1248554441936787,1608.0272938660505,1578.3540538364086,1569.56474299818,1631.1238113491468,0.7275396972714456,-0.1444945963152063,8.298987820007321
14.51,0.5451742386630742,1.0056268772382229,1.5941543891153347,-0.0042853218192719,-0.201374757353583,-0.0023761859493926,0.9795020147289258,-2.366177901208348,0.0354074482137877,-0.2072288327901346,0.2970170615458003,4.355701342833569,-0.1079895390192304,1634.1703583750857,1569.79879424491,1553.1669450448912,1666.5997360654758,0.9091297712226978,-0.17679905259272,8.63197097598103
14.519999999999998,0.5212841863767698,1.006037320253974,1.593313193122269,-0.0029284024397324,-0.1810338742950155,-0.0026950814240113,0.9834688085308072,-2.403903642979526,0.0360716693545106,-0.2127420256657246,0.2787916337724145,4.390884755386569,-0.0921286846799318,1659.5083194072654,1570.6571113675595,1546.5277462470394,1698.0404762023488,0.95473681510855,-0.1291949760570793,8.714455185961887
14.530000000000005,0.4970877073313293,1.0064452422031032,1.5924332184342638,-0.0015877262518244,-0.1599497437386215,-0.0029833571149689,0.9871193738265008,-2.4389523435651173,0.0365265212186352,-0.212262928530885,0.2573636114890997,4.394015097770428,-0.0736893448732191,1674.8429261699887,1584.3370824588462,1552.4779335487603,1716.4110820757196,1.024801822775109,-0.168,9.088821120482944
14.54,0.47265525212441,1.0068405035531451,1.5912892109743977,-0.0002921502585447,-0.1383782500849602,-0.0031972873550717,0.9903742484057324,-2.4705868041449484,0.0367860180463463,-0.2137567505163898,0.2333478897212041,4.435199980312623,-0.0521610807141225,1678.4235109695192,1606.3177892677184,1566.806795805925,1721.548778388797,1.0296414538618832,-0.1968762704190322,9.291458588765012
14.55,0.448026563724556,1.0072153596727649,1.5896864901535108,0.0009024033013867,-0.1164544765099984,-0.0032848110864615,0.9931901885264424,-2.4979251204407285,0.0367728943697023,-0.224731347990663,0.2074297471968543,4.539348840247632,-0.0324129718342861,1682.9895689513774,1626.5610075443374,1580.5177768966837,1726.8436266993742,1.0178532396937443,-0.1649224524521723,9.588382467508382
14.560000000000004,0.4232100527994585,1.0075648752738904,1.587465564871998,0.0019401528317626,-0.0942238248134522,-0.0032179163674416,0.9955439476280116,-2.5207057488447333,0.0364055380645659,-0.2437613485997135,0.1814890892981819,4.652193770520789,-0.0209484941490354,1711.346356025343,1639.7554209580203,1590.9311673970974,1754.467006375049,0.9687335725403748,-0.175786030808602,9.842840738979056
14.570000000000002,0.3981925639458817,1.007886574524278,1.584475227419024,0.0027921567298612,-0.0717269244618407,-0.0030113185619805,0.9974158531568262,-2.5394442296327413,0.035713723660547,-0.2597967368770156,0.1583405398340099,4.683179402606152,-0.0192743708822463,1774.9500160578298,1655.732652024459,1609.589251480396,1817.2862462637945,1.1231913869159436,-0.1779697261932828,10.30854723523235
14.58,0.3729599947241081,1.0081804057332189,1.5805456488379246,0.0034662982370822,-0.0490813786633211,-0.0027128391173688,0.9987850837637506,-2.5546098421389654,0.0348320398808769,-0.2624290271419257,0.1399375785065401,4.598114258042967,-0.0215085660734205,1855.894931132867,1693.85475541478,1651.859152124022,1901.842818526644,1.264834826521395,-0.1567617314890716,10.904376066390007
14.589999999999998,0.347524843500724,1.00844944384161,1.5755009847305368,0.0039960071327891,-0.0265071015937062,-0.0023767742308578,0.9996378126283296,-2.5657271211475785,0.0338494647007779,-0.2535364580610508,0.1254890473675264,4.463243535649229,-0.0198067557513747,1921.4112885616585,1759.6975751880957,1716.0499306359593,1976.99998266422,1.3761473242871136,-0.1647450353945664,11.736763867918205
14.599999999999996,0.3219520629406399,1.008700744830614,1.569229699387783,0.0044170852537736,-0.0042824442109618,-0.0020437107136317,0.9999789864171948,-2.571577478613342,0.032684537595162,-0.2465611691935417,0.1117032040329408,4.37683146718603,-0.0122459172337551,1961.7020393558485,1830.2931814684305,1778.8624376247992,2026.3304419307703,1.3558180812907334,-0.166363837418531,12.430479304521793
14.61,0.2963723289387904,1.008945080010355,1.5617865985582902,0.0047505503244944,0.0173341232479402,-0.0017382018801372,0.9998369562569008,-2.5713126355035474,0.0311512226703737,-0.2525890535853596,0.0954833034003439,4.353010311062351,-0.0042262016846859,2003.1399453987408,1874.3784922724733,1818.923694185672,2065.963872014023,1.3058294765074057,-0.1937962451134745,13.196624514994896
14.62,0.2709729251663276,1.009194577021726,1.5534658646520754,0.0049983999871027,0.0381683459912803,-0.0014729187795923,0.9992577364584811,-2.5649787687830505,0.0291525288151697,-0.2687548531844658,0.075843333795461,4.298178385297824,-0.0021383982158544,2075.232208678104,1892.1290689278155,1845.164690422275,2122.4306977748997,1.3248014101868255,-0.2333229284912061,13.701902366850645
14.630000000000004,0.2459604718154314,1.0094586317695706,1.5447923157599337,0.0051577614197616,0.0581484947646235,-0.0012496391179264,0.9982938387347788,-2.5526898732004133,0.0267898090600314,-0.2816025427848989,0.0526518898966162,4.12544416362426,-0.0072793028414001,2172.651327723476,1922.014761826929,1892.141299728176,2198.648865189165,1.4796762789015123,-0.2068458627644342,14.535334950210588
14.640000000000002,0.2214973757698859,1.009739560635034,1.5364245736403706,0.0052335974446049,0.0773064793386982,-0.0010543264310651,0.99699308227581,-2.533641819695479,0.024299584174938,-0.2788019373374656,0.0258631619386164,3.875270749282661,-0.0163719808374056,2261.1262221112297,1993.264244278568,1977.4364838920887,2272.733512402851,1.7486399556240748,-0.1322940334590078,15.58404516261443
14.65,0.1976260015080361,1.0100294140936747,1.5290094279923914,0.005242776528912,0.0957696948140975,-0.0008602675437501,0.995389340303198,-2.5065291988660894,0.021912005133742,-0.255194424167745,0.0001194952248603,3.681817211311574,-0.0258710673792022,2315.846233547781,2080.5646358449885,2071.060895622198,2327.031630253587,1.6264139328810656,-0.0960344466122349,16.495566113962088
14.659999999999998,0.1742084515479445,1.010309090890522,1.5230433980977225,0.005208523995864,0.1137373768626456,-0.000644751796644,0.9934969877545224,-2.4710659964936563,0.0197350313254705,-0.2114497825565566,-0.0106451546252583,3.617796196905001,-0.0336106854886029,2341.5267625064744,2130.156854931775,2124.450272935152,2364.1575255451826,1.4606015586530616,-0.1274006658017871,17.720438292359294
14.669999999999996,0.150918945888763,1.010551118791065,1.5187904710603852,0.0051527134460359,0.1314185559488078,-0.0004086233358784,0.991313495178716,-2.4285931632032787,0.017707337966681,-0.1520700966789245,0.0072812101110388,3.6212400809495873,-0.0369480630903007,2355.8864422121787,2130.7490433183057,2128.178003500669,2391.6632969159004,1.473133961856477,-0.189299687568662,18.24129123430717
14.68,0.1273232020133953,1.0107269719550065,1.5162846923369655,0.0050926817891224,0.1489440509509998,-0.0001805472489561,0.988832494248238,-2.380339449402212,0.015653418150143,-0.0838760579708332,0.0448466671111478,3.6011596532005816,-0.0323369877652683,2366.4194238231084,2130.6283880772858,2121.969713313585,2405.491754595133,1.677279709651427,-0.1152758276414968,18.095023325081765
14.69,0.1030595571362207,1.010817610575208,1.5154146288080734,0.005043366231265,0.166307457766147,6.221094354686792e-07,0.9860610498077852,-2.324681102838418,0.0134280899315271,-0.0124205269779813,0.0656019731754564,3.569228957398696,-0.0189961032201201,2369.0682374915677,2172.7558149213846,2144.447072708831,2400.455889326216,1.6582913805259611,-0.067045067735227,18.34923303444222
14.699999999999998,0.0780974677976885,1.0108235892790416,1.5160540161440466,0.0050203260689727,0.1833902562131724,0.0001117411312223,0.9830273636914424,-2.257390073844165,0.0110380251248757,0.0616287185343267,0.0423475918731056,3.610462581281544,-0.0023643543124013,2362.3887589137,2235.5084187921266,2189.0938459949966,2389.067467522434,1.489530210783851,-0.1844621934797877,18.751063918253777
14.710000000000004,0.0529972822235102,1.0107706532416985,1.5181859057391338,0.005038155655112,0.2000835901953115,0.0001585393790238,0.9797658642693235,-2.177344422400908,0.0086294444333118,0.1415814015042562,-0.0008372502791191,3.7413458532905706,0.0085476720882759,2352.16795384753,2258.9954478809186,2216.450373877501,2391.337782272207,1.278182796462339,-0.2866605862886544,18.91404462041888
14.72,0.0290518250435286,1.010708170426747,1.5219714111117322,0.0051026202528899,0.2164674083790739,0.0001693937824375,0.97627649550829,-2.092896620801702,0.0063627980918248,0.2287980675271168,-0.0054236660994183,3.8698422447270566,0.00933603591489,2337.605953156964,2220.7426107618635,2200.0129750754527,2400.7744183597406,1.3207496050015433,-0.2569747761639681,18.78628583412389
14.73,0.0081847732449938,1.010699694512085,1.5277324613763623,0.0052017486467891,0.2329666658539229,0.000182032297388,0.9724707919912888,-2.0179604256641763,0.0042967844901571,0.3174229955714602,0.0505499298270555,3.92808206233234,0.0068205002620879,2301.010515207682,2163.2178325806804,2152.3568040275777,2377.1105346038926,1.4108009530088923,-0.0219392655400778,18.48287467835339
14.739999999999997,-0.0074629948876514,1.0108069042301224,1.5358429279551449,0.0053072415498694,0.2503796036942702,0.0002365675265491,0.9681331681524176,-1.9538257177755065,0.0023901623446112,0.3975320653307346,0.1158426055542488,3.995388830113352,0.0175764970611781,2225.715387285556,2142.2777324165672,2107.878620029465,2290.8525225519616,1.449356935534981,-0.0250767245091221,17.733088940943276
14.750000000000002,-0.0162057950032967,1.0110704637402033,1.5465481618491248,0.0053977267832586,0.2696874228744562,0.0003733863567053,0.9629327178321112,-1.873014175890285,0.0006369684572896,0.4661550222592543,0.1224196090558985,4.222876106695363,0.0583999322554369,2124.654103530278,2161.0020285005885,2083.45133903064,2170.269987831328,1.213167183009903,-0.1632488769707014,16.730657648949
14.76,-0.0175330659816672,1.011493797954076,1.5597597216220784,0.0055050305050192,0.2916461995898702,0.0006247155141921,0.956510218782032,-1.731935197662581,-0.0007982069481828,0.5323894869022209,0.076126032792669,4.631211925019453,0.1349047385757026,2033.3762246230028,2161.931075001503,2056.460487910667,2082.87598302915,0.8450323618601292,-0.1959574475869458,15.377453530485608
14.769999999999998,-0.0125484277890436,1.0120368748363475,1.5749010553203748,0.0057650480791779,0.3163217135891717,0.0009946593784087,0.948633938031618,-1.5134585213858749,-0.0016602910496749,0.6057312549947229,0.0726878833447509,5.032300131629229,0.2346069815257319,1967.876030174809,2082.7783289029567,1983.56420516256,2063.1137189921465,0.7656726648369458,-0.1150944119246353,14.419510729659493
14.780000000000005,-0.0038342803465201,1.0126247800233832,1.5908889351700546,0.0064390149878963,0.3428406764147181,0.001435986980982,0.9393703995884024,-1.2568585188589008,-0.0019125244668009,0.6795842612144931,0.2135600713990319,5.178220283012094,0.3277652260714561,1908.1149936806669,1919.056295750786,1846.0339519494175,2073.966375135995,0.9062123096609822,-0.0149330664851026,13.787717255203791
14.79,0.0053014353648357,1.013169733339102,1.6062857978962448,0.0078769941397882,0.3695486640485776,0.0018421418864017,0.9291761643394127,-1.033545886118077,-0.0019422081451792,0.7320993654589197,0.5086299278314026,4.962119916653307,0.3799988585285331,1834.8932607357883,1730.837714729944,1673.912824947707,2051.460966601786,1.0500888943241984,0.1022015415304563,12.821704674302314
14.8,0.011886590851645,1.0135982006334563,1.6195601375670905,0.0104247676867367,0.3945051172047817,0.0020734096915113,0.918832268529012,-0.888672860464617,-0.002359655577468,0.7442928708416457,0.8636773512484162,4.450568329129094,0.3776291073788721,1764.602468236799,1585.0876023349697,1516.1642433053146,1977.0741740825772,1.1596180091319903,0.0710474722610743,11.248286152373709
14.810000000000004,0.0141555531056356,1.0138717540762354,1.6293300512623632,0.0143054092199107,0.4160455243095966,0.0020213269984317,0.9092290092194424,-0.8114544425680077,-0.0035715745315531,0.7134374264284341,1.1556358020861004,3.752968929177657,0.3489618291223541,1729.2782557679216,1498.044295529448,1391.2809066495663,1893.2041626794007,1.0740817156024152,-0.0926165013376689,9.931185816809018
14.820000000000002,0.0118669151562351,1.0139937363426088,1.6345048578092096,0.0195148880661233,0.4331812657984102,0.0016882625806809,0.9010939517467156,-0.7593341467107286,-0.0056074314388686,0.6503862610663818,1.309857455970345,2.9230359287649,0.3533291003342251,1730.124969405093,1446.3699943796703,1284.6430156480044,1849.21586832004,0.9524191311784832,-0.0795973829633023,9.075871596231991
14.83,0.0060385392931034,1.014001091724536,1.6343430565968626,0.0257589278580221,0.4457861297253672,0.0012388510904595,0.8947679416631213,-0.6993678056417647,-0.0083455855829147,0.5708716444906664,1.3082104753324415,2.0153856377057493,0.4335968148108525,1725.7318506879,1426.7834304679302,1196.228296512973,1841.1160073991475,0.8965297907117415,-0.1410990331607497,8.492573321043952
14.839999999999998,-0.0016618419452765,1.0139469815450255,1.6285202494861064,0.03244518992633,0.4546152507218586,0.00098618975375,0.8900962368707754,-0.6249316817667847,-0.0117834024364434,0.4899188973580343,1.1487032277324505,1.200690749308272,0.5684763489314733,1671.8211597801778,1473.1226791462063,1168.1401655442437,1810.9917053794677,0.8966245571064806,-0.1823266645041847,8.203394447855375
14.849999999999996,-0.0095596767174096,1.0138819329530466,1.6172951512973506,0.0387429059333792,0.4611595105972358,0.0013064167054271,0.8864700707305053,-0.5454758403011541,-0.0159848845101682,0.4158937702401776,0.827387598229762,0.7497172000084872,0.6713775524561263,1576.2355231504116,1596.4093249367418,1243.3905533031975,1711.6650537646224,0.768474480085735,-0.2276244181732509,8.141087872871063
14.86,-0.0164227386582791,1.0138396581744795,1.6017698848901558,0.0437225152757502,0.4672784677871391,0.0025101079123344,0.8830248436814979,-0.4717131293385401,-0.0207617379725835,0.3415769202894535,0.3633768083768033,0.8433788403532301,0.6481453054549224,1510.3228735387827,1732.0790238023949,1400.849576131095,1569.6020105314142,0.3919066708136065,-0.3224688834309831,8.280774920059752
14.87,-0.0216303910846069,1.013830481802708,1.5840988443938433,0.0465689252175952,0.4746060871096329,0.0047196921539198,0.8789528552707101,-0.4097602781366511,-0.0254851605253577,0.2419787471822533,-0.1785251511934781,1.3828348314346266,0.4733747067266516,1546.2306507322864,1783.057114598053,1553.973304570482,1471.479820411389,0.152560407274902,-0.3237986306836702,8.290981615285341
14.880000000000004,-0.0251010223406593,1.0138423914070391,1.5674059147175012,0.0468177943355528,0.4838861412338677,0.0078017276234799,0.8738429089381228,-0.3600048242525878,-0.0294028696895449,0.0936909460664778,-0.6990869125372868,1.998288431384592,0.2174257426808042,1677.3781117004671,1712.9299261861215,1627.290825891998,1487.0046223971526,0.1760660353186267,-0.3189081383286134,8.468987938745396
14.890000000000002,-0.0270845496193141,1.0138478791962622,1.555221195896321,0.0445238980459433,0.4945385510242363,0.011381799777329,0.8679399165192669,-0.3142449808115153,-0.0323440061718601,-0.0896313531498276,-1.089181309838041,2.2529227181441644,-0.0093617407248063,1824.9053468631903,1569.7502831195925,1622.0254774215452,1615.4875754001228,0.4192602684947601,-0.2269099628756141,9.05088180080314
14.9,-0.0279357653057651,1.0138139019866863,1.5504681582178637,0.040275456513787,0.5047258686321826,0.0149367620369422,0.8622102865751177,-0.2561475754249805,-0.0350114798192326,-0.2473589281612958,-1.252247184670501,1.8574425372831656,-0.1471864928105522,1928.469439724467,1423.1383482083122,1593.6368344788768,1798.8890083274,0.6518894340944548,-0.1652788599935316,9.375016913065023
14.909999999999998,-0.0279500512111375,1.0137120437201266,1.5543630555556254,0.0350290452737091,0.5119345642224266,0.0179309058364428,0.8581226314213436,-0.1721226488978766,-0.0382632790784434,-0.3195943992289349,-1.1434872068806978,0.7550775212572662,-0.2207191338958685,1996.167751357086,1309.8086466070797,1580.0410165214148,1961.515017967086,0.72191144574558,-0.0245083247763347,9.603062997951136
14.919999999999996,-0.0272917199469617,1.0135261047892687,1.5658263089330926,0.029823076426076,0.5137806043963824,0.0199519507302288,0.8571709247989172,-0.0640150993568708,-0.0421222677760045,-0.3082772672582106,-0.8181384879786557,-0.9002476881305066,-0.2851458704712006,2051.9364043730097,1243.6525896281792,1575.9529740782637,2039.963395660748,0.9241261330121886,0.0439136635690316,10.44292068515968
14.93,-0.0260015132832084,1.01325511876333,1.581840514354744,0.0254819554518199,0.5086672198808432,0.0208080925244937,0.8603344423249237,0.0524443185507549,-0.0458046534722814,-0.2738713219623954,-0.4292313687105952,-2.7966685536610147,-0.3539403266495273,2074.669142107892,1244.904671520219,1571.417799079089,2007.527022899637,1.120890287166441,0.0275865851221497,10.88672948228977
14.94,-0.0240476164220448,1.0129114772011978,1.5986189993440405,0.0224180299983996,0.4961113951777231,0.0205603177503359,0.8677258719433281,0.1621687238549973,-0.0486827626639388,-0.2707658622403391,-0.1452749122429399,-4.540658625343029,-0.3927477425377639,2022.0330522371976,1330.940594026346,1583.0475173286486,1887.7067884831888,1.071290493371198,-0.069037795009881,10.311365461362172
14.950000000000005,-0.0213838804772174,1.0125157640908828,1.6129535289209236,0.0205871096457974,0.4767673187746105,0.0194816275339266,0.8785724562342767,0.2608622933459813,-0.0508591530407019,-0.3022176354904659,-0.0502127543204652,-5.780255381578053,-0.3747049936023867,1894.3402551506424,1480.475986095832,1630.2674218626562,1736.2556598491085,0.6507744044135242,-0.1901358704925212,9.754361695232154
14.959999999999996,-0.0179910458486772,1.0120907046904712,1.623102802400507,0.019591334555915,0.4522209130589846,0.0179577912894982,0.8915099231833706,0.3520685233392855,-0.0527769417000842,-0.3371207129538872,-0.1133811730629694,-6.341958835486464,-0.3197486334158008,1744.2510183176576,1625.8612439055637,1696.4011185398217,1602.9892056094718,0.234115135878107,-0.224798533597421,9.37856708450418
14.97,-0.0138924908990008,1.0116560279498554,1.628952850165398,0.0188764592735319,0.42458954357656,0.0163661968637893,0.9050411849031836,0.4390215284010124,-0.0546307470016643,-0.3513424784258978,-0.24226633728049,-6.2984221386312855,-0.2732524892896366,1627.258876117644,1695.8399625943173,1734.8030755807729,1510.159610477173,-0.0903998171512414,-0.1901634507445214,9.146394622536246
14.980000000000006,-0.009149053033437,1.011225219334302,1.6315702804736605,0.0179468033564213,0.3959843522744608,0.0149765782349638,0.9179596979755884,0.5210350591215238,-0.0563267881807039,-0.3459401193371326,-0.3566035447343786,-5.913371126587782,-0.2595043313536579,1561.5304156065324,1670.1641341411205,1714.1722398568363,1458.755790725745,-0.1400399304831436,-0.1332718838572375,8.793160967419137
14.989999999999997,-0.0038439414558167,1.0108048106884202,1.632480156742847,0.0165218934183643,0.3679791795348458,0.0139044156119768,0.9295832494689344,0.595379565864554,-0.057801445286388,-0.3366013691993181,-0.4248687573918769,-5.4977735150385465,-0.2662990597121406,1533.724629886426,1588.6424815816044,1645.242429026904,1441.8636103309973,-0.2584632408908875,-0.0709168798012407,8.393562210728376
15.000000000000002,0.0019321075231509,1.010396283372944,1.6330087221800005,0.0145864245255857,0.3412731989676202,0.0131233884162599,0.9397593397048216,0.6602668071307332,-0.0591350054294916,-0.3361087475284241,-0.4533521352868913,-5.276588273332977,-0.2689910008192365,1523.9383874389516,1503.4367457990977,1560.4662694382016,1448.7112181352104,-0.1702940767828011,-0.0564343630060207,7.7688589590869
15.010000000000009,0.0080907531383761,1.009999331819796,1.6338980532493852,0.0123328579006101,0.3156715183483496,0.0125205657028128,0.9487057650052162,0.7158341797414729,-0.0603672120144575,-0.3473331955123539,-0.4549646286103257,-5.338554450783173,-0.2587175328571841,1516.8542490063826,1430.2163985617383,1481.0002876936887,1464.26272542332,-0.0309494368587603,-0.1052485822531677,7.396545172199776
15.019999999999998,0.0145517968836106,1.0096142101499277,1.6352335864987164,0.0100412326210298,0.2903742880889826,0.0119656883550186,0.9567856441055422,0.763331676571039,-0.0613571496202251,-0.3672108320873414,-0.4301120689111714,-5.652136661425666,-0.2449821559893419,1501.518472559414,1360.360995385515,1416.134940610708,1473.4636400937866,-0.0601699212655124,-0.0431294712620771,7.106100200910733
15.030000000000005,0.0212474664142449,1.0092415950186964,1.6366093692018482,0.007958392959825,0.2644431409854598,0.0113667993740575,0.9643014492570418,0.8041500289618331,-0.0618804433949878,-0.3922499585321512,-0.3737511561840992,-6.088874977202874,-0.2370581051887726,1474.0619957148351,1314.705472875317,1387.2047496742423,1467.3331978264546,0.0040425026915684,-0.0469563717030878,6.682487808700325
15.039999999999994,0.0281264826074246,1.008880531938923,1.63740523308625,0.0062225960535942,0.23726002758359,0.0106955325236159,0.9713673682976096,0.8394450157226668,-0.0618225688535592,-0.4200163919419225,-0.296147070807218,-6.445661268228573,-0.2304199894621736,1439.5263890173494,1348.8226885123838,1425.3314067730869,1443.512792429746,0.0604293325438054,0.0135755905160573,6.51628686563218
15.05,0.0351567553203734,1.008526614757827,1.6370537942680707,0.0048466956187415,0.2088102092645653,0.0099795541641848,0.9778932531453276,0.8700492118072689,-0.0612891600791703,-0.448510743861306,-0.2297323289772655,-6.512910756735162,-0.2141151277968184,1405.4257804392164,1481.3798501633994,1529.5559234959846,1404.6033587717943,-0.1130313015039785,0.0610563289048771,6.75567555509299
15.060000000000004,0.04232451312251,1.0081722151662922,1.6352185553992786,0.0037465904110368,0.1796910906964521,0.0092720973738224,0.983672253951946,0.8964425492527014,-0.0605784098524926,-0.4760233489655318,-0.2073449901564039,-6.197443496183417,-0.1875224850980038,1377.9026291200955,1643.0994461219552,1645.002080221131,1363.317115507744,-0.4708326207264144,-0.0219916973779699,7.283969324798557
15.069999999999997,0.0496287202665798,1.0078089768420595,1.6318595824398192,0.0027915743692382,0.1508586228927398,0.0086173160897365,0.9885138465772024,0.9189088014163698,-0.0600244648701087,-0.5011241027272932,-0.2302185239551363,-5.610858107448618,-0.1635112370128463,1370.4912529217818,1735.796904001346,1710.3919921383806,1349.0249618293433,-0.5975632739828831,-0.0292792771415799,8.044866268224533
15.08,0.0570719601220816,1.0074313771704182,1.6272039902263795,0.0018557944922697,0.123241075680756,0.0080305263167761,0.992342533573427,0.9378003779515642,-0.0597917243648419,-0.5219781607782404,-0.2620422265756583,-5.01321259744873,-0.1534444919447139,1408.1370451528414,1739.6670864806326,1726.1815697417164,1396.3046420792562,-0.5985517098676141,-0.0370618956740526,8.74183548590361
15.090000000000003,0.0646508297802423,1.0070395347390515,1.6216576862854175,0.0008560357727408,0.0974127750837684,0.0075001056633553,0.99521543741457,0.9535440516770124,-0.0597702075811656,-0.5355588839200878,-0.2617910471544172,-4.622703511371009,-0.1535642322092531,1506.0053847554866,1733.755610707799,1754.2389743984495,1513.580159980118,-0.4403649063059407,-0.0515076187598192,9.646871525557073
15.099999999999996,0.0723490351830459,1.0066396299682352,1.615697430133061,-0.0002338709294993,0.0734772301604777,0.0070013264529018,0.9972722914932672,0.9662718095806826,-0.059657963612458,-0.5380031103051739,-0.2239576536739765,-4.452928112134076,-0.1506025804553445,1644.0630042006187,1804.50762812921,1845.468680653244,1665.9267583477408,-0.3473377951928045,-0.082387100353372,10.77570832928518
15.11,0.0801349473768189,1.0062415088764125,1.6097747628736905,-0.0013936249587303,0.0511785647325949,0.006507747546927,0.998667342783998,0.9754875417385992,-0.059159837210372,-0.526580793435439,-0.1817234919603888,-4.339666900788694,-0.13938054994311,1778.6623458153,1952.2066620774256,1982.8695056017132,1802.760467889968,-0.3049643048216842,-0.1856960907397748,11.970214589169595
15.120000000000006,0.0879633352181479,1.005854814188945,1.6042514844155462,-0.0025807051108331,0.0301301064314679,0.0059956819792922,0.9995246712538728,0.9802292151275148,-0.0581510276064789,-0.501760918787963,-0.1675909629822953,-4.133695911795007,-0.1293584021249844,1883.064639176046,2097.89777681592,2103.5825832693386,1903.293338917872,-0.3939044163358733,-0.158108467285276,13.230621719309482
15.129999999999995,0.0957794687259861,1.0054858850397748,1.5993730759651943,-0.0037493361316421,0.0100090209234846,0.005447424332112,0.9999280411844,0.9796064056639598,-0.0567050506833585,-0.4666988301025918,-0.17658143105043,-3.852175457781357,-0.1315540678288843,1962.1974109529715,2172.530545333446,2166.4304647335766,1981.1531037548564,-0.5749208243133505,-0.0673417508679458,14.29660190641332
15.140000000000002,0.1035237838519666,1.0051368483000485,1.5952727290730266,-0.0048543032815966,-0.0093678283515167,0.0048583150486792,0.9999325358775534,0.9731427806935256,-0.0549932533518491,-0.4239442078794205,-0.1767382999859186,-3.623860284193973,-0.1430162845437388,2025.401465271054,2182.6896540032185,2185.287540801109,2046.4502168791328,-0.556212924901349,-0.131747793480266,15.083257915224609
15.150000000000007,0.1111364164717114,1.004806726978281,1.5919897814421766,-0.0058468082267536,-0.0280742638191015,0.0042427261704664,0.9995797365989456,0.9606610265810822,-0.0531364889002229,-0.3732447511860968,-0.1527975978611002,-3.509818005987205,-0.1486575367947637,2065.09855617379,2184.647366531408,2198.624047303675,2087.548247748944,-0.3179452081339387,-0.0556979185508265,15.645570756050857
15.159999999999998,0.1185612239199925,1.004493471860349,1.5894900423720466,-0.0066786399977696,-0.0461333317963737,0.0036339874274812,0.9989063547703172,0.9420479037480574,-0.0511064224532643,-0.3136579316430885,-0.1239406748368292,-3.4340223702380017,-0.1376913420376826,2073.190129358817,2208.6362638049213,2220.7565416413063,2098.2942022507823,-0.2734669273093328,-0.0347626476197243,15.98262189173286
15.170000000000003,0.125747842830065,1.0041958736643255,1.5876877693955214,-0.0073199898421365,-0.0635690051373219,0.0030762202487964,0.9979458583528182,0.9172739619960698,-0.0487647753943092,-0.247409594230629,-0.1116610850565306,-3.3072038540695905,-0.1152168881601349,2061.294057588133,2228.6147721409566,2232.7031764613075,2097.383107787373,-0.4338889953859741,-0.0945641624781584,16.306313170516436
15.179999999999994,0.1326501838223018,1.0039147895290024,1.5864743397578895,-0.0077778598857643,-0.0804281858467836,0.0026103499932495,0.996726641507041,0.8865830753431161,-0.0460515564503883,-0.180292620786767,-0.1057744350180315,-3.162673971673853,-0.0968483111238798,2046.7972650305005,2209.221011072525,2215.3866009340773,2100.032718919623,-0.5601341403249012,-0.1029634114361155,16.22658654667851
15.19,0.1392221450959397,1.003653576952248,1.5857509001125418,-0.0081030144878298,-0.0967761463230916,0.0022595259551286,0.9952706230978184,0.8505583703823574,-0.0431443295158281,-0.1180138523409416,-0.0807343185009512,-3.106661427179292,-0.0926553350767011,2026.913950169412,2160.545078625538,2176.6419854371857,2087.2340632145456,-0.4157142750566618,-0.0623862690805971,15.7596534597384
15.200000000000005,0.1454139909772919,1.003417638805958,1.585453545507529,-0.0083797529910853,-0.1126652795565509,0.0020170005791661,0.9935956150421138,0.809998279651752,-0.0403464974866683,-0.0629894224396515,-0.040224167585645,-3.1483468796655822,-0.0968553950178516,1984.775248784141,2124.1370088111557,2137.286362899129,2030.091267451844,-0.2277844278464229,0.0200945145645265,15.205736361025572
15.209999999999996,0.1511726959605636,1.0032126116950562,1.5855615580185936,-0.0086999273821255,-0.1280955683426527,0.001843166042592,0.991721956686176,0.7657489591075739,-0.0377677021874755,-0.0148819018503682,-0.0232540879746906,-3.153286718929361,-0.0942566215248354,1920.3439943601136,2112.930473741408,2100.305052039781,1940.884741714789,-0.2342453171011573,-0.0640570976659747,14.477030361774986
15.22,0.1564469371978052,1.0030411223546176,1.5860882547008552,-0.0091272815086344,-0.1430052280306219,0.0016792388034292,0.9896784213294808,0.718624837308268,-0.0351861673046184,0.0266755682056503,-0.0568522147702176,-3.000804819517267,-0.0773996718715291,1859.1676498960635,2092.9905631204074,2050.100171677993,1873.933431861753,-0.5132361013313305,-0.144602110469999,13.907590396975236
15.230000000000006,0.1611949581001735,1.002899629367307,1.5870593840170244,-0.0096658200195595,-0.1573124140773419,0.0014758448725031,0.9875004800922482,0.6694296281568298,-0.0322974424103649,0.0606707430752374,-0.1154380106846519,-2.7418757878749167,-0.0558078351794852,1824.6333470419936,2031.428376133868,1981.9821270309296,1866.10076452385,-0.5251724534885249,-0.2040133409342435,13.129329530745952
15.239999999999997,0.1653925573147253,1.0027778693694185,1.5884827201680989,-0.0102503641623711,-0.1709760036881108,0.0012204874220688,0.9852211155917407,0.6189501255857388,-0.0290641085750875,0.0857076838738125,-0.1403738286942648,-2.5465174202937715,-0.0467941834231908,1810.6772428470545,1941.325296409396,1915.9961549106536,1891.1570420316232,-0.318349358486599,-0.0739722647095166,12.365980158730036
15.250000000000002,0.1690385073604163,1.0026620784337557,1.590311085244535,-0.0107689530621177,-0.1840118472825975,0.0009434977707958,0.9828645784244888,0.5677924365465402,-0.0257662449035764,0.1016537600760619,-0.0974468063630157,-2.5053243819249,-0.0579950382609991,1789.205584543216,1866.7258894175352,1874.7460753766372,1885.7676378522733,-0.1490363693030176,0.0235872765143575,11.702911493176032
15.260000000000009,0.1721552242685325,1.002540424947545,1.5924063737159375,-0.0111087391945987,-0.1964346707991459,0.0006954415659398,0.9804537380124398,0.5161764474223599,-0.0227412545488708,0.1102393773131667,-0.0076784419696568,-2.526390273062204,-0.0802205704670382,1741.5220587342817,1835.1228880922756,1858.7020245125532,1815.7350981683655,-0.08353796767563,-0.0127819186904332,11.096401642271752
15.269999999999998,0.1747836746178236,1.0024075440448377,1.5945220729315646,-0.0112032082633982,-0.2081661557033355,0.00051085287698,0.9780291809417752,0.4639844024617139,-0.0201502131697627,0.1145201769403653,0.0756779600246938,-2.432765132812253,-0.0967605162278136,1676.297889062872,1835.916101117682,1850.5960996917609,1706.7869693724515,-0.1464742465945763,-0.051857306840418,10.654947563968197
15.280000000000005,0.1769735012137014,1.0022659049873583,1.5963253425324222,-0.0110581080481093,-0.2189844017663192,0.0003843488201975,0.9756656201309072,0.4111444346757388,-0.0179851813529296,0.11724265856783,0.1124433917906931,-2.1306386495993914,-0.0982602975812943,1616.4601208693723,1838.4510157474504,1835.700209342913,1612.165113265624,-0.289927876883171,-0.0767349207019458,10.34941374060632
15.289999999999994,0.1787713896648515,1.0021238601461675,1.5974687070194342,-0.010744757401236,-0.2285562604025959,0.0002752630968607,0.9734713710476528,0.3580384977432042,-0.0161753454830455,0.1180493954549108,0.0998792895457368,-1.6727816900085748,-0.0888204783047587,1575.429127275071,1819.950115106928,1810.372337171621,1561.6782949449432,-0.336443029611261,-0.1050686091046505,9.827842678396252
15.3,0.18021143896618,1.001991892832215,1.5976981641082355,-0.0103648848386864,-0.2365294166000243,0.0001350681317062,0.9715690330603032,0.3055144434823155,-0.014594080577586,0.1119637995961282,0.0643721684734652,-1.185720670543286,-0.0796486041704529,1550.2728632225842,1778.1657639347686,1777.702326307686,1546.390401482054,-0.2626359865068663,-0.1133398678640729,9.473373386974894
15.310000000000004,0.1813102346385,1.0018792000518548,1.596958020109844,-0.0100045411246124,-0.2426238311967723,-6.389646540348502e-05,0.9700688540560036,0.2544112559653469,-0.0130289760495993,0.0927464993436702,0.0375644999165826,-0.7588979561780804,-0.0781333365512646,1531.566701660152,1729.2737331734352,1745.5825617608627,1541.4561848079425,-0.2485933647113194,-0.1326720292518164,9.25092705774809
15.319999999999997,0.182067182033696,1.0017924269905514,1.5954377706599965,-0.0097008962573814,-0.2466745443055517,-0.0003186391804172,0.9690497718241952,0.2049779410302354,-0.0112754615065625,0.0594981887886251,0.0370981767680347,-0.3910687913755084,-0.0824159170585536,1512.8902524383784,1698.4065313172557,1727.724503956053,1531.88646416734,-0.1884974372279657,-0.0991934638381195,8.948799351253232
15.33,0.1824686997148814,1.001737054439276,1.593521924351034,-0.0094388282388276,-0.2486205498813967,-0.0006083715314213,0.9685547793399348,0.1566935103697518,-0.0093067086038204,0.0194941314343304,0.0608517781860438,-0.0141545744535228,-0.0851295814640582,1494.6445386979794,1702.691742448781,1734.9919150499625,1519.3207426688132,-0.1643290679540743,-0.0866789783286623,8.780283305693573
15.340000000000003,0.1824941686291046,1.0017200711470908,1.591652117025212,-0.0091748185001907,-0.248472263529772,-0.0009146989731562,0.9685951271236444,0.1086621830677503,-0.007314512367539,-0.0165266884896728,0.0936232279563804,0.436219399534414,-0.0813919167613395,1485.6830457296523,1733.9814795404488,1759.7119423187523,1515.3143923993007,-0.1236480534180701,-0.0730544027597958,8.727235851586878
15.349999999999996,0.1821221317584319,1.0017514436894264,1.590162622804721,-0.0088680620605363,-0.2462961146329841,-0.0012293893689458,0.9691532747681172,0.0603006948965633,-0.0055401449729258,-0.0422563560598675,0.1193156374770203,0.9517938741789256,-0.0726869019124283,1499.405783765781,1761.320444474216,1775.3656012949286,1531.6062692422015,-0.225635817816717,-0.1013502679450732,8.886911088618227
15.36,0.1813359809031627,1.0018424655589282,1.589167472952324,-0.0084984149742499,-0.2422278282362849,-0.0015449533617287,0.9701809466743656,0.0117796830406795,-0.0040445737932999,-0.0594069985498773,0.1299432069046048,1.4376446770577045,-0.0636972051311639,1541.2373772746091,1758.077479233562,1761.0421490782308,1570.5273153328412,-0.1913572389042346,-0.05395599784072,9.056324828180356
15.370000000000006,0.1801283524109386,1.0020010368679633,1.588547663972227,-0.0080660688782502,-0.2364916985401373,-0.0018420342610002,0.9715982821949788,-0.0361697807429145,-0.0026375915477017,-0.0741707684099748,0.1274392139311911,1.7763927804503266,-0.0572257316381195,1597.7210700927712,1727.656903431207,1725.7063062166665,1619.6468732068838,-0.0539559814538117,-0.1187569353494038,9.159529945279496
15.379999999999995,0.1785032449936077,1.0022261384322984,1.5880316390950906,-0.0075821483327941,-0.2293913744090266,-0.0020899814477364,0.9733024917007792,-0.0829094243159098,-0.0010449186236913,-0.0908327664184581,0.1204265772376022,1.9238303549384428,-0.0529082366938434,1642.2114531604095,1699.3321638151926,1701.3489816956487,1657.9312001989538,0.0617161345983787,-0.1059696139968804,9.272796754795158
15.390000000000002,0.1764754201565107,1.002504795704192,1.5873184138764096,-0.0070616806287361,-0.2212577807605168,-0.0022617993409437,0.9751871673598717,-0.1283540875660733,0.0008207231763293,-0.1089311027133785,0.1185214480061232,1.947926709030904,-0.0492659443786457,1657.036795667852,1698.4327062624477,1710.5957296987413,1672.076983641351,0.1385811815856517,-0.1130940205349903,9.341093393962485
15.400000000000007,0.1740676829592581,1.0028137672576591,1.5861850862947562,-0.0065233825894247,-0.2123754844564907,-0.0023500314011101,0.977163536176968,-0.1727883401219705,0.0027377662835409,-0.1255260401645281,0.12533843551389,1.971244900019146,-0.0454326075234778,1651.6236718368243,1723.366139403795,1745.5241869751706,1668.793116668876,0.0997438396074565,-0.0954549749328816,9.54860910972488
15.409999999999998,0.171307078986886,1.003125631607524,1.584543682795066,-0.0059919031368736,-0.2029302623736005,-0.0023706579669703,0.9791719898417148,-0.2162867663707728,0.0043594529155919,-0.138721701037475,0.1348018121639088,2.070768857214681,-0.0413294512564931,1654.482931574344,1752.274544691983,1779.014739462588,1669.5533822124364,0.0846186976313938,-0.1039050707193327,9.817219102596722
15.420000000000003,0.1682206733429935,1.003416700541713,1.5824423832587795,-0.0054939547762655,-0.1930082168692541,-0.0023536588497418,0.9811789362659016,-0.2584039745914288,0.0055605663346696,-0.1487700928698263,0.1366322708960554,2.228093926322252,-0.0373382464270537,1683.2773575993936,1767.1919850337772,1791.727690319973,1690.666891982323,0.1031895861650422,-0.1229617484947124,9.924118932873297
15.429999999999994,0.1648314110505495,1.0036734407956485,1.5800259836607098,-0.0050451300516913,-0.1826400929895879,-0.0023283021958157,0.9831641379263184,-0.2985093115173106,0.0065769949886113,-0.1567864280057026,0.1275462526517941,2.367846998045375,-0.0339179060297746,1726.016344784067,1767.7015443405244,1785.648920375993,1727.9152451594227,0.2008917916014643,-0.0970730146502125,10.087258835481215
15.44,0.1611551189764758,1.0038947327530106,1.5774777627879408,-0.0046362213517263,-0.171854673123469,-0.0023122066137404,0.9851086896773262,-0.3364271431398349,0.0077411135599814,-0.1631015465786063,0.1156008771734472,2.4357773967210123,-0.0309989734060655,1756.9647757849302,1765.4093441661953,1776.2109051144694,1762.7591049453988,0.2429645724574265,-0.1083994340323662,10.302452088475446
15.450000000000005,0.1571999181656278,1.0040891407265842,1.574963570384614,-0.0042338961266626,-0.1607061769377714,-0.0023086347744709,0.9869905111109796,-0.3726297982954957,0.0090880359726397,-0.1667955536975408,0.1116715568419435,2.4397528152633576,-0.0276388174960932,1767.572128364768,1771.807838956271,1776.891127212298,1783.425930359456,0.2533500746353052,-0.0807837619180267,10.537368117304847
15.459999999999996,0.1529680974999273,1.0042690533128698,1.5725930233178669,-0.0038010706945987,-0.1492675588298462,-0.002311253536641,0.9887868353945872,-0.4076630013076665,0.0103012189423475,-0.1666696138569959,0.1173983486229143,2.426407560585256,-0.0225732988797155,1773.558709836729,1790.0675536561985,1790.7017642831347,1795.6300559894469,0.2758853481943069,-0.1662941762555291,10.791977182967688
15.47,0.1484588661569144,1.0044453411310346,1.570405499684491,-0.0033239017871077,-0.1376075324445703,-0.0023124243333425,0.9904785567518,-0.4413930586795879,0.0110699870065434,-0.1625432078116602,0.1234726001372409,2.431053930489894,-0.0154619943498182,1792.3070198373227,1813.0837444581373,1811.4293631162504,1811.4787685788408,0.285219499025509,-0.0854621961178668,11.073913162315764
15.480000000000006,0.1436704950670135,1.0046251933560713,1.5683812364390035,-0.0028234553430718,-0.1257735729744037,-0.002310360545333,0.9920522661005964,-0.47295540406893,0.0114345751412078,-0.1553259195646517,0.1206009687912628,2.452694490157738,-0.0078327379851165,1822.3213690355344,1829.649227439069,1830.127469970096,1833.412552355168,0.2767178211322658,-0.0790848107901664,11.286822587259447
15.489999999999997,0.1386024010087854,1.0048127628707666,1.566470316522626,-0.0023413716938618,-0.113790262099586,-0.0023115440650344,0.9934993462473612,-0.5015134577226031,0.0117277176050078,-0.1457591001764532,0.1107999417457263,2.468392616522374,-0.0025342706476716,1848.3267639389176,1835.2313761510336,1841.4787800431584,1852.700631224176,0.2611003323658663,-0.104,11.4265587222286
15.500000000000002,0.1332591908732664,1.0050102582951757,1.56462665381057,-0.0019103357644728,-0.10167006631156,-0.0023269035683338,0.9948136175954034,-0.5269846648468074,0.0121933288907615,-0.1336108845796905,0.1054472293484975,2.4615029329637808,-0.0013932861965508,1859.97444006252,1835.115541838233,1846.3847618520235,1860.349599090828,0.3551265689462815,-0.141,11.521952490621045
15.510000000000009,0.1276571135216156,1.005217987115243,1.5628335598420928,-0.0015320122190711,-0.0894309731688042,-0.0023629575257326,0.9959890413093774,-0.5498888649948833,0.0127116512340697,-0.118760081527968,0.1117981679813905,2.434710722087469,-0.0029868557653378,1859.5646621464612,1835.974486767629,1849.5635361879831,1856.1487411996616,0.4167739342448386,-0.189,11.552880923121908
15.519999999999998,0.1218296324405737,1.0054339390598552,1.561113031032141,-0.0011773769138459,-0.0771157701469707,-0.0024119303282067,0.997018532611272,-0.5704983805093273,0.0129533409313313,-0.1028506850166687,0.1238202093088087,2.4027440539955904,-0.0035064408310016,1854.4115466740209,1838.554759567107,1853.621025672816,1848.3382759927408,0.4645174953596727,-0.148,11.590614965246871
15.530000000000005,0.1158269223100426,1.0056540191664616,1.5595185197371233,-0.0008057029157552,-0.0648038063256979,-0.0024467868057417,0.997894699235766,-0.5883642138660146,0.0128125052620376,-0.0886114084037106,0.1281724899702596,2.377612652419049,-0.0004739914838256,1848.79024059553,1839.973597102196,1854.9382851031528,1846.0866651247447,0.4110382056557022,-0.1417382992870189,11.654849610531514
15.539999999999994,0.1097070577571854,1.005872744908996,1.558115268546017,-0.00038680557504,-0.0526039262652222,-0.0024266717360898,0.998612431620604,-0.6028468803120606,0.0126005494884286,-0.076746839049749,0.1186623068040709,2.358640296890206,0.0050871983092866,1844.7188154107996,1837.431429128177,1847.5142536045,1851.530734539681,0.3555996921468703,-0.1507135207326944,11.663434775815974
15.55,0.1035226893914769,1.0060834628634885,1.5569541226659789,8.555262041013609e-05,-0.0406266695918813,-0.0023140531041086,0.9991717127485408,-0.6139434481997832,0.0127128590745594,-0.0645228216995783,0.1036321046511237,2.3333619813170774,0.0106439133385706,1844.5022851538888,1827.607257550627,1832.0736375768415,1857.8438897865765,0.3351167098176449,-0.1499270078662812,11.585087044956255
15.560000000000004,0.0973106411841519,1.0062783331654492,1.556049249325086,0.0005918173844747,-0.0289491124261121,-0.0020973128376769,0.9995785111339602,-0.6223211255674408,0.0131266680909308,-0.0488666258770314,0.0982723848039992,2.2898978950809377,0.015174249717974,1847.6872432155956,1808.868004513788,1818.1620816355053,1854.7772403540716,0.3754588705727567,-0.1445541140102544,11.456941790928804
15.569999999999997,0.091089786959411,1.0064497759612894,1.555374190449455,0.0010939856794527,-0.0175916564391131,-0.0018052778395856,0.9998430265751636,-0.6285757055085537,0.0133399927321028,-0.0303620487572844,0.108679809077999,2.2312360230297528,0.0191457316001619,1848.751277731466,1786.9729548737764,1813.7846030933372,1837.8272534627345,0.4539243090614073,-0.134679280047396,11.434343278442755
15.58,0.0848669002643788,1.006594244969347,1.554882639305749,0.0015490202450903,-0.0065191588030379,-0.0015000832251332,0.9999764251496628,-0.6326789041459978,0.012856520574238,-0.0125543767036838,0.1236587142915854,2.174754992055308,0.0223064254711081,1843.030874904838,1772.3713217403397,1814.9549866659847,1814.5659839018856,0.4522984571910715,-0.0932573942718053,11.34756350853064
15.590000000000003,0.0786457480080672,1.0067163657137397,1.5545406085328353,0.001925277614299,0.0043320451885238,-0.0012469342528143,0.999987985850611,-0.6341718106855581,0.0116948739973365,0.0025051762336472,0.1245856862732134,2.1332917275511045,0.0232667369770305,1833.0439606963068,1767.978838564727,1809.7690674111063,1800.4710885969555,0.3915033870834006,-0.0678674221177596,11.130149516831178
15.599999999999996,0.0724343691594288,1.0068297318931791,1.5543452109825928,0.0022168454870097,0.0150168370835769,-0.0010768437080802,0.999884203599457,-0.6327404076672618,0.0103988775258611,0.0160211522536123,0.1050656516131046,2.0985110329123047,0.0218433742359093,1823.9237777319197,1764.23982990463,1792.1334875441494,1803.3703683801875,0.3866766878446681,-0.1813382621856886,10.87088080009366
15.61,0.0662482574941643,1.0069522232172423,1.5543175500336797,0.0024479948298355,0.0255400568422716,-0.0009676768256652,0.9996703338698052,-0.6285369713099267,0.0095601915365985,0.0292056751877662,0.07923674313858,2.048995004989404,0.0205516479929572,1814.8235704498352,1750.4376415772942,1767.5082859652675,1812.202490518384,0.4026935163007862,-0.1611020794473174,10.831048860938033
15.620000000000006,0.0601098745790751,1.0070974875398784,1.5544806620493574,0.0026643749640644,0.0358482917905064,-0.0008586779499081,0.9993533227812532,-0.6220052952552579,0.0093182500924973,0.0404132752985157,0.0681988864544095,1.9749011425512204,0.0222866778348505,1801.486458677906,1728.09405077069,1745.5222247175584,1807.8397523151784,0.4059407002507518,-0.1225100055944129,10.831138107443245
15.629999999999995,0.0540456694183848,1.0072672246518974,1.5548417220719817,0.0029116166820802,0.0458478536408673,-0.0006889307096305,0.9989439534725156,-0.6134700663674585,0.0092830715261891,0.0473760910143358,0.0785262841213138,1.88772972897718,0.0266865950553225,1786.022789807793,1708.8629663211204,1731.0551173541226,1786.0571850094952,0.4502473493511982,-0.09962746992259,10.63278188846828
15.640000000000002,0.0480816836321965,1.0074489405581664,1.5553856752737203,0.0032161745060952,0.0554388084275686,-0.0004362042520498,0.9984568115184193,-0.6029472776787762,0.0089017776656232,0.0510494948861664,0.096165761924663,1.8028841765889687,0.0300517051542612,1775.9219924070378,1700.105941589433,1723.1005752135638,1762.0864133170296,0.4257382508422351,-0.1288725265024525,10.33301083565592
15.650000000000007,0.0422396132291474,1.0076207442448255,1.556075753107388,0.003578385524124,0.0645406554300027,-0.0001310707864986,0.99790865402308,-0.5903568854280143,0.0078927462607989,0.0548121372237255,0.1017966766970528,1.719261582915994,0.028991079618835,1772.520507406755,1696.9498467567323,1718.603895450137,1750.1742455724668,0.4376597841126621,-0.108467218718367,10.225350273312596
15.659999999999998,0.0365361202802789,1.00776049053196,1.5568583038036443,0.003976463975046,0.0730971224484256,0.0001616277480565,0.9973168866014884,-0.5758456027120316,0.006400039912461,0.0599277619796441,0.0901762824549291,1.6223232449274405,0.0230217068084705,1768.7290236571198,1689.7119940244677,1714.9479218971403,1747.0484143289364,0.3972225801717213,-0.1575768499353327,10.254319940116272
15.670000000000003,0.0309868871012042,1.0078542081300537,1.5576737489943526,0.0043736994071278,0.0810663055488195,0.0003796880688634,0.996699042186322,-0.5598179851888515,0.004842262659136,0.0638583881543655,0.0727675020805513,1.5036423205558358,0.0136809884555435,1760.8749770252548,1675.6529433846858,1709.8530329494715,1740.201943941342,0.4479437549762561,-0.2042082242317007,10.082445179103823
15.679999999999994,0.025613153997702,1.0078999011870386,1.558470379227272,0.0047264519193173,0.0884111978813988,0.0004938212163857,0.9960727267032448,-0.5426452987256759,0.0036308902062439,0.0636494900120834,0.0628280549138757,1.37006170588697,0.0031538583223553,1755.1413873620136,1660.945394472256,1701.4673225597162,1726.1308544804515,0.3998486966074728,-0.1407670535842191,9.933497416949708
15.69,0.0204453450974529,1.0079060660017731,1.5592111210112918,0.0049959404487839,0.0951002912574387,0.0005149141276743,0.99545502663115,-0.5243951927345338,0.0029325527814567,0.0595638586762253,0.0615220046225622,1.233582929114732,-0.0052101325697095,1757.5670661758409,1652.786097788009,1690.2131974572244,1714.39181301061,0.3734314051631306,-0.1376183128124058,9.893752612720643
15.700000000000005,0.0155192918108255,1.0078869524665608,1.55986810022782,0.0051622144033398,0.1011161561770697,0.000479958278426,0.9948611180172232,-0.5048830050511771,0.002603522753146,0.0546416515891833,0.059920032762353,1.0984619287293065,-0.0072936952062718,1763.265771163224,1651.8205385976353,1680.0178542239432,1715.020287544056,0.419270322489208,-0.1173945125057411,9.88961140193149
15.709999999999996,0.0108656779323034,1.0078573784851794,1.5604122095892634,0.0052316994444494,0.1064619984461295,0.0004300611777881,0.9943029152402012,-0.4839742838506405,0.002332854033224,0.0516822983804671,0.0516051342709172,0.9613385046304506,-0.0019661056580707,1761.636762288605,1652.2650544442329,1675.648824441579,1725.5730534069291,0.4841848652144822,-0.1350085919890938,9.833063235456509
15.72,0.006498847259133,1.007829136336772,1.5608105584043737,0.0052321329152446,0.1111575541298031,0.000393677608378,0.9937889453817534,-0.4618017393570464,0.0018660138388055,0.0513093547948321,0.0402433945199999,0.8206285767529016,0.0059681258775978,1750.1115649309468,1648.9990765393252,1677.931322538841,1732.8035345440812,0.3910740794020557,-0.1659518958377737,9.81953290990909
15.730000000000006,0.0024123712430597,1.0078096693224257,1.5610379699824302,0.0051983225718398,0.1152236765283236,0.0003808979159197,0.993325896534724,-0.4386945748888708,0.0011156477056063,0.051838412663873,0.0351268244503038,0.6814738071810704,0.0090883858036487,1737.410560781082,1644.0526246818663,1682.7945512793865,1726.879318910327,0.4002270323175581,-0.1274205695376188,9.804286413460238
15.739999999999997,-0.0014155373890418,1.0078025144912777,1.561097310169845,0.0051581845508581,0.1186637173599103,0.0003872784675423,0.992921026733675,-0.4149565551803357,0.0001177623245717,0.0498982679242036,0.040519767303553,0.5512915736882518,0.0043393567093386,1732.9119986203227,1644.139735886094,1685.4223114758208,1711.1145915990412,0.386296728382931,-0.1084687920604121,9.740340924982537
15.750000000000002,-0.0050103470321765,1.0078084069002713,1.5610361609651655,0.005126476290474,0.121454905271896,0.0004019820418587,0.9925836305504318,-0.3907435645515757,-0.0010442975934769,0.0422782018415705,0.0494330616326691,0.4317231295974204,-0.0045082952275659,1736.9672740241128,1651.377495007563,1684.044496174149,1697.0321465773773,0.3519823812140492,-0.1253778411504729,9.744548303352154
15.760000000000009,-0.0083907714976925,1.00782599878837,1.5609462588254606,0.0051073385437663,0.1235593327379354,0.0004151372393068,0.9923239561995004,-0.3661030242081017,-0.0022635539542664,0.0292405036581937,0.0486707971343855,0.3139943040645003,-0.0114958302015453,1743.4940374135886,1659.8624542937232,1680.2319761650351,1693.3188801479048,0.345735631693512,-0.1368127775647148,9.723832323367809
15.769999999999998,-0.0115653278156998,1.0078517004200749,1.5609378129236802,0.0051013743520372,0.1249502937506561,0.000421671877533,0.992149798298711,-0.341060096543553,-0.0034155796440276,0.0160589095427152,0.0315586705013371,0.1826516880309596,-0.0143045237125756,1748.49109835241,1663.2084597554742,1678.1925627938142,1700.6385251362033,0.330848562989734,-0.2069651382817803,9.712465160606945
15.780000000000005,-0.0145359654950887,1.007878899265273,1.561095060861418,0.0051111070478233,0.1256361132469151,0.0004214795590171,0.9920631360896016,-0.3156653873778082,-0.0043999027620775,0.0093835402339824,0.0055729465674768,0.0293414466981246,-0.0151549718895756,1752.1171891016247,1662.4357179519425,1683.6668656673614,1712.9543838837938,0.3008696570014142,-0.1863803095154142,9.74051030315254
15.789999999999994,-0.0173040741842052,1.0078974209734464,1.561436212025863,0.0051404050613008,0.1256647892203617,0.0004173906666665,0.9920593544597216,-0.2900120804417138,-0.0052222394320373,0.0111351610392211,-0.0137216281597595,-0.1325765098857843,-0.0170578913002801,1754.113942281477,1664.1008025038668,1699.4790487046598,1721.2098806956533,0.3275132384806642,-0.1243577006347822,9.833361342746068
15.8,-0.0198736483697442,1.0078942647510154,1.5619042692971137,0.0051875779901654,0.1251082515268332,0.0004127408852021,0.992129449255215,-0.2642424098746277,-0.0060672953254849,0.0167675226412335,-0.0163209576794368,-0.2708354258276283,-0.0203775558934406,1751.879923497999,1672.2488179895472,1719.8986261077978,1718.9109386472464,0.3160299570417293,-0.1327247599005738,9.952454275225865
15.810000000000004,-0.0222496256373408,1.0078562122890022,1.5623968260384833,0.0052363933551757,0.1240387902525892,0.0004097500105636,0.9922634684408336,-0.2385515330616923,-0.0072486256395391,0.0199461728646275,-0.0054963975134036,-0.3597383023750869,-0.0234294651300249,1744.2100572845022,1683.9915764417972,1732.4636914006994,1708.016245221628,0.2730150812792642,-0.1196525933326929,9.925845317070124
15.819999999999997,-0.0244335085727475,1.0077739246291073,1.5628166957806433,0.0052520060338825,0.1225109847067399,0.0004090619151351,0.9924531765918,-0.2131963059168768,-0.0089710003086374,0.0182670195872415,0.0063094265192992,-0.4058121441347472,-0.0253878001430848,1734.5721607048322,1692.7209770126713,1729.2857694562888,1698.567904266291,0.1656560257035719,-0.1002072684883977,9.89237719562847
15.83,-0.0264202962188116,1.0076459507026192,1.5631134860248932,0.0051877237460372,0.120555508985195,0.0004101417367952,0.9926929477735856,-0.1884734209483322,-0.0110702350093463,0.0142440630594218,0.0075477745877768,-0.4449764178288873,-0.0269165087139599,1728.9846488651478,1694.645850242004,1715.736936669689,1699.1800295186772,0.1904451926626111,-0.1395595724821505,9.863698350538725
15.840000000000003,-0.028199472282763,1.007480355574831,1.5632962196369544,0.0050029113877252,0.1181857882542089,0.000411979828449,0.9929788117603512,-0.1646088749767514,-0.0130370130589584,0.0115562923942728,-0.0053815396210104,-0.5115862309575124,-0.0280913514913138,1730.3429332415478,1691.336335805116,1704.9997303423254,1707.1912663246428,0.2407172393050762,-0.1786638651311377,9.799275329844438
15.849999999999996,-0.0297601045411383,1.0072923002066247,1.5634176711150782,0.0046842598626233,0.1154143177203222,0.0004136578320444,0.9933063081758264,-0.1416099157059779,-0.0143941675920775,0.0110495228541262,-0.0274419408750331,-0.6099910385883855,-0.0277556647878959,1734.951271687518,1686.4281492672185,1704.8714389344834,1710.8642094529114,0.2435729405414388,-0.1396929069336065,9.782706113877104
15.86,-0.0310980519113026,1.007098181239333,1.5635458347737567,0.0042577172014045,0.1122695083642956,0.0004146022548689,0.9936685853144612,-0.1192597316631865,-0.0150984637205417,0.0104868602240551,-0.0485420146956172,-0.7147005221918523,-0.0256681736945149,1735.417392263564,1682.202453325483,1712.7445465054243,1702.9296090840508,0.2225951329731628,-0.1347149814475347,9.816314201198445
15.870000000000006,-0.0322219153700674,1.006909578604777,1.5637379068624762,0.0037820894062237,0.1088013741811731,0.0004145939979198,0.9940562282325022,-0.0973471975570445,-0.0155733892381916,0.0077962189737408,-0.0589396860743389,-0.7948843570597098,-0.0236678436989179,1727.754861339158,1679.919919879718,1721.6544738123823,1689.6806585420632,0.1844377659597946,-0.1162981254648155,9.813239418897368
15.879999999999995,-0.0331538397608038,1.006730789201984,1.5640223412746554,0.0033260151884677,0.1050711035781789,0.0004137055946616,0.9944590638450186,-0.0759438034406484,-0.0163349379995565,0.0037159417984622,-0.0550729981559245,-0.8387414366448109,-0.0234985185937129,1715.4067978749486,1680.507939056684,1726.2253038897609,1683.7621557834043,0.1610666816421471,-0.1364781605471598,9.753965847380154
15.890000000000002,-0.0339232322129164,1.0065610836616936,1.5643883071099245,0.0029392492828844,0.1011308360838553,0.0004122888197489,0.9948687073300488,-0.0554183321987427,-0.0175559647965943,0.0006909873333438,-0.0429482337409347,-0.8589059220266434,-0.0243167810886567,1705.7552337716822,1683.1098704684807,1723.280199604527,1689.0800591440338,0.1583871797584077,-0.1052797757657149,9.71546094357869
15.900000000000007,-0.0345558110699527,1.0063990577266766,1.56478437455237,0.0026320000237571,0.0970066853731123,0.0004109995335769,0.995280164902416,-0.036144368934533,-0.0189569042989058,-0.0002574846763577,-0.0348580230737539,-0.8783223629115263,-0.0235212201073942,1703.1510503176669,1684.6858182794076,1712.934122130583,1696.873164604286,0.14534735367473,-0.1309428341923804,9.714639469226508
15.909999999999998,-0.0350636526489268,1.0062449210047084,1.565130695124794,0.0023738073323464,0.0926967363956858,0.0004107262906555,0.9956914740039968,-0.018212963025168,-0.0200924851628746,-0.0006032896654883,-0.0390589775369339,-0.9104962819187024,-0.0198931046188487,1706.053530457475,1682.6600640177826,1701.5372381214695,1697.4668081419086,0.1275832359210365,-0.1190824518529049,9.777618469937996
15.920000000000003,-0.0354412886697003,1.0060987143714446,1.5653435586988589,0.002115511433529,0.0881872352498217,0.0004122771765448,0.996101584266332,-0.0014340050293573,-0.020738986569185,-0.002369562779408,-0.0504903724954752,-0.9510607294852976,-0.0152311679460688,1709.6413771897714,1677.90381572325,1699.224093468403,1691.2725634066896,0.1578099507846988,-0.1006485349869691,9.695552297210218
15.929999999999994,-0.0356694764237639,1.0059564113305224,1.5653630098060607,0.0018235316493904,0.0834782299343185,0.0004158164365591,0.9965078459079224,0.0144539156339941,-0.0210339503582465,-0.0059910496380653,-0.0540345061773967,-0.986405740709277,-0.0128817981190548,1709.3241891484283,1674.9706371932011,1710.6251340120052,1685.0592774993388,0.1556033031177335,-0.0825204785428775,9.666159444100842
15.94,-0.0357247481434278,1.005808029684195,1.5651723207081936,0.0015043276401999,0.0786025387815232,0.0004202858875615,0.9969048105286796,0.0296303361158194,-0.0212942576604273,-0.0102715580548326,-0.0409445085007182,-1.007993135890152,-0.0148688361992356,1703.7356217515437,1679.002662186926,1728.7756051894385,1681.3551300457714,0.0828261624209389,-0.0834889133549334,9.66054241873951
15.950000000000005,-0.035590828487969,1.0056402944229972,1.5648031023531934,0.0012015144727599,0.0736253494703684,0.0004232634041632,0.9972851573779832,0.044182401765929,-0.0217211115151025,-0.0136785340077567,-0.0217329979228508,-1.0171084905587269,-0.0200706296953101,1697.722975443422,1691.192549368153,1740.6659571657435,1676.9198450794838,0.1154133017541794,-0.1090027332325189,9.730850565599392
15.959999999999996,-0.0352676555703817,1.0054426460931434,1.5643255738995332,0.0009667584908591,0.0686237407306559,0.0004217181861788,0.9976420549174556,0.0581180191362737,-0.0222629721710165,-0.0153184409146023,-0.0174512372212788,-1.0187835412018376,-0.0248194070789585,1699.6957177497775,1706.3506825911809,1739.935857038865,1670.8576952333992,0.1426575101271272,-0.1118148112989407,9.735902817863298
15.97,-0.0347746995831568,1.0052128531273936,1.5638272413214975,0.0008212215106016,0.0636580766331631,0.0004137757592113,0.9979713441097484,0.0713259667453959,-0.0227483241395571,-0.0154056081635834,-0.0343985126726714,-1.0155665383177397,-0.025644504014459,1710.4934374132677,1715.5367518376866,1733.577091221175,1668.997412212264,0.1365965093172865,-0.1504218114901938,9.758506154548984
15.980000000000006,-0.0341473749149335,1.0049590395870824,1.5633869165137035,0.0007259181378401,0.0587525403433404,0.0004009223119211,0.9982722330643886,0.0835636690502593,-0.0231184910667446,-0.015400952236414,-0.0516259659664888,-1.0074362992111496,-0.0219551152991895,1717.8905601085537,1713.5271220724298,1733.9681214248349,1676.7040785742188,0.1105890908966276,-0.1386813799482828,9.809750580108055
15.989999999999997,-0.0334281887336075,1.0046974994117968,1.563053630923836,0.000574430332223,0.0538960332764793,0.0003893298306988,0.9985463114193236,0.0945616974478975,-0.0234600524846369,-0.016969455420662,-0.0433184895272895,-0.9944844600419496,-0.0162552939383338,1711.129270644312,1705.7611825342872,1743.1783290852927,1688.622381056222,0.0703296440890348,-0.1210757705760641,9.90104058142586
16.000000000000004,-0.0326563790426389,1.004447604968889,1.562837054165608,0.0002211632453329,0.0490614717176921,0.0003886713603518,0.9987956607906778,0.1041810073450796,-0.0238069000268621,-0.0199187030478758,-0.017450754481881,-0.9782168156402652,-0.012018118310493,1699.5682694388902,1705.7101149944624,1749.2133064274162,1691.0928804154703,0.0779606692081957,-0.090940277434964,9.847134671369975
16.01000000000001,-0.0318597837942773,1.0042253075283607,1.56270939743356,-0.0004430861451715,0.0442310009408014,0.00040744125499,0.9990211490364288,0.1124790912957586,-0.0240329069671352,-0.0218367837249571,-0.0192805246897982,-0.9612899833301456,-0.0113764435011405,1703.3070406599231,1719.814090906893,1743.5998522945367,1679.7008940463502,0.0516754113341308,-0.0724021550268085,9.909487855379355
16.02,-0.0310511370062966,1.004036578009925,1.562616757990028,-0.0013759654555886,0.0394129471346092,0.0004455711738945,0.9992219612196074,0.1196492576759977,-0.0240185222470467,-0.0209192581479995,-0.0714840981405238,-0.9454119757958268,-0.0139728833303125,1720.7110480921165,1734.128455075262,1740.634813369743,1672.290330167202,0.092481491564928,-0.0813336542061788,9.90478726407142
16.030000000000005,-0.0302292946512804,1.0038728065217446,1.5625005195977435,-0.0022736235287048,0.0346423482281619,0.0004874873949015,0.99939706858752,0.1259135305982983,-0.0238358520379873,-0.0184946060711659,-0.0993508618343421,-0.9276323507577052,-0.0171701021742058,1721.8164825467943,1724.012609045862,1768.3475063336105,1695.6947597916464,0.0971658032361381,-0.0955399482763759,10.048209326097108
16.039999999999996,-0.0293841756013822,1.0037104130161614,1.5623264257154126,-0.0025360727916833,0.0299664830174575,0.0005003133296387,0.9995475616082168,0.1314193197351616,-0.0236833087416959,-0.0170044853788808,0.0591974441527291,-0.9005475323519001,-0.0179854907337682,1688.8255469950618,1684.430433852841,1833.507458831589,1753.885255914841,0.1009803896002443,-0.1092620839711781,10.099072923492653
16.05,-0.0285025562526663,1.0035152653723731,1.56210830073474,-0.0013595203001427,0.0254256231677484,0.000440959549826,0.9996756948859769,0.1361515302097658,-0.0237304476058971,-0.0156290934025582,0.5234783721423341,-0.8603960572430387,-0.0160403293637315,1649.814354657587,1644.6055472343053,1903.0963463654127,1814.796143255832,0.0602802768200764,-0.0068390658363583,10.34466112598692
16.060000000000006,-0.0275719345595618,1.0032500436434435,1.5619093533382535,0.0020550407387624,0.0210424005060162,0.0002714765685998,0.9997764352538916,0.1399443589997189,-0.0241793006135471,-0.010224571551888,1.232413101835777,-0.8143108323682159,-0.0145116395906198,1649.0847619342808,1640.2504462200104,1932.5013083883969,1837.8228855542052,0.0290002520513607,0.301943684597498,10.92164027116864
16.069999999999997,-0.0265822977240628,1.00288166844142,1.5618172848624436,0.0082586686785646,0.0168271141900111,-2.410893029135417e-05,0.9998243055849628,0.1426649744153204,-0.0254806089000336,0.0012830007496403,1.9611407067781197,-0.774579948045895,-0.0172370127037104,1689.7007066738004,1672.6982942517182,1910.7398772644783,1813.2146811971584,0.0845347034201987,0.2408853974901426,10.988830826129488
16.080000000000002,-0.0255281677265744,1.0023865860920145,1.561908796180944,0.017390509077638,0.0127939125944486,-0.00043138818921,0.9997668227635764,0.1444265746664906,-0.0283713835159547,0.0153206481133075,2.497390678536904,-0.7443165120211721,-0.025012854987291,1729.8168058539122,1708.5628489829955,1868.03551234339,1767.3117612209312,0.1230141490717148,-0.0537944741585204,10.818936735639884
16.090000000000007,-0.0244124463456851,1.001752481425684,1.5622237755402466,0.0291710559564739,0.0089742144771609,-0.0009111590594668,0.9995337326764268,0.1455670985377816,-0.0336355908899163,0.0263341245815007,2.7968076728663056,-0.712162276694011,-0.0356055147378998,1735.933951830479,1719.8243668676264,1840.5523602062203,1732.0367541891226,0.1353323396952295,-0.0662825253239606,10.61952360705363
16.099999999999998,-0.0232500684225022,1.0009753798457883,1.5627571917967182,0.0430446270057191,0.0054164284846166,-0.0014153990491204,0.9990574653311696,0.1463625699423144,-0.0418448225510243,0.0328422907836265,2.967060598638193,-0.6635405759636592,-0.0468851092674532,1718.2226273771914,1709.9949997420458,1837.813125412457,1718.394400085029,0.0676785311241918,0.0051400499624238,10.419098106477898
16.110000000000003,-0.0220675009377598,1.0000523836541824,1.563465364221594,0.0583834680840553,0.0021695475025296,-0.0019046748871682,0.9982900560116216,0.1467814532636503,-0.0533077536019257,0.0378095026604689,3.129895219326245,-0.5969274098475322,-0.0583511935133552,1709.7808290369153,1699.377796945074,1844.1808542891404,1717.815174465166,0.075400314854907,-0.0518069363312769,10.248041352861913
16.120000000000008,-0.0208962317171015,0.998972709711555,1.5642826327643964,0.0746468089566145,-0.0007410332244008,-0.0023599790410062,0.9972069671243182,0.1465683640214366,-0.0681600040584431,0.0437419039283552,3.317356124521777,-0.5283893575349773,-0.0696652314418615,1727.4126550662115,1700.1657113177691,1843.0690741294757,1718.4742122444586,0.031,-0.0497072702634493,10.369865678174577
16.13,-0.0197627185840751,0.9977112485052516,1.5651446891353502,0.0914385013325544,-0.0033303852168591,-0.0027864277860189,0.99580125769581,0.145551441079666,-0.0864334336742921,0.0497617831120203,3.480730284564566,-0.4784156484716807,-0.0797201476478055,1759.3691477086008,1712.266737280333,1835.3296266048949,1716.0549861099998,0.0405645702836625,-0.055586994775743,10.450038681160446
16.140000000000004,-0.0186799048979287,0.996227868007042,1.566008741689878,0.1084792647241405,-0.0056500240220998,-0.003209028111178,0.9940774761013556,0.1438040600195833,-0.1081426476343723,0.053860599616393,3.565466402922947,-0.4515726076374344,-0.0880515295067907,1784.1671090649886,1732.5613493798382,1834.527169628188,1713.346726473037,0.0594102779084636,-0.1616146838332297,10.41285659696456
16.15000000000001,-0.0176443857546864,0.9944727779604736,1.5668578831061155,0.1255512177379045,-0.0077617536992773,-0.0036620786676332,0.992050016926502,0.1415033536675166,-0.133484610134104,0.0562342475448563,3.563884352243491,-0.4297443571197652,-0.0957674346224543,1794.720227633431,1759.0747500592488,1847.9025901056173,1715.6943307373722,0.0889888696877947,-0.2466066203713404,10.42318866239889
16.16,-0.0166400294540154,0.9923952241680836,1.5676869583633766,0.1424640787676674,-0.0097050995249008,-0.0041746130259742,0.989743587961132,0.1387075290448852,-0.1629677451550245,0.0592605452909178,3.508289252509379,-0.3898476235928134,-0.1039732855028384,1802.2150561373464,1788.6766116164808,1868.7860815360043,1729.1572833185471,0.0951692834941343,-0.1336600039904341,10.760923923479456
16.170000000000005,-0.0156459673168283,0.9899510698636655,1.568482362446917,0.1590562849908358,-0.0114805629271799,-0.0047560652655097,0.9871913060410222,0.1353350675514714,-0.1971621713114104,0.0647943207447428,3.4358341306722595,-0.3293183207372482,-0.1120040593690963,1819.748608868931,1817.241632563965,1887.9081893150224,1758.1563367815031,0.0586199661375231,-0.0656581064949768,11.056400068228427
16.179999999999996,-0.0146456822548817,0.9871055591905664,1.5692131798031377,0.1752141973767171,-0.0130596004102569,-0.0053888801988677,0.9844289673942754,0.1313524283088495,-0.236190627201506,0.0723126628782668,3.367275519643635,-0.2694866260024757,-0.1180798394709362,1848.531629892885,1843.9871163487228,1903.7738582435643,1798.496171809331,0.0344055208561175,-0.1705056187960889,11.22682533890118
16.19,-0.0136341731998329,0.9838307336739291,1.569841726445369,0.1908837903316588,-0.0144123563469446,-0.0060337560489618,0.9814882864105356,0.1269252910972663,-0.2795681949922197,0.0796288386172377,3.30436764650012,-0.2314021624614664,-0.121397743137439,1879.458336754613,1871.804792700711,1919.95362966336,1835.3491427689755,0.0558532725911381,-0.1128511425357396,11.595082026776236
16.200000000000006,-0.0126211189337521,0.9801003839370966,1.570347728136634,0.2060583146341336,-0.0155324316698581,-0.0066465408219255,0.9783938562928858,0.1223315845952943,-0.3267827455906871,0.0850537018950558,3.2338191844442665,-0.2130101804957759,-0.1229263171751499,1901.9219636005748,1900.2927447511008,1938.6945255416272,1855.622425103345,0.121397624130306,-0.135526044907551,11.905730038267592
16.209999999999997,-0.0116291663888654,0.9758863216060968,1.5707529213814415,0.2207435456146285,-0.0164430331748555,-0.0071982189044606,0.9751667033764516,0.11769937584287,-0.3781489670797924,0.0889566474110514,3.137528640537919,-0.1948597411959147,-0.1241052206752823,1911.9267019955155,1922.2504796728435,1958.70365540375,1862.513722381581,0.1672644099883647,-0.2558541142063975,11.976695715659428
16.220000000000002,-0.010687802109304,0.9711576820117408,1.5711341675864192,0.2349186163183357,-0.0171849194841983,-0.007686644973304,0.9718327210680112,0.1128329711427536,-0.4349072857715284,0.0934530169848315,3.007471769975345,-0.1650290174574153,-0.1253493307070091,1916.3431890515128,1931.9218341913293,1976.691578174132,1872.8408356522548,0.1499251980984627,-0.2876506747975638,12.2938510817548
16.230000000000008,-0.0098246768898186,0.9658819494093632,1.571619208136024,0.2485154744604192,-0.0177990181369907,-0.0081328172330265,0.9684302304197892,0.1073382587741064,-0.4981289473735589,0.1005143538948579,2.853669333492824,-0.130753426658654,-0.1261358020348706,1926.934033426648,1934.1395814590928,1992.0323021317845,1898.713685566882,0.0967728507930698,-0.1880596160891503,12.694823707017196
16.24,-0.0090574292657804,0.9600251504652676,1.5723648198504825,0.2614320514841222,-0.0183153276450372,-0.0085637327791072,0.9650101003155076,0.1009886611256241,-0.567374138337294,0.1102119552832685,2.698544098199041,-0.1041396187613555,-0.1258270290318475,1946.9476080778163,1940.0692931460003,2008.609201790221,1934.06938365093,0.1581622346888608,-0.080450718822429,12.708553755068246
16.250000000000004,-0.0083892572995202,0.9535504767737624,1.5735194090280686,0.2735767417841448,-0.018749741995775,-0.0089921781544151,0.9616253710577224,0.0939995108948108,-0.6406066217034228,0.1206639149631592,2.560259035920126,-0.0845001141209932,-0.1238124505218896,1967.2465206584425,1954.8962032485297,2027.8662442692355,1961.0739399119263,0.132367695331421,-0.0365839118035875,12.962404161525352
16.26000000000001,-0.0078100328894857,0.9464176355240496,1.5751728411384691,0.2849202427732954,-0.0191049535032689,-0.0094052099628602,0.9583146654597324,0.0869095445402772,-0.7156150516732511,0.1295700811488392,2.436411870326356,-0.0621391491271605,-0.1196231397074188,1977.5480414890403,1973.3525908163297,2042.7137292169916,1969.5403891120272,0.1607671917684613,0.019110108179615,13.154222346832832
16.27,-0.0073020357661407,0.9385858288251476,1.577300942520108,0.2955198398457652,-0.0193735398886704,-0.0097679133745745,0.9550901936874978,0.080161329203382,-0.791528671701479,0.1359431968477172,2.307647696984745,-0.0355666591467787,-0.1134835033688735,1976.392361278324,1986.4634241924769,2044.2405354279256,1967.0735042720755,0.0782408031047907,-0.0324435458709357,13.270881754772772
16.280000000000005,-0.0068471025651632,0.9300203583241162,1.5797224420814324,0.3054958875387499,-0.0195427750215706,-0.0100410056405239,0.9519398724956816,0.0737958205294417,-0.8690101366927441,0.1407806462149524,2.162423385089585,-0.0148259241249526,-0.1058295801848618,1968.609211018804,1990.5867404523683,2032.3996061564112,1967.5153181835976,0.1198030787447011,-0.1195876861605613,13.025944979299664
16.289999999999996,-0.0064317100333655,0.9206995187941368,1.5820953922977108,0.3149708378277789,-0.01959944814574,-0.0102026865593146,0.9488441063406684,0.067536713287214,-0.949132572369906,0.1459941220559515,2.010407827379197,-0.0060960514430781,-0.0960374964038251,1959.2352328801437,1990.3063198384773,2014.76768002402,1972.2505491795616,0.1783232967768688,-0.1128379980257401,13.029022371004212
16.3,-0.0060482456922953,0.9106178279881632,1.583977656063908,0.3239997942308991,-0.0195338843607858,-0.0102616121650119,0.9457997991202416,0.0611352910821579,-1.031991191714389,0.1516718516694,1.8641283559907575,-0.0008926831885756,-0.0832005610409969,1951.815562741417,1991.2943949100145,1996.3530606639024,1968.7884074130225,0.1115508405088635,0.0691867843398048,12.94400539998939
16.310000000000006,-0.0056931040439269,0.8997835360251951,1.584955901054813,0.3325181355706855,-0.0193445681485324,-0.0102534698794504,0.9428426929001325,0.0546217254175384,-1.1161040418682566,0.153677095642294,1.7170647419673366,0.0146779156289314,-0.0686404317966386,1946.3023666595384,1989.4323230844516,1975.119515206804,1948.070941338748,0.0760801607238495,0.2339867087668219,12.673586277189452
16.319999999999997,-0.0053637359430506,0.888211003750793,1.5848124630112204,0.340320665784188,-0.0190430535343162,-0.0102242948929214,0.9400609928862268,0.0482394069221419,-1.1991079328879717,0.1452590184161846,1.54753115125796,0.0430393515554169,-0.0557246610644071,1937.1693104993808,1973.377064970653,1947.1563912860663,1916.8291421612143,0.0852318688835079,0.0535422798144686,12.401560587639723
16.330000000000002,-0.0050567079836474,0.8759110326673961,1.583662473466734,0.3470799906833212,-0.0186548791772627,-0.0102103297492755,0.9375943817646086,0.0421862094158314,-1.2793408457065396,0.1235252834649855,1.3305428592802853,0.0714099940471506,-0.0459776264915214,1921.0205424530875,1943.887333956146,1913.2752230468773,1889.5779553404889,0.0633524864227582,-0.0744619531098385,11.963810026747463
16.340000000000007,-0.004767806553948,0.8628837885234434,1.5819801591270974,0.3524061380356753,-0.0182130896400915,-0.0102236619742374,0.9356140625152974,0.0364893762333189,-1.3569695070783672,0.094704435811443,1.034374928346327,0.0855161420557427,-0.0366969940561127,1906.9818141023304,1923.4597689191407,1879.8224903001208,1872.983512766705,0.0783654791481457,0.0079509572898857,11.484392639145357
16.349999999999998,-0.0044941665524163,0.8491183783294161,1.580470461968316,0.3559382883179359,-0.0177472812212838,-0.0102485693712136,0.9342847187792348,0.0311276208006262,-1.4335068258242754,0.0704767024629053,0.6257696902789524,0.0856996056307627,-0.0241111425643266,1908.460277596041,1934.05679233391,1854.2149106484817,1862.6134544472284,0.0984420848858412,0.0714757036552464,11.20838585773216
16.360000000000003,-0.0042373733857534,0.8346002501220522,1.579826126280515,0.3574440702247846,-0.0172751352847766,-0.0102491766670336,0.933718512582716,0.0261576708960067,-1.510178216899167,0.0574564769135014,0.1129008536916208,0.0868238744756676,-0.00859037517229,1919.699845568373,1964.587810652894,1840.2983470812355,1852.3066494433192,0.0756907402338863,0.0856023277961899,11.156850151786514
16.370000000000008,-0.0040055163996708,0.81932379657361,1.5804846676465052,0.356890148402648,-0.016800843007816,-0.0101854885889174,0.9339397247518534,0.0216256947695549,-1.5868429286078416,0.0518487029162719,-0.4137326630411947,0.1006920341667387,0.005106016183173,1912.9371100996063,1973.2145051841696,1836.1245443976816,1840.3884961019928,0.0912113082312961,-0.0473373376836505,10.943908475942765
16.38,-0.0038123723184585,0.8033047607477457,1.582498971636711,0.3544491530970491,-0.0163195448213815,-0.0100314795613833,0.9348790508634884,0.0174057209996235,-1.6623546803917058,0.045611492615496,-0.81941600889692,0.1216364065651121,0.0136263928294628,1870.1383576938133,1931.6410584772952,1833.5271165098216,1825.5165379513728,0.0517208960979479,0.0079381036830463,10.641134070742496
16.390000000000004,-0.0036737717872686,0.7865866874030994,1.5855612759105648,0.3504287035056552,-0.0158231839130466,-0.0097863838404097,0.9364046012816936,0.0132462358447314,-1.735504949321072,0.0356590403024839,-1.037153171166108,0.1339259752020842,0.0196567010267238,1808.7424350485865,1860.3889247756133,1821.437948662976,1802.933992654376,0.024033630465847,0.3418885377559135,10.564380218851356
16.40000000000001,-0.0036030450447837,0.7692377897317171,1.5891405484550318,0.345145471417377,-0.0153028059832238,-0.0094720179002021,0.938376634708055,0.009022263380276,-1.805418646678861,0.0248775353536718,-1.1387524111552416,0.1320571097397884,0.0289823658316024,1762.2320596375566,1807.1227908032647,1793.6139912466072,1769.7955964903788,0.0671975794519081,0.4001525670230483,10.242967807453104
16.41,-0.0036074408087001,0.751337868227077,1.5926603870238647,0.3388019142347228,-0.0147468972516344,-0.009117495397796,0.9406979659858994,0.0049064665432735,-1.8714290077842064,0.0155892514144373,-1.2766742011769692,0.1279872664724279,0.0432259576769948,1741.1631342062574,1792.8470406291274,1753.315987195636,1730.2316133987351,0.0821903254767326,0.2982808417325104,9.845211257558333
16.420000000000005,-0.0036861434700215,0.7329583134078504,1.595653921156896,0.331427532635141,-0.0141417442859189,-0.0087429675281787,0.9433341731320536,0.0012500917770814,-1.933050593303868,0.0048863416538845,-1.5540503928364775,0.1366523206642963,0.0571848825548655,1727.4178083959578,1793.9289496043002,1709.5116324445655,1691.140322604842,0.0583528611149965,0.2740037292825867,9.372294916189894
16.429999999999996,-0.0038297915971481,0.7141414417193302,1.5978566996028287,0.3229098161280776,-0.0134793672638711,-0.0083547919435425,0.9462968639691652,-0.001734006966431,-1.990150421173979,-0.0129118488965817,-1.9560316636168045,0.1583844898275181,0.0639040152989859,1702.7473856131196,1776.7542222237744,1670.4269544392932,1656.714434107472,0.1183175478815918,0.3322371480297468,8.996339267248226
16.44,-0.0040217272654791,0.6948871048265498,1.5992242918524742,0.3130858304135979,-0.0127687605714616,-0.0079532046652066,0.949605690843968,-0.0041928789161296,-2.043046455658203,-0.0404250794887518,-2.392827318489541,0.1784839253232576,0.0613598452696289,1668.6460474883145,1734.5487998658537,1640.7466248209184,1629.3531596101006,0.0958649262186868,0.3008689027893956,8.633697742876766
16.450000000000006,-0.0042414236879276,0.6751528448636176,1.5998850581462554,0.3018331096050188,-0.0120379509106198,-0.0075426598885981,0.9532549344041412,-0.0065351645100688,-2.092520545788228,-0.0744117094028882,-2.786224777635049,0.1823806583093726,0.0536160756571378,1637.9271136400705,1686.0576345452566,1621.3667656857392,1611.0844541635147,0.0763550626059364,0.3467912662880041,8.346683916271228
16.459999999999997,-0.0044695295853677,0.654869035472291,1.6000551256602795,0.2891105436246144,-0.0113200207402324,-0.0071355906810668,0.95720219078372,-0.0090827907651156,-2.1397772108826385,-0.108108237586836,-3.114151278215819,0.1691810185474763,0.0465378541662332,1617.4977853519883,1650.5602977484884,1610.1948916507945,1601.3754187110162,0.1304523926446039,0.3867195930858873,8.175018839469228
16.470000000000002,-0.0046923598231108,0.6339645126508465,1.599947586339192,0.2749435407642327,-0.0106314970814848,-0.0067482817016111,0.9613779076699802,-0.0118045656552849,-2.186072800578809,-0.1361577830487249,-3.3958595971023247,0.1514237655582984,0.0434971651262482,1603.1081614184773,1632.1107985361066,1604.6093378617454,1596.9021428551018,0.0800304545971073,0.4160807987859738,8.070112111446694
16.480000000000008,-0.0049035024244173,0.6123934557657515,1.5997038033471431,0.2593861221971347,-0.0099596927625613,-0.0063935925362931,0.9657011784740084,-0.0143934968776127,-2.2319921884750307,-0.1579098909828858,-3.655457463502516,0.1435869873396523,0.0443750845841036,1586.6862490237745,1622.6580589641103,1603.7025901567229,1595.4890593314046,0.0925373059060288,0.4235743092432642,8.073774304974394
16.49,-0.0051023279019005,0.590153197372026,1.5993637265260543,0.2424985370929677,-0.0092689426968319,-0.0060764931540368,0.9700884611415612,-0.0165808809211859,-2.27704478526354,-0.1763151470255584,-3.900358101580652,0.1508084412900721,0.0468946183677057,1565.742075439682,1612.8646339437707,1607.8838804627494,1598.3091924239525,0.0970849694977074,0.5188562989199825,8.098299253909348
16.500000000000004,-0.0052915458094743,0.5672869566417207,1.598873583129686,0.2243561719096458,-0.0085220160781618,-0.0057947345169156,0.9744527204641033,-0.0183416915806216,-2.3201094926177985,-0.1940962080341295,-4.12181314011509,0.1666198362963053,0.0485844916992253,1545.6237279676484,1599.2112368669805,1617.3983403831016,1607.2731904546372,0.1094934926319869,0.5278948968717345,8.114036052978076
16.51000000000001,-0.0054759158477874,0.543873244756528,1.5981119208131125,0.2050766396703943,-0.0077033306076735,-0.0055409095122616,0.9786999176871451,-0.0198223222786748,-2.36026780772523,-0.2119518409320145,-4.304738782440086,0.1789249729500813,0.0484047141235213,1533.7295511039883,1584.7454004439148,1632.154230182253,1621.8196977945524,0.1426408411037613,0.6690463553151145,8.185097777118413
16.52,-0.0056619859600717,0.5200094050375467,1.5969132095668104,0.1848374830287261,-0.0068302265329284,-0.0053016095134558,0.982731064844132,-0.0211522631573458,-2.3971861519798647,-0.2302831647109162,-4.435286114985601,0.1776949946803729,0.0467479229127718,1533.3615430084965,1575.646376899358,1652.2491053014492,1639.3370727893746,0.110234963011696,0.6413391779981805,8.33710636898645
16.530000000000005,-0.0058571821857744,0.4957966693580614,1.5950820469021396,0.1638656865768782,-0.0059465982075635,-0.0050570011964487,0.9864517735152312,-0.0223700348478981,-2.430906535413309,-0.2505064648564475,-4.505318263079552,0.1603444478685502,0.043602252088509,1543.487913897697,1576.0124520052668,1678.707647600837,1659.171796463867,0.1678024422349339,0.7096633814216298,8.474910947116154
16.539999999999996,-0.0060675604558016,0.4713296988354463,1.5924058933121068,0.1424044526276247,-0.0051035208761883,-0.0047885529212795,0.9897838126113264,-0.0234842952744057,-2.461554572193867,-0.272652545666327,-4.516583739601569,0.1336972240788695,0.037423289019219,1562.2693939091018,1585.211536415839,1714.8739917371963,1686.24844469745,0.1913512058417076,0.8089195795268698,8.95874875113601
16.55,-0.0062955373539638,0.446689085921868,1.5886791949391226,0.1206808831076341,-0.0043377169043432,-0.0044941196003795,0.9926717038142252,-0.0245222551497495,-2.489247557956517,-0.292536503037413,-4.48389913453159,0.1104651217574861,0.0270537300311057,1590.3298366485055,1602.6090660955465,1764.763329015802,1727.576416777658,0.1328560989100249,0.8656793849627153,9.396106919119909
16.560000000000006,-0.0065392667247375,0.4219339411773612,1.5837469254816534,0.0988933221912081,-0.0036594802070609,-0.004197381050226,0.9950824594087262,-0.0254839151218908,-2.5139425919375835,-0.3050724826909812,-4.4357997794829656,0.1003863352307129,0.01472014387204,1631.9272773102266,1634.660656148426,1825.510791176498,1782.227630159141,0.1406349588198047,0.8367596298561992,9.752657555061626
16.569999999999997,-0.0067937748109193,0.3970941837831708,1.5775657542332626,0.0772153458713031,-0.0030569934515327,-0.0039397718327239,0.9970019675762524,-0.0262816048640813,-2.5350989973906777,-0.3126644017410472,-4.407500996640293,0.102613293383308,0.0054395706204879,1690.2677586927875,1690.0228787564993,1884.90751014769,1839.9921901733237,0.1910086512008626,0.882967584622829,10.469747895521255
16.580000000000002,-0.0070527331863801,0.3721665920884743,1.5702674417929805,0.0557994772714014,-0.0025129003268715,-0.0037585033167395,0.9984317589705386,-0.0267746614115397,-2.5516677247424835,-0.3265461591134916,-4.41434715375573,0.1064275543784975,0.0018568683652818,1757.9190819020566,1762.2865276102198,1936.2758130187228,1896.8146770998687,0.1528635539713992,1.0059002553743084,11.466695387347007
16.590000000000007,-0.0073101324732278,0.3471214358373912,1.5621927389195485,0.0347723255027492,-0.0020183575085699,-0.0036669794783593,0.9993864942421444,-0.0268940656356935,-2.562784247792552,-0.3537091345126066,-4.415717387456976,0.0997719139238201,0.0004066917242903,1816.3710939424584,1825.1848164147875,1993.112267658012,1964.736563926093,0.1903727149698042,0.9703469174587296,12.200533633627405
16.599999999999998,-0.0075618414253409,0.3219244239368302,1.553859435383777,0.0142276623959039,-0.0015721211258657,-0.0036506997974781,0.9998908812710028,-0.0267371559286798,-2.568469050893079,-0.383007903629063,-4.325339985473794,0.0789551852457874,-0.0048840525741387,1853.628207711735,1857.5511186342133,2073.127746946328,2053.068852465578,0.1510581554268954,0.932071050938028,12.7889460216932
16.610000000000003,-0.0078068018334437,0.2965710356213558,1.5458566138269487,-0.005778620201351,-0.0011678145259991,-0.0036784047748453,0.9999758562565968,-0.0265197091961986,-2.5693654848664518,-0.3907890662605668,-4.102945295687258,0.0529296532679535,-0.0143375886364408,1881.508708422683,1872.8808670271676,2166.899203384791,2143.6217243088854,0.1417300070176286,1.125080692036266,13.652999978672014
16.620000000000008,-0.0080472637143147,0.2711201544616293,1.538709957840059,-0.0252463067139848,-0.000785075610756,-0.0037186254024796,0.9996740366132876,-0.0264120551650831,-2.565782928848981,-0.3628113459808912,-3.841888591641564,0.0381783027087113,-0.0210618665315674,1926.158162021372,1910.710462107881,2242.1483894012576,2203.8403298449675,0.2411933584254785,1.367501688578842,14.85670954591512
16.63,-0.0082879959486438,0.245707658046729,1.5327914131204157,-0.0442504343577982,-0.000395808609593,-0.0037495655111096,0.9990133548422508,-0.0264172540249579,-2.5571618341325832,-0.3069262424425374,-3.712059722646417,0.0452843617289626,-0.0189596019935913,1996.7567975022573,1990.136772253943,2285.360136003375,2228.9288492493065,0.2344377792083652,1.3199081125857628,16.118618830970295
16.640000000000004,-0.0085349148663393,0.220523748856627,1.5283162337255265,-0.0629576664895165,1.7670146962606803e-05,-0.0037629421836617,0.998009104259116,-0.0264047376074927,-2.542310465506324,-0.2425260797569222,-3.776843576068852,0.0676224591419456,-0.0104047090655831,2070.6219052339866,2081.530965628215,2318.897388071985,2252.2753699403765,0.2039441103969917,1.0110843778539444,16.86673350286872
16.65000000000001,-0.0087931841722373,0.1957509245061718,1.5254083973218524,-0.0816051212544689,0.000449476652632,-0.0037588635745802,0.9966575505660958,-0.0262385369774978,-2.519921300448889,-0.1806161565272229,-3.905115070854562,0.0855479405928879,-0.0041024642097385,2119.302957106062,2139.967885735776,2364.1725303317835,2301.17130731938,0.1954711021335228,0.9343266600626774,17.518663787989855
16.66,-0.0090646183964159,0.1714784195001841,1.5241775353056275,-0.1004520063696806,0.00087208726212,-0.0037401169894277,0.9949344930220372,-0.0258551890023078,-2.489174557203464,-0.1160326221830351,-3.924483435016813,0.0839838060635435,-0.0060756152679246,2144.9597423281703,2160.8245631722216,2404.2008003258,2355.032091437164,0.2840904752754851,1.1079209816554414,17.87959664691476
16.670000000000005,-0.0093451240773336,0.1476270907493115,1.5247599687084423,-0.1197285136404026,0.0012526057531766,-0.0037093415759284,0.9927989498309112,-0.0252444727991334,-2.4504740692956988,-0.0372005361300821,-3.846924413013309,0.064376164992355,-0.0142946089783906,2173.4509010508286,2178.5212659717954,2402.4781855880683,2367.0843575915383,0.2035898983644965,1.2865372800371322,18.142943064907044
16.679999999999996,-0.0096237781900142,0.1239285410785213,1.5273110110185972,-0.1395924448280546,0.0015728231627036,-0.0036706007178086,0.9902009908420591,-0.0244170696028017,-2.405547806245208,0.0585859821736206,-3.868731985293136,0.039941520547018,-0.0223452266959983,2210.2985772681905,2209.780960600658,2354.096352066633,2324.801838642544,0.1737027522069102,1.2105374011096757,18.222287279880383
16.69,-0.0098847216515673,0.0999968824474869,1.5319612773111204,-0.1600877355719442,0.0018397227364989,-0.0036332697733584,0.9870943884403628,-0.0234280062752627,-2.355822804595975,0.1597340422217805,-4.124514437108175,0.0236757281140246,-0.0268843409579831,2225.8661651116586,2227.253985161707,2297.287867961685,2266.992251676935,0.14358784878934,0.923746124909699,17.901079123966085
16.700000000000006,-0.0101120813099302,0.0755068225557387,1.5387521818046146,-0.1811190135773355,0.0020786397663264,-0.0036140634574238,0.9834523479675162,-0.0224007289964488,-2.300009328345133,0.249973904116015,-4.507404628335679,0.0210161967771964,-0.0296911572988427,2193.504251500085,2199.542355931242,2265.9469100424308,2231.962801825002,0.2249070953433249,0.6757341176430911,17.32073634857414
16.709999999999997,-0.0102975173863858,0.0504490973757222,1.5475584471040145,-0.2024918872796477,0.0023146585585738,-0.003633642306477,0.9792744633580884,-0.0214557176637074,-2.2344953645679926,0.3239432473776226,-4.78988052978711,0.0282176520699373,-0.0327470739931227,2123.930288441916,2133.0229289504964,2246.191963191739,2207.969484799955,0.1992490652767609,0.771270402901755,16.63286863627841
16.720000000000002,-0.0104489121665218,0.025383535353624,1.5580105803678692,-0.2240547022803825,0.0025583642233997,-0.0037078170109052,0.9745661584785116,-0.0205592623515654,-2.158771255185917,0.3930484111752571,-4.886307035292639,0.0355604720397084,-0.0342239733943196,2049.5602654089034,2058.9036389936023,2197.436722288361,2154.721781990353,0.1989934368645592,0.9865533465233396,15.973945677341227
16.730000000000008,-0.0105967105889545,0.0015709199322835,1.569450453026631,-0.2458935488934444,0.0028071881250061,-0.0038385227405824,0.9692851737494946,-0.019450522953498,-2.0812726278848293,0.4727543884586628,-4.928485961658052,0.0355452003522415,-0.0312940204237844,1987.4346398483376,1994.0125821687327,2107.1740985653387,2061.7583386465426,0.209588724226106,0.8493793327806474,14.878593418459367
16.74,-0.0107933066589713,-0.0191368610959627,1.5809656646264294,-0.2684488653081918,0.0030571110070972,-0.0040129406231112,0.9632807260059708,-0.017822591773728,-2.015632411211272,0.5596038574892809,-5.091419190996977,0.0290114813542734,-0.0252922553955009,1930.736758623127,1930.415702468645,2002.487990387416,1959.5090284645305,0.2132858552441343,0.5560953992196351,13.554304869192652
16.750000000000004,-0.0111024824551091,-0.034710981966262,1.5915275923946504,-0.2924286088042641,0.0033101600029179,-0.0042156101271037,0.9562723358044056,-0.0157392221377298,-1.9638624751251577,0.6227009122562273,-5.409851952627198,0.0216966103771521,-0.0214936236025763,1869.7271235323835,1858.6069064365972,1913.9589469832677,1878.1031032821784,0.1915070582010273,0.5368775792162594,12.824230170567516
16.76000000000001,-0.0115796999358902,-0.0436048159732205,1.60019837626331,-0.3184966169006898,0.0035712436728138,-0.0044467578473098,0.947906840140998,-0.0139256101193206,-1.901264319924008,0.6280526323823266,-5.773439390658116,0.0175130517491581,-0.0237255686638101,1805.551001174234,1785.6906129390336,1855.6694711399211,1824.8949213032524,0.1952036343007683,0.5483198403625797,12.457234213497014
16.77,-0.0122485536194331,-0.0454432441355206,1.6063084961074274,-0.3468447659890665,0.0038417462181648,-0.0047291866940942,0.9379027583311592,-0.0134381736425015,-1.7873644341444137,0.575996617967182,-6.032451287633756,0.0193822546241784,-0.0306936559704456,1742.0848871133926,1724.6102946252824,1837.267793530442,1802.7687458487123,0.1090841473258623,0.4505679067198676,11.39538734867474
16.780000000000005,-0.0130829703180314,-0.0414178831012811,1.6095103433718327,-0.376846127680729,0.0041190275352678,-0.0050910562098187,0.9262527251300652,-0.0147368582810525,-1.6044100317035066,0.5047094385430337,-6.066155058193087,0.0333543080781721,-0.0378440595414047,1677.7053126773562,1674.1512329636716,1863.7379513602075,1818.3940630281693,0.1210098719420954,0.3918490814448736,10.428841906192812
16.789999999999996,-0.014006133580809,-0.0341112757651652,1.609712787646013,-0.4069901390776784,0.0044001434059131,-0.0055340186061529,0.9134051894255945,-0.0170357751869626,-1.385270638043687,0.4485262758169689,-5.793001517655298,0.0631540151514227,-0.0418976779672264,1612.7779222800823,1621.0898144370344,1917.3814496040516,1863.3199219083751,0.1486842149493426,0.4334757351968914,10.631349513929097
16.8,-0.0149112140224164,-0.026729390837897,1.607004995545475,-0.4351844117245464,0.0046814584374019,-0.0060130034980002,0.9003090888843632,-0.0187857880277429,-1.1921533138412852,0.4024291419012479,-5.179395854526402,0.0978109363391318,-0.0427323859845743,1557.996426417797,1561.8567695261036,1965.128538408508,1912.575535390052,0.1295247601717388,0.7901028786836557,11.341619260656667
16.810000000000006,-0.0156965655406906,-0.0220632279751316,1.6016600791809814,-0.4593066618228612,0.0049533643904206,-0.0064455541285584,0.8882405695634102,-0.0189084323782624,-1.0630879607926522,0.3391595762413218,-4.250248246710606,0.1113097186603696,-0.0403649126729973,1528.5322838293632,1514.1406242058736,1992.7334870020045,1952.9833823485124,0.0760772898695921,0.8462691908059332,11.26532666897675
16.819999999999997,-0.0162985056311821,-0.0216671257282359,1.5941949011973986,-0.477751912888877,0.0051999379394909,-0.0067459999240204,0.878453505805213,-0.0175120217414642,-0.984198160430137,0.2525667407284584,-3.0749892743202785,0.0827423903932307,-0.0309920632809033,1533.757357233219,1505.4676989881812,2015.4075277382508,1993.487144629361,0.1669659990999893,0.8231861135380889,10.710579946656608
16.830000000000002,-0.0167065480603757,-0.0255918894356646,1.5854018182309697,-0.4897597186357403,0.0054104573863559,-0.0068664454783451,0.871813625082336,-0.0154935775805764,-0.9131025612442828,0.1683289403293818,-1.7537895725555637,0.0201617690671774,-0.0091810651075341,1575.3669683062117,1552.8465670406097,2048.5632683394715,2038.2885401824296,0.1316949846937137,0.8583871186111836,11.126158139344817
16.840000000000007,-0.0169565767506143,-0.0326829789786394,1.5763110515337206,-0.4954612308801737,0.0055946270240992,-0.0068251839516836,0.8685852207510729,-0.0136382364518347,-0.8198678704611059,0.1144470133700116,-0.4351150033117301,-0.0368246652034978,0.022988320112998,1649.6252165461974,1649.923879856084,2081.227322950379,2066.6784620047865,0.1989196914189913,1.0500767371179238,12.16548290610075
16.849999999999998,-0.017108301670076,-0.0411996613751921,1.5680919374595823,-0.4957100497015962,0.0057843722111139,-0.0067050142080568,0.8684429344795397,-0.012095088410813,-0.7035063539338043,0.0943476881588663,0.6768048394627095,-0.0439189430294471,0.0503753269523787,1746.374208888809,1768.1655985975565,2085.392314288348,2052.038179406421,0.1305083190736536,0.703410399006196,12.242169940223937
16.860000000000003,-0.0172189902643005,-0.0494500519218182,1.561907739350557,-0.4917945785963847,0.006014354921677,-0.0066138892947765,0.8706653642281155,-0.0105102051345997,-0.5792646622068943,0.0911559112422532,1.3880426061985762,0.0092060126684573,0.0546084749078281,1845.6719839558696,1869.7909087876344,2047.3136914687827,1996.1072555042483,0.0764356125840491,0.4624604138728028,12.674854978216894
16.870000000000008,-0.0173249508806743,-0.0562251947382376,1.5587414717047685,-0.4851171895724523,0.0062930375315892,-0.0066239901908262,0.8744014140049771,-0.0085136252842383,-0.4593529789573631,0.0907507571908189,1.63555879341371,0.0826500686161418,0.0339366649677033,1917.419819635243,1923.7072954585424,1986.683523939026,1936.738860485476,0.15730997673944,0.3850980179707539,12.99128197769078
16.88,-0.0174366405652192,-0.0609557055941284,1.5592182413409916,-0.4769182137894471,0.0065874843688836,-0.0067265817810239,0.8788972496845784,-0.0061058204058551,-0.3453999201574281,0.0953344138916956,1.5570352596655697,0.11453165441321,0.0098744239413159,1933.2978224979436,1919.159951084756,1940.5783684081068,1914.4210752200572,0.2161388030157355,-0.068937824526035,12.292658398014668
16.890000000000004,-0.0175457007439382,-0.0636333096319202,1.5634622114855845,-0.4681134866765727,0.0068368474805146,-0.0068351613248441,0.8836154716151668,-0.003675595440017,-0.2334516332570073,0.1146176013314098,1.41732802636909,0.0739003631534311,0.0079221537020829,1889.7284089536736,1873.285881997691,1924.344827197004,1928.2122808488552,0.1626731973962399,-0.1976435375865746,12.150151425352655
16.90000000000001,-0.0176371229248478,-0.0646021094563671,1.5710539188633403,-0.4592718971914281,0.0069879904286923,-0.0068372164929041,0.8882419405266697,-0.0016864519006638,-0.1218981752517824,0.1480389015410018,1.4226105864529366,-0.0115255238706904,0.0319689358507168,1815.817784065913,1820.50761423466,1915.1316032425048,1933.8571261814463,0.1294031106320675,0.1027563235485296,12.40115736409427
16.91,-0.0176995676500927,-0.0643290628101771,1.5811384727422066,-0.4506970093670616,0.007030554684465,-0.0066606784214746,0.8926244520577404,-0.0003143721463959,-0.0141545669378738,0.1795868961004344,1.5809442728736187,-0.0799693244332549,0.0620202059398762,1749.5124929810545,1784.3548166700298,1878.498243893324,1889.7214684858031,0.2108898154025956,0.0765875548992953,11.703556595680393
16.920000000000005,-0.0177302198645976,-0.0632294610688646,1.5926448730103495,-0.442537368655804,0.0070104740213808,-0.0063130364806168,0.8967004383670095,0.0006533711118653,0.0845563747537155,0.1897588740924233,1.7386225786332108,-0.087152721075333,0.076626194149381,1706.6440754053028,1759.71536497454,1802.9588648134068,1795.4213185868025,0.1480243950660705,-0.0878324486564148,10.773158775193483
16.929999999999996,-0.0177342951930418,-0.0615772479378603,1.6045082751207014,-0.4348540557448243,0.0070154959568254,-0.0058732618562266,0.9004544618213213,0.0015964150046427,0.1717091895912746,0.1719948206879457,1.747547363277354,-0.0362035983154683,0.073154070843024,1673.852783967645,1724.3265120854028,1707.757216516612,1686.4947076529704,0.0770331517638898,-0.0267053267924071,10.233520542567463
16.94,-0.0177214320554956,-0.0594924776783781,1.6158106659927651,-0.4276138787717171,0.0071408497204926,-0.0054472744644899,0.9039168690471404,0.0027562255550003,0.2489448288050318,0.1382040705908389,1.606041593725518,0.0354541623953438,0.0656568258150962,1624.8087235583512,1662.835211853079,1626.8403569450768,1604.1670691728198,0.0929477612180317,-0.1766374553649532,9.27021541600554
16.950000000000006,-0.0177015545652603,-0.056978473566273,1.625826070098985,-0.4206247606431159,0.0074511758898924,-0.0051148579367321,0.9071896874083536,0.0041262822107159,0.3197819918329365,0.1067359629525288,1.4672721385724927,0.0909040430157498,0.0677952840616775,1542.6535102881471,1577.982234667253,1583.908217862687,1569.1209902173944,0.0978043661791735,-0.3150829066727061,8.268851665375246
16.959999999999997,-0.0176820385380825,-0.0539784025682077,1.6340185739847997,-0.4134553670448839,0.0079555738842445,-0.0048958919277932,0.9104764678717314,0.0055704091151807,0.3863755407483967,0.0840610371399868,1.5300715258996855,0.1155740893168539,0.081672893146068,1433.7901686628177,1483.2767500026628,1574.563996932353,1572.5215572098791,0.0818391234190279,-0.1308176090317081,7.887262813368478
16.970000000000002,-0.0176668699529977,-0.050428713927812,1.640055665282064,-0.4053853031020978,0.0086059693710196,-0.0047513013445853,0.9140930578751478,0.0069765062671502,0.4485675777443691,0.0605610550394138,1.909350999429156,0.1139249590795273,0.1013660532316189,1322.200681321753,1389.7244421011292,1573.5072781966255,1588.2400120460609,0.1069454104486301,-0.0060482524337435,7.5898187088972335
16.980000000000008,-0.0176574680928929,-0.0462978231923574,1.643845849696284,-0.3954333157939864,0.0093171425456728,-0.0046141249999363,0.918435840690814,0.0082960060371986,0.5054351438088783,0.0237395921350816,2.5859970746903334,0.0955067070056925,0.1217666233198066,1228.4725474512825,1300.1566149247626,1560.315061627104,1593.6695757965822,0.0685324591868315,0.0889162130958451,7.162284480889216
16.99,-0.0176542366899345,-0.0416068964731532,1.6455458943510712,-0.3824981396885022,0.0099966169790359,-0.0044285763716363,0.9238915674986594,0.0095101885128134,0.5569038151451188,-0.0285733300045975,3.45837445342534,0.0680169090431287,0.1405754555867429,1155.275804798354,1212.5293330263012,1532.4058550357686,1578.0960749966234,0.0850835946786606,0.071242690572717,6.717122519133958
17.000000000000004,-0.0176577833625942,-0.0364335447338652,1.6454868895520274,-0.3656032736478086,0.0105701174908791,-0.0041724970074169,0.9307014071027064,0.0106157201685977,0.6037913497980969,-0.08820232345196,4.426049729848093,0.0388293064121721,0.1536189425806401,1094.8854081169677,1127.32132092621,1493.5241239768616,1537.7758233424534,0.066800415914561,0.1722847632639195,6.369639291269227
17.01000000000001,-0.0176690453974025,-0.0309003109546517,1.644031666555911,-0.3441832556726392,0.0109928693063623,-0.0038538802307415,0.9388302247723828,0.0116250566160918,0.6468601730504406,-0.1456447322204744,5.420961434798186,0.0144073654540738,0.1535867019758369,1049.935818848809,1057.2107481790931,1440.4643679246014,1472.8772578882977,0.0308839002222719,0.1671121431920013,6.071270428205684
17.02,-0.0176881307873831,-0.0251508693979883,1.6414336759708028,-0.3183191008559203,0.0112449709876567,-0.003492611374142,0.947910492780597,0.0125436465550432,0.6860957183017526,-0.1978608730147724,6.367062140891508,-0.0070135555079902,0.1373228942323533,1044.1429627906818,1031.9790994934729,1366.5032292346157,1388.7672781920432,0.0734884059637695,-0.0268876451144306,5.463985166966423
17.030000000000005,-0.0177123366079123,-0.0193190188308548,1.63777663078609,-0.2888341134264483,0.0113181582094086,-0.0031064231359027,0.957307215240335,0.0133442761203232,0.7206857791504278,-0.2495882944598953,7.122990132654339,-0.0391792801600333,0.1133387252423291,1107.6688463796204,1085.1123601642646,1272.7883901717214,1293.6946611733129,0.1095650099288535,-0.1519438560604475,5.0730884271126975
17.039999999999996,-0.0177343303016719,-0.0134979887643926,1.6330303178033696,-0.2571918678069941,0.0112076480427645,-0.0027104506938891,0.9662915632542464,0.0139828996311015,0.749620968400355,-0.3082502617888682,7.483983093417608,-0.0955843167447779,0.0971227804258012,1245.489478593612,1224.194467372662,1175.6908615748305,1197.563621872956,0.0900907025059584,-0.3491860960138553,4.980754580560318
17.05,-0.0177416630660932,-0.0077188453712139,1.6271842560488614,-0.2251943536251956,0.0109192314459894,-0.0023258032836664,0.9742498981878543,0.0144722303606507,0.7726497149157974,-0.3761707548612055,7.279118163642633,-0.1673358499546482,0.0954926402265532,1418.7817342292155,1411.6324923163224,1111.1480718515727,1122.1318300084245,0.1024425180799229,-0.5566157840959842,5.214742932828488
17.060000000000006,-0.0177184665983206,-0.0019454939393028,1.620366521078862,-0.1945537861816589,0.0104864416636866,-0.0019872177880463,0.980833782956663,0.0149763652671263,0.7909870700273323,-0.4464568599294659,6.517889995431016,-0.2163738649073642,0.0975634944070545,1565.2631733021854,1580.474384323775,1128.9522063024588,1110.1685528592852,0.0690196271380503,-0.8686926452257653,5.599500350504534
17.069999999999997,-0.0176493340957527,0.003910863755425,1.6128665986503727,-0.1664778163782751,0.0099774837837283,-0.0017415112411672,0.985993181320167,0.0158069157953676,0.8070546783471045,-0.5067902408570812,5.464688562319238,-0.2024367840981492,0.0854751531055328,1648.697802690206,1679.5526016936694,1260.516999019576,1205.4266033786264,0.0524027060763346,-1.0519594445923233,6.309331142001417
17.080000000000002,-0.0175242123147025,0.0099617504485841,1.6050539892990354,-0.1414242429400202,0.009474784386803,-0.0016322722292933,0.9899023929949028,0.0172230649039757,0.8232151171494577,-0.5479443374735229,4.531409963066389,-0.1274911589453102,0.0545054549280701,1691.4654229101511,1713.2537141284654,1477.4802957135246,1406.77561290385,0.0884727160349838,-1.0312504291599869,7.3916872544078
17.090000000000007,-0.0173421848579357,0.0163055973470546,1.597257608348434,-0.1191238524731098,0.0090343982462101,-0.001675139149491,0.9928368855603236,0.0191817926863607,0.8404352098899586,-0.5688770644575005,4.02005202105001,-0.0502818026497056,0.0193996209545756,1751.789538711897,1739.7539888133938,1696.2735862665213,1646.651458126806,0.0909529211918368,-0.7919543422777651,8.942822186646344
17.099999999999998,-0.0171121293914546,0.0229976780240996,1.5896858468699824,-0.0988533028687422,0.008655972537463,-0.0018403495484222,0.9950626672551388,0.021352035615979,0.8579446772369408,-0.5741516071061797,3.917945310918608,-0.039392188930764,-0.0004729803738894,1863.596658232081,1822.0227921545263,1845.1705409071155,1833.7290014721475,0.0896491358752808,-0.5401801813241733,10.600255363916542
17.110000000000003,-0.0168498171589144,0.0300348691432596,1.5824229418729532,-0.0798202839929289,0.0082900278850789,-0.002059820230176,0.9967726695899984,0.0234379269439984,0.8740406231987814,-0.5676400099118237,3.9472802220149887,-0.100474495349045,2.802332269858493e-05,2002.8237509175665,1969.7319667573788,1926.038346907702,1928.257313205104,0.1446263339960431,-0.5752387464475803,12.144686992434194
17.120000000000008,-0.0165731317002266,0.0373586394379788,1.5754823959952868,-0.0614736325115276,0.0078783090492395,-0.0022577677007994,0.9980750609234617,0.0254440242108465,0.887190006013902,-0.5492998236207218,3.838225307880581,-0.1616613513978543,0.009178213359008,2117.386667304245,2127.52159543091,1995.8619725126105,1970.916045323797,0.2216508456867603,-0.8522876014181027,13.414742006582731
17.13,-0.0162977734949852,0.0448730282611066,1.5688742296995737,-0.0436107144831801,0.007394229984762,-0.0023842725919069,0.9990183913169,0.0275687238325257,0.8965114278325246,-0.5170324966016477,3.5582264475945697,-0.1502395809071985,0.0123136163226698,2183.844354104081,2227.022383045894,2089.4424030158134,2030.1115946395,0.185908352393165,-0.9259429179862194,14.61611153054196
17.140000000000004,-0.016034554232853,0.0524695225017389,1.5626518530842377,-0.026285915592683,0.0068520313081353,-0.0024306045762685,0.9996280270529636,0.02989393425573,0.9015280611561208,-0.4700502144653182,3.274269980641205,-0.0801594502904938,0.0054684154366655,2223.8068264597787,2253.7322050095463,2179.295484273141,2124.843716578988,0.0907396543046704,-0.7892851515376555,15.976533874429675
17.15000000000001,-0.0157879932651698,0.0600497220706886,1.556924519692729,-0.0096318663972206,0.0062835002431754,-0.0024210448466644,0.9999309392734332,0.0322745538336737,0.9017754696074328,-0.410122826704876,3.1230972070152934,-0.0389673119244674,-0.004322172005423,2265.6536326264486,2256.3376154599496,2219.5113441973385,2210.148153173052,0.1006204802395318,-0.6460554111467997,16.86179404514194
17.16,-0.0155559134497354,0.0675393220727754,1.5518376419604984,0.0062832168171625,0.0057101013469455,-0.0023913161085479,0.9999610980114704,0.0345024075377867,0.8967395717353306,-0.3408962214917489,3.070324524130736,-0.079738698075893,-0.0089935919907643,2305.154204217474,2285.355157080892,2212.0948579308097,2238.6721919299084,0.2727563898363838,-0.5707563898363839,17.368187420435223
17.170000000000005,-0.015330198140478,0.0748911953394405,1.5475346943939068,0.0215113864418839,0.0051352721969072,-0.0023675953103197,0.9997526112620352,0.0364525675963387,0.8860769512508602,-0.2670463381537078,3.0036631919918406,-0.1527786183099815,-0.0076941256972153,2315.914941094761,2333.813464224112,2208.0974464166634,2220.5053542929163,0.3164797006583957,-0.7928310082467078,17.479877776676062
17.179999999999996,-0.0150986230725114,0.0820792644129647,1.5441202416015305,0.036200911367333,0.0045560636241847,-0.0023559995798199,0.9993313692496631,0.0380615240100952,0.8698121907913375,-0.1932115911428942,2.902058650492165,-0.1704416020376394,-0.0058443820214488,2291.3890088064177,2353.587793911397,2242.2359206972037,2206.5410207822706,0.1550907247376232,-0.8236350244755222,17.472210947377484
17.19,-0.0148473799117949,0.0890875362666666,1.5416386724173552,0.0505422645257157,0.0039759725587895,-0.0023461516885471,0.9987112529210224,0.0393131905956986,0.8483339944284374,-0.1222399525583435,2.8448629276097224,-0.1218120181297068,-0.007703786939529,2257.0701299866346,2321.810793537212,2286.0649738269494,2219.169231178148,0.0645885166008756,-0.6321211015369912,17.57188922491304
17.200000000000006,-0.0145642721213263,0.0958996487723961,1.5400704188250078,0.0647024645354974,0.0034037040029757,-0.0023237650464815,0.9978960897799436,0.0403233235553305,0.822241802216461,-0.0545176540005149,2.867894538818708,-0.0825233471127126,-0.0112880854825936,2234.824351654216,2266.2110174546324,2281.1311085071065,2223.611243957086,0.1433930553744325,-0.4971579856631232,17.36642097684672
17.209999999999997,-0.0142425141333346,0.1024929636495709,1.5393395792832554,0.078774281965323,0.0028481051536762,-0.002286162696276,0.996885787970722,0.041320181748768,0.792193357145222,0.0100287678952375,2.8906809044955697,-0.1083839755388341,-0.0115641029227595,2210.882430272815,2221.1458555732424,2209.889508591872,2177.7917996257165,0.2513317586388647,-0.4807474358870687,16.55402330148437
17.220000000000002,-0.0138838367120897,0.1088380492407392,1.539328719699895,0.0927666122522637,0.0023182806892322,-0.0022522361580927,0.9956826345066848,0.0424201504072346,0.7588380741884729,0.0694399244937318,2.8255513917419526,-0.1609734413772611,-0.0080145475623594,2154.974853422444,2182.4314818542894,2113.5170476945887,2090.725315924499,0.2654284418059121,-0.689854016192792,15.745138085603545
17.230000000000008,-0.0134987579133391,0.1149014068715531,1.539898805235168,0.1066417989087504,0.0018231007128509,-0.0022604125058216,0.9942932633607652,0.0434649748220866,0.7228102717010891,0.1201448927894768,2.7088046218547928,-0.1637750584645664,-0.0066973718538187,2065.369882961224,2121.9021954929844,2038.2455760801,2009.898037079657,0.1788522519747868,-0.7350900243763125,14.833721759023458
17.24,-0.0131031407718177,0.1206485380755151,1.5409087464573732,0.1203646463200104,0.0013577242160833,-0.0023529527136012,0.9927260307429938,0.0441769476681957,0.6847232246703627,0.1597722687036951,2.6610904606676664,-0.1066570357173527,-0.0133041448485048,1977.1199511528043,2034.697339953012,1985.9313072837497,1959.8474981859572,0.0989916554381665,-0.5382574714937984,13.905914832999477
17.250000000000004,-0.0127126521119998,0.1260458585312781,1.5422268571530533,0.1339119504914382,0.0008823822889307,-0.0025523223131667,0.9909895542173413,0.0444559836110722,0.6451422949840815,0.1886842674441647,2.726023176467818,-0.06025759677432,-0.0253055715733448,1922.2753179843608,1951.9239075514831,1929.090746036083,1918.6346915858808,0.1141305851646243,-0.3657972676739263,13.131835233682777
17.26000000000001,-0.0123380418832466,0.131061865394536,1.5437321128378405,0.1472287098284631,0.0003196332652039,-0.0028424667262493,0.9890983395091372,0.0444367233434225,0.6045395067275612,0.2086721993387533,2.800675198622632,-0.0903809568687701,-0.0331106034099307,1896.215017760757,1904.8304448710317,1856.7096843205893,1857.1658687737197,0.2466034439664777,-0.4271721394337131,12.26920977328269
17.27,-0.0119832322141906,0.1356689242584763,1.545311685547929,0.1601724005266114,-0.000410474676346,-0.0031686399297808,0.9870838836396216,0.0442616932045382,0.56324734814033,0.2209542374292733,2.74219255674063,-0.1843164266567581,-0.029580357611475,1870.7446879181975,1890.906782570828,1785.852652484366,1779.1513727132988,0.1943974392633101,-0.5360265636259895,11.57045885152336
17.280000000000005,-0.011646242825829,0.1398465356189497,1.5468637235988885,0.1724998404087583,-0.0013323057876635,-0.0034594610289965,0.9850025696157498,0.0439048921033504,0.5214610853998308,0.225797911530545,2.511806183382478,-0.2680216903024551,-0.0173816717603782,1829.742613146169,1882.4997524997796,1735.0504314173918,1711.3681297542073,0.1249483572727644,-0.5849236928714552,10.923579730913875
17.289999999999996,-0.0113216871378867,0.1435853370207578,1.5483083470398062,0.1839107914050736,-0.0023765547673873,-0.0036590726042694,0.982933255099182,0.0432593005988725,0.4793069639852505,0.2234004080930002,2.1932462994931523,-0.279177708029568,-0.006494043933861,1782.634448731183,1859.6789848039325,1703.5744968211936,1668.757129478021,0.0799193503977453,-0.5294675137875102,10.41260834495256
17.3,-0.0110033775643452,0.1468897014088789,1.5496013752217703,0.1941152616058507,-0.0033970383061712,-0.003749493686777,0.980965680663463,0.0423236507585001,0.4369027187943504,0.2143636049794595,1.8895989378343985,-0.2149580395880195,-0.0052286690063706,1749.0995760470169,1825.473781786245,1678.182903308906,1643.147805979879,0.0941426589071214,-0.4564446451888093,9.941621930135565
17.310000000000006,-0.0106860188538532,0.1497769480339492,1.5507416599141282,0.2028822386829153,-0.0042385531498643,-0.0037513101783812,0.9791867848200106,0.0412455061851663,0.3943338990447776,0.1995837010844999,1.6278917697515292,-0.1216954940912344,-0.0136165841363362,1739.2310970912902,1794.013874104455,1649.4451410698384,1620.9942619276778,0.1195339091990088,-0.3965478831520563,9.674454005111569
17.319999999999997,-0.0103657085913255,0.1522729168595646,1.5517650867549289,0.2100541240273177,-0.0048148315090062,-0.0037064514527693,0.9776708774399924,0.0401992193146829,0.3515788621435831,0.1805972345817655,1.3591179230694186,-0.0530521529653831,-0.0239741737985936,1746.5550193611843,1774.4119125774398,1617.91976542932,1599.4689202947643,0.0435412017177397,-0.4062093725620843,9.440245333967528
17.330000000000002,-0.0100396436497493,0.1544056189608045,1.552723092363491,0.2155402662595507,-0.0051483226963779,-0.0036561278686778,0.9764745368534624,0.0392425380455397,0.3085005958538178,0.160124943831276,1.0264289093915369,-0.0353473370807516,-0.0272104972468072,1754.424681166176,1766.536958513988,1590.881551876198,1583.883487140482,0.1070339765376975,-0.4471355654962186,9.259067233260318
17.340000000000007,-0.0097057121438972,0.1561994006204782,1.5536503025517117,0.2193100109456692,-0.0053498112377201,-0.0036255553404223,0.975633821660158,0.0382856467470549,0.2649779991360238,0.1411754679651649,0.6234306536784326,-0.0587606938825398,-0.0199572153462423,1748.9251699055292,1764.0681209689442,1576.9396013799735,1578.005687109797,0.0894572465593793,-0.4489996536561098,9.076177008419055
17.349999999999998,-0.0093625908860287,0.1576712712252124,1.5545343803315357,0.2213924434964836,-0.0055548720794778,-0.0036199731830815,0.9751622558082274,0.0371937981353406,0.2210955792104086,0.1247496202459462,0.1991683470943615,-0.0923893355519745,-0.0068330090758334,1728.4781360143097,1758.2659629221816,1579.8278427430168,1581.0280426247327,0.1133820175402249,-0.4343358440225313,9.068230661424298
17.360000000000003,-0.0090106288589189,0.1588296854737953,1.5553049024657055,0.2218751461098569,-0.0058575062169372,-0.0036299784485571,0.9750507332524352,0.035924361655282,0.1772096133731527,0.1088752078023795,-0.1798254319358206,-0.1082641779157049,0.0044290088543819,1702.6199208164717,1743.701056930048,1593.7931028028734,1589.8654531188365,0.1064168842953095,-0.4188568821086122,9.057819886437748
17.370000000000008,-0.0086532092464812,0.1596751012710844,1.5558500770447168,0.2208915908231975,-0.0062753463311615,-0.0036411935381089,0.9752713811250892,0.0345720251241304,0.1338062850519531,0.0906849642443509,-0.4747431220736788,-0.0971510353235335,0.010186278104997,1682.9322941233354,1724.0916251837705,1607.474987832465,1600.9726141535227,0.0937734019624715,-0.2792408837071245,9.0907647276811
17.38,-0.0082977871613596,0.1602013567988969,1.5560548693011045,0.218594841930997,-0.0067560452782432,-0.0036434286694084,0.975785517601533,0.0332796173949536,0.0912711798947632,0.0692876845959581,-0.6948478114632379,-0.0691547971309857,0.0127385008936372,1675.4689714472695,1710.5291066384384,1615.0357516876377,1611.5033713019552,0.0736769684808495,-0.2226253982969517,9.083036818842508
17.390000000000004,-0.0079556317013533,0.1603972532300499,1.55584409954321,0.215126187536412,-0.0072123621358974,-0.0036361387134698,0.976552857639424,0.0321010684347947,0.0497498825405461,0.046255717302717,-0.8819292538767154,-0.043592726947973,0.0156716966098842,1678.7589403881684,1711.5883137600977,1621.665982309321,1620.5961040456175,0.1355375038280976,-0.2039900440467446,9.116140849234716
17.40000000000001,-0.0076395239798717,0.1602483465753764,1.5552141307411895,0.2105947083125302,-0.0075650134115757,-0.0036286937018558,0.9775374529831892,0.0309529226957963,0.0091499914286498,0.0239078294438865,-1.074912276969799,-0.03475894632128,0.019382075016077,1686.3549091517884,1725.831181005151,1636.5338214866904,1629.3639157415623,0.1271675577821064,-0.2053205906460724,9.15909929760588
17.41,-0.007359460586218,0.159739320632379,1.5542420348509542,0.2050807047706558,-0.0077741694163238,-0.0036353572982874,0.9787074389203196,0.0296768422836499,-0.0307658496782525,0.0037991987042112,-1.283555411088199,-0.0405464052239725,0.021911035284758,1693.0721509773562,1744.5237710505146,1662.3927699825394,1640.0656969874783,0.1062607861073325,-0.1804208307126091,9.234192935242412
17.420000000000005,-0.0071176225348747,0.1588571806106998,1.5530686286876414,0.1986601741781021,-0.0078481592575961,-0.003666259885188,0.9800301526638086,0.028130427665533,-0.070236018808457,-0.0134633030615011,-1.4880952077989766,-0.0444147176352908,0.0224940411854608,1700.4832166933356,1760.042238732844,1693.2541032313193,1656.0685848650835,0.1512497561859657,-0.2261724972855634,9.444015412356404
17.429999999999996,-0.0069049204020072,0.1575949170956754,1.5518612674236587,0.1914310945365761,-0.0078301039072362,-0.0037174342931805,0.9814677815392648,0.026282524251205,-0.1093652177320706,-0.0276238319913304,-1.6591667863490915,-0.0333856213046188,0.0227287922636895,1713.8552454142318,1770.4681048171983,1720.3652420240528,1680.677518789486,0.1008606115926648,-0.1735367186463694,9.627080379866506
17.44,-0.0067017081875174,0.1559545436020763,1.550769678922884,0.1835215740100414,-0.0077741267352649,-0.0037647528928832,0.9829777319258236,0.0242998902609151,-0.148092497279879,-0.0381839402788048,-1.779727329260155,-0.0136632617416893,0.0247784372825276,1732.6318667352386,1777.9305078502446,1739.8668452983595,1712.93636849927,0.0512150488880983,-0.087423935227525,9.935555733345604
17.450000000000006,-0.006483978730245,0.1539481990481929,1.549889327500776,0.1750751500117683,-0.007725000496407,-0.0037669684801997,0.9845175601095985,0.0224995421263456,-0.1862595224035185,-0.0443873046109575,-1.8539681870858893,-0.0023011024263942,0.0293441735570227,1748.6481715034752,1785.574356587137,1755.8520142409045,1744.9678259261289,0.101167158601177,-0.0783657499209344,10.21574976746004
17.459999999999997,-0.0062333532322682,0.1515967076947669,1.5492432261149018,0.1662237054039092,-0.0077085511412128,-0.0036803045384944,0.9860510703607608,0.0211220390116989,-0.2236535088438869,-0.0458925335408536,-1.901119222475358,-0.0036882169424157,0.0348582706172423,1756.8335410330433,1795.7536365737371,1775.3560860943835,1766.6091726060804,0.1493666262679557,-0.1089022358199596,10.44279649854821
17.470000000000002,-0.0059462906246319,0.1489260042942199,1.548787322625828,0.1570627101297008,-0.0077316438704247,-0.0034806911966656,0.987552232319166,0.0201327384669123,-0.2599552039123763,-0.0434511088883634,-1.9426244199454856,-0.0035392376793111,0.0380537540169248,1762.5107448932729,1807.4309092338592,1799.143424288266,1774.132271188607,0.1142531446543444,-0.062218875156216,10.580647718670672
17.480000000000008,-0.0056376991510276,0.1459624697719237,1.5484368884990152,0.1476403485550184,-0.0077861401133065,-0.0031824615914709,0.9890053465168464,0.0192496404741195,-0.2946895387407697,-0.0387959319923053,-1.9911466716851307,0.009809674597151,0.0362783309917001,1772.7064756793493,1814.5749121762287,1819.1599805066116,1773.2867803146291,0.0967641522984691,-0.0495435347453439,10.692200323277476
17.49,-0.0053368250893031,0.1427285646764683,1.5481035171765691,0.1379667118412533,-0.0078522476861551,-0.0028403044096336,0.9904016666488644,0.0181369962066542,-0.327319407181872,-0.0337819484106775,-2.044975901653316,0.0270988190243923,0.0303098734988241,1784.2519178117518,1811.178720775001,1827.2619292514355,1772.7048092508653,0.107597855511493,-0.0050037634596393,10.774438287908126
17.500000000000004,-0.0050768249754724,0.1392403365336824,1.5477285316927758,0.128040097438205,-0.0079008648861192,-0.0025296785627183,0.991734294308932,0.0165933394091261,-0.3574699607780132,-0.0294337678696819,-2.09047942395387,0.0302155191666225,0.0243714574855078,1787.2586343117125,1799.612946128042,1825.0136951666325,1775.3479327392956,0.1148956526304191,-0.0019829559379926,10.708260387803072
17.51000000000001,-0.004881970892442,0.135507987386401,1.5473007650863833,0.1178760667469448,-0.0078980266984811,-0.0023156125402985,0.992994205421715,0.0146471079908963,-0.3850814110907282,-0.0254612074432132,-2.113492384919437,0.0183828895291679,0.0224063379552669,1778.6564833525758,1789.9896619193032,1822.0740212396704,1778.586642900487,0.1970170960950102,0.0130973374848797,10.699519777994576
17.52,-0.0047575469952333,0.1315394452830446,1.546853229293157,0.1075215591123788,-0.0078142963883947,-0.0022277141751062,0.9941695471032854,0.0125412061675913,-0.410309374877264,-0.0206408131275862,-2.1119730127708567,0.0110727893274006,0.0244443380630933,1765.9915935270778,1788.631623160239,1825.016404435649,1781.4787044979123,0.1746551116162692,0.0499506919858441,10.728376320602129
17.530000000000005,-0.0046868257544649,0.1273454817169831,1.546441820242474,0.0970471515815632,-0.007637340013109,-0.0022527539217076,0.9952479321793124,0.01061838327136,-0.433267683714876,-0.0141298320631619,-2.097827263973425,0.0225578047007101,0.0270253352394093,1757.730660876337,1790.8100668298184,1830.244280999355,1786.5107841488266,0.0863753384937407,0.053204779089016,10.69785936851304
17.539999999999996,-0.0046367617176963,0.122944515782268,1.546117109123417,0.0865259991057213,-0.0073801076078015,-0.0023432245814145,0.9962195013093323,0.0091546517869275,-0.4539027484865867,-0.0066972338841553,-2.0862022066752948,0.0427530026200773,0.0267332092560356,1754.9829679443765,1788.1608273211386,1829.4668824702096,1792.565948656771,0.0939439286585765,0.0644822547516703,10.799963591290036
17.55,-0.004570270641164,0.1183658370419395,1.5459028216724906,0.0760143077221719,-0.0070762492931394,-0.0024335575622,0.9970786476076255,0.0082053651523149,-0.4721160506742221,-0.0002175959525363,-2.0832344883700906,0.0500014106812697,0.0228764038861159,1753.8847813194875,1779.978981375425,1820.832410148752,1792.676280476422,0.0949415761976781,0.0431821263013958,10.682417732759625
17.560000000000006,-0.0044601386557877,0.1136501664522344,1.5457890545868858,0.0655440069273708,-0.0067628334345996,-0.0024579753344658,0.9978237347332924,0.0075543045450961,-0.4879428538436679,0.0044796912387805,-2.0821380375979217,0.0379133404104557,0.0174667689278146,1751.5799715203032,1772.7150882953592,1812.002234416632,1783.4746381431382,0.1336578873108611,0.0250591514545968,10.560070033110009
17.569999999999997,-0.0042989522297945,0.1088459971751566,1.5457392862720924,0.0551305112074233,-0.0064624959471368,-0.0023684342072848,0.9984554338574892,0.0068540237708491,-0.5015354858974996,0.0087192501942329,-2.06899588774905,0.0217271563640182,0.013559332215618,1747.586084638191,1769.8498998063938,1811.440173879044,1772.149783759376,0.1167068854536102,0.0249955101929131,10.467093144873504
17.580000000000002,-0.0041011537693355,0.1040009366287909,1.5457061806557753,0.0447905762096206,-0.006179172037579,-0.0021510856811692,0.9989749721320011,0.0058903176990459,-0.5129349639781365,0.0142176176236437,-2.034761750277009,0.0192143225645973,0.0131799137980508,1742.3891777103977,1766.737455824046,1818.4197704840644,1768.3759462966289,0.1164081430362717,0.0959692012445495,10.431703609322271
17.590000000000007,-0.0038969170300014,0.0991502964629878,1.5456526888805373,0.0345593690059149,-0.0059083677298225,-0.0018351491472967,0.9993834966779716,0.0047219035876224,-0.5219073646731466,0.0207179666880115,-1.9847553590613327,0.0323004608493814,0.0156693299068374,1736.736157608739,1756.4352359711795,1823.8530209522544,1772.23404414696,0.1156462826740149,0.1017008033288584,10.449289273438936
17.599999999999998,-0.0037213617430832,0.0943082760974459,1.5455739771538857,0.0244962228544936,-0.0056482064548278,-0.0014857369009596,0.9996828624196616,0.0035520277665234,-0.5281279927010899,0.0264962662818241,-1.93345048224632,0.0491654863368663,0.017937801794164,1730.597328692619,1738.6089666186792,1821.110826740493,1775.7313217580916,0.1124299259124703,0.0874900339223279,10.473491412218928
17.610000000000003,-0.003604228510022,0.0894671648375778,1.5455097522635717,0.0146753475121656,-0.0053987501978772,-0.0011789183013752,0.999877041352254,0.002499195052588,-0.531592010231549,0.0310553393183135,-1.8861703460512629,0.0589090825692568,0.0170898166402757,1722.797014846606,1721.1829094859595,1813.0746495177168,1774.4621202902977,0.1380901497252328,0.1018553538467917,10.27067426479594
17.620000000000008,-0.0035634905038038,0.0846062233399014,1.5455355705202585,0.0051654838538706,-0.0051527947344492,-0.0009703778959775,0.9999729120579812,0.0015223924227792,-0.5327739710973227,0.0359472659761094,-1.8308269081427977,0.0599133295125366,0.0129005178661992,1714.0372335181655,1713.0207313551969,1806.3619517976424,1771.524676802689,0.151072168748054,0.1023404800686476,10.234850577417784
17.63,-0.0036032719998879,0.0797065484487594,1.5457336393130223,-0.0039925376219578,-0.0048925817793612,-0.0008756713551559,0.9999796775367724,0.0005369154191762,-0.5323025402110515,0.0424815398979487,-1.755097753805774,0.056225049131662,0.0074655772714882,1709.1983895472024,1715.5523116803456,1802.022893676164,1769.928995799191,0.1110226855249445,0.1167315220843406,10.312429942120854
17.640000000000004,-0.0037145713769435,0.0747649476512451,1.5461589983305706,-0.0128011678670143,-0.0045980807644234,-0.0008718080104077,0.9999071095383396,-0.0004430859348783,-0.5304984294513585,0.0498662799462577,-1.668186771315621,0.0512928154649431,0.0029463897357409,1712.7747444207598,1721.7651465345632,1796.3983000991516,1767.4113347589382,0.1472354061095591,0.135594401642473,10.304856473019456
17.65000000000001,-0.0038776010275536,0.0698007100686226,1.5468186386177103,-0.0212971403857355,-0.0042604150377876,-0.0009155459569376,0.9997636933049212,-0.0012806218253014,-0.5272537558774789,0.0565519675085609,-1.5952643295152265,0.0474038275576291,0.0002535117940386,1721.9662842150765,1722.4650463109706,1788.5065872641371,1760.69969008801,0.1036107471551361,0.1390578237584602,10.243856136769276
17.66,-0.0040659051772623,0.0648530033556375,1.547668419108633,-0.0295261854805634,-0.0038898872067256,-0.0009653544198821,0.9995559720392504,-0.0018246840863532,-0.5222763899597542,0.0624003900951409,-1.5492077093984111,0.0477081765006751,-0.000670663142715,1727.5364016449746,1713.4382893242096,1780.7599918111528,1750.2244273733954,0.1146680894659954,0.0913144557531968,10.059180719896064
17.670000000000005,-0.0042528824305183,0.0599707813858249,1.5486226906337794,-0.0375071269335838,-0.0035123546228281,-0.0009955640020439,0.9992896915542108,-0.0020713582124533,-0.5153653427696281,0.0681020597338688,-1.5157703247739138,0.0538796280943734,-0.0004437168918613,1722.142906587392,1697.9495723770992,1773.4876031885235,1738.8320927167624,0.0887007967720469,0.1179300079735266,10.015270665237727
17.679999999999996,-0.0044198391556767,0.0551997937741682,1.5495731014438276,-0.0452064836821914,-0.0031600803193433,-0.0009995664091192,0.9989721660749415,-0.0022539973064429,-0.5065219117799715,0.072915603815243,-1.468558446638817,0.0615182206497783,-0.0003378554318444,1706.030669365468,1682.625481243914,1764.9304433612474,1729.6986289417157,0.1350734580577081,0.1478811640025248,10.03722938854949
17.69,-0.00456225821711,0.0505719715018051,1.5504154377396144,-0.0525383350373903,-0.0028588861193864,-0.0009847658435131,0.9986143301384618,-0.0027414751733508,-0.4959453062489106,0.0746481284906719,-1.3914812341229934,0.0621756336800003,-0.0019428139732979,1685.2531167978732,1670.7625595381742,1757.1826849640256,1726.372797161623,0.1522136317496201,0.1113006314777662,9.953394969348013
17.700000000000006,-0.0046902504834838,0.0461010647971206,1.5510777324866902,-0.0593911346352998,-0.0026130438910916,-0.0009644844417611,0.9982309025962464,-0.0037539858128965,-0.4839544931708224,0.0722925557442632,-1.284315388414143,0.0529163533038788,-0.0058266528743646,1667.4091860793897,1661.3984761730155,1755.5893730728951,1730.3178462647709,0.1298465383940164,0.0705591288812397,9.803303746283628
17.709999999999997,-0.0048217163682548,0.0417855324660869,1.551537501034977,-0.0656687204293713,-0.0023953737871324,-0.0009509434158071,0.9978381517301336,-0.0051319049245191,-0.4708363675907887,0.0675528756217893,-1.15574496596388,0.0420647610174885,-0.0103956507682762,1658.7991995724171,1655.0287173735007,1759.7121636256238,1736.6118604572778,0.1249353281975819,0.1153224697783488,9.746537542524136
17.720000000000002,-0.0049710925643183,0.0376166311683191,1.551821128878386,-0.0713242199142507,-0.0021537673123018,-0.0009509877462997,0.9974504060665343,-0.0064226003122142,-0.4567177023724351,0.0631026361050704,-1.0195378686566332,0.041983757967157,-0.0127333578880354,1660.8025118772366,1655.7695293344343,1761.5436503063947,1736.3137452395697,0.1761372968442041,0.1437636797500527,9.73195583596356
17.730000000000008,-0.0051396106459708,0.0335875908836314,1.55198947165791,-0.0763685608428281,-0.0018360727948855,-0.0009643381351792,0.9970775003997674,-0.0072407409945899,-0.4415780577111897,0.0601467916350891,-0.8925855323509295,0.0555365924471288,-0.0111803308395004,1666.9347960278262,1664.9363969812375,1756.882178305612,1726.3452321567956,0.1017005786600299,0.1856271715558872,9.851648334242366
17.74,-0.0053126469766875,0.0296993445864565,1.552118452745991,-0.0808491608731581,-0.0014201175375068,-0.0009837118347388,0.9967248510814366,-0.0075493047167627,-0.4253770310456152,0.0583743627851028,-0.7851278101832204,0.071951780155674,-0.0071154558401374,1667.9691980453126,1675.7286193456648,1751.9294577818252,1714.3424021023327,0.0955252253139802,0.1472001023611675,9.706127840559985
17.750000000000004,-0.0054659797283506,0.0259599990941586,1.5522800688439609,-0.0848124596120891,-0.0009307013323188,-0.0009967985143362,0.9963959990296528,-0.007589311053526,-0.408176002839545,0.0573589216158544,-0.6904712487100135,0.0776083854106398,-0.0039425174671501,1662.932089512913,1678.331241224042,1753.3221940739372,1710.1043517392443,0.141562099260212,0.1221401920701874,9.681915958199292
17.76000000000001,-0.005577722072928,0.0223788741275756,1.5525266574460728,-0.0882752608393263,-0.0004341538785735,-0.0009906949263618,0.9960955317426744,-0.0075645370299913,-0.3901774904101385,0.0567771411933092,-0.5914274009969116,0.069735981545177,-0.0041432050531237,1660.771350045747,1669.8299084624489,1757.6899680144595,1714.1702855602753,0.1356312689492439,0.1002796859609442,9.757959937382752
17.77,-0.0056396479255683,0.0189596056398486,1.55288248024053,-0.0912236744259128,-1.300755557354056e-05,-0.0009589081236805,0.9958299661841116,-0.0074395586003431,-0.3716644489921852,0.055767122315963,-0.4802087832387499,0.0576171233328784,-0.0072972908301385,1667.8024490737248,1656.9300427267467,1757.408173558931,1718.9931957684803,0.0967298331490083,0.1263945641621735,9.83123453131036
17.780000000000005,-0.0056624068433244,0.0156977230291488,1.5533443982692696,-0.0936372105709451,0.0002690069262703,-0.0009091446602905,0.995605933031615,-0.0070729382755123,-0.3528619636169145,0.0534891940444939,-0.367539401309733,0.0506760995409287,-0.0110812055716267,1678.0638132052495,1649.2117209651808,1752.4477337441886,1719.819697464426,0.1209063146150639,0.0867558331626039,9.746157329152782
17.789999999999996,-0.0056725568568463,0.0125851061107314,1.5538865415996193,-0.0955171983255495,0.0003970232111007,-0.0008677480981008,0.9954273224147736,-0.0065255412353344,-0.3338117392444351,0.0504201330844809,-0.2695733586734106,0.0478787529422016,-0.0140812184411956,1680.6962795055665,1651.2662928117643,1749.8428214067708,1718.99101995353,0.1302839063408243,0.105507454120304,9.63398820099826
17.8,-0.005702904412662,0.009618864728408,1.5544626769603482,-0.0968980852008176,0.0004152064341538,-0.0008757807139457,0.9952938368623476,-0.0061606742283668,-0.3143924770209904,0.0480272716702568,-0.1896558380655766,0.0407002127379702,-0.0170298594845798,1673.2750689254526,1660.9706249318715,1752.879321967493,1719.4427449276736,0.1623424913970688,0.070871761844506,9.58495011071837
17.810000000000006,-0.0057799193764308,0.0068091950420951,1.555008138582254,-0.0978345283184844,0.0004098018456807,-0.0009743457450932,0.9952021341323158,-0.006358501776646,-0.2945244101544968,0.0467868340513237,-0.1158918377396368,0.0256585044704902,-0.020911913266022,1662.783039100127,1673.015096678536,1756.6020544063254,1719.3853863110696,0.1488989130063163,0.0111357608794167,9.706978186059512
17.819999999999997,-0.0059129355684049,0.0041816723202087,1.5554493761493395,-0.098373094243443,0.0004711731806156,-0.0011831791961869,0.9951487890822128,-0.007116502149094,-0.2743781887437549,0.0451863417061876,-0.0338718838427027,0.0109154471641632,-0.0246437911223359,1655.9908800082624,1682.6455258809876,1755.0000778542176,1715.4865374960243,0.1110588655425967,0.0222581108649895,9.65605251337135
17.830000000000002,-0.0060895646142937,0.0017729403741987,1.555724026191282,-0.0985258512056969,0.0006518742279546,-0.0014838112555708,0.9951331719967644,-0.0079800496919853,-0.2543222751201731,0.041182373152558,0.0613611249692759,0.0083615119220307,-0.0258020895249561,1654.3994155887804,1687.2392061583114,1748.5970873495712,1708.2159661245812,0.12120363253858,0.0503877644442123,9.632056549291734
17.840000000000007,-0.0062799057328153,-0.0003781711732932,1.5558038129656335,-0.0982630498719938,0.0009412902844813,-0.0018202220877726,0.995158366188018,-0.0083897851642427,-0.2346146360495483,0.034490928173836,0.1641108340326254,0.0203277235666429,-0.0235532327180623,1657.5786270768444,1686.6732487483112,1742.592274044487,1702.2190048085972,0.1153649487477591,0.0485464526771626,9.674448808414509
17.849999999999998,-0.0064485864634003,-0.0022412217104374,1.555707994709177,-0.0975331666413702,0.0012716469371671,-0.0021207520121866,0.9952292031134722,-0.008079629774704,-0.2151801311616504,0.0272434536792149,0.264648138122894,0.0365870174130549,-0.0197201441347756,1665.5156825141494,1683.1610284778028,1739.7486260978028,1702.540132965053,0.1087403040729687,0.0169106828800471,9.66965121041988
17.860000000000003,-0.0065697156269729,-0.0038040549894113,1.5554996732438744,-0.096301517842772,0.0015548183212729,-0.002329643134545,0.9953482671728684,-0.0071896252085681,-0.1957210106706778,0.02237463268289,0.3554820930722211,0.0442501200313315,-0.0166226733959904,1676.0374892730567,1680.1543408087216,1738.09679761523,1710.557980053852,0.1094584587724368,-0.0131832106383764,9.716597998520909
17.870000000000008,-0.0066380324208001,-0.0050796958433389,1.5552663287871844,-0.0945837294449791,0.0017306581638668,-0.0024287991951631,0.9955124428559736,-0.0061288327368127,-0.1760239310533539,0.0210919140570854,0.4325662089726321,0.0383670248736136,-0.0148309685441641,1684.035301311503,1680.45554293353,1735.2403912942166,1722.1794426873432,0.1335763451161203,-0.0186923464731409,9.692245489684462
17.88,-0.0066713402278371,-0.0061075089232405,1.5550938649354014,-0.0924522914478552,0.0017992208983174,-0.0024381918666191,0.995712504606938,-0.0053594415999799,-0.1561728160200348,0.0215694473895052,0.4936979864157911,0.0230879128029752,-0.0135805769529765,1685.5032910507675,1684.4097463123326,1732.4426343115992,1730.1485942972745,0.1660449228401817,0.0074824673435163,9.789931064741037
17.890000000000004,-0.006703410578098,-0.0069466464830678,1.5550455459298689,-0.0900130646422375,0.0018190977800166,-0.0023987691093582,0.99593603458442,-0.0051520993376568,-0.1365210543615432,0.020461519067405,0.5397072941892914,0.0061203252968619,-0.0124158950787144,1680.606836762346,1689.612778871679,1733.5897005603438,1729.9997907713089,0.1358428510016289,0.0019712320520779,9.823531224064794
17.90000000000001,-0.0067704056812354,-0.0076625039389549,1.555150889642167,-0.0873669626645179,0.0018743606216829,-0.0023509261021143,0.9961716587784952,-0.0053963489836867,-0.117473504853824,0.0163391899832544,0.5781775013361841,-0.0055313945606124,-0.0113195339579469,1673.2611200950491,1693.412681323171,1740.5633219460194,1724.1727543689678,0.1258335542503229,-0.0581596860878423,9.817618222544557
17.91,-0.0068960647468873,-0.0083102117055838,1.5554006136256662,-0.0845772267506971,0.0020291060984911,-0.0023199855908875,0.996412160258224,-0.0056707948874831,-0.0992701142485993,0.0113764744363155,0.6214464628015983,-0.0069483133055512,-0.0095695156342449,1670.2031351434905,1696.2500863784207,1749.4283679004157,1718.6355287785768,0.1488638488388437,-0.0550845621612743,9.810297845713984
17.920000000000005,-0.007081238829237,-0.0089210076840812,1.5557433463494543,-0.0816564486572014,0.0022939078924466,-0.0023127870786414,0.9966552128972204,-0.0055805482515548,-0.0819575713989666,0.0089395495692421,0.6754712987024407,0.00265630745974,-0.0058954701772758,1677.889274217009,1701.149937609676,1751.8836343614378,1715.6959707159936,0.1394526348184745,-0.0288734847168534,9.884836594533189
17.929999999999996,-0.0073018185708789,-0.0094964094498941,1.5560885433527152,-0.0785763437469536,0.0026218620412922,-0.0023228588943758,0.9969019452129452,-0.0050314386005591,-0.065524884272968,0.0098307289985514,0.73102236850049,0.0174894536830119,-0.0007373363016054,1695.4596298331371,1709.2441197564945,1743.0292829298166,1713.374479125606,0.1350710892702414,-0.0293397649836533,9.895963844675974
17.94,-0.0075157841513851,-0.0100120504973548,1.5563245094606362,-0.0752923589446413,0.0029353296443583,-0.0023387981914906,0.9971544386640664,-0.0041887922747052,-0.0499901049394063,0.011760469456931,0.7705993489783838,0.0269353952008086,0.0023662335988374,1712.6143684593517,1717.5411336259592,1728.440185989134,1712.0085124256736,0.108601870777216,-0.0517003260688084,9.94788322237691
17.950000000000006,-0.0076762700809969,-0.0104297069525646,1.5563524437528535,-0.0717699445523527,0.0031659404317616,-0.0023511946896512,0.9974134166751848,-0.0032684621461217,-0.035331684135062,0.012190428714264,0.7861439431430024,0.0226099263319868,-0.0005017772429153,1719.3317980886577,1721.991031392607,1720.7926953444185,1715.7916863298385,0.1039059655335651,-0.1155986411813769,9.904777106052592
17.959999999999997,-0.0077454571792638,-0.0107135606419202,1.5561250543141445,-0.0680020447105771,0.0032835223702481,-0.0023559053886037,0.9976769968811672,-0.002420698060075,-0.0214232215359364,0.0105387236562628,0.7881068373068604,0.0051917000299763,-0.00877550256344,1716.476039379252,1721.452404407352,1727.4964247482646,1724.7287566276868,0.1751822477870517,-0.1060840354072019,9.87000823168816
17.970000000000002,-0.0077048951808365,-0.0108451139278443,1.5556730172682312,-0.0640141361390378,0.0033003322425389,-0.0023538755616869,0.997940758487848,-0.0017250622770433,-0.0081443470363338,0.0076156693776639,0.7957669689056857,-0.0155021211241938,-0.0164824665257674,1712.977729597799,1718.5535816369954,1743.0251938313436,1730.5497939873549,0.1457212231984525,-0.1091816704820034,9.923122682101654
17.980000000000008,-0.0075601359442651,-0.0108308217594771,1.5551060321578147,-0.0598592391247988,0.0032549942916595,-0.0023489815712944,0.9981987571566792,-0.0011828557926045,0.0044552210335493,0.0043990528466595,0.8192034718019806,-0.0280273085168385,-0.0174786544307997,1714.2297173120571,1717.7982920693912,1754.8224871525665,1726.007412173336,0.1251623284656174,-0.0567274386496785,9.991486548323897
17.99,-0.0073392922530404,-0.0106987539542913,1.554583128559495,-0.0556088112844048,0.0031907726815928,-0.0023454663707845,0.9984447795770848,-0.0007039081638067,0.0161972039579429,0.0022515279117394,0.8504968454859642,-0.0284484742976381,-0.0115353278627856,1717.687819710572,1722.246607359173,1755.8171954065351,1715.09893673302,0.167926450033228,-0.0779561309309918,10.016872779721698
18.000000000000004,-0.0070860738859447,-0.010485629984228,1.5542580536721105,-0.0513445174544662,0.0031405446824236,-0.0023459647634523,0.9986733069206336,-0.0001549057347153,0.0269865095974772,0.0031983468459512,0.8710077741701503,-0.0231731419921657,-0.0047028639776019,1719.4564799223544,1731.143454460133,1750.0887245070078,1708.9828080503717,0.1089412877764656,-0.1457045466824341,10.00961966095584
18.01000000000001,-0.0068490491830195,-0.010220718136146,1.554219899849593,-0.0471502075721465,0.0031221138253027,-0.0023504891142716,0.9988801657516728,0.0005485117244716,0.0368871613498383,0.0083018124090451,0.8670564041195865,-0.022384079202652,-0.0034855162652428,1719.963271395165,1740.954125706853,1746.439040631649,1713.1729783054288,0.1048825257681872,-0.158292235196882,10.014729848586274
18.02,-0.0066703876616997,-0.009914590460286,1.5544579151862343,-0.0430980870441101,0.0031400456196886,-0.0023564215911757,0.9990631322814036,0.0013949297599809,0.0459655534004027,0.0156980397536523,0.840687221253027,-0.0295272340642647,-0.0084712011364078,1719.8050472913774,1747.0514044318677,1746.7750157585274,1721.768097358725,0.120740157752354,-0.1625984598341968,10.03062144790967
18.030000000000005,-0.0065776448504819,-0.0095576072283423,1.5548695607866332,-0.0392249945444646,0.0031880143820113,-0.002359514155144,0.9992225323021086,0.0022994951583319,0.0541583595963292,0.0213991352347318,0.8078562202118589,-0.0373075140763743,-0.0138004714242702,1712.8786572928072,1742.3076385355066,1741.4368433882833,1722.4194469224135,0.1457071380580373,-0.1326357387914117,10.034856148785304
18.04,-0.0065803960007114,-0.009128032310864,1.5553046634436023,-0.0355047811653451,0.0032485259315439,-0.0023558539686853,0.9993614498997604,0.0031277736101066,0.0613530706753924,0.0224382072373793,0.7877817851916673,-0.0353502629161991,-0.0134572280893764,1688.8905817551165,1717.2903369022483,1717.391923058177,1704.9195070715489,0.1361136557243186,-0.1620907542054646,9.983926666208363
18.05,-0.0066711054005614,-0.0086058585093606,1.5556178696686864,-0.0318329006738893,0.003291896460841,-0.0023444298676067,0.9994850341555762,0.0037102769106298,0.0675206046672216,0.0185991294982069,0.7939484139055939,-0.022078764898927,-0.0077675808849204,1643.4701987456724,1667.5438933229489,1671.4929237258154,1667.0381681207068,0.116369521262029,-0.1069568559882224,9.592757882985389
18.06000000000001,-0.0068285663828874,-0.0079864775640664,1.555703759651665,-0.0280385429607996,0.0032796807171604,-0.002329309603177,0.9995987485585413,0.0039428786747521,0.0726980201699705,0.0109611612571596,0.8324200555341736,-0.0074563324244847,-0.0026285982131374,1583.3395840363007,1600.6577738050282,1613.994657119265,1614.4415248207683,0.1236210361222171,-0.1040667990367784,8.95944101810299
18.07,-0.0070228392829618,-0.0072883376623208,1.555506961319015,-0.0239256691491465,0.00317643663921,-0.0023198579853832,0.9997060022151364,0.0039418592143636,0.0769097858288182,-0.0002596201245134,0.9034415964486257,-0.003093375016266,-0.0026752357745061,1521.268118544206,1532.184495317549,1558.1313497271965,1555.8266692413974,0.1322154534662227,-0.1655175921002204,8.524611334053306
18.08,-0.007221320016909,-0.0065513321745616,1.5550138072879076,-0.0193272191267685,0.0029674771706357,-0.0023275076011112,0.999806098895398,0.003998684841727,0.0801973864795509,-0.0159569648678545,1.000967419781297,-0.0110306895820601,-0.0067958699955273,1465.650155976604,1472.8703545095666,1507.7622293298216,1498.0787421508544,0.0662668097005589,-0.0965104864567456,7.796583174188292
18.090000000000007,-0.0073950028707364,-0.0058270246896427,1.5542344468417757,-0.0141484023034195,0.0026726601383497,-0.0023588565369636,0.9998935520323567,0.0042592127157047,0.0826870668512348,-0.037389382841004,1.1123373975454345,-0.0235715567422767,-0.0103889067991741,1412.6527163175977,1419.718655605078,1456.0090654462329,1443.4895177306971,0.1124424360904486,-0.0466726917286569,7.053392146656306
18.1,-0.0075227844982442,-0.0051650558739857,1.5531823278961112,-0.0083789075982605,0.0023443066075736,-0.0024072430622593,0.9999592508271667,0.0045195351387784,0.0845290538928681,-0.066196853389319,1.223603204964659,-0.0326751518166222,-0.0102043106722805,1350.3831118733042,1360.2658360681603,1394.715941705822,1388.6555685283793,0.0986065992200175,-0.0894835034387653,6.394207706768885
18.110000000000003,-0.0075920599703498,-0.0046005085134542,1.5518572692046215,-0.0020677587721387,0.0020462519820182,-0.0024473920794295,0.9999927737231384,0.0044897749181396,0.0857356061255495,-0.1040785526606761,1.3282475178600288,-0.0367780797819847,-0.0062558146208913,1274.647607704513,1287.7352547192545,1324.0219516023983,1327.290162251829,0.0514570371028678,-0.1139999999999999,5.879564884362838
18.120000000000008,-0.0075966540091468,-0.0041457861510227,1.5502353528764834,0.0047269294712808,0.0018266312547193,-0.0024392860624046,0.9999841845947056,0.0042233457114629,0.0860995803107114,-0.1507992517576652,1.429923674313941,-0.0381784199497035,-0.0003546876152837,1196.6622932366106,1210.978539792441,1252.584251289319,1257.43290114688,0.0803559016087117,-0.1178897527748122,5.356860973682942
18.13,-0.0075355335257493,-0.0037890753177852,1.548263845899538,0.0119875636900962,0.0017011573476678,-0.0023413159050996,0.9999239584189824,0.004114808740403,0.0853199569690496,-0.2029779722120812,1.536365352579593,-0.0366894000467629,0.0058670927783558,1130.041154812043,1145.611800133181,1189.8559454163774,1186.3961266358422,0.1522021640404002,-0.1730108179475209,4.844749617290304
18.140000000000004,-0.0074145060437581,-0.0034996317991865,1.54586047241949,0.0197527450154657,0.0016597165636902,-0.0021327053492098,0.999801243234462,0.0044442681219825,0.0832801042156908,-0.2566024857971715,1.652751722315997,-0.0286275650390796,0.0113452610495207,1075.5842628348807,1096.6465741405425,1139.3904633444167,1126.119876035211,0.1305216118746153,-0.2119120860967884,4.247432440039483
18.15000000000001,-0.0072491263326468,-0.0032381145889934,1.54292304068027,0.0280992614097959,0.0016863085336551,-0.0018308033872541,0.9996020388288084,0.0050595971128356,0.0802430866429048,-0.3108763606730191,1.780283707143307,-0.0117033315077133,0.0146854997733987,1025.5996061248663,1055.4118343266205,1098.1288008754789,1082.201650092558,0.0811428331307791,-0.1605711662773866,3.955803738469824
18.16,-0.0070646603000389,-0.00296891395077,1.5393542462490062,0.0370926624621603,0.0017771591064276,-0.0014909002929836,0.999309138011504,0.0055673841900998,0.0767504275051101,-0.3682557388206032,1.914761765733776,0.0113621075189862,0.0140157634574834,979.2893424802604,1013.908968295462,1060.2939516435645,1049.0114110055592,0.0698112858671223,-0.0594806930020589,3.731435403115747
18.170000000000005,-0.0068907985136636,-0.0026709184974007,1.535092840998494,0.046729468185208,0.001945607773167,-0.0011850244753197,0.9989049840352752,0.0057383449754459,0.0732919789548697,-0.4305853423119947,2.040656590836023,0.0349423104380011,0.0086745786804029,947.2993618041957,977.0983632984974,1022.3873000855652,1016.0717659323518,0.0620415607880563,-0.0778764461025769,3.4904882495114373
18.18,-0.0067530201662447,-0.0023430425629419,1.5301317291183856,0.0568904243524774,0.0022134632477029,-0.0009707686472718,0.9983775026540208,0.0056543516100358,0.0700315642145032,-0.4966013013683796,2.127434902049097,0.0550839804097351,0.0009568593363723,940.81836430646,958.4003445380208,985.1292001413,977.4075286760112,0.0194239122437709,-0.0417817642744597,3.0729492172678774
18.19,-0.0066651450213214,-0.0020019647423921,1.524510835614188,0.0673215982672007,0.0025972442367368,-0.0008692364107453,0.997727568606374,0.0055310088955128,0.0667820480721346,-0.5637047507134719,2.1379423083883444,0.0715033115512622,-0.0047127101368851,958.237810945713,964.6377722579496,950.9026820885658,935.1348205848832,0.0421462848813771,-0.1400301846264912,3.1329662963658214
18.200000000000006,-0.0066266926035766,-0.0016727485245463,1.5182905276648455,0.0776516873347183,0.0030970940402078,-0.0008634162241715,0.9969753647783888,0.0054961304315993,0.0632032457226021,-0.6308780606018293,2.0466633966644405,0.0861121300767179,-0.0052950763819396,984.7267673292218,987.8251089923748,920.1322099786034,896.024185588112,0.0576418463609584,-0.1186002533626784,2.7197636172194097
18.21,-0.0066255937268636,-0.001376828611981,1.511520277628863,0.087436215371656,0.0036900806778413,-0.0009132365084936,0.9961628669776604,0.0055361690601612,0.0590589606381055,-0.698863133337345,1.8512766278504056,0.0998931299958697,-0.0024038392171235,1007.3381418725584,1013.0820684778532,890.6932587928209,864.6090693891591,0.0939871290143931,-0.2465243746218107,3.113599850397761
18.22,-0.0066442194116725,-0.0011233607216037,1.5042120224750073,0.096204017751447,0.0043275270100128,-0.0009750387952451,0.9953517512808246,0.0055795513657073,0.0543398061887873,-0.768284238875014,1.564479393446953,0.1101071908452147,-0.0017043989993124,1026.716774979325,1032.1783882787408,860.8385970273648,839.4972192414062,0.0628399374802975,-0.241770204510118,2.813635286700928
18.230000000000008,-0.0066658997355594,-0.0009077152386445,1.4963221114701908,0.1034867636783327,0.0049397524069266,-0.0010155034406201,0.9946180459564894,0.0055836223512293,0.049166778512725,-0.8387561726153545,1.197077295600651,0.1105299138500437,-0.0078313547115931,1047.4365195682112,1045.0598245704225,831.6385436882975,816.3901335032203,0.0341210862798317,-0.1708580838620927,2.62041984856436
18.24,-0.0066797286379038,-0.000716387504172,1.4877488941305874,0.1088371002434974,0.0054522342859301,-0.0010174867733137,0.9940441255158364,0.005557045725106,0.0436067664610997,-0.9095898305688332,0.7557790562502259,0.0961167518479764,-0.0194034741653246,1062.7054260998598,1051.122973321947,804.930842583766,792.6858066746572,0.1407781520838704,-0.2215702066589362,2.8427888686142286
18.250000000000004,-0.0066825963277161,-0.0005341541342465,1.4783560051469673,0.1118605215350751,0.0058095967395336,-0.000980794574529,0.9937064507940097,0.005535580133351,0.0376319951601648,-0.9804793697481438,0.2573339446328076,0.0681014471110897,-0.0299731849411517,1060.1373565184797,1046.7000139719707,780.4178870979655,768.5854907696164,0.1169702315420784,-0.25719380669024,2.612629688040993
18.26000000000001,-0.0066784191923716,-0.0003494222587874,1.4680233727603442,0.1122788952488852,0.0059953559605217,-0.0009215925070193,0.9936582189343816,0.0055479779726896,0.031277500608927,-1.0515809399043223,-0.2629668312584386,0.0333605871417198,-0.0344370601168498,1038.6202104317135,1029.726168598113,758.9690188951538,747.2433245612312,0.0935172097482291,-0.2588554776229486,2.6445388500238565
18.27,-0.0066751985837889,-0.0001565736674268,1.456712068472812,0.1100163778506688,0.0060360027697424,-0.0008710449569202,0.9939110647114588,0.0055885497294297,0.0247754063819644,-1.123753795527585,-0.7596178371036315,-0.0013377487328548,-0.0337521096064822,1008.1330338237289,1000.9125886803822,748.696986346305,736.1670346957214,0.1030772348324422,-0.2689273007674528,2.4615705691003926
18.280000000000005,-0.006680868423088,4.36125596769261e-05,1.4445166825750868,0.1052758105726089,0.00598796471533,-0.0008703329038975,0.9944246530066944,0.005609611738247,0.0184487512766915,-1.1988136297363274,-1.189967109073584,-0.0324636727060919,-0.0328417490455453,975.9040430239756,963.5941792780944,762.5140244444588,745.6978568364559,0.0847174615893297,-0.2197091165746486,2.277773424178939
18.29,-0.0066990375755043,0.0002446553195826,1.4316770981377829,0.0985685606601212,0.0059159067089132,-0.0009589788293196,0.9951122154093016,0.0055579865477869,0.0124888878313106,-1.2783055551610136,-1.5193537397086323,-0.0564802298612525,-0.0346058569359221,942.242723595539,926.4798596523968,806.7819690895197,782.38324587996,0.1128898775049606,-0.191897238773658,2.410715109963838
18.3,-0.0067258046728333,0.0004366948928869,1.4185314672283018,0.0906677990837694,0.0058726864331062,-0.0011578348577688,0.9958632040505392,0.0054553255456465,0.0069416542177187,-1.3605403344178757,-1.7190509559056175,-0.0667237314230397,-0.0368693433036957,908.3068048069944,900.3732711297258,874.4800491609614,843.6871126320955,0.0639077068979981,-0.0729122691154033,2.2080272104554064
18.31000000000001,-0.0067487933420411,0.00061062346874,1.4054131341014615,0.0824719116489075,0.0058862095749198,-0.0014547074006442,0.9965749445737604,0.0054545653542436,0.0019161311479013,-1.4389199987077654,-1.763933862348122,-0.0577923263683548,-0.0351957724879292,881.027037837839,888.2431928224272,950.6292042411404,919.967004502606,0.0791492000925437,-0.0726055540152239,2.76311665945375
18.32,-0.0067492667385021,0.0007621546280546,1.392522901903069,0.0748000008615669,0.0059531721270917,-0.0018030540190949,0.9971791557232528,0.0057782227299603,-0.0023650627606736,-1.505304142653438,-1.6382715628160358,-0.0339050939483858,-0.028118546119137,870.6760843485471,885.8184293338966,1021.3478378412468,998.9827183715717,0.1041422929602531,-0.0101367925077351,2.745055162351868
18.33,-0.0067074473379541,0.0008928717161725,1.379832065624434,0.0681903129905992,0.0060386710757363,-0.0021371766154895,0.9976517669718212,0.0065397035196691,-0.0058590507805237,-1.5570289337200849,-1.3567958087261147,-0.0106948188476806,-0.0190251516994763,887.9668940362773,896.4795502535491,1076.6896068393023,1066.8078224240876,0.093200605908554,0.0476340643467591,3.0251377553876933
18.340000000000007,-0.0066099519422055,0.00100703835093,1.3670697403593812,0.0627948001858564,0.0060829754712057,-0.002394875348691,0.9980050476080266,0.007596421257436,-0.0089621421758431,-1.6002318173997994,-0.9918521313793712,-0.0067323506879398,-0.0125682618257831,942.5731748261744,937.4237396434762,1110.9661846754805,1110.528963460995,0.0835077584347389,0.1012239699505074,3.5062231643591466
18.35,-0.0064568393893248,0.0011062490554599,1.353809148073362,0.0584185723573665,0.0060180881252767,-0.002533343778534,0.998270822566874,0.0086030683311514,-0.012316919248592,-1.644801327471697,-0.6730080368285576,-0.0315420506893498,-0.0098077724132379,1036.803642655545,1021.8194039996506,1127.5913887759104,1128.3563883171844,0.125972166989902,0.0700449194989786,3.6911365943969416
18.360000000000003,-0.0062648861372652,0.001185935839365,1.3396132868338009,0.0546669491432591,0.0057932412999604,-0.0025325284451187,0.9984846264846964,0.0092611554427124,-0.0163425760518104,-1.6960980689137894,-0.5306110382539905,-0.0782969980300672,-0.0081536912980443,1154.5554700141474,1136.5461089979603,1143.9575369753932,1137.1464351647442,0.1135167179713246,0.0038662562294038,4.088776174224237
18.370000000000008,-0.0060643763580697,0.0012365660137253,1.3241723195118704,0.0511147084514297,0.0054004907386628,-0.0023925260031993,0.998675321162504,0.0095505421774142,-0.0209966148241792,-1.7521070212687515,-0.6066412199044247,-0.1246643769251201,-0.0058443201454311,1260.454762446419,1245.0653321402433,1185.3188879075376,1163.81657346751,0.0782512012591285,-0.0527091229199446,4.4719648627826345
18.38,-0.0058894355556248,0.0012486589658661,1.3073808411333665,0.0474353635096094,0.0048853607165025,-0.00213389487391,0.9988600833109952,0.0097067459498552,-0.0259180414624043,-1.8072191409207052,-0.8085731161044705,-0.1432932755450982,-0.0043423507634069,1321.2456814746413,1314.9875768099382,1265.1514416724451,1224.335192832502,0.1340936034271371,-0.0438424454590615,5.240365332836642
18.390000000000004,-0.0057655746114105,0.0012173737528747,1.2893412675560632,0.0434723806636308,0.0043313975609242,-0.0018005730306235,0.9990436171916456,0.0099489974780031,-0.0307016387605701,-1.8569190086187213,-0.965806215507342,-0.1210584132606691,-0.0055925027478276,1335.7782502695368,1343.1442034910028,1368.0174751873756,1309.803573880863,0.1761641985638166,0.0688953580099738,5.499123570250904
18.40000000000001,-0.0057000419934623,0.0011427234459557,1.270310499954868,0.0392499103781084,0.0038228772520335,-0.0014560808630504,0.9992210516063732,0.0102509368261136,-0.0351027673029218,-1.8994092672201872,-0.9584205175289506,-0.074829875555048,-0.008780626988773,1342.36691315307,1358.6129215838482,1459.7879184785788,1395.7743026434516,0.1835775502694544,0.1958407383588413,6.290341347203355
18.41,-0.0056792460604035,0.0010256377024495,1.2506204516044297,0.0349218656373005,0.0034066095583423,-0.0011664504372446,0.9993835588527082,0.0104267150582293,-0.0391465774695448,-1.93488195396446,-0.8084994600652332,-0.0426068344460668,-0.0110293204752561,1388.5005558059636,1402.686879750961,1522.848331922354,1467.1369628668172,0.2188979510930973,0.228572372778439,7.464126125241297
18.420000000000005,-0.0056740759482554,0.0008640269945794,1.230601554162222,0.0306765565436722,0.0030775385923533,-0.0009762525091788,0.9995241490658812,0.010441035955372,-0.043100441689498,-1.964133181239409,-0.6471527198866853,-0.0478058144303613,-0.010385294189259,1486.59806322944,1494.593320077345,1574.8971688972626,1530.3948584645525,0.2065316849741285,0.1344045859571818,7.966747502367289
18.43,-0.0056507753081534,0.0006527501576484,1.2105265233252087,0.0266427931318038,0.0027978353931222,-0.0008929807712044,0.9996407035913408,0.0105625369968562,-0.0472585067149247,-1.9871984688971056,-0.587615816027458,-0.0721829547958886,-0.0071914593119346,1602.2981993011294,1608.6355944274326,1644.2231744292717,1600.3743267159186,0.2063994128432504,0.0687522856124489,8.211944947556642
18.44,-0.0055833124450176,0.0003875564204763,1.190577587358759,0.0228493986602234,0.0025345749878554,-0.0008898413462114,0.9997353095159116,0.0111421096948735,-0.0516654304131473,-2.002858535892289,-0.6288012872082078,-0.0751410319602794,-0.0027547180056108,1691.942643366585,1694.9359819719475,1732.710943572747,1680.9705769902675,0.1394624267191955,0.0203407586495075,9.032844042779171
18.450000000000006,-0.0054628207981484,6.9554451562769e-05,1.1708341816282626,0.0192572172496958,0.0022864591215767,-0.0009237462831476,0.999811521428558,0.0122369796778472,-0.0560329349349314,-2.009796861679061,-0.6789662734933735,-0.0426860426225153,0.0025749525990458,1745.281688829262,1731.0878701705865,1813.921158272365,1760.8063247483196,0.1416155317681519,0.109150538448883,9.951040414811828
18.46,-0.0053004131569946,-0.0002934828694525,1.1512808818663858,0.0158318111380484,0.002079402035754,-0.0009568126341689,0.9998720489906926,0.0134922070368239,-0.0599210504274027,-2.008289867376261,-0.6598317724976648,-0.0053423638710051,0.0092310202381197,1782.334978713428,1742.874480691237,1864.818545539977,1822.3744612262235,0.1780113069721087,0.1140313645653592,10.439980246082149
18.47,-0.0051217416752733,-0.0006898320435288,1.1318369686331649,0.0125975571957676,0.0019371127657519,-0.0009705944818024,0.999918300209164,0.0144096410740193,-0.0629963349818628,-2.000286884668097,-0.5732590877160019,-0.0009896607002824,0.0162820175018755,1818.832776333908,1767.231654575845,1889.083441881351,1855.411754044668,0.2273443130248433,0.1282124391144537,11.126322001896744
18.480000000000008,-0.0049551475122875,-0.0011081337832157,1.1124024135186243,0.009633448924932,0.0018526501908687,-0.0009683840444091,0.9999514121103202,0.0147316145795468,-0.0651820286900255,-1.9877916122544377,-0.4718779092924476,-0.0315358125451189,0.0206284777587675,1852.8735938277068,1809.9801508514536,1907.1937551050544,1865.9894076394155,0.2596073803491608,0.1216655084887914,11.809999940229146
18.49,-0.004818777021203,-0.0015399011712168,1.092906054348205,0.0070190248922911,0.0017841379795954,-0.0009668716621961,0.9999733072939598,0.0146002839812541,-0.0666644710693301,-1.9716333275051368,-0.3918207685810954,-0.0674942863897182,0.0194712999017413,1881.1918935859096,1852.264782897111,1930.650988887932,1870.559432321996,0.2556032461910463,0.0257839417737375,11.960002628134465
18.500000000000004,-0.0047130978853828,-0.0019786424922489,1.0733399226544709,0.0047733868744369,0.00167804704546,-0.000982010144783,0.9999867172077516,0.0144147342953704,-0.0677710326201412,-1.9517583236353055,-0.3345562144319147,-0.0867089396040032,0.0133479081249441,1908.6582890029151,1884.5910253672944,1952.618324124604,1878.3427947505415,0.2778309822862432,-0.0070740661110544,12.271183226525896
18.51000000000001,-0.0046225314149871,-0.0024167470104188,1.0537701899073977,0.0028282430210623,0.0015035708387933,-0.0010152847515589,0.9999943547405756,0.0145448052619718,-0.0687477320629523,-1.9279759070581408,-0.3007304216897158,-0.0923438378837525,0.0060866148469663,1936.9117271923608,1914.7953819005013,1964.2975991964609,1885.5159813005992,0.2819727082476325,0.0767614038542959,12.844749061573054
18.52,-0.0045250464392381,-0.0028425374124002,1.0343238536207089,0.0010493071797396,0.0012733936828648,-0.0010464672089538,0.999998091162854,0.0151015158176414,-0.0695552359871767,-1.9001675516296583,-0.3059470300308776,-0.0929896241415655,0.0018465151018089,1956.355821762693,1945.616960646501,1973.2533108393743,1889.8982782373005,0.2665258345978004,0.0476717734615394,12.919794783881322
18.530000000000005,-0.0044045158043831,-0.0032392091682246,1.0151570847675333,-0.0007072319074564,0.0010335413780426,-0.0010375062402954,0.9999986775971508,0.0158954125535548,-0.0698703529180416,-1.8685164870037412,-0.3479972200262208,-0.0826716741555554,0.0022622929650419,1958.1964539943704,1963.0657365651111,1995.5025054002383,1901.371962837031,0.159745715406934,-0.0634627991690252,13.018907083762093
18.54,-0.0042593500284479,-0.0035861825971291,0.9964164892560896,-0.0025342755803881,0.0008247658444704,-0.0009476562957424,0.9999959995700632,0.0165881891296663,-0.0693519231476179,-1.834064721280888,-0.3824236666393382,-0.0543723805579731,0.0059098759204267,1950.1489464966091,1954.7908867370436,2029.646746069547,1928.7001458773475,0.0861460241260363,-0.0992894106726549,13.217479410672658
18.55,-0.0041028336695691,-0.0038628110708167,0.9782066627856648,-0.00443933541798,0.0006418401304901,-0.0007544309958262,0.9999896555345792,0.0168962829010033,-0.0679466652704802,-1.7983901452782478,-0.3607637148904989,-0.0270238916928106,0.0100649220522033,1951.217054737892,1930.9757842535037,2052.57307885352,1961.762067674204,0.1150727931989847,0.0353736868305216,13.415961899567453
18.56000000000001,-0.0039550260308038,-0.0040539518462306,0.9605721901818494,-0.0063587325858365,0.0004238580630601,-0.0004704085667358,0.9999795825815768,0.0167043091802205,-0.0659087349153052,-1.762037216789771,-0.2909514279539682,-0.0383098451629192,0.0128085505002895,1967.8570305010824,1917.8367827981515,2049.2254588632936,1977.4608982241664,0.1301868935654753,0.1310555280894258,13.508882046172474
18.57,-0.0038309254186573,-0.0041558942806275,0.9434931797364592,-0.0082053564602574,8.679479041151919e-05,-0.0001422339856353,0.999966321613642,0.0161016633225363,-0.0635029394885956,-1.7239131057604138,-0.2348955709083972,-0.098240583758345,0.0131408280547355,1982.3013429437424,1931.372170465925,2036.085524537124,1964.522445000096,0.1621935638600717,-0.0220105336749584,13.44267917493941
18.58,-0.0037317587860283,-0.0041802463945038,0.9268913876081428,-0.0099125457731816,-0.0004196729221041,0.000168713129328,0.9999507672114728,0.0153864614383959,-0.0607336536250697,-1.6832346177570583,-0.2365884002399957,-0.161640822169006,0.0094430454836798,1973.4123980345453,1961.1805166905651,2042.1543749900136,1937.6588637693064,0.1819890460935674,-0.1102216514894389,13.37576796713912
18.590000000000007,-0.0036441930482109,-0.0041537947523238,0.9106497494467772,-0.0114445428083315,-0.001071449847282,0.0004118049101411,0.999933850238029,0.0149438199236789,-0.0573957571945746,-1.6416499677302627,-0.2673486875281561,-0.1691567847001028,-0.0003258946184022,1946.5649730106788,1979.9170815026137,2071.463011191896,1925.430339830796,0.1567063295267096,0.016209372408691,13.365308988520706
18.6,-0.0035475604429095,-0.0041138443425283,0.8946480462938297,-0.012778629569912,-0.0017765060871484,0.0005611178428119,0.9999166144230248,0.0149572246145322,-0.0533444988002005,-1.602228875619504,-0.2563658383526961,-0.1176884763898516,-0.0154714065833284,1931.062038753264,1969.1362030420644,2098.096231182797,1944.2776322382183,0.0463581414142893,-0.0266976221046093,13.258773754604857
18.610000000000003,-0.0034249248332682,-0.0040999067315914,0.8788053354269599,-0.0138908789389655,-0.00242465381705,0.0006108011801815,0.9999003907680448,0.0152020157866839,-0.0486746243546247,-1.566351382341196,-0.1726366397566289,-0.0667103082481003,-0.0306591882984018,1944.8836413306049,1939.1407591010436,2099.646050430353,1983.0103568980824,-0.0088474072169478,-0.0003389730049148,13.233537685161243
18.620000000000008,-0.00327205606438,-0.0041433877901218,0.8631095129240858,-0.0147671425698166,-0.0029428415189441,0.0005612705623889,0.9998864716353916,0.0152097378901168,-0.0436897719517409,-1.5326633761415491,-0.0649497902655718,-0.0618841414833495,-0.0394786643795287,1972.946729925296,1922.8457340697364,2084.1643775825096,2013.078782606214,0.0500019391033566,-0.0414565159935489,13.09097144063295
18.63,-0.0030996926769206,-0.0042575842408423,0.8476201184599141,-0.0154267634739853,-0.0033172226339105,0.0004120962179379,0.9998754128287294,0.0146844826561285,-0.0387662360894758,-1.4991958929419482,-0.012866440886875,-0.0770490379917432,-0.0406441736336775,1987.98729349266,1944.2585957563235,2077.846888151132,2017.4007287280576,0.1042882224434148,-0.0330828378769208,13.17508969641564
18.640000000000004,-0.0029283061829056,-0.0044310885595571,0.8324461163940647,-0.0159281910510965,-0.0035769680000194,0.0001690762907917,0.9998667258404864,0.0137269099416657,-0.0342111735571603,-1.465142028876066,-0.0400981091896588,-0.0607249263071738,-0.0393838715277037,1985.441872799604,1992.2201752627047,2093.979344426888,2008.8620728083092,0.0424773962492961,-0.0311107807541128,13.481466206842224
18.65000000000001,-0.0027789437570566,-0.0046280497151007,0.8177094941834969,-0.0163428512987966,-0.0037669222507308,-0.0001419589018407,0.9998593407854188,0.0126447223589705,-0.0301403865962316,-1.4298457193488971,-0.0872319629256939,-0.0220915203149794,-0.0416339243344876,1986.31301064259,2033.5022679025012,2123.7631077939423,2014.6847060318123,-0.0951562186397009,-0.0558403359307808,13.571568577251394
18.66,-0.0026657088438118,-0.0047974757906439,0.8035051673289536,-0.0167158488776564,-0.0039336700615065,-0.0004704651966224,0.99985243176113,0.0116029182244571,-0.0264028090799678,-1.3914554063446791,-0.0779622066292367,-0.0235654373922037,-0.0473409374114991,2006.730278925306,2054.215758186523,2153.7941268312,2041.6122168351333,-0.0320667359583383,-0.1168746573465976,13.931831958325333
18.670000000000005,-0.0025936551115388,-0.0048902208655134,0.7898685351636964,-0.0170448609543677,-0.0041227799569359,-0.0007550534298889,0.9998459407802738,0.0105042833776963,-0.0226088007582336,-1.3482639655777118,-0.004514594079611,-0.0817161965019352,-0.0502918262197671,2037.1988831251529,2074.9579186673327,2179.9796391427585,2067.5440051584765,0.1076108927767507,-0.0210566339878271,14.28579654587104
18.68,-0.0025619919805312,-0.004877747464494,0.7767658658489387,-0.0172907694976765,-0.0043712445082838,-0.0009489139055209,0.9998404978165402,0.0091841126081896,-0.0183182205941974,-1.3010092045537571,0.0675879891055777,-0.1251254978167648,-0.0447583451322153,2058.8155170752493,2115.8691701856355,2202.5926447155744,2076.1004461775983,0.1076472828015257,-0.0895586155017958,14.49484013547562
18.69,-0.0025694711098094,-0.0047643282522267,0.7641172257646589,-0.0174059275945259,-0.0046934416689447,-0.0010391533854209,0.9998369494323142,0.0076436020674626,-0.0133452585163723,-1.252349520272225,0.080201454080487,-0.0869397379957475,-0.0322753640063119,2070.2588353323736,2161.5624490129544,2219.7165344052946,2085.9780048399043,-0.0250845526670539,-0.1344383445422523,14.93338322460233
18.700000000000006,-0.002618208613649,-0.0045864616892887,0.7518432891542399,-0.017356518083036,-0.0050767972083978,-0.0010476262605034,0.9998359264846188,0.0060278578941879,-0.0079406280245045,-1.2038388961062485,0.0508213885702378,-0.0094892021699326,-0.0212503415328417,2085.1350311054607,2179.8473878840914,2231.9550153257555,2124.33536054882,-0.1544770119005234,-0.2249906976037836,15.130980064585572
18.71,-0.0027137184435789,-0.0043991746854126,0.7399116613363443,-0.0171299447661978,-0.0054952548706702,-0.0010150843296465,0.9998376552070928,0.0043875308692679,-0.0026078296174209,-1.1544063988865132,0.0460856530678855,-0.0023782521939892,-0.018994089020717,2105.71565247684,2168.781373618476,2245.7398241357623,2176.6664923223707,-0.0443169628279116,-0.2292413214550923,15.325738108797346
18.72,-0.002861458386698,-0.0042550519854615,0.7283599911585038,-0.0167358960065721,-0.0059235283369513,-0.0009800643642666,0.9998419180404172,0.0025485867854603,0.0022999986490489,-1.1020274666362582,0.0953321798650667,-0.0929837031346968,-0.024570308261173,2115.099844430503,2163.2472039247923,2265.239956793981,2193.74286183294,0.1293375107135357,-0.1114401326730982,15.775582249199305
18.730000000000008,-0.0030624100434143,-0.0041846342922827,0.7172878669708428,-0.0162093296018868,-0.0063316554852657,-0.0009636967029731,0.9998481079950784,0.0002878739294574,0.006738352090279,-1.0458551588996037,0.1552389099837842,-0.1699518220840448,-0.0303895508252545,2101.699283210019,2189.917238588732,2284.970955889628,2158.9755196085102,0.1649398620942744,-0.0881463843160419,15.960089359803856
18.74,-0.0033108693783554,-0.0041851978395167,0.7068230079109389,-0.0156092982941601,-0.0066685910221346,-0.0009657278915795,0.9998554630896322,-0.0023709596712338,0.0107445019496384,-0.986201461769326,0.1704374748051878,-0.1118846505606405,-0.0299390793914244,2081.881369908341,2231.745948508249,2294.7411516380544,2121.315613270888,-0.0321855765295706,-0.1124447387694314,16.035555309545305
18.750000000000004,-0.0035961092077975,-0.0042208461180506,0.6970741406155765,-0.0150023881673557,-0.0068657114303433,-0.0009710633557035,0.9998634143680778,-0.0050895750430177,0.014272234658409,-0.9235250317021372,0.1466450540124901,0.0526727841112737,-0.0228384428306015,2086.539349861484,2249.0607956373306,2290.182025627296,2136.453296267527,-0.1270572973999796,-0.2297830722781114,16.11675887202424
18.76000000000001,-0.0039068316749329,-0.0042330241919885,0.6880879393758492,-0.0144341549302017,-0.0068707303074573,-0.0009625322406502,0.9998717526603994,-0.0075002593855167,0.0174712762986252,-0.8584543078700303,0.1374507087011485,0.1635772593947489,-0.0134954244251728,2123.8974367029077,2229.018256412024,2277.5600037859,2191.476511705301,-0.0632720049660452,-0.1813037689646231,16.452223018572496
18.77,-0.0042354393073924,-0.0041580784941353,0.6798302857678284,-0.0139087567116113,-0.0066825800565711,-0.000934203410408,0.9998805012972865,-0.0096138075124796,0.0210637293191943,-0.791875504400102,0.1676642859625672,0.1155329134731374,-0.0066138357000168,2164.157017641259,2200.258663820099,2269.7427748743057,2219.053723737101,0.0747635110255347,-0.1261620835763284,16.66941321829256
18.780000000000005,-0.0045793456273281,-0.0039468780768484,0.6722040488419498,-0.0133924845044777,-0.0063507213945436,-0.000899542628721,0.99988974418164,-0.011923797070107,0.0260978273237449,-0.7236082781300328,0.2024691649968387,-0.0149217332003498,-0.0043910203017219,2168.463665078789,2195.2038480156343,2275.061271045463,2183.4549343175386,0.1718331064588854,-0.128160702253091,16.33420585134223
18.79,-0.0049384161448068,-0.0035804352769186,0.665095777484582,-0.0128341257540692,-0.0059396697304116,-0.0008897748859221,0.9998996018802462,-0.0149657498155802,0.033011340087832,-0.6519526524517754,0.2028046027858014,-0.0610449249586308,-0.0073231668897908,2131.484682828641,2208.6774052634364,2286.1146947331545,2122.82572902451,0.0627749181651521,-0.1783773471311878,16.23125733416176
18.8,-0.0053102815448439,-0.0030756764053142,0.6584269447166415,-0.0121817054198689,-0.0054962816563446,-0.0009406970033843,0.99991025198773,-0.018683336472951,0.0409199141587519,-0.5769173136215926,0.1860100503819734,0.0359461900737155,-0.01538621371502,2088.708004501659,2206.451691569765,2282.0033847567724,2097.88223330626,-0.1553513140073733,-0.1737884624790873,16.232576997373073
18.81000000000001,-0.0056873887606299,-0.0024783785422899,0.6521853668403109,-0.0113870525984566,-0.0050487615169986,-0.0010714757536808,0.999921845435919,-0.0223490815641579,0.0480353146774416,-0.503592631115986,0.2055251871859321,0.1642099920006607,-0.0256849143376041,2078.62681314696,2172.3953293383274,2248.545608394785,2120.5916050659166,-0.117346968220019,-0.2000502994639141,15.878560068936793
18.82,-0.0060590944109612,-0.0018458147893726,0.6464262939143298,-0.0104098597444753,-0.0046247113048118,-0.0012655184444887,0.9999343205073592,-0.0252449690116242,0.0529300877567357,-0.4388425369478858,0.2758113754046913,0.1837854930599501,-0.0304255518101037,2100.7467807801613,2130.715187689695,2197.122169855364,2148.644636437833,0.011951044260647,-0.1045383968675633,15.875819457030287
18.83,-0.0064181796194564,-0.001226942293594,0.6412475318287325,-0.0092343319228366,-0.0042544587590551,-0.0014671652051883,0.9999472356683964,-0.0273306659306107,0.0554310046386416,-0.3833771806033889,0.3437176740410887,0.0924092539487313,-0.0224608173065152,2116.035127859579,2113.117891168071,2156.3162299502583,2139.713306278227,0.1372316020578959,-0.1007174715370277,15.564144654764162
18.840000000000007,-0.0067670590491142,-0.0006489169692222,0.6367507606957872,-0.0078914232515777,-0.0039498687488414,-0.0016025974648645,0.9999597770197044,-0.0290863444248589,0.0564062633009107,-0.3307072312828433,0.3475494211759209,0.0153221269467305,-0.0044798540028046,2090.266372442124,2116.145711633745,2141.5692072168813,2094.8875936332106,0.1006111584060424,-0.1655278994901109,14.92400011543134
18.85,-0.0071189044329854,-0.0001143284112921,0.6330029192405813,-0.0064624212140719,-0.0036833221808453,-0.0016171510982675,0.9999710271163308,-0.0307847928502429,0.0569086150861063,-0.2762051452571806,0.2917544568926324,0.0454822990839185,0.0110993817780264,2031.954585546082,2107.011477281245,2139.902939088573,2047.3450599825976,-0.0833082946792316,-0.1770375545868945,14.577907020845055
18.860000000000003,-0.0074929705766108,0.0003923787059831,0.6300098483506714,-0.0050486865424232,-0.0033934962831294,-0.001505042977869,0.9999803647036314,-0.0321817656142794,0.0575729029213925,-0.223379146640893,0.243754630183788,0.1387872571456537,0.0138336362223716,1981.038939524576,2069.46619990798,2128.8606161321363,2019.1403980992247,-0.0763872783520667,-0.1897058759496605,14.458003691396549
18.870000000000008,-0.0079073999548967,0.0008938052678081,0.627708766150765,-0.0037228753273268,-0.0030160227931779,-0.0013097366293774,0.999987664121798,-0.0329940530492126,0.0585618088578715,-0.1779009125085191,0.2550210939281331,0.1845062002836287,0.0050379070695033,1962.1635277830203,2026.383245656037,2102.7746343785925,1999.690438331136,0.0364072713242802,-0.1679027041357579,14.058791863052768
18.88,-0.0083733806469699,0.0014081031999835,0.6259782236012341,-0.0024977729986233,-0.0025127884172395,-0.0010964661026724,0.9999931223696008,-0.0334417409590005,0.0597223880724303,-0.1391336603490758,0.3022945988448206,0.147052115634413,-0.00551646977757,1959.898082973397,2007.4758771080783,2073.3307462717294,1967.8637684325888,0.1482927158724901,-0.0868394897686628,13.542643226103827
18.890000000000004,-0.008892476260744,0.0019406659402606,0.6246608242583171,-0.0013359537787312,-0.0018775784741607,-0.0009203338314633,0.999996921451368,-0.0340995435651912,0.060689319230381,-0.1021893835891475,0.3202447510276319,0.0989513140671351,-0.0108176533620981,1944.0613748693183,2006.9947368783785,2050.0586820750923,1924.6607252917036,0.1177421670168019,-0.0933262133925272,13.32319
18.90000000000001,-0.0094569060989219,0.0024820730871145,0.6235963920274852,-0.0001889074166538,-0.0011212218667903,-0.0008121872940802,0.99999902376318,-0.0352933724759784,0.0610131531488709,-0.0661990779908769,0.2824435419842371,0.1174933214396159,-0.0124726770444838,1908.315455708672,1991.5158442992213,2029.739651163749,1892.5477115749195,0.0153468319584603,-0.2180195621019636,13.01684316804154
18.91,-0.010051917208375,0.0030133242130653,0.6226619476298917,0.0009677266568262,-0.0002586973318374,-0.0007851793763579,0.9999991900367496,-0.0368134366728321,0.0603709350908591,-0.0354920158648974,0.2289385477690139,0.1875603077782993,-0.0164617091017731,1873.3482040891915,1947.2821170827813,2005.1470208886824,1884.8846755855252,-0.051949536693907,-0.3081918888264022,12.587089073387816
18.920000000000005,-0.0106596595141507,0.0035158894770225,0.6218057293657576,0.0021271218947763,0.0006885818638918,-0.0008469892044158,0.99999714190429,-0.0381698940441874,0.0587209460992834,-0.0124298954134321,0.2115384839596632,0.2283313329106255,-0.0258565774742608,1857.441288347698,1900.0985489232455,1976.6747991595887,1888.54001630733,-0.0105693711209399,-0.1318291615528541,12.308727272007388
18.93,-0.0112639821064564,0.0039816670921624,0.6210576694715348,0.0032663553266762,0.0016807151998872,-0.0010026699557922,0.9999927503598496,-0.0389717030774395,0.0563116428271672,0.006845667624037,0.2319357177490276,0.1962474506063083,-0.0384187623393332,1854.9716861563088,1881.0600674815237,1950.1536427531264,1880.7195712243947,0.0599986406084542,-0.0921337479847415,12.026462933535672
18.94,-0.0118548204250195,0.0044181554236718,0.6205095625636667,0.0043681012809663,0.0026586947526214,-0.0012450487712313,0.999986150347578,-0.0390882177964272,0.053589303207699,0.0276688579989067,0.246636545738251,0.1322848720007012,-0.04960323077495,1844.916565346388,1887.2430039882192,1926.131620542272,1854.4657214444333,0.0986103654077572,-0.172097628961228,11.773041436181224
18.950000000000006,-0.0124301960747046,0.0048463354808654,0.6202756419085845,0.0054282334831888,0.0035600655738563,-0.0015419385747637,0.9999777410721667,-0.038648313335726,0.0510171372312222,0.0503950871090355,0.2216911136550534,0.1071411734722585,-0.0566842659451723,1813.911990653352,1888.1254759164844,1898.0834551634775,1821.655714870527,0.0483961029737952,-0.2005539627333126,11.543871394872212
18.96,-0.0129945895555448,0.0052918121668996,0.6204496184803219,0.006451151921548,0.0043395019744296,-0.0018380758319109,0.9999680859101132,-0.0380057130079488,0.0488241505973377,0.0711318366824314,0.1671750947128567,0.1416367163353566,-0.0603732087724767,1767.0239179336752,1863.18691695388,1862.226843296378,1795.3593803131278,0.0113189202848347,-0.1864783856298388,11.174636994096788
18.97,-0.0135545135062434,0.005772943911044,0.6210664768389178,0.0074435394491377,0.0049824859689819,-0.0020781421725463,0.9999577240459462,-0.03762204271334,0.0468769522384381,0.0874504782928782,0.1203483720307104,0.1922261338936935,-0.0632489406835663,1718.1201690919422,1821.1998036983728,1823.6457552332963,1775.8386675956945,0.0703735252880391,-0.1334036617691167,10.718221290217196
18.980000000000008,-0.0141139819996886,0.0062917137668142,0.6220740403217141,0.0084124921021195,0.005508351196074,-0.0022383709928637,0.9999469374616988,-0.037803091783384,0.0448722630500994,0.1006550130758042,0.1072992112110774,0.2053879088771936,-0.0671478296701804,1675.2347546307071,1783.4984217886235,1790.0775380968062,1754.6413043029995,0.0910872003133909,-0.1563220766182707,10.25838568910337
18.99,-0.0146728170283885,0.0068323708269911,0.6233261572115344,0.0093655121092095,0.0059648477054414,-0.0023432541416779,0.999935606394137,-0.0384466659396027,0.0426933432120701,0.1128844628743837,0.1228933323994189,0.174539099263983,-0.0720883438348428,1637.1951931428991,1757.4459175002894,1762.7239504429913,1727.9591922645664,0.1139834967914623,-0.150973598501159,9.760436185494724
