t,x,y,z,qx,qy,qz,qw,vx,vy,vz,wx,wy,wz,m1_rads,m2_rads,m3_rads,m4_rads,ax_body,ay_body,az_body
5.684825782629363e-16,0.0067256442692416,0.0341002535385424,0.5797502796181538,-0.0029762295467811,-0.0015635692639332,-0.0022317553628005,0.9999918582552773,-0.0175996288855568,0.0056323276046647,0.021977594684005,0.0574010436664989,-0.0045844484821448,-0.0269002514128553,1689.4699246648138,1666.791008266484,1710.4763313788774,1651.1098321733402,0.0946807622240631,-0.1287009308797606,9.552870762224066
0.0100000000000003,0.0067388076607641,0.0340879274648157,0.5785718556366996,-0.0032013705021027,-0.0012436082101206,-0.0022202310760758,0.9999916375847836,-0.0174676131431422,0.0055940668180284,0.0122647932051632,0.0250554594208802,-0.0156305402562308,-0.0191147965499637,1678.7248029471962,1688.1912538906013,1724.3569974983393,1659.996188403028,0.0946807622240631,-0.1287009308797606,9.552870762224066
0.0200000000000005,0.0067489257072014,0.0340828141844522,0.5776716832231985,-0.0032813636790842,-0.0010384892309946,-0.0022072687460778,0.9999916410436666,-0.0172635564965752,0.0055771201338358,0.0081271942357473,0.0072334542516165,0.0110334943404939,-0.0117692154242267,1673.6714724695723,1680.9232267454493,1731.5309089834664,1682.2387682586636,0.1407166406199759,-0.1157729863836718,9.532906640619975
0.0300000000000003,0.006753602656804,0.0340892667228933,0.5772106335376216,-0.003078773936158,-0.0010444461903598,-0.0021960994780176,0.9999923036855276,-0.0170091400877131,0.0056183661634292,0.0116681886236197,0.0345367110070607,0.0667611680787345,-0.0076563873424309,1673.075788947248,1648.1957911955578,1730.5296284924375,1707.911900341023,0.1207934116522582,-0.0882934975915006,9.74098341165226
0.0400000000000006,0.006751587137706,0.0341070840650654,0.5771869795100382,-0.002488241985196,-0.0013681617999855,-0.0021970505882768,0.9999935548561424,-0.0167774486230883,0.0057407145891237,0.0194527707978302,0.1374853850889749,0.0857003220947377,-0.0113375766918892,1666.0840538985842,1634.415587733009,1732.379096235666,1707.3524458449535,0.1430007355767736,-0.0134684267990737,9.782190735576776
0.0500000000000003,0.0067428731639665,0.0341304666727896,0.5774552387828648,-0.0014675882569952,-0.0020238688355632,-0.0022221641772606,0.9999944060473608,-0.0165504588924254,0.0058994500455223,0.024538282097155,0.308790469141705,0.0017939289603383,-0.024335039816875,1641.9188154394703,1689.7095055366383,1753.9884833193355,1662.3960804878848,0.1148418098936344,-0.0573180486439859,9.69219
0.0600000000000006,0.0067293872520323,0.0341482331852469,0.5778034331176229,-6.0436298515944415e-05,-0.0027854494472007,-0.0022742046931532,0.99999353278501,-0.016234682479746,0.0059925752982704,0.0221764650611895,0.4864116586661638,-0.1451305927599593,-0.0391483954675404,1606.4692713904965,1809.6270413695456,1795.615143327869,1593.7644060567134,0.0895187650340782,-0.160770104224781,9.567671234965925
0.0700000000000004,0.0067162198581928,0.0341457550853061,0.5780417179583598,0.0016060220387394,-0.0030817648809078,-0.0023350912020506,0.9999912353453444,-0.0158362983720858,0.0059288994460147,0.0139186535187672,0.5823923943342512,-0.1588434386278549,-0.0402004334405203,1582.8822918876886,1920.808838431628,1833.7388208089992,1549.6820999533784,-0.3317612337174511,-0.2321102630902429,10.235473701088312
0.0800000000000006,0.0067130619701095,0.0341086541724378,0.5780583120035031,0.0033508342200564,-0.002028125019033,-0.0023615968300923,0.999989540684976,-0.015516035392616,0.0056360811195509,0.0059288664881284,0.5408934321741066,0.198530525703927,-0.0163665816544402,1589.0241031106846,1947.5064079950048,1846.068811281167,1561.4043536099812,-0.3317612337174511,-0.2321102630902429,10.235473701088312
0.0900000000000004,0.0067354121231187,0.0340274846122208,0.5778294294560502,0.0049882523454532,0.0013702309526483,-0.0022946240916935,0.99998398712477,-0.0153143252170954,0.0049798458754158,0.003655276757957,0.3832030744528983,0.97765935432975,0.0248735726911296,1618.620975998973,1888.8919260914,1836.253921068797,1613.7863823875632,0.0721341079660737,-0.256738066712164,10.160653568135707
0.1000000000000006,0.006805274238851,0.0339016559386031,0.5773996105607364,0.0063829920595936,0.0079034499322756,-0.002081870716867,0.9999462279072078,-0.0146982022220125,0.0037620963346678,0.0081011136856526,0.2011128133747876,1.931412879339264,0.059521193359436,1650.291184526855,1813.6844541962632,1824.998502601396,1663.9080820704494,0.2445621043356133,-0.1506685856840122,10.19327265457522
0.1100000000000004,0.0069513185150126,0.0337403716170755,0.5768559824629685,0.0074940735703554,0.0178661636707468,-0.0017047770549165,0.9998108485069588,-0.0123860225902613,0.0019030186410476,0.0158408178816335,0.0944085115963228,2.683682176579894,0.0675828182178506,1670.935957797341,1783.8816829869284,1823.6892694260496,1683.7243095791368,0.2445621043356133,-0.1506685856840122,10.19327265457522
0.1200000000000002,0.0072084529669847,0.0335591895187077,0.5763080344339219,0.0083823225997344,0.0309324466920837,-0.0011940108658542,0.9994856150778396,-0.0068476141244394,-0.0004108894562313,0.0214299049358531,0.098811915132365,3.0331635925893616,0.0512744359564376,1685.3007986865289,1802.6439774919468,1826.65121107666,1680.6087669292672,0.8255892103945348,-0.1160450382603855,10.462281112686432
0.1300000000000004,0.0076163101012762,0.0333732400724935,0.5758708638625999,0.0091637036167161,0.0462647625874307,-0.0006206826678708,0.9988869871170508,0.0027310570577094,-0.0028794173139032,0.0208789207133073,0.1669824891773542,3.084641178245669,0.031073330708198,1706.0632952882552,1833.3091898737564,1826.3933340591796,1682.6491092730312,0.8255892103945348,-0.1160450382603855,10.462281112686432
0.1400000000000002,0.0082160609453823,0.0331908367749779,0.5756456248392497,0.0099303754074605,0.0628143867804695,-6.602922188156708e-05,0.997975819395341,0.0160640209815398,-0.0053895608064222,0.0150821037950799,0.217705681132216,3.0927619237301887,0.0246125450150344,1738.30810498447,1847.0140696780609,1826.9271934332407,1709.4658133186383,0.2665501253800784,-0.1648875399112676,10.456144471359504
0.1500000000000004,0.0090462217020499,0.0330116641194341,0.5756953623809753,0.0106922855372312,0.07967510966226,0.0004129305296562,0.9967634530913916,0.0327714788584773,-0.0080629690616033,0.010226841735297,0.2051275873543357,3.205776948112856,0.0312676420527536,1773.391713835562,1843.9492368611525,1838.0929736978376,1754.478763390098,0.339871215370743,-0.221891642022569,10.603372641394008
0.1600000000000007,0.0101399082800324,0.0328308316503269,0.5760229301821718,0.0113797138269578,0.0963165015132278,0.0008013089613981,0.9952853819651012,0.0535977670148981,-0.0109891042073558,0.0130095634576826,0.146978260696473,3.369822599318013,0.0368467238826625,1799.2747319403215,1841.0691830182416,1860.815518460337,1793.926546662747,1.0776918539036475,-0.0559553193371802,11.313463355947537
0.1700000000000004,0.0115259719796254,0.0326458982103813,0.5765647430284662,0.0118995220658966,0.1125947745706762,0.0011202404941659,0.9935691033718878,0.0795809817428881,-0.013985906382785,0.0243745402177931,0.0943494230106421,3.4532473846716725,0.0304496227248947,1816.212602492954,1850.8273851042295,1884.6767296877829,1814.4926481399232,1.0776918539036475,-0.0559553193371802,11.313463355947537
0.1800000000000002,0.0132339221194098,0.0324619511709472,0.5772114080882614,0.0121995945498895,0.1285993295529003,0.0014067762101811,0.991620594437236,0.1098627317078748,-0.0166814250517134,0.0387380309099243,0.0791870604234053,3.414372883126481,0.0144072095951244,1836.0222552526,1870.9907382718409,1900.7631895955296,1827.6064969658612,0.4801886544337552,-0.0130396170459581,11.548699072217634
0.1900000000000005,0.0152993796429037,0.0322915975851807,0.5778508980104815,0.0122977306459344,0.1444968041528522,0.0016957816739718,0.989427391845954,0.1421093870415622,-0.0188792050901324,0.0498914108749021,0.0904654909903913,3.3250483048273662,-0.0013238477308149,1864.6061960888128,1890.1963130644356,1911.174653076531,1851.4269769914583,0.4550816232048111,-0.0726097106480699,11.506753190289643
0.2000000000000003,0.0177651605709463,0.032150667623025,0.5784133686311544,0.0122636804287157,0.1604566723564519,0.0020107413316125,0.9869646474711916,0.1762222473700772,-0.0208466060479347,0.0568361926121235,0.0959300606864564,3.263874578299764,-0.0108058979666038,1893.071912318569,1902.3318549630496,1924.0771802949407,1884.588554612673,0.886707775128889,-0.1785608408015366,12.333025860824186
0.2100000000000005,0.0206745691164679,0.0320531355297182,0.5788947573510503,0.0121749829447555,0.1765961853469414,0.002360154077241,0.9842052564297424,0.2158686693553765,-0.0231167872147698,0.0633035101231405,0.0792938730741829,3.235675859366554,-0.0160389807674199,1910.627994630824,1914.0089124601664,1943.5592517566377,1908.3333620422384,0.886707775128889,-0.1785608408015366,12.333025860824186
0.2200000000000003,0.0240586373935307,0.0320082660430411,0.5793505030780741,0.0120777469593441,0.1928833811021219,0.0027361958368329,0.9811435382018996,0.2645929083105846,-0.0258877772043403,0.0727764093267528,0.0511140854414475,3.1985962538811403,-0.0215946052759014,1920.696093676173,1933.713576117264,1965.6555055748545,1914.1789327497013,0.5287975387983268,-0.1532453928679088,12.464160488722278
0.2300000000000005,0.0279248141505652,0.0320205092320182,0.5798674230857978,0.011973385576048,0.2090613439830104,0.0031166461461469,0.9778242577307358,0.321746883187005,-0.0286869920827493,0.0855763807416498,0.0276046796898228,3.1305292659126827,-0.0291423055490914,1936.9120081860056,1956.296724734955,1982.6757743505543,1917.7184677129055,0.5131892130397775,-0.1048465485812492,12.714993310614451
0.2400000000000003,0.0322557472777705,0.0320907737589606,0.5805289772963633,0.0118338839682249,0.2246907730755191,0.0034709035404344,0.9743520762607144,0.3839076056958693,-0.0307560440182543,0.1002912227772156,0.0117827368038768,3.0429343604640597,-0.0378095947872239,1963.2656345668136,1968.683685499568,1991.7579650945215,1937.760996924696,0.4173240753095042,-0.098248455781688,12.95949009233016
0.2500000000000005,0.0370221335088901,0.0322176325975435,0.5813877787164976,0.0116322463469427,0.2393032671843177,0.0037694988320227,0.9708678736256496,0.4488297394695922,-0.0317580129068707,0.1158185910912056,0.0019553896356555,2.947306471803945,-0.0470143683959142,1985.558677097976,1970.811673727388,1998.017491377629,1969.1736200830992,0.4911902017702783,-0.0742685870883129,13.203225158981304
0.2600000000000003,0.0422065556864252,0.0323980879926063,0.5824550070841152,0.0113673492973072,0.2525722462739566,0.0039979593667365,0.9675030026325412,0.5157635532501331,-0.032044554541926,0.1311457184861765,0.006945247515104,2.8408102308542578,-0.0565305008695537,1987.6211247428453,1976.560826280153,2006.5221069182296,1987.9352800933757,0.5345532230582748,-0.1042352129535146,13.11184442053057
0.2700000000000006,0.0478286117020073,0.0326282875770487,0.5837094220766923,0.011066903602891,0.2644264460378559,0.0041736452173343,0.9643333235795768,0.5827257486939131,-0.0322488458106184,0.1445649042727012,0.0361655754754256,2.7265891217057527,-0.064489264007654,1971.356049987491,1990.142968704768,2013.7508170632827,1981.9484584171,0.3594663948408874,-0.1152118736158069,13.190219602086165
0.2800000000000003,0.053957215201138,0.0329041435982798,0.585118376250169,0.0107681628177762,0.2750792311565197,0.0043549714064393,0.9613513912612376,0.6464717919234371,-0.0326701278700799,0.1545571511638366,0.0761351770345609,2.620839321808442,-0.0675168960673322,1954.106021772552,1996.2696003805825,2011.1947782296636,1965.7842574421268,0.2875308627079631,-0.0419857584165688,13.114397451472204
0.2900000000000006,0.0606974957897182,0.0332208981775291,0.5866561041452455,0.0104940005322796,0.2849620298490742,0.0046285169715428,0.9584701843707858,0.7065661719397301,-0.0330538964797131,0.1613115097795081,0.0946987653558528,2.5282555387293533,-0.0634805677097722,1948.3962119299863,1981.3211776930996,1995.172917134811,1961.0745745216616,0.6614561252965219,-0.1246682532998912,12.800785296106913
0.3000000000000004,0.0681508123085346,0.0335711031870216,0.5883079291754427,0.0102462253674309,0.2945627460123883,0.0050726006979445,0.9555637457802176,0.768005224136705,-0.032919738944531,0.1665084648756896,0.077785643934872,2.4278506967139344,-0.0531896187854153,1949.965705028007,1953.457188870154,1970.0805993694144,1969.3209842776887,0.6614561252965219,-0.1246682532998912,12.800785296106913
0.3100000000000006,0.0763639862883009,0.0339425442836948,0.5900606740765638,0.0100221779831247,0.304219472219665,0.0057175137929161,0.9525320880195536,0.8378587803072621,-0.0320538503638059,0.1712874024057246,0.0514514916478736,2.2938869311638945,-0.039299691477585,1945.4735013662496,1932.860160097261,1943.9251529978865,1970.7172542790183,0.5329489176553937,0.0193666729806799,12.459569369735362
0.3200000000000004,0.0852964562379236,0.0343190497699563,0.5918894032372555,0.0098381988234062,0.3139704459480215,0.0065319075998384,0.9493593119036748,0.9188493089410044,-0.0306830596217356,0.1747294138420879,0.0549409871889682,2.120236903214127,-0.0246355681940817,1928.3120061086383,1927.0488128906045,1922.067950894912,1948.874286678888,0.5329489176553937,0.0193666729806799,12.459569369735362
0.3300000000000006,0.0948299972743741,0.0346857997253389,0.593751382775199,0.00973597683374,0.3235439887873175,0.0074509174930709,0.9461337019170156,1.006201631970921,-0.0292132892427394,0.1746115514592041,0.0958737293854402,1.9188219909239,-0.0118833764966566,1904.8139386080568,1923.5920241274896,1904.4426369899472,1910.311813491362,0.406600773436053,-0.106647650509374,11.723796787124128
0.3400000000000004,0.1048247918537368,0.0350376085539253,0.5955914001103494,0.0097633515694322,0.3324866657200617,0.0084328828891807,0.9430197137762628,1.090635474174697,-0.0278133847325937,0.1695486227812178,0.1437704322443471,1.703797062783465,-0.0036828335700054,1885.37542834752,1907.5974411697496,1888.8420187090976,1875.9179795190037,0.406600773436053,-0.106647650509374,11.723796787124128
0.3500000000000006,0.1151995391581592,0.0353864515350584,0.5973548711431886,0.0099454406590417,0.3403476049172099,0.0095084419655618,0.9401990138096316,1.1656563969288007,-0.026195448418837,0.160064135113504,0.166977071629908,1.4799918874261502,-0.0016587062646942,1873.1516437665648,1880.4118547412425,1875.317514488285,1858.45772467372,0.1326643774708502,-0.0911249643792255,11.413540746846142
0.3600000000000004,0.1259959526614867,0.0357647469835647,0.5990013411907553,0.0102705982850948,0.3468200320912465,0.0107862123614613,0.9378134344175212,1.2333554825905075,-0.0237397589178568,0.1474194224259035,0.164415053689669,1.2393401908955397,-0.0049996771611552,1864.337239097331,1855.5671878348105,1864.5089903215369,1854.6126240749195,0.1555758790465491,-0.0074559163940062,11.00825545357981
0.3700000000000002,0.1373910464186286,0.0362227331445628,0.6005122971620497,0.0107008528396631,0.3517861322228006,0.0124050340428018,0.9359370299622848,1.3015787253722668,-0.0198773990733695,0.1319248786986324,0.1581274203574915,0.970821147254213,-0.0103913256041395,1855.542823814244,1838.8518899162184,1853.678732495352,1854.5047750889892,0.1555758790465491,-0.0074559163940062,11.00825545357981
0.3800000000000004,0.149647452637046,0.0368200546410388,0.6018917157303667,0.0111956211471048,0.3552826143155962,0.0144572246149337,0.934580071844376,1.3735642185573518,-0.0144722059656501,0.1132478367500512,0.1650041443828219,0.6808081523773816,-0.0141274569225342,1845.2264814278385,1820.854672530988,1838.889869743084,1850.5583152165973,-0.0269732875042407,-0.0293649476590525,10.698611734132154
0.3900000000000002,0.1630254832465074,0.0376129083131638,0.6031608117600727,0.0117302313060905,0.3574507590445057,0.0169270552401477,0.9337048952066758,1.4434966195815435,-0.0078552619415005,0.0921774619149872,0.1843540119093014,0.3930788635374315,-0.0151679550841815,1830.33750275042,1791.3005930577676,1820.045810171716,1838.551043589037,-0.0664535413864353,-0.0190060771488282,10.33848882051766
0.4000000000000004,0.1776932750962588,0.0386392192201016,0.6043472883655009,0.0122988685712617,0.358512663711887,0.0196790759428301,0.9332363804310838,1.5066070353535956,-0.0003633621437398,0.0706543843744197,0.209223840103206,0.1134893963721542,-0.016348095971245,1808.833710685254,1753.2497409790192,1799.7190252757628,1817.8457157124808,-0.107804804941618,-0.0451608083934211,10.204284091572362
0.4100000000000007,0.1936619360230851,0.0399052746729627,0.6054684353457453,0.0129057858628632,0.3587433948815446,0.0224972565358581,0.9330758226256244,1.5706452029494613,0.0081411049565896,0.049434567042001,0.2393041783431082,-0.1941961707260896,-0.0219109328283504,1786.480980871146,1717.3858233002966,1777.2530363589538,1792.8277532730465,-0.1946672990136573,-0.0598696024363751,9.795533551037373
0.4200000000000005,0.2107673992758521,0.0413777128200476,0.6065122413925296,0.0135590856806492,0.3583682453308414,0.0251445163222673,0.9331431322326268,1.6495308619190223,0.0179309893403625,0.0271782129838825,0.2777145615421635,-0.5706180501443496,-0.0333459831194532,1774.941793286074,1686.0858552035552,1747.4326232833328,1770.9602759700738,-0.1946672990136573,-0.0598696024363751,9.795533551037373
0.4300000000000002,0.2287238134783396,0.0429846771622397,0.6074271903040418,0.014279629942076,0.3573622571872631,0.0274100427200404,0.9334543367861264,1.744166391065246,0.0283802685133799,0.0033011339122836,0.3202256108383997,-0.9991408631385812,-0.0480719687914099,1778.9552630353392,1651.0061846974247,1707.735143812357,1757.2733745850624,-0.2528141361248437,-0.0651936383545854,9.429934092993095
0.4400000000000005,0.2472497778642381,0.0446282935955714,0.6081299020741919,0.0151222348850843,0.3552402430662605,0.0291341775377188,0.9341985267690724,1.8363266059710832,0.0377167359153068,-0.0195403084562659,0.3556984011763222,-1.4145443537721416,-0.0627634584203117,1787.3275311198277,1608.990847742712,1668.0050666024738,1749.0600567320998,-0.2784996173640932,-0.0462112923373055,9.218777916605244
0.4500000000000003,0.2662048318089803,0.0462060261842375,0.6085295625731467,0.0161875397195553,0.3510158782093915,0.0302172617307166,0.935741809419786,1.90620513206358,0.0443132876390822,-0.0385017893323912,0.3782394860642562,-1.790621953160525,-0.0776982933487632,1779.906482530875,1575.1982661611555,1649.7190520143397,1734.4104967343733,-0.3100696045807058,-0.02984676572182,8.998343269012976
0.4600000000000005,0.2856283461093535,0.0476330343271425,0.6085590182068827,0.0175982719866065,0.343483578159494,0.0306193895832774,0.9384944247779972,1.952673805537272,0.0480211795322974,-0.0561679504483756,0.3933522671407286,-2.188248922671637,-0.0970799178438462,1745.3792963927172,1573.3744785620734,1668.5993141455451,1699.5984754740673,-0.3100696045807058,-0.02984676572182,8.998343269012976
0.4700000000000003,0.3056213332973445,0.0488566607746286,0.6082009133243992,0.0194350512374951,0.331797140155775,0.03035819175515,0.9426618252380874,1.9923352940179664,0.0498676868501236,-0.080026347010996,0.4087401638948933,-2.676392761728012,-0.124809098516456,1693.793719546412,1610.6750246554595,1715.560684601553,1643.8279570402808,-0.827655347743256,-0.1212804432688627,8.524318770173515
0.4800000000000005,0.3261365186044723,0.0498593325051801,0.607499544748459,0.0216641226624486,0.316071760355301,0.0295128613740461,0.948028638337832,2.0411122482581003,0.0507013971760244,-0.1141955634748599,0.4214212272868447,-3.2134263107751275,-0.1601694035558798,1651.1623106541551,1664.9263885735472,1759.9213712601197,1585.5457315110975,-1.102845933285598,-0.1624557577161618,8.612129796416234
0.4900000000000003,0.346832149324557,0.0506527359782539,0.6065514687846094,0.0241094982383867,0.2976145806302793,0.0282314184365354,0.9539639828127776,2.1005499720678062,0.05055389956565,-0.1530962776051157,0.4170517360513899,-3.6493835600119047,-0.1975765101882396,1638.5350508697084,1700.7434336690008,1774.7644276583396,1549.054287015164,-0.924351259225224,-0.1402033527589866,8.792438604024705
0.5000000000000006,0.3671150940216531,0.0512687134487307,0.605473967896909,0.0265000152095625,0.2785441955001893,0.0267222276723071,0.9596857834183408,2.1603311477714344,0.049199670963239,-0.1856059113595572,0.3820526094116215,-3.862555824376784,-0.22993331655344,1654.2716489998106,1699.719083833416,1758.120397437661,1544.5484363994044,-1.0094923801621865,-0.1567422828022008,8.864352585907017
0.5100000000000003,0.3863746964737856,0.0517504061739673,0.6043618040271067,0.0285715725075535,0.260937208375024,0.0252132089598627,0.964603406910758,2.209707466457416,0.0468686669453863,-0.2052671741903783,0.3152774015117476,-3.874558524988944,-0.2521174546811202,1677.030652931383,1674.824696851044,1731.948113995216,1562.4370249318904,-0.965094593941764,-0.1415100119085984,8.9269576798243
0.5200000000000006,0.4042881710284255,0.0521441492239122,0.603250737660562,0.0301673550531312,0.2459663767662521,0.0238865361329966,0.9685142774276212,2.245802279897552,0.0441656621466142,-0.2150212171440902,0.2290163809650819,-3.822409062068376,-0.2626967304378097,1685.911944831164,1657.021200397408,1724.4745651789308,1584.2522822860842,-0.9709630907429134,-0.1401100921821123,8.958192018179991
0.5300000000000004,0.4210392804176824,0.0524915365756054,0.6021026109462048,0.0312818867912182,0.2334957508005107,0.0228200139569021,0.9715865503803016,2.273714852277097,0.0414322167201014,-0.2224802283807036,0.1424663158634569,-3.837232937682297,-0.2644420836896619,1677.8842796991862,1669.2836051248426,1749.0461010073875,1596.9507986722429,-0.9709630907429134,-0.1401100921821123,8.958192018179991
0.5400000000000006,0.4373459135193114,0.0528221072872597,0.6008147712961791,0.032031040967048,0.2222762419370775,0.021965729619816,0.974209829249924,2.3009649479195096,0.0384507246571938,-0.2325535068676926,0.0751534599504382,-3.959288879538838,-0.2635334833326399,1667.4909427291473,1710.6667631138323,1792.9722784301546,1599.9715630308397,-1.5026042573344118,-0.0525572128472284,9.485227548209808
0.5500000000000004,0.4542912508094021,0.0531483318400911,0.599246446549746,0.0325719002668889,0.210523207367823,0.0211737296695594,0.9768166274406108,2.3320784526866083,0.0348429721939147,-0.24510907946764,0.0399592850681104,-4.145551542352902,-0.2662168136231586,1670.8015301376745,1761.4143438448418,1829.2045901094048,1602.4897650170724,-1.683567829175166,-0.100801418885749,9.875901945372735
0.5600000000000006,0.4730324696805548,0.0534644681677877,0.5972515247112291,0.0330193327431768,0.196529503996857,0.0202458126457911,0.9797326088245998,2.367168349137305,0.0305918370067461,-0.2579724491934441,0.0341601847495318,-4.327539392087223,-0.2740303023220275,1689.7964748859704,1803.2113773584545,1844.7570240071816,1613.8169301439884,-1.683567829175166,-0.100801418885749,9.875901945372735
0.5700000000000004,0.4944876608597159,0.0537496248498551,0.5947091054403583,0.0334016218743516,0.1790948456328642,0.0189979413750606,0.98308109845903,2.4039178892167103,0.0259433258087304,-0.2701157210740362,0.0371139323063495,-4.458092231272851,-0.2817244945750137,1713.2086336712025,1835.6880946747,1855.5330742341769,1635.876046431431,-1.94044780083018,-0.1162455100660327,10.612429570543348
0.5800000000000006,0.5190874268433491,0.0539739239911861,0.591546684075113,0.0336714731495189,0.1577507326706178,0.017314674028206,0.9867528263456464,2.440259770520876,0.0206946516546865,-0.281170963498035,0.0228472474280684,-4.524380289727669,-0.2806200106448517,1732.1342826619998,1873.141545660872,1888.225639656936,1666.410174254661,-1.94044780083018,-0.1162455100660327,10.612429570543348
0.5900000000000004,0.5466489537070794,0.0541055442543838,0.5877537071227091,0.0337559393367105,0.1328534640344508,0.0151842413869891,0.9904443106338916,2.475673298096866,0.0138092050675708,-0.2884543372610915,-0.0215502179205466,-4.535746522662627,-0.2653339431867585,1751.027559241193,1925.7893478762244,1949.8783365077209,1707.4018227732277,-2.0826390132238477,0.001899337507789,11.554172305674475
0.6000000000000006,0.5764046663306325,0.0541162888877476,0.5833843104284637,0.033607627736415,0.1055601783235241,0.0127055050225237,0.9937636269517812,2.510165494862899,0.0042757861037004,-0.2866084597537184,-0.0888102814808001,-4.505606595081441,-0.2386424439583984,1780.3272213097014,1986.2364328009237,2020.2142690284816,1763.481613767583,-2.0826390132238477,0.001899337507789,11.554172305674475
0.6100000000000004,0.607194232409697,0.0539846797453611,0.5785487680465076,0.0332236185230631,0.0775854369202995,0.0100623273796568,0.9963811724023216,2.54203727455125,-0.0073752658912296,-0.273135830867366,-0.1587925832299285,-4.4485494068773495,-0.210113338818191,1821.1175395096868,2036.433721500947,2072.9207637980944,1830.292692369274,-2.35075144045258,-0.0139795646007372,13.030809958444014
0.6200000000000002,0.637785011469183,0.0536977054336436,0.5733975019829315,0.0326260550031892,0.0506518332497099,0.0074715725462084,0.9981553526015172,2.567467682079159,-0.0188900315738057,-0.2543885544081575,-0.2105554369876339,-4.392161012755653,-0.1883368558556651,1862.5359164831436,2069.043217724755,2100.8755103193043,1891.786447267008,-1.8369777263129037,-0.0468588104548426,13.740271745530109
0.6300000000000004,0.6672116806235273,0.053253635289338,0.5681080488028605,0.0318302272256842,0.0258104752058901,0.0051250115405673,0.9991468311820424,2.583016883433349,-0.0282780763995446,-0.241401729212188,-0.2331905150300932,-4.36983197908169,-0.1728418771101733,1893.8395434722845,2098.713213815281,2119.86456294541,1934.418995339114,-1.6706623541529626,0.0507643901744956,14.307565360018677
0.6400000000000002,0.6949770620204527,0.052667425939042,0.562883938763646,0.0308358177568667,0.0030869498672832,0.0031491157188159,0.9995147353360888,2.5879415889902058,-0.0358872630152471,-0.2360501914593796,-0.233348310309148,-4.381219470336232,-0.1544584627669855,1913.2912749169805,2145.8300578221883,2148.6180466465767,1959.759222333888,-1.6706623541529626,0.0507643901744956,14.307565360018677
0.6500000000000005,0.7210199231203346,0.0519769685082356,0.5579612648639484,0.029652270796469,-0.0182195448701379,0.0015923741493998,0.99939294342411,2.583505995100156,-0.0439494657607238,-0.2245396101371092,-0.2318149095688182,-4.375623495438569,-0.1251330671400677,1924.7057349938973,2209.9336935940078,2188.435929011197,1978.4681107055064,-1.812673089415364,0.0731083840887764,14.914792060608333
0.6600000000000007,0.7455176548433968,0.0512445766730148,0.5536088262535567,0.0283306343592612,-0.0388109721716867,0.0004328848866914,0.998844780837626,2.5711238349082177,-0.0540454706415768,-0.1901922664162486,-0.2452659539456284,-4.310397304831621,-0.0869745441074021,1931.966311689389,2268.3229832923003,2226.7271076020465,1996.4103361805055,-2.83827122502573,-0.0240337101068238,15.93828774900458
0.6700000000000005,0.7687069221763699,0.0505471672830821,0.5501148034466882,0.0269629194147867,-0.0588833791878516,-0.0004015909599422,0.997900589917028,2.552422187219736,-0.0654140687762844,-0.1324205555374338,-0.2696108078616069,-4.225321236361919,-0.0509626221047792,1939.3794583082267,2301.839092965911,2255.9024043380978,2012.619816861127,-1.4153642934296635,-0.1176230255686192,16.126632825138685
0.6800000000000007,0.7908575778015524,0.0499526463558242,0.5477655890858566,0.0256352618593204,-0.0782729567621897,-0.0010010338192763,0.9966018139259034,2.5302549331282056,-0.0757453874905209,-0.0686748467641536,-0.2865379519845553,-4.218709196644347,-0.0274920965008675,1950.8182182969715,2310.6187979854835,2276.1946559707403,2026.9393650103768,-1.4153642934296635,-0.1176230255686192,16.126632825138685
0.6900000000000005,0.8123757440767466,0.0494874015408659,0.5468218460875517,0.0243643042041926,-0.0970595639043392,-0.0014319469872196,0.9949792818260944,2.507144064652857,-0.0833390630587875,-0.0161964903638271,-0.2862269288992377,-4.331888738576009,-0.0182750289169619,1963.331766258232,2301.521159294889,2279.8386252970654,2041.2384831948864,-1.953110314398408,0.0537590740689798,16.54192781503552
0.7000000000000003,0.833890577150114,0.0491063197616854,0.5474872956301415,0.0230665402379635,-0.1160141606851475,-0.0017085727289001,0.9929782122590612,2.481213224506968,-0.0885952128613354,0.0260356053440966,-0.2764407270511466,-4.487374879413819,-0.0155563256895314,1965.3323195862863,2274.0005542606486,2249.8360367414816,2052.406026608219,-1.953110314398408,0.0537590740689798,16.54192781503552
0.7100000000000005,0.8561879940995589,0.0486791787278966,0.5498661698717712,0.0215922676425188,-0.1364171702728534,-0.0018049502515082,0.9904144949400684,2.4449721355896044,-0.0937211274220975,0.0753215268322747,-0.2692373324228836,-4.570859385980685,-0.0074701675485321,1946.9774655385415,2228.112528566474,2184.490541756499,2050.241182796388,-3.368594997148939,0.1628101954940114,15.622706716876126
0.7200000000000003,0.8799721344092087,0.0480052317391393,0.5539203199527488,0.0198129282657657,-0.1593080731050012,-0.0017150984005021,0.9870285933824732,2.390679102644631,-0.1008928786222882,0.1455382697791192,-0.2687407361454151,-4.565257201049243,0.0148607258195739,1911.8908486961493,2178.2892352536905,2112.206544302595,2026.483650901759,-3.368594997148939,0.1628101954940114,15.622706716876126
0.7300000000000005,0.905565108695721,0.04686251778344,0.5594508274143357,0.0177116423004176,-0.1847129314487206,-0.0015266354443796,0.9826317214841286,2.317501804061622,-0.1103114426786044,0.2320060004906872,-0.2771341272429236,-4.574486532572767,0.0524144835254017,1873.5481585640343,2146.5372475817835,2067.13626922478,1986.1391795503416,-2.2369769487747835,0.0059318814739801,14.432809534513108
0.7400000000000003,0.9326959556922408,0.0450903330401745,0.5661246506202176,0.0154201646361133,-0.2114492124580266,-0.0014422101594473,0.9772662733888504,2.232534007436721,-0.119840018379529,0.3175326894648931,-0.3048641067751647,-4.701075374283338,0.0985769803224656,1838.785362008444,2139.5092525196287,2049.904254181029,1948.813584024691,-2.2369769487747835,0.0059318814739801,14.432809534513108
0.7500000000000006,0.9604588063555144,0.0426914815138757,0.5735462760144129,0.0131746827780506,-0.2376855992305105,-0.0016937788388093,0.9712513139066408,2.1456178217901907,-0.1266776116523221,0.3895849024267721,-0.3630999789664949,-4.917972374192279,0.1459290112160216,1799.8896094139532,2140.0721636827548,2024.6008762212548,1936.2484315265972,-0.8760038475698506,-0.0646382834938394,14.578701288779117
0.7600000000000003,0.9874193700238312,0.0399255827186757,0.5813555837216092,0.011200733485383,-0.2619053674311075,-0.0023509142049687,0.9650256966954646,2.06489772205604,-0.1299108551058033,0.4465615803468623,-0.4419217770599409,-5.08949140546666,0.195914365669819,1744.7037697173837,2131.749921878698,1961.3005053265,1954.1243912046416,-1.9336823404048105,0.0860353125797768,13.573003591965044
0.7700000000000006,1.011809446705504,0.0373509045927841,0.5893250426356156,0.009559694520486,-0.2836934731385339,-0.0031019279388069,0.9588623486102336,1.996207463855025,-0.1319094926429517,0.4901535192246492,-0.5036348162458226,-5.118595403570642,0.2641186581612038,1668.552073743724,2131.594044535723,1869.002842267572,1986.2516226045825,-2.0996823362514467,0.2017094684323636,12.846252013458184
0.7800000000000004,1.031782439558193,0.0357698923580622,0.5974232167727289,0.0080012700514923,-0.3039250189983414,-0.0031475117041082,0.9526571553683378,1.941602043239237,-0.1366110442607976,0.5195648983986932,-0.5151909179309138,-5.047902927762872,0.3793927754836402,1575.7035924672396,2183.2654934062107,1774.1226454217203,2011.7914323446523,-2.0996823362514467,0.2017094684323636,12.846252013458184
0.7900000000000006,1.0457509729871886,0.0360531702401001,0.6058073505997897,0.0058840359093415,-0.3242934673193515,-0.0013464358102011,0.9459372665700508,1.892105248122876,-0.1447352496501497,0.5351369375643723,-0.5051651652291208,-5.006762422690224,0.5811422628363244,1477.7102792934013,2301.478858213015,1686.6238427585256,2024.0031792196176,-2.2545810336675576,-0.007507216415202,12.413333422591542
0.8000000000000004,1.0528172124259216,0.0388630776355022,0.6147251452917606,0.0022422463115652,-0.3464482247199543,0.0033468075342135,0.9380604451735504,1.820696592479595,-0.1500059763958025,0.5423518267383176,-0.5882026451583083,-5.072403220322764,0.9060382165698452,1389.2424300531638,2426.652745857884,1618.7236817311482,2020.572996466343,-2.2545810336675576,-0.007507216415202,12.413333422591542
0.8100000000000006,1.0532037207425429,0.0443617548261017,0.6243514889557475,-0.0039433059412341,-0.3711536116993663,0.0113013703847738,0.928494332717328,1.6921168572700187,-0.1421501537477617,0.5483383066304018,-0.8991611847756827,-5.181420682626397,1.3432624473161303,1312.0921167652823,2457.2210240738614,1621.8339324187828,1983.927084221723,-2.490708330968924,-0.2914304606558787,12.009481650460357
0.8200000000000004,1.0484612881203126,0.0520387161147211,0.634631508996423,-0.0133010825906943,-0.3978174287683684,0.0218099061628623,0.9171088826105692,1.4932707401756071,-0.1165097015945448,0.555141184625696,-1.451287927453608,-5.150020893180406,1.7782682885268326,1224.647055349808,2345.4746032922485,1753.0662230678497,1895.3733891216064,-2.490708330968924,-0.2914304606558787,12.009481650460357
0.8300000000000006,1.0412186506003749,0.0607791493455452,0.6452101269151692,-0.0256159136103532,-0.4245572434943296,0.033184294541237,0.904430082738408,1.2559690488348014,-0.0807496826357175,0.5578878462888592,-2.037956952168816,-4.767003963082562,2.0090319055361303,1113.959350964617,2151.073097600214,1990.1315166588831,1767.3681704595451,-1.5987071954101513,0.859140831520773,11.390965641729313
0.8400000000000004,1.0344467049906871,0.0691885382277447,0.6554906607641424,-0.0396178625780829,-0.4487566975361605,0.0433819537765487,0.8917207284053188,1.0399519401558983,-0.0497169468267955,0.5495511774741574,-2.311512550525862,-3.90634282614214,1.878671694850175,1034.0469052551805,1976.1132857165903,2214.9546492898457,1635.9989423652912,-1.5987071954101513,0.859140831520773,11.390965641729313
0.8500000000000006,1.0305294972045251,0.0760406118080983,0.6648021442504982,-0.0532024111136559,-0.4678757204420624,0.0508092142776001,0.880727107234135,0.8876424619590797,-0.0328588063243698,0.5271084931236949,-2.022047076229697,-2.618717314875154,1.412587678455997,1099.366752711266,1856.049897586273,2307.0779493393457,1519.9376220041197,-1.1302461374001265,0.8180535550224712,10.976823896105245
0.8600000000000004,1.030591721119423,0.0806380878340024,0.6726010877056292,-0.0640624770346358,-0.4802046040876063,0.0548088638046879,0.8730953703334425,0.7958877580325373,-0.0276526720834388,0.4930157476218428,-1.2191202520507043,-1.1421098901691198,0.7930533741169045,1371.6020766437218,1744.9551515169892,2247.4726772304866,1411.9915662665774,-0.8485678485092039,0.5936860161649176,11.01656935333258
0.8700000000000002,1.0343721422249603,0.0829358638165009,0.678617190969354,-0.0704773548418539,-0.4853246244904075,0.0556017711184111,0.8697133978307084,0.7279029843078768,-0.0246806726390657,0.4514146663518141,-0.2328341155425529,0.2036362014506461,0.1861940990840416,1761.647052401468,1599.3979311782325,2126.63351241288,1313.1604434607952,0.0311139325618468,-0.0672893723560632,10.155304069286576
0.8800000000000004,1.0406035141814525,0.0834175924708251,0.6828842515543511,-0.0718980980517356,-0.4841777918775678,0.053852277405181,0.870346173408823,0.6468387122532507,-0.0170004377021322,0.4044960662300397,0.541848964342775,1.162068426010189,-0.3756106387102403,2093.9586787243525,1436.2682678512638,2059.1206215873794,1246.7945794052737,0.0311139325618468,-0.0672893723560632,10.155304069286576
0.8900000000000002,1.0476315267635756,0.0828291304699992,0.6856607126257899,-0.0690569218026641,-0.47876249304399,0.0502099174174029,0.8737829141144736,0.5401040847336006,-0.0044490746667295,0.3530128167315393,0.8715712751635345,1.611295117767905,-0.9394357946445988,2266.640755644121,1301.718905797662,2093.704802903841,1227.8338313593747,0.2961303411717368,-0.2290398465228027,10.04387192699321
0.9000000000000005,1.0539861836342803,0.0819017789695187,0.6872998736499931,-0.0635482516916844,-0.4715510284325541,0.045078966050043,0.8783900808359518,0.4197321198049484,0.0089104978706006,0.2986018318853475,0.7720507893603631,1.5587008224522336,-1.518071585561373,2304.6998923740607,1212.7136211352106,2196.7324956752163,1237.9934737559415,0.4603590296755628,-0.2056582228249835,10.477201917271646
0.9100000000000008,1.0587313804875125,0.0811615120194011,0.6881405119407471,-0.0570719576911196,-0.4648060717078051,0.0386506851366561,0.8827254566892975,0.3060711273707003,0.0195590140680808,0.2446296840087331,0.4431818622765684,1.1273479443442307,-2.0658744199902737,2270.925633038769,1143.9678630584533,2300.953530515516,1245.501717737441,0.3465105320145385,-0.104675240860086,10.949436453135563
0.9200000000000004,1.0615508496862234,0.080859292776017,0.6884509220668792,-0.0506927177530919,-0.4600328055109333,0.0310724672568747,0.8859088937351941,0.2121918541455555,0.0268217303578324,0.1956916382273855,0.1326081803348347,0.5371304979095032,-2.5294860798925662,2187.977591844199,1067.114162390648,2354.487875327536,1238.3912119902452,0.2612988022732176,-0.0477877614780013,11.184112473588751
0.9300000000000008,1.0626249201896778,0.0810049505189304,0.6884110504083819,-0.0444687038151324,-0.4577561451907527,0.0225983304012342,0.8876773971348945,0.1380487045444113,0.0320507015506687,0.1554743243796503,0.0284411995543112,0.041611244474247,-2.8690319887534086,2055.8079568570847,999.9227293900165,2333.506518309872,1225.5174505145865,0.032720866171453,0.1188357477777048,11.09270677725086
0.9400000000000004,1.062400845713716,0.0814586509551872,0.68810375982254,-0.037623346649908,-0.4576416242466422,0.0136433318974858,0.888235603338715,0.0721432596417566,0.0369038644139214,0.122531560739015,0.2267366106888877,-0.165927953818575,-3.0314469252023133,1893.345140162448,1010.1226706226012,2236.8540779812606,1210.1554533186388,-0.1549728771139857,0.2152678033111869,10.33879936725327
0.9500000000000004,1.0613623449263216,0.0820312314442399,0.6875112824032347,-0.0291593386963057,-0.4587997560809335,0.0047562220049935,0.8880483630631325,-0.0006841990251746,0.0423094978689766,0.0888959848833844,0.7273639191353362,-0.0246388637277557,-2.9527597711942954,1735.9116428169532,1154.1675173485862,2086.3483459886124,1175.9308919174732,-0.1549728771139857,0.2152678033111869,10.33879936725327
0.9600000000000004,1.0598714153688809,0.0825599036964522,0.6865367452516189,-0.0185746875184753,-0.4600628287146968,-0.0034547665013117,0.8876853266822899,-0.0863175599152895,0.0480885410434642,0.0464933728974859,1.4045578449421534,0.3856083143290832,-2.6265324467275697,1608.5373452613082,1407.226735447333,1923.910626669948,1105.2837152974964,-0.3009120824595959,-0.2917140535502965,8.045855385581518
0.9700000000000004,1.0581070635090892,0.0829469465535971,0.6850610708561883,-0.0062714109408016,-0.4601249371123693,-0.0104407450377418,0.8877706361978902,-0.1746398950812376,0.0530729417945799,-0.0048657441215866,1.999128464135392,0.9256062216194472,-2.1608632976972,1511.979127156446,1663.3472077830802,1786.9314848988736,1013.4493218761672,-0.3505199440676669,-0.0337066624210299,8.049064149689656
0.9800000000000004,1.0560841698506578,0.0831653132975404,0.6830141074830627,0.0065656996640268,-0.4575948239316066,-0.0158645763535594,0.8889950415587512,-0.2502065451603815,0.0558545011199608,-0.0590588460067867,2.21929783421639,1.5350975020456854,-1.726394832221667,1425.9927186398747,1808.2400399503776,1678.6508414932216,961.0072880576096,-0.3425915848818763,-0.5182037849615668,7.137934108642335
0.9900000000000004,1.0537149449400405,0.0832423517246263,0.680420484182463,0.0184944239913866,-0.4510976325021197,-0.0197086635853215,0.8920652727305833,-0.309579838564025,0.0557101780143767,-0.1128822538177773,1.9243815748865407,2.293924611784487,-1.4257765895226782,1327.9020864499269,1794.8829073866991,1574.01419598055,1015.5572524941888,-0.3425915848818763,-0.5182037849615668,7.137934108642335
1.0000000000000009,1.0508751191006007,0.0832333966217739,0.6773930994444886,0.0283897719738283,-0.4395109312641101,-0.0222433589948631,0.8975128941286885,-0.3631502035998685,0.0528910513915822,-0.1695992288066337,1.2453803816191122,3.302502141343465,-1.2257173884450336,1220.8833801099418,1665.5329172913584,1458.988873506106,1182.3768533354937,-0.0069367157655841,-0.3819190048352904,6.377057831933156
1.0100000000000005,1.0474503054107471,0.0831949740748463,0.6740776720780317,0.0357801515585693,-0.422280807309072,-0.0238574159903922,0.9054443794265364,-0.4203596814224614,0.0481971470133332,-0.2326076505611296,0.5215520174546457,4.495750874048335,-1.0246744313291165,1144.4000040801125,1513.5149439460474,1348.7691766802266,1380.6724206145857,0.7401251282623638,-0.0183746244729265,6.283681621771596
1.020000000000001,1.0433583984711403,0.0831647749570567,0.6705776182210719,0.0408765941321699,-0.3996567762417514,-0.0248639486044571,0.9154153971372774,-0.4792194580749763,0.042431867939256,-0.2993573898326199,0.0807766963020689,5.615440976757682,-0.7726200543174117,1144.312412105542,1416.9377453362251,1260.1008607196336,1509.572268299602,0.7401251282623638,-0.0183746244729265,6.283681621771596
1.0300000000000005,1.0385621767608866,0.0831525468647369,0.6668972029503001,0.0443648872537389,-0.3726951522261139,-0.0254051268473409,0.9265444726595627,-0.532015896137799,0.0361037583017024,-0.3633546316355253,0.0316954781760631,6.376832938068544,-0.5146311677582324,1226.2496798002026,1397.3053137620432,1186.616684717496,1536.863273192822,0.711797786177506,0.0930273204202754,6.212107879403596
1.0400000000000007,1.033089664278363,0.0831427572713535,0.6629303857079791,0.0470617197007968,-0.3430035650295637,-0.0254912841609426,0.937808052507356,-0.5767679947748712,0.0293732755931119,-0.4202648593008606,0.2296135681138767,6.649562166459736,-0.3289198699784583,1344.3734473177751,1431.0810923464378,1121.3956160453515,1513.210523203062,1.2605199354764205,-0.0954793792986173,6.127870032604744
1.0500000000000005,1.02706385324559,0.0831068385597677,0.6584987471619071,0.0495589350614845,-0.3123490545963897,-0.0251133168393993,0.9483413422210576,-0.619220344073347,0.0222986561173859,-0.4705313152472132,0.4199941675235792,6.504619346809861,-0.2421681317051192,1442.6483706044737,1487.440844396514,1091.5645752360397,1512.7113059813737,1.2605199354764205,-0.0954793792986173,6.127870032604744
1.0600000000000007,1.0207208621486616,0.0830204063863916,0.6534188395564671,0.0520061748393086,-0.2822994988963984,-0.0243333021177284,0.9576065168478508,-0.6640933568134045,0.0152854866103428,-0.5170701908612179,0.4213635121374823,6.135079678784344,-0.2142605214110403,1504.728653200271,1552.351168665254,1144.466106821336,1575.6495165797812,0.903143579043157,-0.1927337457546647,6.672267092599074
1.0700000000000005,1.0143877499811256,0.0828791694933848,0.6475707903263807,0.0541415845546738,-0.253989483627431,-0.0232990706509576,0.9654093351192444,-0.707593412874413,0.0090809196065822,-0.5623378255754892,0.2156655350853796,5.73370703942636,-0.1937448600602623,1560.30745506019,1631.379058376932,1294.1535079167352,1696.6802202547508,0.8890592949022653,-0.1504638302305846,7.3686826164546
1.0800000000000007,1.0084083443914935,0.0827066025855326,0.6409459053210805,0.0555501357613078,-0.2280427938345769,-0.0221977609448835,0.971811672087784,-0.74092622793245,0.0038711707743779,-0.6070331677584007,-0.0839092144571185,5.403044313598866,-0.167144733974543,1647.7695089381514,1738.8407680770829,1496.0347302188268,1844.8153522470384,1.5290323454679515,0.0515787235879183,9.624512952762124
1.0900000000000003,1.0030344374582498,0.0825475489402465,0.6336600686401808,0.0559862231890354,-0.2046846544789845,-0.0211987865678006,0.9769955713727156,-0.7606056094332674,-0.0016675388605381,-0.6480924650411272,-0.3329025171285,5.140306333249549,-0.1498571719709746,1774.0518604732963,1875.2783619766656,1682.3253093626497,1987.1407437958385,1.5290323454679515,0.0515787235879183,9.624512952762124
1.1000000000000008,0.9983162681450568,0.0824456951495521,0.6259255305921665,0.0555546312146231,-0.1839768294007602,-0.0204185050972561,0.9811469277553918,-0.7734411579830802,-0.0099115072779994,-0.6771858034281928,-0.4479806762513985,4.89045651402469,-0.1470763984240186,1906.6778492450896,2010.784274158858,1814.5061850347704,2100.589489912368,1.7098583831241454,0.0919095994085263,12.843086219102348
1.1100000000000003,0.9940224252726167,0.082409467375506,0.6179837126005097,0.0546409367191472,-0.1659222695838297,-0.0199033789902038,0.9844226856362958,-0.7908056078040743,-0.0221240156396979,-0.6865723905734414,-0.4442574468735942,4.617798586864698,-0.140949877316196,2002.9689572364305,2103.681019241029,1896.8270575974225,2174.522980375457,1.7098583831241454,0.0919095994085263,12.843086219102348
1.1200000000000003,0.989609843333893,0.08237834847766,0.610022249329156,0.0536450348729293,-0.1501907003095218,-0.0196178101450833,0.9870056257687334,-0.8184428798159873,-0.0363074217639196,-0.6806667396682413,-0.40749386472081,4.342714409567182,-0.1134697395312902,2048.597618886285,2143.6170791216905,1952.111120937141,2214.723081409278,1.8825626649631249,0.004688474894487,14.252639510167588
1.1300000000000006,0.9842651899513892,0.0822060366190407,0.6021188273832254,0.0526878607092401,-0.1355380917281078,-0.0194383972586964,0.9891792374168596,-0.8520217147321724,-0.0480064645379273,-0.676537532527269,-0.4215259364489225,4.120582473072297,-0.0685882317116952,2066.338607939973,2164.0846792279926,1998.5948966101816,2244.532356746937,1.341643546918085,0.017094815033005,15.54153297897
1.1400000000000003,0.9770458592442348,0.0816749386527496,0.5942535375931978,0.0514727498128775,-0.1194125988965101,-0.0191715496848231,0.9913241845804854,-0.8818894903414258,-0.0550615899172672,-0.682344521518297,-0.5018059439969027,3.9814258008346135,-0.0270362909440921,2085.693804179702,2198.646537058915,2042.839223253385,2285.093167983912,1.341643546918085,0.017094815033005,15.54153297897
1.1500000000000006,0.9671359296812532,0.0805472547615894,0.586402518755691,0.0493981084477005,-0.0983756210888241,-0.0186084997752242,0.9937483523474606,-0.9007014321580871,-0.062169338014835,-0.6728025992436655,-0.5918453132870747,3.886089435822576,-0.0051196097152393,2105.443824476987,2226.902860531927,2073.866055020388,2319.356934965165,0.6934980380315503,-0.0372444193377001,15.583876934209105
1.1600000000000008,0.9541743836723726,0.0786427050176566,0.5786752255312032,0.0458800354013522,-0.0695379928364319,-0.0176100596998132,0.9963680924744732,-0.9060623509382072,-0.0787480367803709,-0.5980515452967335,-0.6267735763529942,3.751769519986198,-0.0026745724849379,2090.9575037802624,2181.129292375318,2060.976788063802,2287.732208276416,0.6934980380315503,-0.0372444193377001,15.583876934209105
1.1700000000000006,0.9385279520875216,0.0759163852075171,0.5714116777805582,0.0407141287598987,-0.0323616665046619,-0.0161844166916429,0.998515471545992,-0.8977595696248892,-0.1099415346464941,-0.4312926597724842,-0.5982500593827573,3.533002027721043,-0.0096204049287254,2015.224764274728,2023.5027281621835,1979.9823269589224,2149.268993338744,0.6713766165532411,0.0162446125306376,16.293111513379184
1.1800000000000008,0.9213443995433606,0.0725019731686738,0.5651565005816633,0.0342611911338831,0.0104158938646188,-0.0145080468440797,0.999253319491038,-0.8746909439525854,-0.1499823930968184,-0.206801386765124,-0.5540711419331252,3.2749483776866963,-0.0206780398257211,1899.6803480835592,1808.706365472732,1853.0943148284543,1948.5724959960069,2.761511024229545,0.4404839033252057,10.10849291685314
1.1900000000000006,0.9043017536244397,0.0686956139622317,0.5604935719239172,0.027333848926687,0.0536023226049262,-0.0128635233849166,0.9981052957881428,-0.835203137195729,-0.1861278213808668,0.0006841645850264,-0.5427427387549861,3.076383198614874,-0.0410704983144416,1801.30689382004,1644.4390224037338,1743.7598912554872,1789.9968797633078,2.424042913340732,0.4040233875225887,10.19619435440093
1.2000000000000004,0.8891334425744685,0.0648824772832797,0.5578191671941528,0.0208536672974919,0.0917248631792817,-0.0115220265570888,0.995499330456332,-0.7808983465447903,-0.2090365290402689,0.1357091105409443,-0.5722949405325823,2.999588902088214,-0.0767610877099434,1758.2063270075237,1588.7389755441632,1698.1470897482045,1736.0718484888405,2.378443746647007,0.4622973727680291,9.727495203764818
1.2100000000000006,0.8771345735062123,0.0614343017102437,0.5571772034737759,0.0154960220258623,0.1211713818059605,-0.0106400277416622,0.9924536056371928,-0.7201378202080677,-0.2183695021116129,0.1956988556394346,-0.6211520216362431,3.022634307573062,-0.1219654067536609,1760.4533075914462,1607.0271279839217,1703.8602456513702,1756.2125802110063,1.4492357037729109,0.2673985085069109,9.915800036742278
1.2200000000000004,0.8688503894327568,0.0586165229103195,0.5582395319690119,0.0115045465676254,0.1411338560977033,-0.0102222393951886,0.9898708935477464,-0.6656074215320138,-0.2197702133100284,0.2129021073547914,-0.6704695536774812,3.0737362472271763,-0.1607157926898025,1773.7327843989874,1626.7236131581226,1713.8403903884164,1779.3625144159332,1.116173118991056,0.2128775720916373,9.960106282758344
1.2300000000000006,0.864040449762025,0.0565364814274106,0.5604248513971501,0.008721005125213,0.1531969888557191,-0.0101542979857469,0.9881050130970712,-0.626151516299994,-0.2190075702984174,0.2185866205125378,-0.7155569322082507,3.095850469453685,-0.1805439179898265,1775.7239585119155,1608.6868602982363,1698.4449485056407,1769.5834543303558,1.116173118991056,0.2128775720916373,9.960106282758344
1.2400000000000004,0.8618852025643174,0.0551457278118054,0.5630827227640173,0.0067614092190502,0.1601418778178721,-0.0102709006469629,0.9870174116570782,-0.6013565514357017,-0.2189906215462836,0.2257865082078813,-0.7556012528868968,3.0752630547783317,-0.1815507236317898,1765.6274846940014,1562.6230180719813,1665.876960927442,1740.8198621907209,1.036931067064808,0.20002373413618,9.582867385289129
1.2500000000000009,0.861315742134831,0.0542861885351504,0.5656604655769174,0.0052282008747649,0.1646771877069163,-0.0104209703835983,0.9862786082749734,-0.5846526989405254,-0.2200593182133804,0.2335414528908135,-0.7855806305815471,3.024889048366675,-0.1731658392984252,1751.8602225685684,1516.681111515761,1640.2837969163895,1720.1464121456925,1.036931067064808,0.20002373413618,9.582867385289129
1.2600000000000005,0.8613276729955184,0.0537527650600335,0.5678034398575624,0.00385839818569,0.1686266445287271,-0.0105067362901284,0.985616444673562,-0.5701525973554614,-0.2214629584824203,0.2376580109271263,-0.7998805841920984,2.956517374255609,-0.1659107679277859,1740.6677049869993,1488.1071879954325,1631.7511052420905,1715.780849377841,1.032016235457252,0.1697917686614005,9.234627345006809
1.270000000000001,0.8611817019717828,0.05334450327701,0.5693783817160081,0.0025577206826585,0.1727676886948613,-0.0104931590167786,0.984903384815888,-0.5558518115220755,-0.2225476051295808,0.2370969686715439,-0.7985956675163175,2.8719398690329347,-0.1660144413289867,1733.6207812030912,1477.1995359983976,1630.2771871769676,1717.4945105935665,1.032016235457252,0.1697917686614005,9.234627345006809
1.2800000000000005,0.8604637008481093,0.0528913051739379,0.5704359057684778,0.0013356814378459,0.1771714476236875,-0.0103978700540363,0.9841241681822284,-0.5425490121616735,-0.2231946137792827,0.2342124930896424,-0.7878436639406335,2.7756223541476155,-0.1739948326230384,1729.6550068211425,1476.131635963341,1622.7929486159028,1714.9270462384934,1.032016235457252,0.1697917686614005,9.234627345006809
1.2900000000000007,0.8590359348628138,0.0522603297894011,0.5711401246474305,0.0001982405185466,0.1817123655377113,-0.0102744366820386,0.98329802850522,-0.531767147614667,-0.2236612304685231,0.2319469790071936,-0.7746701062639629,2.685522806799934,-0.1863307123576675,1727.7993025296887,1478.0325528211335,1608.6534309277174,1708.6543187835498,0.9052890549893524,0.1572143232751172,8.981948169499402
1.3000000000000005,0.856938795802449,0.05135463277964,0.5716932073196159,-0.0009382801294766,0.1864435030573607,-0.0101954364548697,0.9824123334290918,-0.5237104922538154,-0.2242385586402117,0.231184808788561,-0.7617468093991047,2.616073143028662,-0.1991748060285642,1728.2885012456204,1479.8763927361142,1597.0360557332694,1705.3399588721672,0.9052890549893524,0.1572143232751172,8.981948169499402
1.3100000000000007,0.8542991084863369,0.0501144688193141,0.5722738957210023,-0.0022637978888812,0.1916786307000945,-0.0102342596433688,0.9814017717946136,-0.515162480109235,-0.2250312774248954,0.229798844835785,-0.7459696307506161,2.5427376078626045,-0.2109680197023548,1730.3971225161126,1480.3326140205145,1593.8969624211131,1706.6649983902312,0.9052890549893524,0.1572143232751172,8.981948169499402
1.3200000000000005,0.8512762721664676,0.0485233442136618,0.572997737553017,-0.0040078362505163,0.1977953057496093,-0.0104430638982304,0.9801795226836894,-0.499439114358062,-0.2259109651909706,0.2238608687616742,-0.7216836339274207,2.395140876682272,-0.2215230599710356,1729.7683597792957,1477.6769661200217,1595.8083502891766,1705.750703526039,0.6514727995043579,0.1074982249419892,9.004647958651148
1.3300000000000007,0.8480454211516688,0.0466123453164231,0.5738994741967989,-0.0063262047672166,0.2049203003573849,-0.0108304764111115,0.9786982938655768,-0.470616336223329,-0.2266049047135434,0.210618552691382,-0.6862818315585703,2.109286255761712,-0.2297729055357346,1720.6213055948251,1471.3407140686843,1595.3482734144704,1694.707635935316,0.6514727995043579,0.1074982249419892,9.004647958651148
1.3400000000000003,0.8447947210268852,0.0444532557148926,0.5749361023919447,-0.0092150764829199,0.2127164997366525,-0.0113503919786062,0.9770045760932404,-0.4295064055942536,-0.2268562797295852,0.1911223422241149,-0.6444149078240695,1.700146324442514,-0.2338507104001908,1702.1804025122492,1464.2269771528777,1588.7450647748287,1674.3501291594264,0.7659931991284896,0.209743910576065,8.589161400681977
1.3500000000000008,0.841713080810804,0.0421364634773438,0.5760091305310888,-0.0125134150770505,0.2204181385242144,-0.0119129612787052,0.9752524493720596,-0.3842935868102092,-0.2265000832239734,0.1694228366214741,-0.6061645900388988,1.2673963538570874,-0.2329316850026392,1681.420550120537,1461.0133956654204,1577.9746805518698,1655.2751161777437,0.5162922057217751,0.0905049203449721,8.55417421226645
1.3600000000000003,0.8389621891888162,0.0397411218822497,0.5770015135266106,-0.015988541927714,0.2270962683858707,-0.0124172219290812,0.9736618838240524,-0.342722392283691,-0.2253542922296098,0.1482392693892868,-0.5774124940336522,0.902725368988908,-0.2272749475308625,1667.532008655142,1464.4727566762492,1568.3388982249862,1649.482693664761,0.4429791263237081,0.0670457022370721,8.460491392558296
1.3700000000000003,0.8366472929774434,0.0373138609782491,0.577817378392039,-0.0194334963212184,0.2319872229532856,-0.0127898273605994,0.972440583235419,-0.3039531851047174,-0.2230968494596148,0.1259987156489694,-0.5504350812155252,0.594638200618814,-0.2159893738599538,1663.8064666153275,1475.423682621336,1565.3354449303556,1660.8798590520703,0.4429791263237081,0.0670457022370721,8.460491392558296
1.3800000000000006,0.834806402071847,0.0348689082999228,0.5784078248602378,-0.0227054467694427,0.2346973653879268,-0.0130084530554894,0.9717162083221978,-0.2607072955754593,-0.2194061300883663,0.0994411712563128,-0.5077633354120379,0.2525110629574731,-0.1962313392910519,1665.7737629972132,1494.9730354164144,1572.256668781456,1682.501456748569,0.414969381157257,0.1059747985328142,8.632626062263899
1.3900000000000003,0.83342361851162,0.0324074460185149,0.5787724018697523,-0.0257021010787637,0.2352154181164462,-0.0130972945788104,0.9715150899266352,-0.2091118195911221,-0.2143434282954717,0.0686177747507896,-0.4390160698884119,-0.1743578200727582,-0.1660887441224599,1667.0283886798948,1523.35610222591,1588.598105975234,1701.7698374155823,0.3170371664630229,0.1000559896383223,8.69421618837021
1.4000000000000006,0.8324550998371222,0.0299411487545288,0.5789403978044347,-0.028331245814438,0.2337966494549591,-0.0130997638753324,0.9717843708357566,-0.1534589433277056,-0.2085960437579999,0.0376979767797931,-0.352904826960734,-0.6299791124896532,-0.1283940961335405,1666.1169326130666,1556.8149502959054,1610.0520691620757,1709.3935343798098,0.208152783036021,0.1051516152827323,8.731401708363773
1.4100000000000004,0.8318531128752026,0.0275051442195828,0.5789460794626552,-0.0305185199406744,0.2308202529977243,-0.0130472851126588,0.97243015126943,-0.1012977993479578,-0.2032401438522116,0.0110148603003541,-0.2711463153764635,-1.0081551760223657,-0.0911667913379543,1667.2603131586156,1588.9503992476612,1631.562069175424,1706.0539504279182,0.1586008262242888,0.0336669727493618,8.939071244204673
1.4200000000000006,0.831582762287432,0.0251548279188711,0.5788107747450622,-0.0322456018497586,0.2266758969510292,-0.012943446537973,0.9733502586913468,-0.0568335053047631,-0.1990884603534065,-0.0102014964671648,-0.2122779536944807,-1.249721299522651,-0.0634895736781443,1674.429881912799,1615.8753179256082,1652.047306215915,1702.8011880973504,0.0849209299640478,0.0053130816165953,9.036766803614984
1.4300000000000004,0.8316329940724289,0.0229490331476919,0.5785371617646548,-0.0335762723875026,0.2216855782255942,-0.0127705682476286,0.9744562847690896,-0.0194303759909184,-0.1960380641639847,-0.0272412319720342,-0.181394524472427,-1.376949655220403,-0.0495760592648989,1685.776135631626,1638.1252881315563,1674.7376648456916,1713.1304900102486,0.0533130646518338,0.016542644259836,9.224050062426931
1.4400000000000006,0.8320223579518228,0.0209266055825452,0.5781144462528454,-0.0346374153666394,0.2160542091456222,-0.012510233317634,0.9756865901658776,0.0146082675706876,-0.192896763788617,-0.0417059245166702,-0.1699902783659594,-1.4583098987363416,-0.0458312591858048,1695.1243200270223,1657.993427281744,1701.1362848857675,1739.9871172623984,-0.002462443044358,0.0751478960105973,9.453605289316847
1.4500000000000004,0.8327966577799806,0.019086605930048,0.577529614882649,-0.0355592785706958,0.2098537502881419,-0.0121611884328689,0.977010259257002,0.050189534927494,-0.1880251014108543,-0.0545241527078045,-0.1608188764222623,-1.557251006057961,-0.0437965052915794,1698.752602955494,1677.8921573535831,1727.274151321637,1770.0082773344532,-0.2232296861079419,0.0632445459185666,9.863464282428955
1.4600000000000006,0.8340163051471319,0.0173827690009603,0.5767788839819539,-0.0364127133443287,0.2030471756527675,-0.0117427847141102,0.9784212108154116,0.0906841602543048,-0.1806421264630343,-0.0660996089449006,-0.1361416919854644,-1.698665804956367,-0.0365914953092404,1699.5290035955468,1700.8886189012294,1748.514286568295,1785.130830997066,-0.2232296861079419,0.0632445459185666,9.863464282428955
1.4700000000000004,0.8357355604874823,0.0157373487422049,0.5758742359960641,-0.0371859885573537,0.1955374057381265,-0.0112849300433895,0.979926005148415,0.1346640809089516,-0.171741612776643,-0.0763727664918133,-0.0892486566028891,-1.859817952685065,-0.0234090006702583,1704.437707435522,1728.4301363063832,1764.9377867742726,1781.505347575656,-0.0987277576501637,-0.0133522213185586,10.052011156189357
1.4800000000000006,0.8379793178778824,0.0140696862275276,0.5748427620300167,-0.0378158141687677,0.1872141802682166,-0.0108144790908803,0.9815313861243796,0.1767742460817465,-0.1633912090875125,-0.0848238543222127,-0.0314867847774301,-1.991463242240108,-0.0090659855504766,1718.822590148936,1756.1150553450157,1779.1872289181945,1773.4550677733464,-0.167187086470034,0.0401486792070487,10.204073695234449
1.4900000000000004,0.840723359000951,0.0123272347975244,0.5737204843892775,-0.0382476492192499,0.1779996444725855,-0.0103471908845161,0.983232515500598,0.2137387172293319,-0.1568009129235882,-0.0908411969343319,0.0150239471445283,-2.061488528202681,0.0001757434837887,1741.6474537649108,1775.548398394321,1792.5114323489604,1777.5364394873957,-0.4375628535418716,-0.0060303735406793,10.487237879436856
1.5000000000000009,0.8438842727060663,0.0105059479809064,0.5725444448539072,-0.0384816221191736,0.1679205143329971,-0.0098883264780471,0.9849995363575976,0.2482182616454527,-0.1512312638154324,-0.0940410088587751,0.0357252660281185,-2.0839227683528785,0.0013318083212543,1764.1410722084534,1783.117431753616,1805.7509317909,1795.7465984531814,-0.4375628535418716,-0.0060303735406793,10.487237879436856
1.5100000000000005,0.8473277798754302,0.0086517100277743,0.5713458742338646,-0.0385761625986763,0.1571943557018985,-0.0094392231544869,0.986768825653134,0.2850275058302445,-0.1449453550025204,-0.0942710097109644,0.0360751878143393,-2.101865350582039,-0.0031198028267928,1774.800899991424,1785.1916592554355,1820.5769063259943,1815.5140006005493,-0.2358585685543359,-0.0380538096141594,10.597688036515954
1.520000000000001,0.8509029738263809,0.0068419397258313,0.5701461084747758,-0.0386137330486372,0.1462453167455009,-0.0090040207662274,0.988453445823372,0.3247514942605947,-0.1369913583992661,-0.0917582122082107,0.0352994167974247,-2.142684545581897,-0.0072270688365281,1769.7224550301928,1792.2725088881607,1836.504048979644,1823.2486055416275,-0.2734769209742933,0.0220786095332282,10.7367816511651
1.5300000000000005,0.8544979457439967,0.0051549402064579,0.5689573126445926,-0.0386544666802513,0.1355738098811447,-0.0085914720847292,0.9899756365120274,0.3626032590841456,-0.1279392259459763,-0.0873612357561343,0.0475843949715087,-2.195275467283522,-0.0064421656531132,1757.668907807074,1807.9473969244727,1849.1225851464903,1815.477345127288,-0.3078446364936251,0.0059553796653544,10.92952545032652
1.5400000000000007,0.8580946303747321,0.0036407920888609,0.5677890331034395,-0.0387043701073835,0.1255150472783476,-0.008210596314331,0.9913024416137932,0.3927333951601229,-0.119195184336387,-0.0822408329835434,0.0702558661875426,-2.230098161839837,-0.0013656191013194,1751.405031090932,1824.7469003864635,1854.2724492397465,1798.3394555144869,-0.2924565248652033,-0.0046051872521498,10.867738791000368
1.5500000000000005,0.8617917811271711,0.0023071776023159,0.5666578600794843,-0.0387126909546925,0.1160281824320144,-0.0078632907617382,0.9924600531502344,0.4130165346708345,-0.1117909691117735,-0.0770194945706595,0.0908757910743143,-2.2326561455497504,0.003096743070325,1754.0185030802293,1831.6792942517657,1853.0438583499515,1780.5097637600174,-0.3485765837070405,-0.010310559251345,10.920682303489972
1.5600000000000007,0.8657736495725313,0.0011260132705797,0.565595289990212,-0.0385978156578952,0.1066704115003732,-0.0075399162459793,0.993516372084418,0.4269981103990609,-0.1055817840698331,-0.0713085529668695,0.1037828495489284,-2.212618334934449,0.002390956613802,1757.1263171469382,1825.6503395819957,1850.567480706382,1768.5032950622804,-0.5905184574926436,0.0448794984095783,10.8844683544068
1.5700000000000005,0.8702268151701413,5.631717040113435e-05,0.5646501666501601,-0.038288098529556,0.0968176573877779,-0.0072222584772614,0.9945391906362572,0.4419318674444875,-0.0994046701149176,-0.0640351351099944,0.1160619308113331,-2.186415584030221,-0.0037199744822888,1753.2983481970714,1814.2624996493555,1849.9213929560929,1765.4488806329018,-0.5905184574926436,0.0448794984095783,10.8844683544068
1.5800000000000007,0.8752393053791668,-0.0009297160544861,0.5638828903150207,-0.0377573370652714,0.0860323864430515,-0.006891882039275,0.9955527680352306,0.4634448557549674,-0.0921492658783344,-0.0542975110224787,0.1364998215647921,-2.160913412977941,-0.0115258293865544,1746.2081672937975,1806.8126165164529,1848.7210572122824,1769.9026476314095,-0.6256692680939551,-0.0009605629862695,10.796230536644794
1.5900000000000003,0.8807362642298961,-0.0018326261037478,0.5633484403657267,-0.0370375755175215,0.0743466527315394,-0.006538186163658,0.9965229778329696,0.490657021467158,-0.0837884903210362,-0.0422123789391265,0.1622852724965728,-2.1370557453287167,-0.0172877953560987,1744.209053414825,1804.6898173905736,1842.8212045472624,1775.3685009804535,-0.3009948311023003,-0.0980767964369415,10.748126092940591
1.6000000000000008,0.8864947096927641,-0.0026319256360344,0.5630700972127224,-0.0362035373670999,0.0622582035212098,-0.0061638801705503,0.9973841920532248,0.5166602349575333,-0.0752996049629621,-0.0290840360502203,0.1808065382916029,-2.122070016621274,-0.0205352365200007,1745.8132013407812,1803.6398086920728,1833.480403006048,1773.439736788896,-0.3504770817993959,-0.0804874425990509,10.74518566255685
1.6100000000000003,0.8922359017701648,-0.0033078539280126,0.563015568177189,-0.0353372541186394,0.0504429753760006,-0.005788416893581,0.9980848054832,0.534327344619036,-0.0676415481589551,-0.0166613768511815,0.1847377792870128,-2.125902096464708,-0.023490779170558,1738.8095828042794,1803.59088851158,1829.072526902296,1759.6188635395065,-0.3888612455744086,-0.0461273055685373,10.703169872494378
1.6200000000000003,0.8977464180799564,-0.0038635247832463,0.5630915367507026,-0.0344916411346453,0.0393918024087604,-0.005446415096582,0.9986135134061744,0.5418326985585971,-0.0609653081963629,-0.0062604489161133,0.1816474028759648,-2.140042528113523,-0.0278412100326812,1716.7250793850294,1809.2279244519636,1836.3085726854904,1737.3181744722283,-0.3316396151946972,-0.0799688878760186,10.52544379960795
1.630000000000001,0.9029631300309372,-0.0043331258701994,0.5631645353013127,-0.0336724129438702,0.0292045265982226,-0.0051765637851791,0.998992726410002,0.543018310597787,-0.0547460453479751,0.0013864503833323,0.1861025738935035,-2.129139904786061,-0.0331068328195687,1690.5078654516446,1818.7804575767325,1849.469335348419,1716.0723100281816,-0.6970500584208621,-0.04144006422034,10.488099681697964
1.6400000000000008,0.9079823095552808,-0.0047724844226167,0.5631015773015325,-0.0328465306341517,0.0196308944525755,-0.0050041889298626,0.999255068289096,0.543250667386308,-0.0484852210110178,0.0058773114995317,0.2039554817091918,-2.060003788544555,-0.0383244597229486,1678.061444909463,1820.5907110156104,1853.7430488805912,1704.285146202274,-0.6970500584208621,-0.04144006422034,10.488099681697964
1.6500000000000006,0.9129979284211084,-0.0052393989031222,0.5628138622417584,-0.0319685078140683,0.0102776036365299,-0.0049288894257173,0.9994238797530612,0.5451837812952993,-0.0422250932173344,0.0074512797914822,0.227316308934124,-1.942737212603488,-0.0440341489664645,1684.0743539883215,1808.111183042511,1842.8275049492956,1702.6412432878665,-0.261296915456964,-0.0121097090316983,10.508063964071589
1.6600000000000004,0.9182076807266258,-0.0057746172376315,0.5622860698722422,-0.0310060326371104,0.0008292430758231,-0.0049258814232469,0.9995067153292326,0.5478766603756187,-0.0364091551424602,0.0078554644857877,0.2445270327019447,-1.829432609993451,-0.0513639469939371,1695.686463665132,1792.9349021224652,1828.0387274161612,1704.8688815504947,-0.4362022108485663,-0.0646446477677515,10.282081073249024
1.670000000000001,0.9237308033652732,-0.0063905202729979,0.5615809680704215,-0.0299504723531649,-0.0088199307989365,-0.0049589788165787,0.9995001683619772,0.5490091464202386,-0.0313190660496171,0.0102336160490954,0.2516931971694464,-1.7615700578928402,-0.0593263786145525,1698.518514377446,1792.940095119456,1823.8833788786887,1704.764234217855,-0.4362022108485663,-0.0646446477677515,10.282081073249024
1.6800000000000008,0.9295665394113106,-0.0070694356228304,0.5608202661167906,-0.0288107394977486,-0.018541661219484,-0.0049959526211701,0.999400414521738,0.5473358148444081,-0.026776222423519,0.0167059685608879,0.252878243877346,-1.7264287360633996,-0.0642238177708303,1691.7709877176571,1808.365169306022,1828.8496828122315,1701.5550207259687,-0.3660087127444793,-0.0711614066678185,10.25345329401252
1.6900000000000006,0.9356019929620658,-0.0077708694431933,0.5601527496417616,-0.0276002589355591,-0.0280395398259479,-0.0050181057944119,0.9992131046615008,0.5431705474130871,-0.0223847694216756,0.0254040547168092,0.2520793414565694,-1.6764843277965884,-0.0628117484756699,1684.6836046506637,1819.4798120508704,1828.9336307015571,1698.6971973582245,-0.4037761771333763,-0.1139889841291587,10.343716895119316
1.7000000000000004,0.9416602169119488,-0.0084454224355589,0.5597231007072079,-0.0263293089437643,-0.0369795531467385,-0.005021461188091,0.9989564880750051,0.5372526629618941,-0.0179250492023161,0.0312508194913263,0.2497471924544933,-1.5865735238409842,-0.0561615542835728,1682.7053430429137,1810.8281927524204,1817.8910563509592,1699.0135358332943,-0.4081484019862533,-0.1393639830834441,10.363324562044518
1.7100000000000002,0.9475658982290872,-0.0090509140254148,0.5596460188259905,-0.0250080087156639,-0.0451305444275661,-0.0050118635793484,0.9986554534388778,0.5297958117276595,-0.0134978049262508,0.0313152760192064,0.2475512662701451,-1.4786040558385027,-0.049494057892698,1682.9542333569912,1789.6227761513917,1803.780535079933,1701.7609989074188,-0.3345109686501222,-0.1053572218842558,10.231307795377363
1.7200000000000009,0.9532023035127,-0.0095647788070511,0.5599796787209306,-0.0236545995322733,-0.0524426378372416,-0.0049982382282588,0.998331231241542,0.5207166223597123,-0.0093935244515601,0.028809311210473,0.2509354265368113,-1.3898494408929944,-0.0473955974964133,1681.4408826077797,1774.8983195334513,1794.932045467974,1703.4774642725824,-0.3113031018294412,-0.1086992178769739,10.0652110218775
1.7300000000000006,0.9585405424282604,-0.0099882740845774,0.5606964417508772,-0.0222989518154123,-0.059031027696537,-0.0049874718961091,0.9979945990039776,0.510425745238732,-0.0058562031023471,0.0300536287608273,0.2618727780645237,-1.33055298039904,-0.0496764452264374,1677.9734145791565,1774.6851646934324,1790.0452861151116,1700.6569288617957,-0.3723370466993874,-0.0444042567992751,10.174818977344673
1.7400000000000004,0.9636342979306094,-0.0103418713091728,0.5616661837688632,-0.0209763631507803,-0.0650955782715714,-0.0049823418034914,0.9976460966437996,0.4999291313259437,-0.0029450390166157,0.0376543829709482,0.2715443425641183,-1.2800082824174797,-0.0528531858938202,1672.9600524716077,1781.1251336315352,1785.3077359798565,1692.3861926459851,-0.355900102156931,-0.06244726807793,10.204364775530829
1.7500000000000002,0.9685843107703151,-0.0106549608011036,0.5626755343384561,-0.0197159666636718,-0.0708319889816908,-0.0049820576565246,0.9972809479263712,0.4897981570970136,-0.0005890799245271,0.0482696257079772,0.2667408452810584,-1.2148050594661024,-0.0548490256623049,1665.3989003831111,1784.197645760022,1781.5438999833164,1681.7625621621146,-0.3082672898350671,-0.1057975568148302,10.135341219272776
1.760000000000001,0.9734861704755214,-0.010954708899502,0.5634891499882156,-0.0185334337204129,-0.0763672588798101,-0.0049840654473689,0.996895035947783,0.4790825581391927,0.0013070856714041,0.0569057370146084,0.2448569682128009,-1.129089856418301,-0.0560654260592237,1656.4026916802195,1781.1766618412153,1779.336648072468,1673.8731793172733,-0.3716792947628704,-0.1196808542844661,9.979788891106985
1.770000000000001,0.9783821008310316,-0.0112581639777222,0.5639307776328204,-0.0174347184129946,-0.0817236061311896,-0.0049858098719847,0.9964900523812036,0.4658486769815451,0.0028694801525296,0.0613136784781481,0.2183192419083059,-1.0310824598248325,-0.0558987405244623,1649.6713584715394,1773.320939640132,1775.1478602596649,1670.3495972350895,-0.3716792947628704,-0.1196808542844661,9.979788891106985
1.7800000000000005,0.9832392090419738,-0.0115695937058593,0.5639478864676362,-0.0164269941898937,-0.0868161294498643,-0.0049857441122162,0.9960764307445876,0.4493602531898305,0.0042776515651733,0.0616095811336186,0.2022730319261456,-0.9335184829060582,-0.0513968767253042,1645.8934390450504,1762.8399295224765,1768.495026088223,1666.7484967943374,-0.2218881764356437,-0.1214140096278776,9.957041949872671
1.7900000000000005,0.9879672197720332,-0.0118828747621941,0.5636322316578121,-0.0155233806813475,-0.0914983664978399,-0.0049835250151992,0.9956717521647744,0.4314295421353289,0.0056661195748052,0.0579468718734032,0.2003715479764514,-0.8497231411579792,-0.0415435802039396,1641.3612014311273,1755.5025808209955,1766.9950184480106,1658.367494765709,-0.1965331739743072,-0.0564219115240768,9.90136745886787
1.800000000000001,0.9924673672915872,-0.0121871115509631,0.5631882376129878,-0.0147321549778612,-0.0956445203125561,-0.0049797250735178,0.995294072966418,0.4148074127935786,0.0070390894582159,0.0508763595748704,0.2038309364037462,-0.7861891287301594,-0.0311006392597743,1635.086679437791,1758.051037316469,1776.5915516697296,1648.7159487683666,-0.1876222555073186,-0.062469412898786,9.753180606232537
1.8100000000000007,0.9966840743633768,-0.012472763920127,0.5628593147345051,-0.0140386114800164,-0.0992150205204948,-0.0049754432223103,0.9949545427081442,0.4000711466449023,0.008359229376005,0.0432297645728698,0.201524990917639,-0.7300905215720077,-0.0272052717101223,1632.926629907868,1768.7815313696278,1789.6880999752802,1648.3327210903965,-0.3312932846325283,-0.1085547896514222,9.834220338862716
1.8200000000000005,1.000630186157072,-0.0127355797117753,0.5628373449051677,-0.0133993641640743,-0.1022556659976179,-0.0049719966635826,0.9946554755595324,0.3847593136709646,0.0096560596372766,0.0390487154414419,0.1885505588719492,-0.6513032647527635,-0.0316876626118707,1640.296351585936,1776.0756722448275,1791.394768331868,1662.4471203759122,-0.3312932846325283,-0.1085547896514222,9.834220338862716
1.8300000000000003,1.0043762138388488,-0.0129765187882964,0.563191363033574,-0.0127589697269694,-0.1048395530974504,-0.0049706256399925,0.9943948761325052,0.3661236503059544,0.0109514782892904,0.0397523486155663,0.1675648513239146,-0.5299055597605976,-0.0382431810520198,1653.0864829216289,1770.291905055105,1777.845360821002,1681.7343975031015,-0.1726418411601575,-0.1253296413211599,9.872377988700958
1.840000000000001,1.0080163273313605,-0.0131977656412715,0.5638476547318176,-0.0120772258820164,-0.1070103990238186,-0.0049720493782868,0.9941721147974016,0.3445046513097334,0.0121341592809625,0.0426091666855419,0.1466450259071759,-0.3845820168518202,-0.0380131676111414,1660.4619785178795,1754.276517593761,1760.8836112448153,1689.435737762287,-0.1726418411601575,-0.1253296413211599,9.872377988700958
1.8500000000000008,1.0116314727590845,-0.0133975793466864,0.5646289913734127,-0.0113457463103249,-0.1087728179918591,-0.0049758659013496,0.9939894309625747,0.3232638827996828,0.013031613409073,0.0436258653790235,0.1357477445654837,-0.2637026865288885,-0.027709820768945,1656.8840489159784,1739.644952116334,1752.8848719802368,1678.7755599117202,-0.1023122805798943,-0.0881481358816064,9.769077954417355
1.8600000000000003,1.0152623090126365,-0.0135682400810346,0.5653298577781097,-0.0105832711105529,-0.1101217193500641,-0.0049800987933442,0.9938492843062244,0.3049618881712285,0.0136223400524159,0.0410122994038829,0.1394678817503562,-0.1979361625532675,-0.0122715596498514,1648.1552754506386,1734.7202004109324,1753.8922397028991,1660.2336808255482,-0.0691207354669209,-0.1101412237153899,9.76107126348676
1.8700000000000003,1.018894150651837,-0.013699655600604,0.5657904109060047,-0.009818229092561,-0.1110694241845884,-0.0049814255941212,0.9937516645459468,0.2881246411125199,0.0140978504774879,0.0355102808865895,0.1496781979362596,-0.1643461582081444,-0.0002899846591289,1644.410098143259,1738.3692682246049,1757.2961802762989,1649.5713917905068,-0.0691207354669209,-0.1101412237153899,9.76107126348676
1.880000000000001,1.0224541641014435,-0.0137870064413909,0.5659413578423944,-0.009075354844348,-0.1116426418173401,-0.0049765224606332,0.9936945167840532,0.2687079854662567,0.0146789712079888,0.0288140749113203,0.1491659427224536,-0.1077952250431942,0.0027115386015479,1649.2653406556376,1744.383486215246,1761.7663548570367,1651.8849648323703,-0.1032754826824113,-0.0894390527192941,9.71696769299072
1.8900000000000008,1.025825775937976,-0.0138375559801125,0.5658114440969236,-0.008373377158405,-0.1118578010380362,-0.0049644067511541,0.9936765437341808,0.24464521953811,0.0154221254789163,0.0227589741630978,0.1285398351309137,0.0013873815483109,-0.002571581736746,1657.908874273716,1748.6558227199737,1770.2758056616735,1660.718714555688,-0.097154579093853,-0.1262773953530886,9.684154528056848
1.9000000000000008,1.028883437356071,-0.0138720063672489,0.565503941896543,-0.0077262107172733,-0.1117031251856887,-0.0049487898293415,0.9936992638474318,0.2179565228715147,0.0162393524666395,0.0187624433539888,0.0992955525584969,0.1397258737239529,-0.0110434937925136,1664.8055938808343,1751.0390746130058,1780.3751577423018,1669.1870912982597,-0.0411502384646427,-0.0782888468321556,9.746898848887064
1.9100000000000004,1.0315372072835187,-0.0139188944633648,0.5651560246856345,-0.0071395229815835,-0.1111454098628896,-0.0049387055144406,0.9937662372338112,0.1923089100270276,0.0170299778094182,0.0163208340865649,0.0846494235635621,0.2599743363840235,-0.0174918669167287,1669.9444082390708,1752.5862059068954,1784.566990007089,1675.6629647604896,-0.0304336904411495,-0.0930412373813813,9.903223903089977
1.920000000000001,1.0337648367104937,-0.014004091212133,0.5648971979700836,-0.0066062011483353,-0.110155183324153,-0.0049456849641338,0.9938801406072292,0.1695047295372986,0.0176882701453799,0.0127641184319863,0.0952409430155649,0.3370668188516816,-0.0197760854495358,1676.1803077441996,1753.4944529211857,1781.1767713964489,1679.6972599528904,-0.0242379005006143,-0.0969437584319583,9.985698394603176
1.9300000000000008,1.035614408341325,-0.0141398279506327,0.5648174727045425,-0.0061094613241507,-0.1087289943064274,-0.0049770137907476,0.994040195169777,0.1487237219112566,0.0180126330511024,0.0062896540922719,0.1169058491223278,0.3826094003884533,-0.0187554120921175,1683.2509459276434,1753.6404565103012,1776.8958656699278,1679.848365896596,0.0036669027525664,-0.0763426215765134,9.861913654765749
1.9400000000000008,1.03717893146388,-0.0143182710102582,0.5649456919617225,-0.0056348260960773,-0.1068922847169345,-0.0050270657276778,0.9942419307256308,0.128498208609919,0.0177625605462619,-0.0011340088957451,0.1240229541766621,0.4253355999822606,-0.0158334153651605,1687.7779042406448,1753.3755141473448,1776.5229395610618,1678.2174688621049,0.0160291610969305,-0.1386787027593401,9.7926842959168
1.9500000000000004,1.0385589182488737,-0.0145131953331209,0.565236215073568,-0.005183343326261,-0.104684404772669,-0.0050713614138797,0.9944790544012296,0.1087725985484717,0.0169058825244309,-0.0055030484054661,0.103510499468632,0.4849238396225362,-0.011371306685959,1689.1221534114536,1752.6938651729645,1777.313783056305,1681.9872135628943,-0.0146243046375111,-0.1271059461777132,9.95600904299811
1.960000000000001,1.0398306265711972,-0.0146898024567196,0.5655709278278482,-0.004776859964316,-0.1021421938143878,-0.0050690012428278,0.9947454242559076,0.0908620565752553,0.0157653540943801,-0.0051155203320654,0.0665028803642363,0.5591537836056458,-0.0058555309715252,1692.1440820869934,1750.6544908583614,1776.1058713679713,1696.020310659581,0.0579589285180273,-0.0858989506575594,10.027895565320824
1.9700000000000009,1.0410299987400202,-0.0148186136529009,0.5657874914628921,-0.0044508501730409,-0.099297616402788,-0.0049765710879601,0.995035379797959,0.0753810475008246,0.0148362827913095,-0.0017287832895837,0.0388077964931631,0.6283743205477318,-0.0015212463619393,1701.599189453665,1747.632003850551,1775.3111622548493,1714.9584672306516,0.1126815127237437,-0.0550552270059336,10.086748145699367
1.9800000000000009,1.042153382908641,-0.0148872610145044,0.565732725501652,-0.0042375044745734,-0.0961911506933782,-0.0047701034217974,0.995342429617796,0.0605400932358722,0.0144385341376826,0.0021512308638887,0.037937694421946,0.6728101332508362,-0.0009295544952504,1715.2851970944694,1747.3672170555233,1777.6785857642967,1725.7522001001828,0.2151262211188911,-0.0841094178533428,10.152377913125353
1.9900000000000004,1.0431703767122529,-0.0149053409416278,0.5653220607184356,-0.0041462032304162,-0.0928876224480459,-0.0044640343985761,0.9956579588350658,0.0433977552477195,0.0145420227547463,0.005236504019644,0.0551583927394192,0.6904918879293602,-0.0034309200800954,1726.0035218388334,1753.19737985871,1780.4887133843306,1720.2356522408454,0.2151262211188911,-0.0841094178533428,10.152377913125353
2.0,1.0440417697606652,-0.0149009825448719,0.5645784798950577,-0.0041465617529826,-0.0894735983674501,-0.0041137168159985,0.995972067155885,0.0233806643417608,0.014874465937788,0.0064882736837027,0.061651188003347,0.6992837903211131,-0.0045614897219524,1729.2390675165889,1761.3101981219256,1780.8283050772495,1705.4143370720367,0.1244423385729258,-0.1180140446635811,10.147317947405249
2.0100000000000007,1.04473565493001,-0.0149109915982016,0.563632184218417,-0.0041566267125049,-0.0860233430342535,-0.0037962363928743,0.9962772181962376,0.0038295104270897,0.0151377849003446,0.0043094089349653,0.0396850253328577,0.7189654246625421,-0.000655484387498,1725.7944892917892,1761.6907101015822,1782.9366550749548,1698.4610453728487,0.1056889134603091,-0.0739570103919423,10.136606387262232
2.0200000000000005,1.045236931734297,-0.0149681817215206,0.5626790152194727,-0.0040447739381914,-0.0825481732780555,-0.0035789865187386,0.9965724407928124,-0.0111184701919866,0.01513244317387,-0.0013867135879795,0.0098776824907456,0.7515139021608901,0.0060575225481851,1719.8970448435575,1750.4910997340305,1791.300222128402,1707.8196854470548,0.1113020630134018,-0.0920052098515819,10.142836059417956
2.03,1.0455489716745787,-0.0150900207402599,0.5619126169331997,-0.0036661352356815,-0.0789730988944994,-0.0034935903821349,0.9968638843541656,-0.0211961573188322,0.0147579734776054,-0.0069671930198937,0.0168866263226953,0.7811835558277986,0.0090195336796755,1720.7407588587696,1742.157902179892,1795.6191475033318,1719.6184270357096,0.1480980102205986,-0.0969654185815287,10.12275260801468
2.04,1.045689414165123,-0.0152723475483574,0.5614572816559918,-0.0029550467544867,-0.0751779783364261,-0.0035267597183302,0.9971595164454962,-0.0306210574494353,0.0139954833844406,-0.0072635832087491,0.0706460277707677,0.7934395277741026,0.0058865886585819,1742.4780900688231,1762.8758166116736,1773.961440667648,1708.9706363981006,0.1480980102205986,-0.0969654185815287,10.12275260801468
2.0500000000000007,1.045683153715672,-0.0154904326500642,0.5613315870523091,-0.0020657542847921,-0.0710873483705533,-0.0036273269691666,0.9974613596826382,-0.0436358262265912,0.0129341923282974,-0.0008286329282013,0.0946527978637972,0.791665465971735,0.0045576428353061,1790.772610224145,1822.0650838811569,1720.166498513563,1670.2419436093887,0.224194599634014,-0.1581960512702496,10.198217850534352
2.0600000000000005,1.0455548284395058,-0.0157068635396755,0.5614608691003506,-0.001500622079448,-0.0667384152084592,-0.003722434320062,0.9977624344259364,-0.060020681836193,0.0117776100733493,0.0083367530001702,-0.0507595006181839,0.7947601363220731,0.0175533637093569,1846.408971770879,1890.4806845724115,1661.3054555600145,1631.2994985842356,0.1704038989663541,-0.2259870417937294,10.121978707953222
2.0700000000000003,1.0453225231629828,-0.0158826684343829,0.5617296791778884,-0.0021266216375367,-0.0622646776372573,-0.0037380214776923,0.998050406840542,-0.0756109153494038,0.010797033576221,0.0151269999708246,-0.4624552766488156,0.817459944363093,0.049142076759866,1873.9165708,1919.7010235918408,1635.0878576640143,1627.5076845826422,0.1211242734785835,-0.404933122693687,10.10326254101218
2.08,1.0449948429299494,-0.0159868818417125,0.5620416763104094,-0.0050004356087902,-0.0578088978159456,-0.003622115259373,0.9983085731666717,-0.0869025951395456,0.0103418564019571,0.0182901087449223,-1.0951874862839548,0.8510137012084387,0.0897646897355788,1854.4929495862616,1889.6031459612864,1651.8560091634783,1663.0553530441491,0.1996566337959355,-0.418974243766867,10.11698834870048
2.0900000000000007,1.044573441647006,-0.0160013720023638,0.5623546529987462,-0.0110118867858523,-0.0534473176982203,-0.0033675013809504,0.9985042726572232,-0.0944040199571528,0.0109607279306856,0.020372338325012,-1.7764965085465263,0.8651435827625924,0.1238798535490271,1804.7836856254285,1827.987067639019,1689.4508183941855,1708.162268678768,0.3495530799598297,0.3391656194302354,10.366299879078705
2.1000000000000005,1.0440605936527216,-0.0159205720187793,0.5626800324982113,-0.0204809156425266,-0.0491921130439587,-0.003024065867173,0.9985747458925373,-0.1014498406140576,0.0134726625335527,0.0241734819175227,-2.3294029311730813,0.8351933337082676,0.1414775611022151,1759.7496569898346,1780.893988530908,1721.2345346078916,1732.2539127487842,0.3495530799598297,0.3391656194302354,10.366299879078705
2.1100000000000003,1.043467288172715,-0.0157473937154,0.5630567784760955,-0.0329306132605804,-0.045057133418726,-0.0026885030929867,0.9984378805862127,-0.1104506913232722,0.018805187049618,0.0306757359509968,-2.68065364650286,0.7692190858473604,0.1420253447917903,1743.1653039311957,1772.68686092463,1736.640069504639,1729.463647751534,0.1623983479142469,0.093400792235751,10.177574163065795
2.12,1.0428154307453716,-0.0154864976615638,0.5635163276021423,-0.0472176777454617,-0.0411104349123949,-0.0024683281001146,0.998035235052365,-0.1207689814595385,0.0275784350519034,0.0394725833797606,-2.867636535689102,0.703397303188737,0.1312179141896186,1754.74444588857,1793.682428737404,1739.7027785140635,1715.5317915850342,0.1660184374034284,0.1965988158747145,10.192582351893892
2.130000000000001,1.0421310096787542,-0.0151357498261937,0.5640547692328282,-0.0620086489730213,-0.0374562757233831,-0.0024354326668452,0.9973695521366188,-0.1299112344161712,0.0395445529197529,0.049162005293486,-2.976469248945607,0.6681191890043214,0.1166197623794547,1776.924819731031,1814.722059250488,1742.7609987179148,1712.038764743483,0.1562538036887134,0.1698156417824465,10.315818923029758
2.140000000000001,1.041431752326567,-0.0146777897421968,0.5646268473724595,-0.0763639874885673,-0.0341611274975637,-0.0025961848059841,0.9964912536532342,-0.1361254546643759,0.053267715622673,0.0570885419743043,-3.0805078365045246,0.6622078048223057,0.1041114270984946,1792.038084172012,1813.6709894862945,1759.3773912523488,1732.0813801928837,0.0710841073803565,-0.1447287925556917,10.317139782051193
2.1500000000000004,1.040717460195926,-0.0140757144355384,0.5651670030292429,-0.0901099509997834,-0.0311876510386207,-0.0028967574937626,0.9954391673776616,-0.1396874885797676,0.0668026713999289,0.0604205753622566,-3.2052826595169743,0.6615209520362939,0.0952209396485491,1797.7634171730783,1795.9138087864624,1791.525040211434,1770.6723135510176,0.3133124573751674,0.612955600119911,10.495340086554377
2.16,1.0399698242053044,-0.0132769844731871,0.5656248530106814,-0.1038013605837315,-0.0283896987391457,-0.0032582208477369,0.9941874504052916,-0.1421489088492835,0.0797356432524332,0.0587650656360553,-3.323966805131888,0.6466058088534435,0.0877981195584718,1805.948197904343,1787.7611279302275,1825.4681549998784,1807.6448127022504,0.3133124573751674,0.612955600119911,10.495340086554377
2.170000000000001,1.0391621023178714,-0.0122256100485557,0.5659916256713827,-0.1183098580982673,-0.0255737663934186,-0.0036154734525365,0.9926407649804316,-0.1448393799768012,0.0952828569557873,0.0553702463262755,-3.388629338154228,0.616826208612403,0.0799069185752449,1825.162311985565,1806.016431098164,1848.2266318685445,1826.301863430133,0.2884568433404697,0.6383732021590669,11.19970837122089
2.1800000000000006,1.038272755873968,-0.0108766776226792,0.5663024884104324,-0.1342636642508883,-0.0225909987528337,-0.0039349906688153,0.9906802870178202,-0.1480926979897961,0.1195709199103704,0.0548622083909837,-3.378739097488156,0.5813883305740969,0.0717733311913523,1849.3187011976895,1838.9875662346287,1865.1689970093407,1831.1987913304465,0.2884568433404697,0.6383732021590669,11.19970837122089
2.1900000000000004,1.0372954149345055,-0.0092043241809998,0.5666189621432174,-0.1516283781121488,-0.0194108751552032,-0.0042078035714856,0.9882380013265488,-0.1514623391138116,0.156793297967164,0.0595873161520821,-3.320741934176415,0.545482112465416,0.0634674128801776,1867.7796360254652,1862.3633542995735,1893.2258106363124,1842.693292457302,0.3229333734060298,0.6209237734866542,11.377442782978946
2.2,1.036240543568952,-0.0071974680256351,0.5670068973747355,-0.1696505195289761,-0.016138797783946,-0.0044353773604378,0.9853621506112906,-0.1542845394744382,0.2041673084737589,0.0683589922451557,-3.2552289596467032,0.5090720190338174,0.0529408856751712,1882.8248971145188,1870.0584300177677,1936.1838201189175,1870.3172338021927,0.195982168508784,-0.1458857225952652,11.396330326981117
2.210000000000001,1.0351293388916163,-0.004845896392699,0.5675214315067002,-0.1872051219102744,-0.0129662583141402,-0.0046264781939553,0.9822243705871948,-0.1560995345484088,0.2531722475933285,0.0784722310469877,-3.1920945987566665,0.4739790889190611,0.0383167848496957,1908.8155719657896,1881.390291236603,1974.6391948003384,1897.6329354570855,0.3108621432155848,0.113378891123216,12.05932098548932
2.2200000000000006,1.0339849562396253,-0.0021272681600899,0.5682002804523156,-0.2033470753042761,-0.0100790072240151,-0.0048048640967254,0.97904305005428,-0.1568565638388013,0.2974196024617929,0.0883727033607126,-3.1145708709919155,0.444291119616078,0.02133004300849,1951.0022272159104,1913.9130514476076,1987.669090612585,1903.234795605987,0.2612011784118525,0.2194027537966318,12.485395286178276
2.2300000000000004,1.0328273608897207,0.0009942616464774,0.5690618116560979,-0.2177235028976413,-0.0075758066400896,-0.0050128550603065,0.9759682139925856,-0.1568599011090828,0.3388891065370725,0.098468219035092,-3.0247029759215645,0.4191580468940957,0.0066777601355775,1992.2823364950768,1955.915656274614,1980.160595734911,1893.034349606878,0.229806896997876,0.5316157354080984,12.839008777006844
2.24,1.0316745155360725,0.0045571943700054,0.5701053115453654,-0.23061161615657,-0.0054416769138901,-0.0052999869124148,0.973016228428256,-0.156450460168318,0.3853441137659631,0.1099499890008143,-2.956202224120716,0.3917805490755173,-0.0024411114902146,2009.4622116909104,1977.5856125018363,1977.3011198716877,1896.601982527579,0.229806896997876,0.5316157354080984,12.839008777006844
2.25,1.030546660544845,0.0085913767443846,0.5713131740869148,-0.2426261882457664,-0.0035798717818486,-0.0057012369671915,0.9700964968457516,-0.1556758956965097,0.4422663266422358,0.1231053427167827,-2.9252728891803503,0.3590806546049083,-0.0073208162005368,1999.678150519684,1969.034046483347,1992.523780365016,1928.926770751301,0.1940956630072358,0.0549652508588627,12.788502020600374
2.2600000000000007,1.0294674465789857,0.0131197525100502,0.5726564907467554,-0.2543441042996306,-0.0018714782417915,-0.0062182389058589,0.9670919851193674,-0.1542765733463567,0.5084481267759347,0.1367189656392082,-2.8904018634996773,0.327995651691728,-0.0119555280146432,1981.8302981925656,1953.834547389652,2013.369374432608,1970.30889647403,0.2557226939651374,0.7015083587765014,13.285811316681336
2.2700000000000005,1.0284586978331132,0.0181740487894296,0.5741052135145496,-0.2660736262594267,-0.0002256007695037,-0.0068143686852751,0.9639285963663868,-0.1520125122078899,0.5780907409072811,0.1489683782393941,-2.792565370738144,0.3079952651048568,-0.0187684421249824,1972.8909632722389,1958.7565888093488,2021.4309816391356,1991.3677756926447,0.2557226939651374,0.7015083587765014,13.285811316681336
2.28,1.0275318185072724,0.0238098911019625,0.5756400048564746,-0.2778356373294222,0.0013998021012362,-0.0074280242727107,0.9605988880064537,-0.1489660124307986,0.6452170769669341,0.1586717181463706,-2.6319503186684643,0.2999428536931076,-0.0265885510693211,1971.259294124915,1979.2366399640644,2014.954304255816,1987.170380265315,0.197750115927164,0.1285991294046837,13.164781224603288
2.29,1.026682373182039,0.0301038962085159,0.5772582416989455,-0.289484346282367,0.0030048585673933,-0.0080011759644821,0.9571445895295266,-0.1454286367237346,0.7078254620930995,0.1657018295916897,-2.472709920354239,0.2956294399766525,-0.0327520019093616,1965.2549598828605,1985.159388906272,2005.96711897357,1976.9141857517416,0.2165069290303102,0.3376347713085801,13.005817224111116
2.3000000000000007,1.025892227367837,0.0371276799173374,0.5789676808540716,-0.3008411679696862,0.0045658701634813,-0.0085095465897997,0.953625362551312,-0.1414901837947755,0.7708405535170552,0.1705838917867048,-2.3596950303901507,0.2855373794864116,-0.0365716845305,1951.917470179548,1959.9105893618373,2001.5707430312968,1975.5997014782613,0.2165069290303102,0.3376347713085801,13.005817224111116
2.3100000000000005,1.0251381079287314,0.0449128395720575,0.5807694886719242,-0.3117457087891287,0.0060467445847454,-0.0089732070900466,0.9501039582519428,-0.1369177675887481,0.8437788389360028,0.1738479455409358,-2.2552010123065083,0.2631782284040213,-0.0400165330472916,1941.0866728872743,1922.847849292271,1995.8424469250892,1976.6687270649827,0.2342296891040869,0.2566891565015616,12.555615108220575
2.3200000000000003,1.024401187086594,0.0534346135090977,0.5826418181239557,-0.3220246401940882,0.0074012724106155,-0.0094360366432558,0.9466553298255068,-0.1315969305458102,0.931652537425616,0.1755435926516931,-2.082401358671813,0.2249294131822043,-0.0448964550506852,1939.216892015006,1904.9199791434148,1980.953036788955,1964.142383430124,0.2342296891040869,0.2566891565015616,12.555615108220575
2.33,1.0236723061688136,0.0626377158730122,0.5845375413330063,-0.3314647494706734,0.0085798750441687,-0.0099269296981323,0.9433763626831756,-0.1259993024756678,1.0273498908077363,0.1752238021567864,-1.823499290914767,0.1735290924280531,-0.0501776149186998,1935.32277657547,1909.2147633297377,1959.9769562728068,1935.2713894949047,0.2065330965348311,0.0045978208409129,12.458383896644833
2.3400000000000007,1.0229509954310947,0.0725012854767856,0.5864011708743212,-0.3398594201874912,0.009550729076492,-0.0104317089039411,0.9403698939955878,-0.1209512786602119,1.115839059503138,0.1723783074802682,-1.547999724183697,0.1239546347531253,-0.05290490284716,1911.9855767089125,1909.749030376296,1942.228290754901,1905.2518730367344,0.2404119787190054,-0.1727793028717243,12.177812445143324
2.3500000000000005,1.0222405332878248,0.0831049941074632,0.5881952760408008,-0.3470971655881888,0.0103245292923921,-0.0108960932261896,0.9377090363689272,-0.1168020778291411,1.1882096698190212,0.1667545545416904,-1.331658244523081,0.0980591471103882,-0.0513151856300804,1869.264068875138,1887.78311904164,1928.4381751619171,1889.531605870557,0.1861179910134531,0.0864185297795963,11.508832816894678
2.3600000000000003,1.0215435189196684,0.0946439548798306,0.5899177214265524,-0.3531937887957136,0.010959717689716,-0.0112558083788689,0.9354182695040912,-0.1129398361168471,1.2507751730967351,0.1580958590446286,-1.163002059315885,0.1045070911661152,-0.0455622286391167,1827.8003056075977,1853.7813687022733,1909.3180479453667,1885.8717676749488,0.1861179910134531,0.0864185297795963,11.508832816894678
2.37,1.0208616963106978,0.1073653932716851,0.5915968153306606,-0.3582154830589795,0.0115374692552746,-0.0114716144839455,0.9334971647311722,-0.1083042943517763,1.3188709431562948,0.1457181637736243,-0.9519483690117296,0.1247519376082369,-0.0354872582968663,1805.3930448721487,1829.1042549644524,1880.3143078972785,1877.5348524048609,0.2272365300937309,-0.1380875838989714,10.90573223835355
2.380000000000001,1.0202003217873212,0.1214503976182694,0.5932675305725995,-0.3621488328846695,0.0121208875541569,-0.0115473102308674,0.9319699386523168,-0.1023978790692997,1.4020543194425437,0.1289179608920439,-0.6318914399550632,0.1268515585191897,-0.0202316336152275,1797.3531539754713,1818.1596171208855,1850.2691148615904,1854.0449571795257,0.2272365300937309,-0.1380875838989714,10.90573223835355
2.390000000000001,1.0195734522779527,0.1369005343915419,0.5949441440315548,-0.3648275556011383,0.0127251376601318,-0.011523735940477,0.9309168217706688,-0.095729199969769,1.4957929910139136,0.1082406822598015,-0.2344509690758741,0.097043505409529,-0.0013882303700673,1783.7661749314125,1806.7430107748648,1831.1720387749324,1825.2446799720017,0.2121557962195163,-0.3326047451164662,10.451440697710362
2.4000000000000004,1.0190051788374104,0.1534858514987148,0.5966042604590923,-0.3659784537000284,0.0133156564466857,-0.0114575451571512,0.9304575161605724,-0.0892639377941516,1.586594157316787,0.0858838793613381,0.1502496666408529,0.0538759659989004,0.0158276056613509,1752.5189864072177,1782.0856098835245,1822.5699479553264,1810.2423616682615,0.1537323806451113,-0.4156369153204302,10.123621596339133
2.41,1.01852417537859,0.1707754764929115,0.5981901834917317,-0.3653592583218206,0.0138321433862177,-0.0113989855526848,0.9306940137855416,-0.0835169485794078,1.664303947868224,0.0637959097115095,0.4770751037326833,0.0271826495902859,0.0271047105670134,1711.4285401627592,1746.4408592305322,1810.537278819472,1812.8513305803945,0.1229256319169511,-0.455735620212554,9.870781432570944
2.420000000000001,1.0181532202103318,0.1882342769526467,0.5996248525628635,-0.3629042618165242,0.0142214212697073,-0.0113780253464069,0.9316484253578116,-0.0782197774451242,1.7296267925683768,0.0412279230760993,0.7884378177299868,0.0250226898223858,0.0337485033801439,1677.9895913790835,1711.2488420645964,1783.8558303861546,1815.364902709841,0.1723086442760315,-0.4509670041170155,9.727712073679273
2.4300000000000006,1.0178986181241054,0.2053534149276154,0.6008347244621676,-0.3587919450151097,0.0144593854789642,-0.011400244834522,0.933235929859946,-0.0727773301006331,1.790655349481663,0.0154689756822842,1.15118072032199,0.025699953487973,0.04062730892703,1659.712180324867,1684.4299048100888,1748.6409910261164,1799.8238573287697,0.1985466076642732,-0.4335160421824042,9.455559867181613
2.4400000000000004,1.0177448721202176,0.2217872005382165,0.6017690477430141,-0.3533831630742419,0.0145516145209248,-0.0114493398209424,0.935295409583594,-0.0669506776125018,1.8531151562244004,-0.013919863655254,1.5703273705176328,0.0020162012365539,0.0498617659661266,1647.0935001549465,1667.2520422751788,1721.2763262250628,1767.4809588636597,0.1738935030584117,-0.6064530646938859,9.197671876405328
2.45,1.0176575476521583,0.2374723235059012,0.6024049918160035,-0.3470330958560759,0.0145178061655481,-0.0114932137014517,0.9376700750922468,-0.0611727207892053,1.9143487504146293,-0.0425315163128571,1.978860869221917,-0.0513272282911751,0.0586355495786399,1626.498285599506,1659.660054926812,1707.377305003425,1732.2550262020982,0.195004366278878,-0.6847326346473848,8.94486979068343
2.460000000000001,1.017593352555073,0.2526965524812397,0.6027362878815898,-0.3398531097071264,0.0143755413337438,-0.0114929408089328,0.9402984206863904,-0.0562670188214961,1.9667907726601208,-0.0647710417684831,2.30730469957154,-0.1149181820936408,0.0633946658277928,1597.2867458435924,1661.7647750654876,1696.2549219243251,1703.234676275731,0.1354405322431098,-0.7094617521600415,8.842690997685477
2.4700000000000006,1.017513018792798,0.2680745159303937,0.6027561789764473,-0.3315654576309056,0.0141356953306963,-0.0114147848594447,0.9432572459886742,-0.0526986322920823,2.007425157183436,-0.0805863674817875,2.554170903208316,-0.1628480127063615,0.0643366962112809,1573.5590466488543,1669.8038723633526,1678.0926828333304,1680.6014218560538,0.0403486243412064,-1.1316575232945856,8.56080648622456
2.4800000000000004,1.0173914053220865,0.2844035740877159,0.6024494965295748,-0.3215861761643352,0.0138084641363307,-0.0112430631512738,0.94671286626367,-0.0499656609886034,2.043124505015257,-0.096919299277171,2.785764072915551,-0.180320941067397,0.0647336163883051,1570.2681006947237,1676.412229304943,1657.1623826538146,1662.7323021652846,0.0403486243412064,-1.1316575232945856,8.56080648622456
2.49,1.017220967435382,0.3024260334057174,0.6017979452258885,-0.3093377996749866,0.0134080411963999,-0.0109876758245417,0.9507942054427384,-0.0468997069410772,2.085092121499684,-0.1209242414102484,3.066943462665145,-0.1692144870835895,0.0668382933132114,1589.9447140098855,1677.1133607958027,1643.5505366683904,1650.033963837559,0.0463767866985004,-1.2787745142525604,8.51094961631507
2.5,1.0170085231940449,0.3225885829767285,0.6007900312084035,-0.2946023376873536,0.0129462619741943,-0.0106796671582187,0.9554725541005517,-0.0427757299052394,2.137941455084456,-0.1522968881749343,3.3935981794064234,-0.1443821280981314,0.0698729488269143,1621.574646778425,1673.9661028378332,1639.2853668167631,1643.344179405584,0.0304416594783806,-1.3581090131553717,8.532276455310996
2.5100000000000007,1.0167688675667992,0.344906700757936,0.5994263982412321,-0.2776607576087742,0.0124195443564899,-0.0103550726575616,0.9605430917311076,-0.0380266600257117,2.196089370442069,-0.1839085052816319,3.697068881551394,-0.1248615825119055,0.0719175940703653,1649.5905158896426,1673.0725355044945,1638.4740665027584,1642.0894104571605,0.0513165964485651,-0.737224123442445,8.608077340198767
2.5200000000000005,1.0165195875872604,0.3689809032428248,0.5977200300627293,-0.2591351024698343,0.0118051898403145,-0.0100371260344178,0.965716776421406,-0.0337008403982011,2.2510410866845776,-0.2099402119295526,3.9130886465874983,-0.1226690506191642,0.0721359071365956,1665.5302063593576,1681.6839412224622,1637.4727596385792,1644.5170172484889,0.0914421514504404,-1.5922571524398208,8.85773899420966
2.53,1.0162788100992055,0.3941235324702533,0.5956960222110179,-0.2397036149267231,0.0110786736662326,-0.0097288560531988,0.9707341496726868,-0.0303654076910103,2.2993612155127336,-0.2312650861268499,4.037661235846521,-0.1358850988433492,0.070215200208946,1675.4271276784232,1706.3005114316152,1639.7174310014325,1650.0493159514845,0.0914421514504404,-1.5922571524398208,8.85773899420966
2.54,1.0160642551345958,0.4195211877438086,0.593391775370876,-0.219924949142395,0.0102438593930684,-0.0094191093228091,0.9754175313520947,-0.0277430684234304,2.342435339540694,-0.251650460083585,4.115890930693453,-0.1526332205649469,0.0652052137903418,1695.417828753697,1747.8114203002988,1650.6406396160744,1660.9265097087682,0.0805676803509603,-1.3125733483481763,9.144584623162988
2.5500000000000007,1.0158912292458202,0.4443900118305514,0.5908527199047817,-0.2002388969093666,0.0093511900371508,-0.0090957436425933,0.9796602507282804,-0.0252381483137077,2.382046701966315,-0.270642390729048,4.191751732017627,-0.1625332638561232,0.0571335994412,1734.5527070173594,1796.9767131507149,1670.9946509185684,1679.2620586764683,0.0826143256596873,-1.4462706851034155,9.52212894339844
2.5600000000000005,1.0157693489565334,0.4681158932785762,0.5881202008052091,-0.1810383163313789,0.0084839251686211,-0.0087587896229671,0.9834004447009232,-0.0225197219793585,2.4191846912683235,-0.2832900652009591,4.278295665442167,-0.1643311672715622,0.049165371790209,1781.3543060351133,1839.2383620356636,1696.6207395681536,1702.4908351492322,0.0426874587115794,-2.0366780656955616,10.329410984837583
2.5700000000000003,1.015699977440439,0.4903736992683844,0.5852155141681676,-0.1626825584408352,0.0077175450893023,-0.0084283709473613,0.98661227807083,-0.0196917967529791,2.4547766245301745,-0.2876788525404588,4.364301770492617,-0.1632488372130813,0.0455290555530712,1814.5571491601809,1867.5657189446035,1723.0525447246243,1724.8586817707858,0.0426874587115794,-2.0366780656955616,10.329410984837583
2.58,1.015676226576285,0.5112127013133894,0.5821282629512793,-0.1453783493743109,0.0070794531683484,-0.0081413112202834,0.9893173080097468,-0.017182412015915,2.488200911332939,-0.2904497882076339,4.431915639137329,-0.1627117588135862,0.046567775285609,1830.457864840531,1890.102341764221,1748.7120434220492,1744.7987665309106,0.0247760143529139,-1.6623562678180177,10.924869113360533
2.5900000000000007,1.0156855127513618,0.5310899631775624,0.5788143978258777,-0.1289513573281411,0.00653605733499,-0.0079331490416066,0.9915976464998428,-0.0154324624386312,2.516199456876628,-0.3012909287044048,4.466602025366695,-0.1601635731623533,0.0474464097756707,1851.7973362460384,1923.1188547235515,1775.577105947356,1768.768774644932,-0.0292617293582183,-1.694598221153824,11.347901417273471
2.6000000000000005,1.0157131453009378,0.5508165779615299,0.5752039116343488,-0.1126930507779956,0.0060147906952445,-0.0078137609567631,0.9935809195727094,-0.0144561642863255,2.536033233628128,-0.3202343623131725,4.461137278305894,-0.1517240536653149,0.0427842527032899,1901.1901366627685,1974.3102844749103,1809.161729830812,1805.370079821511,-0.0292617293582183,-1.694598221153824,11.347901417273471
2.6100000000000003,1.0157453207319544,0.5713821164964398,0.5712155471665208,-0.0955314366460117,0.0054456609641985,-0.007754472040954,0.9953813126397232,-0.0136974653446424,2.549478723354934,-0.3332580915030294,4.418215052374793,-0.1404915043146836,0.0320386300147561,1970.672037088998,2033.6184131512475,1855.183251751552,1855.0595437361908,0.0680005355051799,-2.506776598517635,12.591216689756214
2.62,1.0157707817241268,0.5936844741880543,0.566778227176881,-0.0765351337778093,0.0047954302215442,-0.0076996465541993,0.997025622835012,-0.0124961149784057,2.561886185389832,-0.3255668963550765,4.352585101926071,-0.1375120534602856,0.0195561414618356,2029.9223381672496,2084.8157834006115,1911.782617124138,1906.826112585848,0.0680005355051799,-2.506776598517635,12.591216689756214
2.630000000000001,1.0157814233654638,0.6182763866627407,0.5618629868129654,-0.0553909239435367,0.0040742367508893,-0.0075990485183177,0.9984275139444002,-0.0107285540700934,2.5768948651201145,-0.299438227917335,4.289726634729756,-0.1504589963555277,0.0092217102278111,2064.688641212748,2126.1456022451366,1966.8905287821892,1947.5917485677671,0.0507924179264331,-2.744147274351559,14.059553748360935
2.640000000000001,1.015772692468834,0.6452444502859986,0.5565260518235063,-0.0324520468815637,0.0033147187080253,-0.0074419286085277,0.9994400907466484,-0.0088631081725562,2.5924582849782274,-0.2727967409587887,4.251756668708837,-0.1700737587254928,-5.260867809502544e-05,2093.052569951353,2171.271270619493,2009.1476910280992,1977.1165340158168,0.0428662459537972,-1.9488254811827612,14.595632026909648
2.6500000000000004,1.015744515150334,0.6742354517569266,0.5509496562357974,-0.0083686831626418,0.0025433802344815,-0.0072695431620096,0.999935322959101,-0.0073659590314668,2.601794542062731,-0.2567115137806414,4.233898989579782,-0.1726527567920898,-0.0121624033148032,2137.0286212758338,2225.904953659542,2040.761651033989,2010.9569409996225,0.0428662459537972,-1.9488254811827612,14.595632026909648
2.66,1.0157028190801118,0.7045447073653884,0.5454544412412561,0.0162747638537531,0.0017680735217341,-0.0071544773737035,0.9998403969789555,-0.0062168351093868,2.598140938720838,-0.2397989987561801,4.205362042435199,-0.143833029974379,-0.0274419790007978,2189.8490598804924,2274.364929485449,2073.0177029167144,2061.4518458255907,-0.0737339356587475,-2.983555147075097,15.69778847759117
2.670000000000001,1.015660843255445,0.7351957955915589,0.5404632071329659,0.040986888213185,0.0009875998334943,-0.0071537248640214,0.9991335865947748,-0.0051029478212734,2.5797991326149954,-0.2013322721516702,4.153757186358446,-0.1016194248644027,-0.0408530353527641,2224.8918134909145,2301.193685469909,2108.765107079976,2115.134797664273,-0.0651356584454968,-2.9913126870837345,16.28231725554415
2.6800000000000006,1.015638818008536,0.7650381313886904,0.5364208157954444,0.0651791571503538,0.0002108936630846,-0.0072706301260808,0.9978470679090068,-0.0039414894603199,2.5519660317300152,-0.1371964166630317,4.119784608128114,-0.0864159569402937,-0.0472900758551876,2232.272835402847,2317.6087697249936,2136.451897861338,2139.7876709764846,0.127709569770353,-2.100923933846636,16.885320976104644
2.6900000000000004,1.015660682508304,0.7929310722587766,0.5336991820580799,0.0881292704553355,-0.0005346646383286,-0.007450573388525,0.9960810382588944,-0.0030123226655767,2.5231085110029867,-0.0656071841465174,4.156018796517779,-0.1179124155884545,-0.0462131296399046,2229.618099961116,2346.263078443033,2144.408659549843,2121.0664468518053,0.0817243753927847,-2.1511240412002586,16.926659740242226
2.7,1.015747502893119,0.8180141129720643,0.5325215239606514,0.1092070427895345,-0.0012101010538573,-0.0076138681239072,0.993989127944967,-0.0025772521129059,2.4972152027173107,-0.0059510955501748,4.249490264145262,-0.16532574634219,-0.0401473192687039,2231.720301009739,2379.191991542369,2136.162504186176,2084.207764254682,0.0245885793245612,-2.2520797451596146,16.994611142338876
2.710000000000001,1.015908981313837,0.8399674096957077,0.5329288091926946,0.128157505483776,-0.0017784352373299,-0.0077015376906507,0.9917223287157964,-0.0025235129590542,2.4686997137051825,0.0427329865250009,4.320480437461352,-0.1728786421305619,-0.0319261114961497,2224.546854302328,2373.5730743621502,2126.502728237024,2068.60179334423,-0.0892205575465079,-2.280456293467582,16.896318515635148
2.7200000000000006,1.0161361881706308,0.8591479420021073,0.5347970648856583,0.1452038466369654,-0.0022165113365825,-0.0077045926790898,0.9893692785057422,-0.0024776244094738,2.427535775047746,0.0979513524586104,4.315974626518896,-0.1184417603166903,-0.0255452647083217,2184.721220814436,2304.0112269311803,2122.5096688618914,2082.2346714106743,-0.0892205575465079,-2.280456293467582,16.896318515635148
2.7300000000000004,1.0163992459715214,0.8765501044864421,0.5379025161169231,0.1609697619102746,-0.0025238790115888,-0.0076635653579819,0.9869263577143376,-0.0022298193265985,2.372024942968244,0.1697141377368078,4.280917954278055,-0.0396280478857747,-0.0266417877631634,2119.931752523633,2206.423291970957,2112.762514844214,2091.084642670736,0.0638019167858402,-2.6176183486774507,16.19786894662942
2.74,1.0166522931268074,0.8936103772149668,0.5420175038315697,0.1763911738024398,-0.0027299731968936,-0.0076431045911382,0.9842866879132068,-0.0019564029144227,2.3140186707755617,0.2460931512504747,4.310143729348587,0.0035191907223558,-0.0378926935702247,2069.275739175108,2146.4983125178437,2079.9022517908707,2058.427683470399,0.1095753706003371,-1.8006682998765102,15.78269716582301
2.75,1.016845306046806,0.911889946975223,0.547001086702698,0.1926754388708333,-0.0028951230472935,-0.007696451911613,0.9812280867089186,-0.0019852926951138,2.2663165690936538,0.3071051281793067,4.435274121087607,-0.0113117498000311,-0.0538555308851689,2053.80421906878,2141.523565948385,2024.300555187673,1988.9878185107616,0.1095753706003371,-1.8006682998765102,15.78269716582301
2.7600000000000007,1.0169402307374429,0.9326500149392888,0.5528379274109244,0.2111306464323563,-0.0030968960354791,-0.0078374011000247,0.977421523456486,-0.0023944199760344,2.2244455495676174,0.3492677429449088,4.589534144550929,-0.0517217779812223,-0.0639444724885228,2044.206786234864,2137.525766878037,1968.8605738754477,1924.747181671124,-0.097490366155135,-2.63443558332442,14.061515811672692
2.7700000000000005,1.016928400350777,0.9563661344995608,0.5596004741393565,0.2327041814855507,-0.0034006878828015,-0.0080350950042001,0.9725084248937574,-0.0029483937647475,2.1662869399694373,0.3885348313260079,4.702507056794291,-0.0729542737479095,-0.0629796555723672,1999.21989155057,2081.171195624648,1933.686146953836,1895.9462354192733,-0.097490366155135,-2.63443558332442,14.061515811672692
2.78,1.0168460541270672,0.9823304467027532,0.567359962001626,0.2574225873511734,-0.0038270832079237,-0.0082381119259374,0.9662562281648917,-0.0034925120804945,2.074714879828348,0.4382042844436782,4.803436867992968,-0.0660447650494773,-0.0570388669659175,1927.6714477772257,1994.2920990032649,1911.395952677074,1887.6737402171427,0.0439434780274543,-2.335250896387455,13.06757376630262
2.79,1.016783085534683,1.0085634940303747,0.5761081568107853,0.2842111015635842,-0.0043342149844799,-0.0084175147792731,0.9587149783816998,-0.0043274210544733,1.9604164525450456,0.4914353074321873,4.977632103501188,-0.054454784879987,-0.0560662780452763,1883.560470058443,1945.8013689429715,1879.5946394365071,1865.238898623666,0.08545691517848,-2.068221058207529,12.521517044117903
2.8000000000000007,1.0168775289748782,1.032189665475565,0.5857331086071723,0.3113801226130734,-0.0048265447669995,-0.0086017679483261,0.9502342518007034,-0.005961709123096,1.8568693089919028,0.5301123663440492,5.207859995267336,-0.0512463502608526,-0.0619085121577513,1893.9775714928128,1956.6563343977448,1835.296477623764,1824.5535979340104,0.079526827809278,-1.4797288325860052,12.137454566826287
2.8100000000000005,1.0172884124807742,1.0502331335733206,0.5960344476486078,0.3375157836026917,-0.0051898026411089,-0.0088756915250237,0.9412637164299704,-0.008243338985653,1.785698255802488,0.5463342144114987,5.319378026295372,-0.038858567745893,-0.0670233732830831,1918.3931713917368,1969.6065047965665,1801.1525517789778,1798.8641020757118,0.0112308768968633,-2.456199169896786,11.505520131715144
2.8200000000000003,1.0181465180357052,1.0605842043810192,0.6067302712651692,0.3621464977903295,-0.0053413593800277,-0.0093375488731642,0.9320591151848756,-0.0097430052640536,1.7253158774333142,0.5489695535935732,5.150380013426064,0.0018119124468271,-0.0646802983938388,1897.4279783796264,1924.2921952106735,1792.9104182431508,1811.4536384690516,0.0112308768968633,-2.456199169896786,11.505520131715144
2.83,1.0194961376934035,1.0627809243121202,0.6174370878052055,0.3857365834065475,-0.0052758937531488,-0.0100380253554902,0.922539262695042,-0.0084548024838087,1.6216072215290578,0.5502961601588217,4.769279754942005,0.0543079484014139,-0.0569198283401926,1826.7030660739367,1835.113138094128,1792.4356540780266,1835.9491103942285,-0.0002272910143435,-1.9758450456707788,11.34250479126798
2.8400000000000007,1.0212539173084405,1.0582814000339014,0.6276637532364985,0.4090854477652417,-0.0050814799888568,-0.0109393903923238,0.9124163549200984,-0.0036798010907208,1.4399118850568722,0.5520787122335158,4.458061124353432,0.0728235273413007,-0.0512051824122828,1760.7248173401915,1773.8685998135356,1762.8534672373196,1816.8554358642848,-0.0002272910143435,-1.9758450456707788,11.34250479126798
2.8500000000000005,1.0232117738389022,1.050063457940537,0.6368838211908342,0.4326112691587974,-0.0049106757692228,-0.0119223887673049,0.9014883425238428,0.002762266318064,1.2069601916946189,0.5462675384556802,4.443789701576275,0.0275686845047401,-0.0515823140288431,1747.194783195649,1786.3794360421546,1689.342627440647,1729.4007448869097,0.0920407679151094,-1.5416381069561824,10.589396299143884
2.8600000000000003,1.0250925766646215,1.041664067532449,0.6447084553245294,0.4559979709472732,-0.0049163472079541,-0.0128392479153982,0.8898746168618742,0.0076598815214017,0.9927985828124788,0.5249432191635088,4.662607469778942,-0.0629724287389261,-0.0553283547116313,1776.1442304522252,1845.132132470151,1598.7167035563723,1610.5180615068414,0.079635500259709,-1.2124533780867393,10.06132774285603
2.87,1.0266377365783246,1.0360544516213144,0.6511005913863567,0.4783503223200025,-0.0051864997782445,-0.0135816578191256,0.8780487503136054,0.0089427661750704,0.8485388734520973,0.4863805515014127,4.80831646729546,-0.1481761072316048,-0.0573648595099683,1799.4320567139755,1884.9190481242272,1534.3653687552326,1524.649225719022,-0.0362153737638077,-1.7428028163733025,9.354388294594385
2.880000000000001,1.0276865175257643,1.034833362868406,0.6565075968550388,0.4986279195374132,-0.0057140919558932,-0.0141228568886386,0.8666822323805962,0.0069916316948646,0.7684624176693219,0.4341886527180841,4.605510764126427,-0.1883316187835704,-0.0553041280735005,1787.986491429373,1872.445524584316,1513.939609029303,1502.024602410772,-0.0362153737638077,-1.7428028163733025,9.354388294594385
2.890000000000001,1.028213140817624,1.038020216636475,0.6617957451837259,0.5160226684647402,-0.0064133371633763,-0.0145107969272268,0.8564279955194684,0.0036763754857297,0.7120693168778333,0.3750440996403186,4.023631200124304,-0.1789680022229809,-0.049456425710586,1756.726487897964,1831.3480500649828,1517.886827223372,1518.0492856900466,-0.0218466323505478,-1.2230472425680627,8.938766496737768
2.9000000000000004,1.028312841573776,1.0444033489551483,0.6679543307849184,0.530129385980201,-0.0071649933372248,-0.0148217394175489,0.8477569303941849,0.0005589128509354,0.6484063565567485,0.3168140188645576,3.241594256485738,-0.1415109004253433,-0.0400301282603364,1734.5019626540252,1801.8428849430868,1519.9416308278317,1532.5406257933898,-0.0218466323505478,-1.2230472425680627,8.938766496737768
2.91,1.02815215425775,1.0521802293734566,0.6756559041909128,0.5409597384426151,-0.0078621225071892,-0.0151069644920034,0.8408760479628472,-0.0019855080301327,0.5707977420855371,0.2642995215384118,2.4462566661180696,-0.1009347400834617,-0.0263161937544995,1724.962888230235,1791.5077188326309,1519.428476504639,1536.2861329595517,-0.0100427559622273,-0.7391279399185189,8.871752716773868
2.920000000000001,1.027908811131815,1.0595971165810862,0.6848495722861823,0.5488761253504392,-0.0084368313560778,-0.0153641505210927,0.8357199062938032,-0.0043677777570426,0.4810585045816892,0.2145025957443326,1.6987679150217412,-0.0716951591987417,-0.0082413368664459,1709.3451109108871,1778.5723056981672,1534.1313475074353,1548.1847517529536,-0.0100427559622273,-0.7391279399185189,8.871752716773868
2.9300000000000006,1.027722978397272,1.065391328359775,0.6945852615570236,0.55445721182826,-0.0088652668814684,-0.015543821962335,0.832019829627609,-0.0068700126136957,0.3779281884495762,0.1584076123914429,0.9882090321056904,-0.055669990191701,0.0127891757489142,1680.9000369360076,1754.3459712806673,1563.0532546801517,1572.5314178989,0.0122982305674842,-0.7085061435894229,8.863177917322936
2.9400000000000004,1.0276712214444417,1.0689686552896287,0.7031996198607698,0.5582869425279062,-0.0091605030062541,-0.0155795623970961,0.8294510547482774,-0.0091634560328044,0.2641963751052296,0.0899065534666708,0.3510094153406567,-0.0469808967890894,0.0351027435403204,1659.4792767448016,1740.5344715209478,1567.943797952713,1575.8687551897146,0.0455298337356662,-0.3944456903688991,8.734932060851385
2.95,1.0277643983441171,1.0703510629728463,0.7088418277035481,0.5606984030848703,-0.0093639785696323,-0.0154230083343127,0.8278235002084341,-0.010673985716848,0.1536256632861837,0.0115492881937011,-0.1414174900128403,-0.0388263700809509,0.0579379342320233,1667.3421700127872,1759.5545180997378,1503.5638269921844,1516.1570176002488,0.033574062897157,-0.1940143570533878,8.506513986801982
2.960000000000001,1.027964077255842,1.0699820051126143,0.7101368832645132,0.5615513752684491,-0.0095371595574704,-0.0150682913077381,0.8272496854751618,-0.0113331299532663,0.0616638844954865,-0.0703230068441829,-0.5230545629420994,-0.0285520915015834,0.0808080389518458,1698.9217275839171,1800.9752685441329,1370.398274722434,1393.3442081016417,0.0341381712445325,-0.3098525351427823,8.503080323496285
2.9700000000000006,1.0282091044790271,1.068484308714985,0.7066862206692167,0.5601465166580994,-0.009747515015736,-0.0145568096378798,0.8282082860730036,-0.0118086922002742,-0.009034953647112,-0.153167644162639,-0.9920793812058194,-0.0184008046656331,0.1028468811376309,1719.163220352562,1824.4791264670605,1230.4829154101824,1264.134140809454,0.0444098992116343,-0.4454204552281231,7.193349061113077
2.9800000000000004,1.0284430959626132,1.066446619962091,0.6991727242106685,0.5553640969825588,-0.0100468651203683,-0.0139606733246739,0.8314294196649057,-0.012897091124067,-0.0694743035675463,-0.2378237798649942,-1.7721599763804878,-0.012439647351863,0.1238989392618216,1691.301196911886,1793.410456953177,1158.9434692699297,1199.0304504954056,0.0444098992116343,-0.4454204552281231,7.193349061113077
2.99,1.0286342098171573,1.0642829567956,0.6890414400032164,0.5460413274530432,-0.010450482082315,-0.0133532073497425,0.8375866211867525,-0.01475203349935,-0.1321283330140243,-0.3243380987845874,-2.920968128562455,-0.0128369903038924,0.1447073748662387,1609.2010440497174,1706.98745091575,1178.985487098044,1222.6336560130187,0.0899274266158497,-0.4705657464874566,6.924505170210718
3.0,1.0287813824211576,1.062176338264823,0.6779415709540524,0.5314820262025849,-0.0109284779692962,-0.0127822465989714,0.8469026144514802,-0.0167923096252249,-0.2014698048100455,-0.4127918041906135,-4.286156080629979,-0.0175485877449743,0.1639563386989048,1503.6336931891592,1601.1172889303805,1255.0559272348944,1301.555881980821,0.0592280722662167,0.1682442633564953,6.376627517693287
3.0100000000000007,1.0289065078092046,1.0600919613351103,0.667200228181951,0.511880515096539,-0.011414232545232,-0.0122592158892897,0.8588933374905671,-0.0182982708760575,-0.2744629301063753,-0.5039549437386437,-5.607950196509941,-0.0195405172121628,0.1764461510050058,1414.837723114338,1514.4989397519876,1344.1499410084905,1387.9502342143385,0.0592280722662167,0.1682442633564953,6.376627517693287
3.0200000000000005,1.029037791652463,1.057833969884461,0.6575162083655508,0.4883967984605363,-0.0118267932320349,-0.0117652069011428,0.8724621906546541,-0.0189943051410243,-0.344487868668464,-0.5933367553308453,-6.631436679680371,-0.0096160058906583,0.1774832008291053,1363.368596915484,1458.694695419211,1429.0885954636951,1457.8754888167296,0.0654577920341958,-0.5375963334809928,6.356091413423018
3.03,1.029192780343511,1.0551215008787769,0.6489151398826284,0.4627279126537636,-0.0120999063452071,-0.0112649317820369,0.8863461922011479,-0.0191484439403801,-0.4045492215486941,-0.6692883726675655,-7.179069135413337,0.0151176436748831,0.1696226085973682,1350.7256255044024,1428.5101773797069,1502.0794848288947,1506.4936118393268,0.0869345973133131,0.5887473609916589,7.432132486495066
3.04,1.0293687584655646,1.0516685549011604,0.640916750621487,0.4363456188938405,-0.0122066979566637,-0.010719945312333,0.8996324694949859,-0.0193258476909677,-0.4525017194228314,-0.7244035013893018,-7.215025783942269,0.0437868563807325,0.1621300403005007,1376.596931367488,1430.5394008929609,1553.8754414804516,1536.0690711762463,0.1025450394263477,1.228262808885685,7.46303358985455
3.0500000000000007,1.0295438300925694,1.0472590741028032,0.632835156974388,0.4099119853868693,-0.0121676629536877,-0.0101009485059956,0.9119879840511714,-0.0200586570359051,-0.495415192266164,-0.7659825815092122,-6.872789094783803,0.0576482970297845,0.1616517807461314,1443.3911904314243,1483.0821882918322,1597.9099588570764,1567.235101477195,0.1025450394263477,1.228262808885685,7.46303358985455
3.0600000000000005,1.029686474863924,1.0418061826336136,0.6241045561609407,0.3833177234122397,-0.0120365221501093,-0.0094023814326804,0.9234902491504616,-0.0215298644499168,-0.545123461788859,-0.808626688004413,-6.391802640847955,0.0491169239802976,0.1650946924305848,1547.668349635369,1588.292918310298,1675.1839157529994,1638.6322850408956,0.1099927032222975,1.1506402069818875,8.198533247808083
3.0700000000000003,1.0297679505717685,1.0353778409610843,0.6145044609354217,0.3562539221717707,-0.0118716439108802,-0.0086545874406288,0.9342736778505084,-0.0234345133638931,-0.6074264498941482,-0.8577256912968378,-5.990544904216133,0.0340521011632686,0.1639247192535892,1676.395978913523,1719.2690008393515,1808.93354358294,1768.9661152342617,0.0396972467991774,1.229718587333958,9.225542354824563
3.08,1.0297721872427743,1.0281751266857635,0.6042050759283341,0.3287687254312014,-0.0117099297965088,-0.0079203822703235,0.9443046490763434,-0.0252495446342613,-0.6777646386782364,-0.9048546822013092,-5.760314664247543,0.0388090261127727,0.1538884300094633,1813.2103247088344,1842.07918311764,1969.9527896130448,1928.0146010911749,0.1539907333718463,1.628666419730869,12.140350071697965
3.0900000000000007,1.0297003448321462,1.0204693169443977,0.5936507240706644,0.3013577919993917,-0.011557172419076,-0.0072689458387019,0.9534133811696378,-0.0267804089146631,-0.7479800640013473,-0.9380622731335638,-5.647130075318397,0.0712359182752994,0.1378159820354839,1943.821524500888,1943.8698022929664,2106.531532235973,2063.3456365328966,0.1539907333718463,1.628666419730869,12.140350071697965
3.1000000000000005,1.0295694774596496,1.0125248450942936,0.5833701879754914,0.2746195201610953,-0.0113955066581017,-0.0067387929339183,0.9614618298426042,-0.0284033482523714,-0.8141984404698303,-0.9518888262849672,-5.533804367342412,0.1081693579352442,0.1205449436474758,2054.242117446527,2031.8174789498305,2197.304874074532,2150.390588830472,0.171008360950975,2.0097408793974125,14.995915930488003
3.1100000000000003,1.0294058786199307,1.0045383135197574,0.5738059470549481,0.2488500106539603,-0.0111975627652964,-0.0063148770936294,0.9684567151468016,-0.0306430174656197,-0.8767467541091216,-0.9468615556228924,-5.3559320920187385,0.1176972124841552,0.1050441627526668,2131.80467636066,2110.2119111487327,2258.7323565539677,2204.191222641069,0.171008360950975,2.0097408793974125,14.995915930488003
3.12,1.0292346564882808,0.9966090122583992,0.5652151300875365,0.223909760386204,-0.0109389276885212,-0.0059386114792658,0.9745303956052456,-0.0335268385345111,-0.9356038907247488,-0.9233206569531544,-5.144522208361639,0.0931366661712962,0.0932403723322345,2175.294388451417,2171.097472084816,2311.421761358163,2249.2045449655143,0.1155572042375081,2.168830624364606,16.95257873809961
3.130000000000001,1.029068887866733,0.9887394997502568,0.5576536177759183,0.1994216612131838,-0.0106083135896215,-0.0055470206561912,0.97984064790332,-0.0364789851363117,-0.989277847244116,-0.8790616424845048,-4.960029943815385,0.0593762446799301,0.0866076343943835,2199.780089975093,2208.8245564187937,2358.2085176061555,2292.1487364622417,0.1155572042375081,2.168830624364606,16.95257873809961
3.140000000000001,1.0289034637253338,0.9808565173077636,0.551026246053223,0.1751173628103121,-0.010215366087636,-0.0051147116572097,0.984481282332336,-0.0388640629040364,-1.037243856554101,-0.8132043658321008,-4.808986903497916,0.045362756022627,0.0844431854151444,2223.577412596117,2232.182494001136,2393.065506983261,2324.2841994662103,0.149069560504463,2.3338518578282104,17.754568314322455
3.1500000000000004,1.0287180708174195,0.9728408363285366,0.5451690565004955,0.1510703079630967,-0.0097916901132444,-0.0046679479941764,0.9884635021679784,-0.0405618687018491,-1.0804378966207926,-0.731077469975191,-4.651307602647791,0.0563967624133056,0.0837849662084762,2250.519519577704,2253.7609215359694,2415.0353406372474,2339.433058002552,0.149069560504463,2.3338518578282104,17.754568314322455
3.16,1.0284894839111465,0.9645557495689429,0.5399246672505554,0.1276481503851099,-0.0093814573267402,-0.004259559983106,0.991765997657934,-0.0420425973896465,-1.1188257399305326,-0.6437906237282643,-4.477410250018012,0.0763237181993884,0.0822585745866198,2269.8657786845506,2273.015743894809,2427.331814336449,2343.40726662426,0.199539508751013,1.3253228426167314,18.37323674324657
3.170000000000001,1.0282075151172947,0.9558697064153172,0.5351838368626826,0.1052228645615827,-0.0090238732099471,-0.0039228199095075,0.9943999849002932,-0.0439670327059615,-1.1506215441284111,-0.561458199865112,-4.33678498756867,0.0913586333669036,0.0797873628635291,2274.336168380932,2279.715638877477,2430.869384173474,2347.025943448534,0.1304305299575447,2.1361135113748877,18.70050607976899
3.1800000000000006,1.027885431533416,0.946677846506048,0.5308924247759553,0.083866040000466,-0.0087352151192619,-0.0036389239130276,0.9964321058578028,-0.0466499395627683,-1.1747546182095083,-0.4859693677066815,-4.274766656889509,0.1030410032156249,0.0771061062415165,2272.1237823584306,2271.7911916083776,2425.2220679360275,2352.7601809404623,0.1304305299575447,2.1361135113748877,18.70050607976899
3.1900000000000004,1.0275573367066286,0.9369290826003168,0.5270450776797189,0.0632726622055454,-0.0085006644784667,-0.0033433511659662,0.997954473372322,-0.049755600816163,-1.192478182344776,-0.4104045512637637,-4.268459842449808,0.1155842759394364,0.0740793578983447,2274.66083776363,2258.6338983369446,2412.234700262185,2349.39329330849,0.2217486175500005,2.1798390929584768,18.39007635480409
3.2,1.027262067298523,0.9266535531985064,0.5236853132579974,0.0429624267789155,-0.0082826573493251,-0.0029677857869334,0.9990379470871078,-0.0524812047314822,-1.2055067563356978,-0.3261645904060692,-4.250959953630151,0.1190767241911536,0.070324801049442,2275.939918281846,2245.085100426885,2393.224404194185,2321.343170848756,0.2217486175500005,2.1798390929584768,18.39007635480409
3.210000000000001,1.027021832676037,0.915971193573096,0.5209094959828572,0.022570133652232,-0.0080413082950117,-0.0024881712151319,0.9997098256153278,-0.0541373258860757,-1.2135540751224367,-0.2321386262780515,-4.188298037905588,0.0967569240617702,0.0664230656715813,2255.8171215379043,2222.9656771237105,2364.9150834778115,2265.836371355168,0.2802311671554101,1.9598230864758548,18.043757692863508
3.2200000000000006,1.0268279227831565,0.9050644811447698,0.518855861185624,0.0019706975857677,-0.0077523751720817,-0.0019456923655615,0.9999661150816238,-0.0546617815598292,-1.214475326706799,-0.1372374567903186,-4.108699783212501,0.0504869666804863,0.0630509739956161,2207.0324771360697,2184.136876233818,2323.2071669890856,2199.7811617299626,0.2540112113949399,1.217443218747385,17.650018948706872
3.2300000000000004,1.0266419458913585,0.8941227551925056,0.51766845823792,-0.0188443994515235,-0.0074129148914624,-0.0014280077339866,0.9997939278151448,-0.0546445400341236,-1.2061902237571311,-0.0518906773884637,-4.058107518518054,0.0088532672815695,0.0589215350242937,2146.0458596417275,2132.884700233512,2269.4772273729263,2144.090959347581,0.1592629954460947,1.8427127019549048,16.180876864139215
3.24,1.0264121188785225,0.8832930011813545,0.5174488384028204,-0.0399578468464149,-0.0070318963597249,-0.0010238799296509,0.999176097882087,-0.054871508520898,-1.1881634323187462,0.022777652636799,-4.050061791916091,0.0011978126214248,0.0511041810267101,2088.5829279387262,2077.2196484971446,2209.0236340897272,2100.1580953859702,0.1592629954460947,1.8427127019549048,16.180876864139215
3.25,1.0260961400457285,0.872670012471353,0.5182190301926698,-0.0615376034612704,-0.006624764988573,-0.0007824156381117,0.9980824733832664,-0.0557850696769857,-1.1617904407524997,0.0936382089308229,-4.06518813076396,0.0265862178181165,0.0385072519803008,2027.7406877978608,2016.3308215376771,2145.3511619480746,2049.1912534092003,0.2074345114957339,1.736241823464413,15.070494763278129
3.2600000000000007,1.0256792795014538,0.8623224394804339,0.519909085265368,-0.0836533211256281,-0.0062075844583072,-0.0006974067243492,0.9964753390745332,-0.0572939268972682,-1.1293529931079935,0.1636103846670669,-4.078836731216144,0.0565053529440652,0.0243719909687805,1950.784193202021,1947.6636062406,2080.183705802325,1978.8612705066375,0.2164286041874083,1.0328688622764943,14.191637306834236
3.2700000000000005,1.025179370905689,0.8523207279001275,0.5223671652326723,-0.106093010282372,-0.0057915907475331,-0.0007210827558275,0.9943390823484194,-0.0590172739808496,-1.0916873514293044,0.2260971477579437,-4.0750378752608265,0.068524971251159,0.0141407878922145,1867.2819325292048,1879.748582478988,2017.4999007647425,1903.102884523693,0.1442143911966273,1.3513531957688198,12.29140296897621
3.28,1.024637419447448,0.8427409679886523,0.5253842435878621,-0.1283445466158768,-0.0053748918859194,-0.0007925659682925,0.9917147572413982,-0.0606377170268244,-1.0477410001827203,0.272508005743768,-4.046472945501773,0.070092831373373,0.0108945738876243,1801.9904132527693,1825.42169436321,1963.8281278728973,1848.5555457492756,0.1442143911966273,1.3513531957688198,12.29140296897621
3.29,1.024099472988908,0.8336460298576486,0.5287261709922313,-0.1497440598733444,-0.0049361655566386,-0.0008625241481423,0.9887120950278396,-0.0620182083258276,-0.998518886041815,0.3012261069944838,-3.9971678688064514,0.0855217195088168,0.0134021916819505,1763.3206631004118,1785.434333932174,1924.136960290614,1826.233428015676,0.0388681414670296,0.7740387339778199,11.586844811335869
3.3000000000000007,1.0235984801792886,0.8250601118996373,0.5321660245316883,-0.169725577159894,-0.0044381192332286,-0.0009036006065867,0.9854809562144548,-0.0630998687514009,-0.9504639151449356,0.3175851609862219,-3.940035100592217,0.1243022955535906,0.0180510488243835,1735.4409204856777,1749.0656778942125,1897.727753388374,1822.984525261224,0.0576916362114797,0.8284481894039071,11.063211088498884
3.3100000000000005,1.0231434746185035,0.8169549759780211,0.5355102410000159,-0.1880688994960678,-0.0038445382926534,-0.0009076376742864,0.9821478935280096,-0.06382025977802,-0.9109176202419464,0.3275686158587018,-3.876688851742638,0.1682256333513449,0.0214735020262221,1702.7879151998657,1709.366940404209,1878.371212731471,1817.757129928019,0.05680391700667,0.3918059081524574,11.087269986856528
3.3200000000000003,1.0227196267246406,0.8092647463743026,0.5386156653662139,-0.2049723609012591,-0.0031458110320494,-0.000877739160154,0.9787623126752896,-0.064135646225408,-0.8787289615862779,0.3329525817564613,-3.779046701565189,0.1893598191807654,0.0212999532466624,1668.811173278414,1669.3992817345631,1860.713526370109,1801.4325544034425,0.1361564395480045,0.7536712184333836,10.434571428409257
3.33,1.0222984431260618,0.801933097147461,0.5413985370216817,-0.220825015673887,-0.0023781473489606,-0.0008232531620399,0.97531019635911,-0.064053660957896,-0.8427364860189641,0.331652733794311,-3.6063759001539832,0.1765933582038825,0.0159532801461853,1645.049624139186,1633.784142481219,1847.125922697533,1782.1792181234064,0.1361564395480045,0.7536712184333836,10.434571428409257
3.3400000000000007,1.0218536219568528,0.7949696567334492,0.5438371352456915,-0.2357983864889986,-0.0016199782855648,-0.00076061121091,0.9718003488732264,-0.0636476287104379,-0.7933206225280327,0.3219830352515025,-3.35089527121294,0.1438243128536058,0.0053470327978573,1631.998141752099,1602.5764871889023,1844.510121917549,1773.5372818967048,0.1248751469939817,0.9730041188910185,9.8767647100852
3.3500000000000005,1.0213758375268545,0.7884748554651416,0.5459683476533166,-0.2495998340362657,-0.0009611587174673,-0.0007166137115793,0.9683483285924424,-0.0630912201732933,-0.7344683072187127,0.3062998228928065,-3.0555886881378185,0.1154583003469436,-0.0080501280160244,1620.9325008105436,1576.8235073980331,1852.488401919476,1776.9842980350518,0.1130142114906794,0.6355784745100124,9.820758012844056
3.3600000000000003,1.020880149132545,0.7826082950557499,0.5478771162568343,-0.2616405570810326,-0.0004605542527234,-0.0007272808270853,0.96516500032,-0.062648108196698,-0.6805604452205958,0.290112568092459,-2.770892627900132,0.1061149049653711,-0.0199843549743145,1609.8295930992074,1563.1444740105794,1858.686008919387,1778.4826180303858,0.0920628212813218,0.6907167843769884,9.959645145125284
3.37,1.0204026637987271,0.7775157250499767,0.5496775855736559,-0.271505986347863,-0.0001191535685777,-0.0008272938898691,0.9624363879054662,-0.0625225507229503,-0.6410122667485608,0.2777660577355779,-2.501476041700567,0.1125067948875239,-0.027144404512997,1605.8576653729888,1565.804605794135,1849.497377268082,1765.031375985396,0.0920628212813218,0.6907167843769884,9.959645145125284
3.380000000000001,1.0199870864960578,0.7732576348350932,0.5514869209928781,-0.2793457914728987,0.000113817884106,-0.0010320110900182,0.9601900076469132,-0.0626527135856905,-0.6113587867145169,0.2695125351822275,-2.216432022612893,0.1205192267787754,-0.0290192732701622,1611.474534220828,1576.9698289487787,1824.5401054752424,1741.1361749371222,0.183068695183646,0.6798987408623125,9.697953669260212
3.390000000000001,1.01966551788361,0.7697768734077923,0.55339670530493,-0.285887123253763,0.0003091879115443,-0.001322209028268,0.958262338258062,-0.0626525339431371,-0.5790956208302611,0.2621972283327706,-1.9041447836606709,0.117663768384591,-0.0270203536416904,1616.992648213944,1581.2534495720092,1798.2566657513848,1723.5356761076478,0.183068695183646,0.6798987408623125,9.697953669260212
3.4000000000000004,1.019440576835392,0.7669178334336649,0.5554488443351537,-0.2920715271535997,0.00052554908698,-0.0016442883701972,0.9563949200722872,-0.062019012357007,-0.533560631274654,0.2513955448720236,-1.5806839582035437,0.1015575975642069,-0.0226065746768402,1610.3437934010567,1570.453414686213,1786.7673426367635,1721.6114693917757,0.1202506088854325,0.4068221836280665,9.412431404162838
3.41,1.0192767514986505,0.7644897196168164,0.5576204294113057,-0.2985233053624087,0.0007958891031443,-0.0019304237900991,0.954400060865478,-0.060522247988127,-0.4698579557822862,0.2334002340126878,-1.235257336478044,0.0815832452114945,-0.0169427084992624,1590.156800047252,1551.008612857196,1792.8644904356809,1728.69023234947,0.1202506088854325,0.4068221836280665,9.412431404162838
3.420000000000001,1.019106449841754,0.7623549728106084,0.559818478674213,-0.3050846605249255,0.0011320523371822,-0.0021282160097186,0.9523221823870917,-0.0584942486084328,-0.3907118856703742,0.2080158235403187,-0.8149357233841882,0.0729104580639341,-0.0117782694345984,1567.0662962433826,1537.1930290619157,1804.030706301387,1732.2897835360272,0.1357764030667828,0.4379693250632845,9.40904833523422
3.4300000000000006,1.0188501105038963,0.7605107511095865,0.5618867735610654,-0.3106080616157828,0.001532650334119,-0.0022213457732186,0.950534243815127,-0.0566828668343647,-0.3089756787293525,0.1804812613395623,-0.3034032951171782,0.0834928563859883,-0.009264319015975,1553.5341333035649,1538.035664049046,1805.59913092494,1727.4293883055907,0.1357764030667828,0.4379693250632845,9.40904833523422
3.4400000000000004,1.018442768229042,0.7591200351209308,0.563631156237502,-0.3131518581921049,0.0019847516617979,-0.0022298688183602,0.9496983743045608,-0.0556374153024574,-0.2399950296120544,0.1569462978017762,0.225451515087886,0.1025776131897689,-0.0100415257133525,1552.3947729294196,1548.9524340057844,1793.5354339135,1717.4700569217428,0.1241860338768098,0.3113429305809445,9.253507112693397
3.45,1.0178566544399803,0.7584606543913535,0.5648662412630052,-0.3106277355941055,0.0024614548606094,-0.0021936695435221,0.9505259275441053,-0.055116632959552,-0.1811983899936931,0.1345280877587611,0.6959121779509034,0.1048768205484039,-0.0117364474552742,1554.6291910756706,1555.1815645192971,1772.8104411556867,1705.7612154356234,0.1241860338768098,0.3113429305809445,9.253507112693397
3.460000000000001,1.0171123856233952,0.7588025370134993,0.5654721289455298,-0.301738645846225,0.0029222184706874,-0.0021516571882661,0.9533837740456044,-0.0541966405393577,-0.104918144007285,0.09937097534051,1.143203804871416,0.073107425100154,-0.0102631359177791,1550.9697987586565,1547.6227666316834,1749.5737643677855,1692.552149511641,0.1241860338768098,0.3113429305809445,9.253507112693397
3.4700000000000006,1.016276152726412,0.7602687346216105,0.5654369466978404,-0.2867954034527847,0.0033202599256307,-0.0021277884400683,0.9579837393968308,-0.0521509345810589,0.0138560561638734,0.0412334593791029,1.6551555946504697,0.0192410829997833,-0.0034486705037309,1548.788900895861,1539.0682209604763,1731.4768777065756,1681.1611859851478,0.1168016763371968,0.1757601517078812,9.079535777426974
3.4800000000000004,1.015443614751813,0.7627489535834866,0.5648637897387739,-0.2679100372297922,0.0036166842984906,-0.0021278764285703,0.9634347947256842,-0.0492326024136196,0.1622716093629592,-0.0304645263679099,2.2087494131668293,-0.0210076412879649,0.0065212122542852,1572.578816716573,1559.0775473361437,1729.6355169617389,1680.6177719192276,0.1209005750149948,1.4029594737030409,8.972156483377224
3.49,1.0147141203118426,0.7659072507257718,0.5639376332020897,-0.2483227243261621,0.0037953689963129,-0.002144774800636,0.9686675485936695,-0.0464512353202386,0.2945408529648449,-0.0913129801493105,2.650419407776286,-0.0202746120184881,0.0146683815642878,1637.5229189318657,1622.6377223440743,1749.4222475351603,1696.1801888636726,0.1209005750149948,1.4029594737030409,8.972156483377224
3.5,1.0141626803997503,0.7692789303085424,0.5628665691844316,-0.2311615796289894,0.0038691445375897,-0.0021667390164471,0.9729052672619324,-0.0446023649332291,0.3744036765234398,-0.1237453976053897,2.8586687414617766,0.0138008866233247,0.0172444300244298,1723.5381274240426,1706.117930447562,1780.340005232753,1720.198637684197,0.1645155870904863,-0.8548671621340902,10.25373065536681
3.5100000000000007,1.0138191691109275,0.7724137804694651,0.5618215061376909,-0.218333784614865,0.0038722559864616,-0.0021843079681253,0.975864023790213,-0.0436701450148222,0.4043042374980029,-0.1304020510155469,2.868184489930691,0.0460426522061894,0.0139457258515436,1787.9040477682695,1766.8961801630182,1803.757287317699,1738.7065333657056,0.1645155870904863,-0.8548671621340902,10.25373065536681
3.5200000000000005,1.0136618402274955,0.7750106559814202,0.560895909148997,-0.2101070584686349,0.003843924166287,-0.0021934239067388,0.9776683676585975,-0.0431226501903344,0.4128111285476052,-0.1265204626687529,2.814412510170398,0.0460602061993252,0.0067911471345959,1806.08474715897,1787.0450548835113,1811.471920128728,1746.1303306924806,0.1651632213853612,-0.5635894496057676,10.273847557692042
3.53,1.013626558654243,0.7770008224927788,0.5600958152245018,-0.20541281376239,0.0038133293608744,-0.0021950090890082,0.9786655283581324,-0.0425411736101385,0.423799851531652,-0.1245155318795169,2.799275642981362,0.0115371686202409,-0.0017570691505959,1790.9620110190288,1785.5343409224256,1810.860853159513,1748.4068075629923,0.1651632213853612,-0.5635894496057676,10.273847557692042
3.54,1.0136274717813818,0.7785610479038853,0.5593575402686387,-0.2024959207889244,0.0037935213098854,-0.0021926399325666,0.9792733038279168,-0.0418942884651101,0.4420897735958738,-0.1274618805609386,2.8326188700771886,-0.0352972218155851,-0.0090522575149611,1773.066984363569,1788.3726795678442,1812.2645267863008,1752.9018920255642,0.0902089691356831,-0.5671362762833554,10.4960364034292
3.5500000000000007,1.0135816173840393,0.7800592425254648,0.5585823484092381,-0.1995164014314986,0.0037850053465633,-0.0021900799848793,0.9798847293656594,-0.0413914136133817,0.4614956565492039,-0.1328995365389388,2.8727455357005804,-0.0670526676461547,-0.0119582180899556,1772.9329387824396,1801.327798130158,1817.7823569483232,1761.0122140197773,0.0902089691356831,-0.5671362762833554,10.4960364034292
3.5600000000000005,1.0134298203689336,0.7819508681618317,0.557675279526682,-0.1949328275274508,0.0037844373683287,-0.0021897471485654,0.9808068493813568,-0.0412203509879206,0.478048558064211,-0.138179301188105,2.888407880495365,-0.0683022827191113,-0.0083419790600191,1792.1465421660146,1815.0781397141857,1824.0705177986777,1770.8166300315927,0.0902089691356831,-0.5671362762833554,10.4960364034292
3.5700000000000003,1.013148542042665,0.784654685999726,0.5565771070136019,-0.1876994582679042,0.0037921401052492,-0.002192342788744,0.9822167411892624,-0.0413582247406928,0.4945983844237919,-0.1418009725762107,2.881109151679865,-0.0428051099784777,0.0001027539289201,1819.855004715232,1825.2357506183168,1831.037699881546,1781.9772227824042,0.0580750019277609,-0.6779781864550749,10.782229137286135
3.58,1.0127509094502378,0.788441656036524,0.5552821270003668,-0.1773683140956157,0.0038136972415406,-0.0021972930135861,0.9841347005220582,-0.0415086017364224,0.5174291947245356,-0.1423073488746464,2.8692794565252755,-0.0101377689768537,0.0074471391568079,1843.7940414085133,1838.5204399237,1842.6759574365124,1795.7007104081697,0.0945448783263201,-0.6925567099265875,11.055526859703155
3.5900000000000007,1.012278440260484,0.7933684980585434,0.5538391792850617,-0.1641418761104766,0.0038544207556185,-0.0022034717003671,0.9864267497691034,-0.0412338088467771,0.550816369025982,-0.1380920738654376,2.865395580749017,0.0079082615977281,0.007866896612537,1859.4391406915383,1860.538169925805,1858.8371272702816,1811.29557109948,0.0945448783263201,-0.6925567099265875,11.055526859703155
3.6000000000000005,1.011786746637791,0.7992770108917757,0.5523369689524925,-0.1488362648757157,0.0039096236484176,-0.0022097982452312,0.988851656161069,-0.0402544041610042,0.5928302683086986,-0.1286058992020664,2.865725545510901,0.003957046056748,0.0011830186935171,1870.607388610802,1883.636778760197,1871.1328080135556,1824.746951742443,0.1083764612769255,-1.319902512080581,11.603093707168986
3.61,1.0113290756768258,0.805861200493817,0.5508768709685788,-0.132660928278955,0.0039568824061429,-0.0022155441886731,0.991151104803772,-0.0386711773190866,0.635275294416935,-0.1151515238489798,2.854246592880415,-0.0107916463363693,-0.0068740435271165,1881.0385848761612,1892.8625753294805,1872.4026696976025,1832.288600159795,0.0492775425778193,-0.7595510780238346,11.67970784565138
3.62,1.010942177253731,0.8127767810205938,0.5495400498210258,-0.1168056262517149,0.0039571292576192,-0.0022203688037995,0.9931444289560096,-0.0368974509596924,0.6694798125481981,-0.1001043657432394,2.816126868035962,-0.0210447291083498,-0.0105845610757995,1888.162010043991,1884.4455650921373,1867.8079077383784,1834.8030680510744,0.0492775425778193,-0.7595510780238346,11.67970784565138
3.630000000000001,1.01063915436762,0.8197449944085584,0.5483610140801383,-0.1020216853473536,0.0038680512665242,-0.0022241836004043,0.9947721683408702,-0.0353773715660618,0.6930257841479938,-0.0853003177461324,2.752855474865468,-0.0239077607282667,-0.0094383766932089,1887.0547364598367,1872.341249810779,1869.006947911223,1835.7853176028373,0.02715960294498,-0.8023900234311137,11.62556103430566
3.640000000000001,1.0104115720196112,0.8266072787576415,0.5473198683635772,-0.0884560345844573,0.0036660716479476,-0.0022269763447605,0.9960708460951084,-0.0343054591763607,0.7100911171051739,-0.0710026921977861,2.685102163188719,-0.0269806461098981,-0.0067647479226425,1877.6760859027097,1872.139490798344,1877.6525681763687,1835.3326818747048,0.1304097392167325,-0.748727872222481,11.66832479876073
3.65,1.010238412069724,0.8333202592177404,0.5463568923492946,-0.0758148685289144,0.0033653725426512,-0.0022287289605906,0.997113741127266,-0.0334996306516797,0.7258439698577278,-0.0561831533078029,2.6356066248600785,-0.0332718798839135,-0.0047225435923459,1865.3264306119572,1882.1485008203588,1882.928470620095,1830.4397329643537,0.1404103867037937,-0.7412428141116907,11.630732579245963
3.66,1.0100960805536272,0.8399143347618147,0.5454027143682715,-0.0636897183015071,0.0030203139944679,-0.0022295015332259,0.997962688084561,-0.0325389084299615,0.7419093284000076,-0.0400586866644918,2.6075121566159503,-0.0365266043448701,-0.0023936233051213,1855.409392753151,1886.699722597972,1876.969810494285,1820.943931914675,0.1471234918929316,-0.7880255675352208,11.62694728633204
3.670000000000001,1.0099646361186083,0.8464495623905581,0.5444132742756616,-0.0518086520359439,0.0027061884649781,-0.0022296272900816,0.9986508743701964,-0.0311528027253,0.7567042093018346,-0.0237105500350151,2.583676753540596,-0.0325992781818007,0.0018417475369628,1850.337761049304,1877.4528363765648,1864.594593022775,1809.840503871812,0.1158332948784986,-0.8212047512510481,11.473802870034865
3.6800000000000006,1.0098295698407491,0.8529900885645461,0.5433991811665853,-0.040089205738186,0.0024881800777041,-0.0022298405929342,0.9991905185469449,-0.0295459705353473,0.7682323866202508,-0.0096150641478526,2.547619759749302,-0.0270155563178896,0.0077774431869577,1850.4109187429212,1863.1936815380652,1854.3681961990017,1797.7620149079294,0.1625987718729191,-0.8076513302232484,11.341310896200406
3.69,1.0096817317183129,0.859597552955123,0.542438375774537,-0.0285339433816671,0.0023964093624122,-0.0022311272802301,0.9995874615901896,-0.0282625202600554,0.7757648753270369,0.0012715335056239,2.4989336075593918,-0.0267734745444002,0.0132479596902573,1853.6309605155764,1854.672604756508,1846.6561261471245,1782.7567527908416,0.1679167356191967,-0.7178550665389081,11.29325644132123
3.7,1.0095177030205569,0.8663290256896767,0.5416621633831056,-0.0171086991126425,0.002418438901181,-0.0022341972676663,0.9998482144458344,-0.0276368417243993,0.7796256948546557,0.0113988024392187,2.4468542218962104,-0.0303429494759695,0.015454960633017,1853.953784327217,1848.232467035902,1835.072602547448,1765.7151843119457,-0.001885089412243,-1.0363139648480788,10.996166090451654
3.710000000000001,1.0093402991042089,0.8732255058300862,0.5412157167118449,-0.005723957132754,0.0025075206405269,-0.0022386908326101,0.999977968216468,-0.0273902722479228,0.780447311893986,0.0242603148388742,2.3970628159336087,-0.0311368326802497,0.012525861978321,1844.353501992749,1833.573590412059,1816.171359354045,1750.483908501615,-0.001885089412243,-1.0363139648480788,10.996166090451654
3.7200000000000006,1.009157252589414,0.8802919168526085,0.5412105201695571,0.0056758697701185,0.0025986625921728,-0.002242949376575,0.9999780000745911,-0.026851349652144,0.7789734099033314,0.040304638835249,2.350408723772284,-0.0280110869137326,0.0048879277859906,1824.6367342751869,1812.3397959328497,1794.2361203246496,1737.3852220035235,0.1274968583080033,-0.967086137838137,10.54797668793513
3.73,1.008977312201231,0.8874848116222458,0.5416897883689057,0.0170259060525007,0.0026254257258995,-0.0022438322768675,0.9998490840519696,-0.0256327907480183,0.7760967961690168,0.0565155944999077,2.3083346289057483,-0.0272875194080395,-0.0042760501524547,1803.383681102509,1797.3299829059438,1777.5534404934774,1721.1548840616983,0.1274968583080033,-0.967086137838137,10.54797668793513
3.74,1.00880571934412,0.894723365884252,0.5426136634074976,0.0281513071110337,0.0025375238868665,-0.0022381188038238,0.999597947029046,-0.0240828394624268,0.7723442429050035,0.0699689635382816,2.2701824015560192,-0.0343795044036267,-0.0102285864563834,1789.0235312372454,1794.031089767544,1770.4654628809833,1698.107331008311,0.083586015968476,-0.7467706639419529,10.432851570376636
3.750000000000001,1.0086422332717575,0.9019213620532944,0.5438591222016554,0.0388854406403269,0.0023182603623218,-0.0022252825516833,0.9992385082114604,-0.0230038318381471,0.7670630342972435,0.0804040644742392,2.225499007226124,-0.046538677322859,-0.0093662162057245,1780.680152878219,1792.8829576711998,1767.588986658973,1673.105460621798,0.0547507581665725,-0.9504619931654312,10.092801015086357
3.7600000000000007,1.0084829797408317,0.90901937954076,0.545234764207361,0.0491743596293308,0.0019945039325387,-0.0022093949240334,0.9987857742695267,-0.0228672664775531,0.7586618032112309,0.0891096763975096,2.158554120123875,-0.0549502489564803,-0.0022156625126476,1771.3291831873955,1782.3229147625616,1756.982839158556,1656.0957669455006,0.0547507581665725,-0.9504619931654312,10.092801015086357
3.770000000000001,1.0083241223616657,0.9159965005702204,0.5465188099595978,0.0590749824204172,0.0016317171026554,-0.0021995283739841,0.998249791398053,-0.0233155070197152,0.7463311582882535,0.0965542146710599,2.066321604954283,-0.0524518951867441,0.0056703956875049,1759.5455225020512,1764.0016815574847,1732.3838961908068,1651.8288988387242,0.0801524079269208,-0.8968039037668949,9.968548948858704
3.78,1.0081639239396991,0.9228600915163904,0.5475204586058875,0.0686656721033032,0.0013107787731877,-0.0022066611689806,0.997636425748426,-0.0234833530733058,0.7313280112318333,0.1018022368400902,1.965148807505876,-0.0385167705976951,0.0072322473488602,1753.0362436934377,1751.602981515824,1701.92414453352,1655.5508247200687,0.0951249502797343,-0.6889284223189036,9.82017455490764
3.79,1.008001630533722,0.9296289151478516,0.5481447097080623,0.0779677150124841,0.0010963849071259,-0.0022368864456068,0.996952772048354,-0.0228217955573744,0.715741196303103,0.103719014403115,1.8695600565445167,-0.0186728778231499,8.512760874713338e-05,1757.4579821895743,1755.0687111677166,1681.0826286449028,1659.3229445334273,0.0951249502797343,-0.6889284223189036,9.82017455490764
3.8000000000000007,1.0078350387198431,0.9363217751317128,0.5484291627885505,0.0869320429289394,0.0010136273268117,-0.0022831498208605,0.9962111120132814,-0.0215816244747518,0.6998206903086924,0.1021149531696701,1.7679880601935314,-0.001243884197972,-0.0109877064357497,1766.3778649342044,1768.6540757023286,1676.971348861654,1660.022761182133,0.1016496936347517,-0.6561832160722874,9.857377206074087
3.810000000000001,1.0076601947194963,0.94295107693537,0.5485306344242781,0.0954599416541436,0.0010429226876428,-0.0023202147129083,0.9954300218776512,-0.0204906741601149,0.6814012065520785,0.097941357606891,1.6332418914077054,0.0060396781637338,-0.0187844856385394,1768.421219625425,1777.1107083958923,1683.0958969174617,1659.4924218957992,0.1016496936347517,-0.6561832160722874,9.857377206074087
3.82,1.0074747076163462,0.9495172147472172,0.5486640019753799,0.1034157181593898,0.0011310605234829,-0.0023081966318915,0.9946348989292396,-0.0200116908018785,0.658758666505221,0.0930534716442269,1.4596999417696852,-0.0008421394613349,-0.0203265221784721,1761.7008827114296,1771.344977119992,1689.7686960014898,1659.0173728793848,0.1055896061707256,-0.6697178365110741,9.663994671492096
3.83,1.007282467974889,0.9560055415637024,0.5490188627219184,0.1106410113594634,0.0012098401809006,-0.002207069900014,0.9938572491734152,-0.0199582797564999,0.633486146480749,0.0896101555220937,1.277066955866169,-0.0200944016068337,-0.0176101172243823,1754.215609046085,1754.2097816709318,1695.2943380127515,1656.9445812608792,0.1189338294486969,-0.5127999725292041,9.621348290571689
3.8400000000000007,1.007095658012387,0.9623885541184862,0.5496889270943741,0.1169991514994019,0.0012159383192111,-0.0019979091277289,0.9931292606713092,-0.0197899852725876,0.6092321294769094,0.0885469816807718,1.1198380658600686,-0.0443861855172773,-0.0132510463755028,1751.4202479569851,1734.3106083999965,1704.0200076702986,1651.6848646785106,0.0927296405915729,-0.5507271899785855,9.626435969354084
3.850000000000001,1.0069316345198536,0.9686284826169824,0.5506426767302152,0.1224331106998131,0.001109539983338,-0.0016994047265238,0.992474692044572,-0.0191833312447406,0.5874800520200405,0.0881095064319857,0.992605869184203,-0.0636031747008653,-0.0083137924987855,1750.9321405433404,1720.199049119607,1716.0308988367071,1644.6062294848662,0.0927296405915729,-0.5507271899785855,9.626435969354084
3.86,1.006806113871545,0.974673335473719,0.5517453374540461,0.1269843638860514,0.000888818918047,-0.0013668069638297,0.9919033789478234,-0.0182759096362407,0.5657544903041951,0.0847380027448299,0.8727544632336459,-0.0690780818020016,-0.0041982500065198,1749.922585962332,1718.3689626355676,1724.2047022091117,1639.3149003326844,0.0320702138159656,-0.4753868585152965,9.601241376626088
3.87,1.0067267406029303,0.9804504622321554,0.5528187461355569,0.1307518021025755,0.0005933221157256,-0.0010698504815418,0.9914143783684716,-0.017418052407905,0.5405334278942777,0.0763138864761301,0.7385598699023209,-0.0583913000893245,-0.0031451130348438,1750.8086502279623,1729.4099646276704,1723.7229582235434,1639.0923444580826,0.0320702138159656,-0.4753868585152965,9.601241376626088
3.880000000000001,1.0066905398769237,0.985872329822484,0.5537092541509115,0.1338277224077335,0.0002887513981465,-0.000861650966797,0.9910041951956612,-0.0167837499484463,0.5112716928397713,0.0644514283743197,0.5869011892199724,-0.0383835827642641,-0.0051022206476223,1756.9320366930858,1744.7644612758522,1720.96712773745,1644.6443602288116,0.0700596487761806,-0.4221368500117357,9.654305796978647
3.890000000000001,1.0066860028160591,0.9908626078454932,0.5543343996684037,0.1362617866675594,3.493480224320922e-05,-0.0007581661840712,0.9906725742937276,-0.0162556870125805,0.4808133600660538,0.0531827528132981,0.430169900574996,-0.0219860684975825,-0.0060836492453055,1766.751850369288,1752.8015248794588,1727.4865307774664,1653.26399771355,0.0903487450088112,-0.4388624749029159,9.79450969005072
3.9,1.0066981015397216,0.995390449747396,0.5546946101499853,0.1380696806729398,-0.0001463322258075,-0.0007395271546497,0.9904222306498072,-0.0156351153396418,0.4517701094440758,0.0455833027314156,0.2835187272689125,-0.0184591244406665,-0.0016907766118836,1775.4532509265566,1750.8853982468668,1744.9542431681662,1660.6515728063823,0.0973946135429896,-0.3868622755130122,9.837495868621126
3.91,1.0067136819230984,0.9994877469448524,0.5548542446844685,0.1392641380377477,-0.0002812379042424,-0.0007685324862488,0.9902549318835336,-0.0148963260346569,0.4233911413186905,0.0420027384393636,0.1529768753884009,-0.0256276048661542,0.0082586344121641,1780.7621796116646,1747.843159096657,1762.1253887042787,1664.106283073546,0.0438447993126865,-0.3256261891817593,10.061995897166335
3.920000000000001,1.006725171385441,1.0032332137854787,0.5549063781068392,0.1398749471387771,-0.0004222112515264,-0.0008119939945351,0.990168754085048,-0.0142270095289317,0.3933280394630256,0.0409642014823268,0.032961722149847,-0.0333463573357342,0.0195356445615527,1784.786384996245,1751.973040031579,1769.1073534023092,1663.4474863655475,0.0438447993126865,-0.3256261891817593,10.061995897166335
3.9300000000000006,1.0067315902197926,1.006711766664214,0.5549369331246983,0.1399432450192796,-0.0006078582339812,-0.0008524591705402,0.9901589730923028,-0.0138422270439982,0.3622382758914265,0.0406107864809124,-0.0832900242219367,-0.0348173598608486,0.027359668558487,1790.3063916204003,1760.0988902540496,1768.2331537845662,1659.8535124845162,0.0585356314618555,-0.3407141844662416,10.12796203885327
3.94,1.0067368975382684,1.0099756954623529,0.5550001815770107,0.1395017108693179,-0.0008330587160281,-0.0008863063862883,0.9902210829601128,-0.0137489801997365,0.3342174177409163,0.0392021457664767,-0.1926547670458727,-0.03269245092993,0.0299724452664024,1796.9763920714313,1762.134254558821,1767.02404204954,1655.6499826803124,0.0638116323883944,-0.2902324292794063,10.122507113786906
3.95,1.0067464787190732,1.0130302270192708,0.5551111390613315,0.1385625749074599,-0.0010533874919214,-0.00091265366236,0.9903526999372996,-0.0136765953425951,0.311233262318592,0.0356029675482345,-0.2865613864871986,-0.0338871315980929,0.0290479395988555,1801.6448308936172,1754.3981872897525,1767.730092604991,1653.3593458087496,0.067214120944713,-0.1618220067649201,10.11226983699368
3.960000000000001,1.006763040988082,1.015846132528777,0.5552517589199966,0.1371238241278313,-0.0012249218853386,-0.0009220092505094,0.9905527276838304,-0.013284024951058,0.2891884609539221,0.0303622988448617,-0.3652015740654405,-0.0404214497920863,0.0272608742005203,1801.5134660239012,1744.017049738315,1769.7749336133318,1651.993687700246,0.067214120944713,-0.1618220067649201,10.11226983699368
3.9700000000000006,1.0067833528874766,1.0183852437804497,0.5553822022974961,0.1351839618202651,-0.0013523970244527,-0.0008929515007235,0.9908191914403368,-0.0125130721798115,0.2620739564199549,0.0256795227751174,-0.4405811753870113,-0.0465963495461842,0.0257854413897919,1797.0313171756477,1739.4915359626132,1775.5628386467083,1647.1481000593687,0.0602600734999744,-0.1756178598353983,10.155186308825098
3.98,1.0067971385896572,1.020622875231659,0.5554515896253666,0.1327481375446391,-0.0015068931411499,-0.0007999813613094,0.9911483346509302,-0.01174927599134,0.2291337478511836,0.023323336678446,-0.5246785058300266,-0.0453972606784178,0.0244495818868471,1792.189789687593,1740.0771584045442,1786.032278152116,1639.1342601394954,0.029542582676379,-0.1722661540582653,10.112374716359891
3.99,1.0067889587521242,1.0225591343646396,0.555410266698698,0.1298230456695567,-0.0017906791951365,-0.0006281180347106,0.9915353628332348,-0.0115612919242704,0.1955309233798945,0.0230332363265703,-0.6191874006287996,-0.0385191220919012,0.0238264808572952,1790.265342040185,1737.261333629466,1795.4756277541,1636.72703216557,0.0363872735742874,-0.0618362604443825,9.996794465193137
4.000000000000001,1.0067430179901475,1.024218451680223,0.5552264316174312,0.1264171477170238,-0.0022615936340439,-0.0003837041443493,0.9919745171769566,-0.012196526964447,0.1663691546843136,0.0236503049681111,-0.715638200155146,-0.0390143527514847,0.0257568885835473,1787.847778030727,1726.431647031886,1798.754397949831,1644.6515825080462,0.0363872735742874,-0.0618362604443825,9.996794465193137
4.010000000000001,1.006649605993772,1.02564031310296,0.5549031317433255,0.1225584511324002,-0.0028594355891199,-9.166620769544072e-05,0.9924571735251074,-0.0133111020427183,0.1421151389142481,0.0248017280415683,-0.8001954382844547,-0.0572100743502546,0.0308803848473678,1777.0641432841207,1714.057017411918,1799.9812089040513,1650.7525670452028,0.0828373970953875,-0.144810897271991,9.97513113727202
4.0200000000000005,1.0065106440920295,1.02686610698521,0.5544884564425071,0.1183176947417321,-0.003384618513107,0.0002201846384284,0.9929699990368532,-0.0142440794679983,0.1196656174428682,0.0261844381031333,-0.8605749431814493,-0.0769901291646347,0.0361159095027332,1759.296429627338,1709.0844110464063,1804.5153477687024,1639.8129754261086,0.0367699292282037,0.0201951221784413,9.998517078319404
4.03,1.006341264417955,1.027927421215861,0.554075673155581,0.1138128653474625,-0.0035622773270203,0.0005363093112556,0.9934956739885528,-0.0146125219932724,0.0961767109702552,0.0261362321025258,-0.895648912525601,-0.0539796264165296,0.0362470492804382,1753.9909129242,1705.8658850816698,1802.524720486504,1624.3004315018318,0.0367699292282037,0.0201951221784413,9.998517078319404
4.04,1.0061653895088454,1.0288395971444524,0.5537915360401418,0.1091825782725524,-0.0031919254565727,0.0008533015751771,0.9940162212409108,-0.0146413571299216,0.0715593094494621,0.0230629282477971,-0.918983533113828,0.0355146757837679,0.0300471492906722,1783.3341743611468,1683.006630266585,1772.9222232947895,1644.6980136144562,0.0745061229958003,-0.0631199724289057,9.8523200619355
4.050000000000002,1.0060062215741432,1.0296018830179932,0.5537676922419166,0.104534856502622,-0.0023424972235939,0.0011648908754949,0.99451778240109,-0.0148720904421829,0.0479546466775912,0.0186052251140214,-0.9479476961055564,0.1225679285068209,0.0252232862532601,1842.7753608650864,1630.3324571966416,1713.159014790801,1721.5980387789896,0.1044517376607691,-0.1225802035816108,9.843219237845387
4.060000000000001,1.005876002590505,1.030203029296306,0.5540944435488355,0.0998963224860604,-0.0015119019572329,0.001449220735557,0.9949956475610796,-0.0155145913639193,0.0272613433998479,0.017549066688857,-0.9874143658225676,0.0419692350980824,0.034419864809722,1894.338808245104,1574.9769565870542,1656.700312973228,1815.1502971412287,0.3731225483148683,0.1182116640985206,10.25225640737248
4.070000000000001,1.005770632513517,1.030629460331539,0.5547734934212356,0.0951966387227537,-0.0016459326912192,0.0016745167706303,0.995455718188936,-0.0161170019871489,0.0096496679657341,0.0231239557744072,-1.0256751450059287,-0.3476017434972251,0.0630965253501072,1899.310980424052,1564.0225129446287,1644.6620933275951,1855.5820315583144,0.3731225483148683,0.1182116640985206,10.25225640737248
4.080000000000001,1.0056722299924763,1.0308733350259205,0.5556996088340684,0.0903061457482073,-0.0039332174919608,0.0018207270486992,0.995904621333428,-0.0160608286760784,-0.0057427816718018,0.0329489671288448,-1.0469376063080251,-1.012506655799197,0.1027393183480118,1855.381000050893,1613.3998765046863,1680.825842740865,1817.4331265022724,0.3489447983484499,-0.0118318711704132,10.19617106322909
4.090000000000001,1.0055579912827528,1.0309389800425528,0.5566899620497799,0.0851129679755522,-0.0093806152398897,0.0018985089722016,0.9963253396375082,-0.0156763560613454,-0.0200380983901566,0.0409435586704582,-1.0470631417836005,-1.7371066044482415,0.1400331915930447,1794.4013521556053,1685.6587505734906,1728.7359609367563,1745.193925841416,0.0530077129178649,0.0078865400298966,10.066123770397304
4.1000000000000005,1.0054097402521465,1.0308460871883625,0.5575494231394867,0.0796114405356501,-0.0183118718409218,0.0019488822165315,0.9966558562230128,-0.0169063682551679,-0.034869317803042,0.0432392613825373,-1.0363751321204036,-2.292058864306517,0.1718918798537132,1749.91076729752,1727.5299269450536,1752.7640521218289,1701.8553837597185,0.0530077129178649,0.0078865400298966,10.066123770397304
4.11,1.0052174305127664,1.030627011900977,0.5581379606402836,0.0739662256588163,-0.030060349279917,0.0020227973122952,0.996805538284169,-0.0223272775068739,-0.0516583733234487,0.0412141637723627,-1.0273297902719103,-2.599810342970539,0.206518139877702,1737.047593136423,1721.0300525405323,1748.5127457973372,1709.9067036696897,-0.3946746737217334,0.069342402721825,9.967588303557054
4.12,1.0049722340120142,1.0303163425835304,0.5584107740879443,0.0684961591978524,-0.0431331770423102,0.0021549649574041,0.99671618896224,-0.0327601781348391,-0.0695183254678197,0.0388286205126482,-1.0216764825092763,-2.737217214546848,0.249436103242804,1754.5842060416294,1690.6421086969149,1734.1474732682573,1747.3876281243156,-0.1940451045030409,0.0401405258272338,9.962413473235529
4.130000000000002,1.004650407433712,1.0299350277378376,0.5584225724087617,0.063534722357876,-0.0559058066732099,0.002350853120247,0.99640973164895,-0.0457256548782924,-0.0850001621449008,0.0384078768423164,-1.0122817194412193,-2.8218578052667174,0.2938213710292875,1788.002320338466,1671.385195780192,1727.832568598863,1782.7393678180342,-0.1854843265737873,0.0793037372715044,10.103601013398652
4.1400000000000015,1.0041960720192749,1.0294765161536412,0.5583029993512818,0.0592139681522452,-0.0675270386590569,0.0025977263036018,0.9959553488202444,-0.0570393316871815,-0.0951709301271565,0.0395233486182722,-0.9961421732907624,-2.9239698216434733,0.3272798644223431,1812.6014082137356,1681.368266947415,1738.3053299924695,1800.7769656299668,-0.1371735411284964,0.0641959962854568,10.24496376615238
4.150000000000001,1.0035156155121558,1.0289041345001155,0.5582141535047666,0.0553161484882732,-0.0784676381591686,0.0028930789372695,0.9953766038904108,-0.0649052904507551,-0.1006894233123977,0.0406705274690496,-0.9803151327312982,-3.053494659361342,0.3455783489619759,1811.0375431779376,1718.4477913681835,1766.594965057821,1803.841244131897,-0.1371735411284964,0.0641959962854568,10.24496376615238
4.160000000000001,1.002494079360342,1.0281644047336411,0.5583019093899937,0.0513256566906624,-0.090297561827524,0.0032677499298423,0.9945860189564664,-0.0727713626063196,-0.1053301111653995,0.040940075323853,-0.9720640367810908,-3.1811368600160117,0.3568760547517188,1792.8848969663643,1769.5307112886728,1807.922923127281,1801.7760302390884,-0.7214771958873549,0.0905659206839629,10.591373758201776
4.170000000000001,1.0010327378483246,1.0272121928817954,0.5586548318021564,0.0466824183943055,-0.1047625317894382,0.0037816945051618,0.9933938103957544,-0.0878302512060313,-0.1127280143308698,0.0407403934873104,-0.966334861846912,-3.262064570970862,0.3725442569088018,1787.6160779214918,1819.4433257806104,1851.9136675380744,1804.22974833841,-0.7214771958873549,0.0905659206839629,10.591373758201776
4.180000000000001,0.9990919091584972,1.0260362050993037,0.5592832779248497,0.0410935921960513,-0.1226966127679346,0.004491037147863,0.9915829206279406,-0.1162388069894898,-0.1237722783607128,0.0420106561758522,-0.948943266805868,-3.262655990460673,0.3958310187040437,1813.7450213712452,1855.8977802447105,1885.5144130893848,1817.2529286527024,-0.6162550939098628,0.1538208091230355,11.108487718587572
4.19,0.9967146130321288,1.0246720561880416,0.5601242640408395,0.034715084774874,-0.1434200851029688,0.00540856945306,0.9890380626925346,-0.159249868419388,-0.1366207053671903,0.0474041277272035,-0.9143654823746186,-3.186114515231631,0.4207259665438551,1859.7360412152589,1873.2665353431576,1901.815520652948,1840.8027188443696,-0.7840766264085643,0.2125561741317831,11.385898445571094
4.2,0.9940133020685432,1.0231955128636292,0.5610692622029837,0.0280962299839859,-0.1649625683787939,0.0064855778942036,0.9858782329344415,-0.2129023295453104,-0.1485466784127789,0.058098456393036,-0.8758947240070319,-3.0778809445982382,0.4401541911775503,1898.552998308332,1877.378449534745,1908.473472140819,1867.9533323605951,-0.3327945024907204,0.0714348833587483,11.886595970783707
4.210000000000002,0.991120961189664,1.0216976821661166,0.5620058641898897,0.0219270364204227,-0.1849466625986659,0.0076274945584667,0.9824743041902894,-0.2699511421200387,-0.1577029801028461,0.0722091715071265,-0.852523926676916,-2.9972762869837624,0.4525646882108432,1917.4348970402773,1884.175994864729,1922.0468787085504,1890.1149490319435,-0.1013068769755349,0.0462874211827054,12.167013962654016
4.2200000000000015,0.9881274455719052,1.0202525315163418,0.5628589806982417,0.0167341795741225,-0.2016147837783439,0.0087340171651307,0.97928298419821,-0.3219216346606064,-0.1636727877472762,0.0860044390587907,-0.8471637669843693,-2.9709752024642424,0.4610801270274816,1927.968035499795,1905.662253781673,1949.197975760853,1905.2615940791277,-0.0757854878410748,0.0458473456781646,12.31747370270491
4.230000000000001,0.9850305926294268,1.018891276649705,0.5636147964229838,0.0126756123583209,-0.2144833502028886,0.0097423009269898,0.9765967995594368,-0.3623429716158753,-0.1670167336869981,0.0968784490931941,-0.8440153613309102,-2.9720374508029304,0.4692675233817459,1946.528414365937,1936.7138041145568,1977.9966607151316,1919.127426079749,-0.209409154036904,0.0500661590013995,12.575644262701946
4.240000000000001,0.9817260410409908,1.01759580950008,0.5643178396529711,0.0095094470637898,-0.2243785761772889,0.0106528742885054,0.9743974246879898,-0.39235113864409,-0.1686867904082164,0.1050752432757936,-0.8282466262851951,-2.95124852558879,0.478820231912466,1971.384924551792,1961.644225459146,1993.4916321210453,1936.8805267262355,0.1210940390025898,0.0222200949243219,12.956420512518092
4.250000000000001,0.9780428769105308,1.0163148594933564,0.56504677476814,0.0067287517345157,-0.232917538150764,0.0115259431895242,0.9724049038108944,-0.4233111467838532,-0.1697691945387598,0.1128727332603107,-0.8026474176301879,-2.889094241498382,0.4897477801639961,1985.4898705171915,1972.5959271692268,1998.0391166575123,1954.808840395454,0.1210940390025898,0.0222200949243219,12.956420512518092
4.260000000000001,0.9738092978163032,1.0149949406226908,0.5658848484561654,0.0037907678969456,-0.2417198335766398,0.0124490118267301,0.9702588181711984,-0.4690741903195516,-0.1712019476128798,0.1223122709019693,-0.7820710760261838,-2.8089749571014284,0.500998132631834,1980.0473315096465,1974.6570857281945,2007.9526687746288,1962.4914409382784,-0.5915781989836271,0.1232730790214076,12.807116876899965
4.2700000000000005,0.9689136975283033,1.013609314222293,0.5668984718101767,0.0003293159422785,-0.2517438688949033,0.013494008319072,0.9676997611678536,-0.5329541552374485,-0.1731313325750021,0.133492719515004,-0.7749608308531485,-2.7367519382098804,0.5101362646330547,1968.19317160594,1973.494236861744,2029.65472914604,1955.4811042892372,-0.1721925501064927,0.0484803631316516,13.090247597206805
4.28,0.963328276890467,1.0121693193841783,0.5681282029361794,-0.0037484105003555,-0.263064381723356,0.0146894251643021,0.9646591632673022,-0.6053725469863283,-0.1744848676851711,0.1449494402070375,-0.7739703803113942,-2.6581369664527914,0.5129235880257484,1971.520775735268,1966.0757311848351,2048.336234508569,1944.283544204074,-0.1501918849484562,0.1450658537793837,13.11408951059367
4.29,0.9570890214447352,1.0107144860421466,0.5695892973382504,-0.0082985275798557,-0.2751166009360425,0.0160183637636901,0.9612415941644112,-0.6758734030446388,-0.1736182284018586,0.1554661021156716,-0.7637710159853275,-2.5340070587496264,0.5047666010056908,1994.9660714400952,1947.523382661734,2046.982155076087,1944.1997445151453,-0.4560279877289162,0.0622110249690935,12.90951896930634
4.300000000000002,0.9502550061936622,1.009291239602436,0.5712769094380996,-0.0130444132798614,-0.2871390793282035,0.0174314909282073,0.9576414441369776,-0.7432248821349593,-0.1697649639725224,0.1648336139479683,-0.7349918275963656,-2.361889641595286,0.4839010253086993,2019.041029187938,1923.0251434721608,2031.6810832301967,1953.9036523387745,-0.4560279877289162,0.0622110249690935,12.90951896930634
4.310000000000001,0.942874134807734,1.00793353884302,0.573172441835588,-0.0176761785671247,-0.2985160142304938,0.0188601496442699,0.9540545250218136,-0.8118185487860934,-0.1638344540279906,0.1727383089693538,-0.6895577514995219,-2.1970723013824585,0.4530190818560538,2019.0794776107537,1906.7166040708132,2028.0351771847809,1951.6513164559344,0.0786549504329787,-0.0511460482719966,12.788866648636954
4.320000000000001,0.9349647225935648,1.0066525525670538,0.5752489323095813,-0.0219266436905627,-0.3089124930400861,0.020228075748538,0.9506224902093032,-0.8837211520889472,-0.1576003221896481,0.1780056423295956,-0.6343689844378875,-2.084948328173972,0.4166926718002647,1991.462865634675,1905.457813638484,2048.7823333589163,1920.0016040407656,0.3384189447750678,-0.1492988580209416,12.783860729251984
4.330000000000001,0.9265081452873388,1.0054356601656125,0.5774724795460021,-0.025630991366974,-0.3182559437907954,0.0214674239906306,0.9474150918317602,-0.9582698770691808,-0.1521715952076794,0.1797623960267359,-0.5735447051386252,-1.9866491782464384,0.377229741612037,1958.1731540642468,1906.3273400798323,2070.929746863253,1869.978152285309,-0.2808324034080698,0.1428700359823753,12.317242328951496
4.340000000000001,0.917446889949142,1.0042527924576117,0.5797969701273993,-0.0287594314631689,-0.3266410182037975,0.022538102783569,0.9444419379991652,-1.0350416567534266,-0.1474705063347748,0.1786950473248182,-0.5101185797970652,-1.813464680708417,0.3348491257367381,1942.4359455943468,1887.9040306863533,2056.3674299576533,1830.5787580973988,-0.2808324034080698,0.1428700359823753,12.317242328951496
4.3500000000000005,0.9076846395330176,1.003067703637836,0.5821552889708523,-0.0314044729694982,-0.3342181114075066,0.0234415768690137,0.941680681313258,-1.112771269214356,-0.1429999174583572,0.1761617141274895,-0.4532822991089861,-1.5399900700746367,0.2922836396367647,1940.828664013951,1847.326853596472,1999.9234272813087,1813.5718378996376,-0.0111652733517777,0.1136940726532208,12.0510850677694
4.36,0.8970877922812819,1.0018506680503871,0.5844570531409626,-0.0337275588796514,-0.3411157840879785,0.024219588795626,0.9391037669696752,-1.188593988407738,-0.1385278527849872,0.1721397031445795,-0.4151355131594028,-1.2426465271579403,0.2554844210728878,1926.27307436646,1808.6527444323333,1945.0511567893968,1799.163294188536,0.121532371108282,-0.0305950804425384,11.258912629553777
4.37,0.8854965000953621,1.0005888922215846,0.5866006075182171,-0.0358898232228847,-0.3474026937773646,0.0249323914662621,0.9366972108429884,-1.2622714744404142,-0.1338388213662525,0.1646534725553327,-0.3932356621583097,-1.0034124909204132,0.2261166784202176,1882.597704038339,1796.4714651999757,1937.180909029693,1762.704007004695,0.121532371108282,-0.0305950804425384,11.258912629553777
4.380000000000002,0.8727588956700423,0.999292335767742,0.5884961744487424,-0.037990604765903,-0.3530421614272943,0.0256204534212912,0.9344846379533228,-1.3385117843281673,-0.1283423863956544,0.1511782539535863,-0.3608890803165699,-0.8012966609390992,0.1955818808736965,1828.620931216074,1805.7531871612384,1968.4819656772115,1707.3061850884465,0.1117269318323126,0.0138065893210889,10.673686318554369
4.3900000000000015,0.8587905061324255,0.9979935448451138,0.5900897190858803,-0.0400321160827781,-0.3578156551265137,0.0262673767665064,0.932563891401616,-1.421177645158541,-0.121485516906738,0.1304504889847663,-0.2873617761841586,-0.5308177281973216,0.151732004984219,1798.2647990925798,1807.2501582302864,1988.1913858886317,1659.5818489554902,0.1117269318323126,0.0138065893210889,10.673686318554369
4.400000000000001,0.8436401608140843,0.9967401796303272,0.5913784211894993,-0.041925799771889,-0.3612749030846255,0.026788302139172,0.9311310641274848,-1.5063693912135243,-0.1135447131551049,0.1037367988190431,-0.1743591630210592,-0.1242219572726851,0.0920440342289171,1800.9739927930432,1781.154034394705,1965.7404284068143,1637.4236389253738,0.1230597822222732,-0.0102095155546261,10.569714556784
4.410000000000001,0.8275355364664749,0.9955807964293204,0.5924112262079329,-0.0435418429547712,-0.3628193691941032,0.0270571994029621,0.9304483441922844,-1.584859121199332,-0.1056376122345481,0.0752129093017441,-0.0660398049993458,0.3706316037547853,0.0264060494348493,1813.450006529884,1735.9388477866232,1921.8108122479596,1633.5903397371558,0.3276470707682524,-0.1333827532271234,10.153520478841738
4.420000000000001,0.8108895349848417,0.9945487207458414,0.593269063232239,-0.0447777423014008,-0.3619314191214536,0.0269642023856354,0.9307381658859952,-1.6519501952578746,-0.0987541002448164,0.0503676580629015,-0.0122013529976569,0.842556537449963,-0.0332739234081664,1809.030148019249,1693.0396054726352,1892.1288754504908,1629.8506762069162,0.5853713149451485,-0.0852511951974521,9.654969570819826
4.430000000000001,0.7942545464205979,0.9936515803215098,0.5940273640847857,-0.0456069382912822,-0.3584814573080348,0.0264757432066464,0.932046182851289,-1.7124073449124253,-0.0928918112887541,0.0321242308033818,-0.0189720521452045,1.2267407193098498,-0.0818631758749722,1783.8281253612802,1662.8379772582864,1881.7648113002028,1616.5204106509782,0.5853713149451485,-0.0852511951974521,9.654969570819826
4.44,0.7782046891272948,0.9928714412198032,0.5947186964735597,-0.0460821707517113,-0.3529253162444151,0.0256656483402777,0.93416349168005,-1.774859820194402,-0.0871888258969359,0.0172975152958202,-0.0406577911665042,1.54739000593101,-0.1191973796078282,1753.6345245935772,1641.6311819635798,1869.045333835844,1597.1948027357844,0.5722612658675148,-0.0106620214782361,9.474380047316329
4.45,0.7631293170633133,0.9921741622139056,0.5953180937235013,-0.0462997475993673,-0.3462201696200199,0.0246959630715711,0.9366845984260056,-1.843354501289844,-0.080767739538245,-0.0022092739203517,-0.0226953679076614,1.8671965932835413,-0.1457083063573198,1735.278253113104,1625.2183286092677,1841.5786266290615,1582.9251632419318,0.8518356745722331,-0.0865394352134419,8.91608022091429
4.460000000000002,0.7489643445493317,0.991522027116019,0.5957554928321481,-0.0463513434045785,-0.3393964040520251,0.0237482877755989,0.9392005391336148,-1.9139208423641645,-0.0735859026769236,-0.0320315863109519,0.0490266137069943,2.2138516572409457,-0.1635134382729796,1733.4364826200162,1614.8218068357746,1810.6713491125147,1583.1238361831768,0.8518356745722331,-0.0865394352134419,8.91608022091429
4.4700000000000015,0.7349574049041006,0.9908840598759134,0.5959341780042821,-0.0462853332569108,-0.3329033974921469,0.0229321194666214,0.9415450673017468,-1.9761962560185795,-0.0667735238558107,-0.0680184104572035,0.1403121934537687,2.55263615195851,-0.1782580332033492,1738.0598488488592,1608.5294902438225,1791.6707078058168,1594.2674752748062,0.7785668896304299,-0.1029066328726026,8.759412806768616
4.480000000000001,0.7196091412588819,0.9902420432202492,0.595731411350727,-0.046085305675229,-0.3260307935382058,0.0222149327867121,0.9439738147994098,-2.019862164048148,-0.0618526370214929,-0.0986315807479994,0.2047674013124992,2.824381322079794,-0.1954058800127602,1731.118818696276,1595.8901268506131,1783.4881871586792,1596.3566252735895,0.8287734937471591,-0.086347216233013,8.765623231146257
4.490000000000001,0.7009152380737437,0.9895934055756868,0.5949840429168729,-0.0456693519336525,-0.3167971423248343,0.0214172835117513,0.9471510866148845,-2.045926537451537,-0.0588582583580716,-0.1170214493639276,0.2257123459736501,3.0146873031214776,-0.2143124688495341,1703.831569670903,1571.4809456570133,1774.4403547171073,1573.7810631808345,0.8287734937471591,-0.086347216233013,8.765623231146257
4.500000000000001,0.6769298463560793,0.9889523387475628,0.5934882145025568,-0.0449169174508134,-0.3025661217375701,0.0202881090651437,0.9518532476878794,-2.0738280679580288,-0.0551099508418346,-0.1297655725512303,0.226457739554984,3.18495633384887,-0.2272954739934968,1676.6011953042448,1556.134934325974,1764.2140164797147,1549.8246171860078,0.5714262466076718,-0.0830139083263807,8.78618533334076
4.510000000000001,0.6464933254602223,0.9883485557813928,0.5910372427289576,-0.0437227745796187,-0.2812572305365744,0.018630666306319,0.9584547915926648,-2.131232232946924,-0.0467432387426484,-0.151623689619704,0.2442029902653522,3.424359214931311,-0.2255750298033809,1695.2786164989282,1591.4494580228338,1770.1271012053155,1585.5578498048783,0.6201428496675159,-0.0670911682301155,8.792118846856642
4.5200000000000005,0.6098043601848626,0.987822128723064,0.5874898238322501,-0.0420573364994972,-0.2525539204072942,0.0164151825025951,0.966528964654904,-2.2291659318284585,-0.032394391931093,-0.191230045906293,0.2943256089662794,3.762390475291192,-0.2073941570388867,1789.240093182043,1694.8818979919683,1805.1502650266932,1718.9883303319557,0.6201428496675159,-0.0670911682301155,8.792118846856642
4.53,0.5685097829268402,0.9874144303180764,0.5828337284308651,-0.0399976562883267,-0.2183292943469733,0.013813772767871,0.974957274142468,-2.346744301283004,-0.0152147811182019,-0.242216556923503,0.3579151689005059,4.128377728502557,-0.180845009567902,1931.5615506554896,1824.4048112581768,1856.527218090664,1909.3671459928823,4.803164975225554,-0.4538833252150601,12.43203700782612
4.54,0.5252104057977276,0.9871576576987438,0.5772114817166806,-0.0377044311272524,-0.1818932326911869,0.0111332305075063,0.9825320752794724,-2.446199111229883,-0.0003089201980809,-0.2882635876009733,0.4023341169127399,4.403997614091099,-0.157371784622136,2058.693557493106,1912.8726152601007,1899.0349759799703,2070.0655007711566,4.700276393466715,-0.469618494203163,13.028485960809949
4.550000000000002,0.4826235069790176,0.9870665211960326,0.5708988359118943,-0.0353572514499625,-0.1465061946667676,0.008686061690808,0.9885395045350848,-2.5054203919288787,0.0100054411761006,-0.3165850683762958,0.4115653091248837,4.521871847560609,-0.1411948003727716,2132.236369885208,1942.7392139554065,1927.3142415716209,2157.0994119426623,4.185778420911662,-0.421524266439168,13.20439935930193
4.560000000000001,0.442832845163024,0.9871349385507482,0.5642502777662409,-0.0330917884378578,-0.1141844273069027,0.0066807675287318,0.9928858028211532,-2.5327836276487807,0.0176651356740608,-0.3264149180454069,0.3951463161349194,4.513312571905003,-0.1261367227646794,2164.7510038716405,1962.2647424564789,1959.6085342047625,2197.8942298421607,4.533288561585724,-0.4570487136853013,14.05709654042451
4.570000000000001,0.4069331938121479,0.9873386992411652,0.5576316509158961,-0.0309741255892229,-0.0854703510375283,0.0051858712667166,0.9958456353153884,-2.550898703245688,0.0256806171834284,-0.3249297843834489,0.372601849023282,4.461941252518643,-0.1043783328619648,2187.030686451704,2017.4689541707803,2006.020697493248,2235.29615326714,5.574937085794554,-0.5678905968646137,15.021418795024836
4.580000000000001,0.3750833446190687,0.9876429731877452,0.5513544587997887,-0.0290111434468042,-0.0599539862529504,0.0041577920586371,0.9977708082788788,-2.5724214134748435,0.0347347597874521,-0.3166666004744046,0.3574449740113959,4.418395690935121,-0.0769500202209765,2213.4167194765923,2090.8363945660594,2046.8190669080032,2277.731677103852,4.848012613557562,-0.5035259790974016,15.943892418203934
4.590000000000001,0.3467939043631577,0.9880119010330788,0.5456266784103067,-0.0271748653742078,-0.0369025366094863,0.0034896031839338,0.9989432176822154,-2.593839678101069,0.0434431653288165,-0.2991519625629518,0.3559489107615763,4.367369628072925,-0.0526629767624016,2243.199264072868,2125.530107857346,2052.2018655283537,2311.629803394012,4.848012613557562,-0.5035259790974016,15.943892418203934
4.6000000000000005,0.3212798464676283,0.9884168606050544,0.5405409485849794,-0.0254257317053697,-0.0156321154936037,0.0030529189193265,0.9995498230796268,-2.6063709369594195,0.0508133887169479,-0.2691681596721942,0.3704518404553407,4.279162168106791,-0.0370810178201169,2272.9875080042207,2097.941528888789,2019.3868007310853,2332.145574605579,4.137498944231332,-0.4135279375264445,16.145419390262667
4.61,0.2977787063701817,0.9888408381303404,0.5361118778796237,-0.0237324933390551,0.0043511225074978,0.0027291560705645,0.9997051506319146,-2.6065596919273046,0.0572398066009708,-0.2304442361532281,0.3957360783521219,4.182218712547063,-0.0261175016604316,2293.8619040912417,2045.938530425704,1981.1383443178304,2343.0540242924085,4.430788012820504,-0.4350707797364918,16.22355409514714
4.62,0.2757695445507387,0.9892782266560078,0.5323424506910447,-0.0220877646779092,0.0233261464988723,0.0024310146408318,0.999480921132996,-2.5972696698882816,0.0633758631833006,-0.1921110951965442,0.4168298354932767,4.160654803381117,-0.011710761804731,2289.37461171136,2024.6773968564607,1974.1280996551727,2341.895789039782,4.601664821211617,-0.4101990049945785,16.130378406151078
4.630000000000002,0.2550489385052792,0.9897309541448264,0.529273002331532,-0.0205142055171309,0.0414017254162553,0.002111102872121,0.998929731136891,-2.58317143197002,0.0690955708015436,-0.1598251503937938,0.4192997524900776,4.264140696131683,0.0089284969532248,2252.2641180179758,2049.7649693898543,2002.873291153991,2323.504030942379,3.9730207655222274,-0.3661089375153909,16.297661185541337
4.6400000000000015,0.2356711467086788,0.9902025158447736,0.5269770602126864,-0.0190572452612632,0.0585809959534566,0.001758301853974,0.9980991918094833,-2.567203138270175,0.0738871281096395,-0.1306738266103245,0.4030566236761459,4.4323583311845445,0.0314439755295055,2199.341350459872,2093.076531015937,2039.8510613239268,2293.296321051145,3.8422021794352426,-0.3849729729529683,16.410472195477464
4.650000000000001,0.2178119900417311,0.9906920637216652,0.525510469020816,-0.017763996843261,0.0747666223978815,0.0013878950328378,0.997041857866932,-2.549786728419164,0.0777365833943974,-0.0972945811100468,0.3828164474406805,4.532327128062439,0.049663937404508,2158.2490401185373,2125.6155032076217,2058.907655362761,2264.0752570026834,3.8422021794352426,-0.3849729729529683,16.410472195477464
4.660000000000001,0.2016220949659054,0.9911915414712148,0.5248551274016229,-0.0166592068555537,0.0897099325988766,0.0010301364064094,0.9958280663041352,-2.5297533655510054,0.0811896557848556,-0.0554564712275315,0.3751472860127289,4.475707752029157,0.0609838743491501,2140.7638968471265,2147.9644434376014,2060.858211337178,2241.52479213394,3.11006983593036,-0.3269514178898299,16.566076416643625
4.670000000000001,0.1871029356227668,0.9916885375082763,0.5248986926462778,-0.0157297424624623,0.1030375153074574,0.0007183111176475,0.9945528289992788,-2.5062813830534285,0.0846771269192817,-0.0072302215209953,0.3864979894497977,4.291714165785981,0.0680856232998364,2137.190227360048,2174.1377489837805,2062.736874102148,2222.89116050956,2.688036805272658,-0.3739761021004898,16.532001210520683
4.680000000000001,0.1740182400538057,0.9921746944366028,0.5254645866054756,-0.0149224399662382,0.1144749894980078,0.0004797627574151,0.9933139319432612,-2.481375605889868,0.0880643761175933,0.041029428625029,0.4114370594892431,4.091800860760491,0.0774479962453549,2134.68846561616,2197.985639055796,2067.655190993705,2209.407281376653,2.688036805272658,-0.3739761021004898,16.532001210520683
4.69,0.1618627711073372,0.9926554955020273,0.5263774764299359,-0.0141530346523683,0.1242017963192522,0.0003354978431974,0.992155982112892,-2.4604973971641395,0.0908567444522438,0.0819694265649957,0.4382062103090759,3.981625240466516,0.0952024618950963,2132.59280365412,2190.472424356772,2055.857517875598,2210.949079398919,1.9479073049947149,-0.3287575947411254,16.636407051738914
4.7,0.1499172536307918,0.9931552887584102,0.5275327748262921,-0.0133210346802394,0.1330960297721558,0.0003073918157799,0.9910135732694124,-2.447961263540618,0.0927346340033556,0.1108559662833762,0.4553825638719497,4.00628920028925,0.1223360428934809,2139.439592638696,2133.112836716979,2010.2905443363957,2235.2251200398987,1.9479073049947149,-0.3287575947411254,16.636407051738914
4.710000000000002,0.1373937949715286,0.9937131845346988,0.5289371382840984,-0.0123267770822408,0.1426283466784774,0.0004226840852574,0.9896994627808448,-2.439058628151602,0.093979767136357,0.1305828515366254,0.4580497797970815,4.149841765171608,0.1541584275518979,2160.164523667502,2045.6957391462688,1943.3620791431,2276.2585686634507,2.844920718699237,-0.2816488641881687,15.85501220932098
4.7200000000000015,0.123632677479937,0.9943699354252076,0.5307008858529828,-0.0110907252690808,0.1543438722411751,0.0007060327215299,0.9879546884510452,-2.418862887850417,0.0954759672423875,0.1537338058493025,0.4528124513611372,4.352298335053309,0.1859288142011501,2185.232166541494,1974.0502494193104,1888.3512419188855,2314.671245110563,2.844920718699237,-0.2816488641881687,15.85501220932098
4.730000000000001,0.1082737215436258,0.9951510118875364,0.5329893145873875,-0.0095750206336949,0.1691499215851117,0.0011620013991042,0.9855431359206778,-2.3744651147843623,0.0981183698602271,0.1947808039877767,0.4553487921931509,4.523137144276027,0.2191844679979877,2188.1739354375723,1953.2849798232603,1866.8845844375176,2326.203255650134,2.844920718699237,-0.2816488641881687,15.85501220932098
4.740000000000001,0.0913143294679499,0.9960544783914728,0.5359644701452794,-0.0077984582469674,0.1868523066369325,0.0017638946958795,0.9823554795637524,-2.310069794202378,0.1019929107268163,0.256222220758443,0.4763998588569754,4.578911434235775,0.26279554432838,2140.309120504715,1983.7191931804275,1872.1691743666352,2294.039959009287,2.367085122753241,-0.1814326015082655,15.570132579681207
4.750000000000001,0.0730107350779111,0.9970512243346028,0.5397539392488186,-0.0058292935117988,0.2063151102406927,0.0024642209360007,0.9784651359341848,-2.2447962487985107,0.1061623834768963,0.3242522966873935,0.5095490802073495,4.515533709514387,0.3284871614277713,2042.2463057856005,2031.584419699848,1878.6949245281924,2226.1507540902144,1.526582209059174,-0.1509831438655274,15.67519662286099
4.760000000000001,0.0536826681383686,0.9980986369832868,0.5444613065605562,-0.0037508757338546,0.2261809347031672,0.0032264971387722,0.9740727413413458,-2.1912375504095247,0.1094009823570245,0.3816486572444632,0.5414630687554778,4.440723633551108,0.4215981226135434,1939.632006031007,2050.523723123788,1859.354670949868,2163.104706012153,1.7838195304908542,-0.289281703943411,14.538182361440615
4.7700000000000005,0.0335708036589714,0.9991605357490771,0.5501980070671579,-0.0016128421586046,0.2456335544466294,0.0040641609559145,0.9693528966613814,-2.1399228296610056,0.111150989270272,0.424025488383218,0.5774217640649776,4.488653856797003,0.5299344459120893,1886.757381411141,2021.0653114392453,1799.6475815634203,2152.424433378964,1.7838195304908542,-0.289281703943411,14.538182361440615
4.78,0.0128721700218921,1.0002223866226367,0.5570971704789429,0.0006198813628324,0.2646942184597999,0.0050746833287602,0.9643188445997332,-2.0712809755790427,0.1117567397730379,0.4601263064713639,0.6447954664214492,4.680299939359712,0.6273890587062945,1884.519159790544,1978.656903330752,1707.0576182519044,2204.957391849079,2.3729227757270133,-0.2135030475648018,13.815134711077434
4.79,-0.0080577230365142,1.001294219727917,0.5652845742059891,0.0031219714833567,0.2839989253252657,0.0064644476829147,0.9587977235185252,-1.9817597584623057,0.1119326403917699,0.4975075797689698,0.7614739306532569,4.890467014690622,0.7091881944652872,1870.566666566638,1984.845699389014,1604.4041699829595,2285.6435639771807,2.7045759536708847,-0.2170414579826748,13.490682024732552
4.800000000000002,-0.028480564230488,1.002400776705947,0.5748145326924088,0.0062599677935431,0.3043793315047918,0.008550067415544,0.952491958865328,-1.8902322598355157,0.1121679275727926,0.534220951249082,0.9123995263612906,4.967780328353407,0.8319531070652608,1787.538890484448,2057.198515830104,1506.605992805372,2352.449561319124,1.8273587452747817,-0.2783687615212825,13.55038237633082
4.810000000000001,-0.0472010776815276,1.003563978449998,0.5855973490139966,0.0105976667954162,0.3265076751438426,0.0117032746609034,0.9450626756426622,-1.8142183801413725,0.1124830737011134,0.5667717597436972,1.0743423482027616,4.864925436036568,1.0921604805078466,1656.1444785223362,2140.0689927839057,1407.8949087726442,2394.1170307730927,1.8273587452747817,-0.2783687615212825,13.55038237633082
4.820000000000001,-0.0627429433835581,1.004785319784546,0.5973446672230543,0.0167961524742181,0.350598114638962,0.0162227028113211,0.9362348397635946,-1.7434113216181908,0.1123456667415747,0.5987360746968827,1.257267414909718,4.627219684223955,1.5295579270856006,1562.7843884327206,2159.047175453559,1298.396256974626,2425.2991875493008,2.1009161118230493,-0.5382738978315487,13.236750267270876
4.830000000000001,-0.0737654734521269,1.0060364305205076,0.6095618399255905,0.0254100234963749,0.3761163343953971,0.0221841807993444,0.9259582581462004,-1.6423493727129108,0.1106690173390454,0.6331076666410986,1.4990529163088953,4.270442401293375,2.054646135899511,1565.7978074534544,2102.4014326125216,1187.4954735660635,2454.9998539937774,2.1565276956426835,-0.5253152325291355,12.815418857005763
4.840000000000001,-0.0795955071437582,1.007263901308789,0.621618713854887,0.0366745563331262,0.4016503151692096,0.0293818277602023,0.9145866330970034,-1.4819701373470509,0.1062866777066119,0.6592214795340344,1.8120505896008892,3.720517175194378,2.50706080055261,1626.864392187999,2041.1115132010916,1100.070832642422,2466.9956304582365,1.6897820499149168,-0.4756867570611182,12.624904609898724
4.8500000000000005,-0.0806385533513857,1.0084074435982622,0.6328953422119303,0.0503977566620743,0.4251638522132997,0.0374364148134611,0.9029364760272408,-1.269983364921339,0.0989062725792674,0.6578960713006844,2.1394756681982297,2.9135747726788064,2.8014457092475578,1651.6499451272443,2063.425871376522,1047.3308147816729,2431.741893608842,1.9224939931093503,-0.6450552740730197,12.457763735757275
4.86,-0.0784065184619283,1.00942145529355,0.6429315189093637,0.0659857181845657,0.4446193080810098,0.0460154199475898,0.8920998469926323,-1.0501547729240217,0.0895092502265212,0.6225967209689076,2.3585088872363134,1.9504877734512136,2.9982089602519184,1587.6706884915418,2185.314272803802,1007.5911271330036,2344.012651871744,1.4441744929637697,-0.5900163119284482,12.209127237506827
4.87,-0.0750581477958543,1.010287376323109,0.6514833831297264,0.0825420426152105,0.4586744605139454,0.0550040177060383,0.8830510225968508,-0.8686288100676136,0.0793773260584185,0.5687756061024631,2.3259522849186998,1.1058121746506,3.2233447493410807,1461.1507843807938,2325.093367418982,948.2839470464068,2248.73829026812,0.9997134330294656,-0.6817338392750638,11.860107785357926
4.88,-0.0726424502792746,1.011011633251137,0.6584585161134962,0.0989938298226874,0.4671142908051919,0.0645020481644854,0.8762670521965241,-0.7388908340145082,0.0687929307629533,0.5182530606363687,1.9583648573650407,0.6335772015920622,3.539207593270734,1329.8399410352215,2372.529961656665,879.3097877165937,2206.5652192354355,0.5697065554907299,-0.7723231781643993,11.22797928859868
4.8900000000000015,-0.0724302748186842,1.011614221992943,0.6638080055039696,0.1142704937654814,0.4708531868040052,0.0746672828076563,0.8715872461258409,-0.6405515883351101,0.0572723234245707,0.4786098485577339,1.3193880687063395,0.5511395762581277,3.9007612430325778,1232.820369070339,2286.8380947408405,876.0240521424187,2220.156945474894,0.1971674629509316,-0.9015302552252996,10.657265847606832
4.900000000000001,-0.0746411221220383,1.0121163067872463,0.6674915906165739,0.1275752536609708,0.471553786581864,0.0855455287304524,0.8683568065765778,-0.5499561612396392,0.0451953286345368,0.4421543012330411,0.6389364236709809,0.6409240830454647,4.208944852858923,1190.639817595634,2123.3494272124253,1016.551613359344,2219.4571110721013,0.4986480061776808,-0.5877693273279678,10.51816068806174
4.910000000000001,-0.0786102234825141,1.0125314181504912,0.6695583342811239,0.1386909785028536,0.4710451897392962,0.0970243325329593,0.8657179220750401,-0.4653627953956005,0.0345283857216257,0.4018227649281294,0.2098337719820608,0.6837870415670452,4.377561292949808,1227.4550510205945,1966.3932434771652,1279.3981416847428,2139.551100226268,0.7663996781465663,-0.2507578846738514,10.100126263206356
4.920000000000001,-0.0832193067461478,1.0128608617817974,0.6702696852862101,0.148134173812009,0.470763999040885,0.1089233012693639,0.8628865731929374,-0.3997633341535927,0.0272167816007327,0.3607164694093193,0.2132471803368922,0.66156266440092,4.352358098118899,1370.994920789734,1849.7661694707692,1528.6782496290557,1989.6842231117275,0.7781421389231591,-0.0575656781363922,10.029915232963477
4.930000000000001,-0.0873538226108691,1.013093104048094,0.6701431953695964,0.1569588621317773,0.4713919224136809,0.1210933505007521,0.8593543922887309,-0.3542795348455617,0.0227112330450562,0.3235976043809678,0.5861350548740909,0.6848062272212547,4.092707896453086,1622.9398306344324,1747.0272049318655,1630.9560757034044,1825.965544033237,0.7781421389231591,-0.0575656781363922,10.029915232963477
4.94,-0.090218512150098,1.0132069783240538,0.6698509620178943,0.1661926633982196,0.4727626428546035,0.1333815611003564,0.8550349942032598,-0.3058753220041598,0.0174248226563064,0.2845966430072212,1.011496336214339,0.732106212759761,3.565864610691827,1926.659723839805,1622.2204027282696,1583.9839778270127,1680.8509850803594,0.7806153433786776,-0.4302800298390967,9.598829482687124
4.95,-0.0914556512708353,1.0131778226178745,0.6700072470432511,0.1761700299126685,0.4740246778076383,0.145468456174258,0.8503550162421647,-0.2248662615727257,0.0071570228546043,0.2301713427502388,1.0649583379163294,0.5410282523661321,2.7845834115849453,2174.876305357998,1473.5257002304847,1516.9456429999086,1545.9865207972416,0.7806153433786776,-0.4302800298390967,9.598829482687124
4.96,-0.0910992864970005,1.012984716580602,0.67094614066664,0.1861851682455655,0.4739985077654041,0.1567528364869743,0.8462204476463733,-0.1033044146010555,-0.0095724346323265,0.1547051205985205,0.4855420497062273,-0.1665996666909076,1.854110802139901,2276.18386658137,1331.084596997288,1564.874705491871,1410.4680870706825,1.0101345289603645,-0.8045070738880682,8.824690587072505
4.9700000000000015,-0.0894374833600634,1.0126163423538688,0.6725939713933227,0.1947354550169992,0.4716174184745085,0.1664483826440255,0.8437713251029277,0.0372218549439087,-0.0305115157478778,0.0684982878033022,-0.5993879105278977,-1.3525901178286617,0.95247758088471,2233.322260118307,1224.1019761564194,1743.4935218836351,1286.4567150687435,0.8757575756319071,-0.6644050187734662,8.869408396046039
4.980000000000001,-0.0868511412560107,1.012072785609626,0.674497076242988,0.2002291531364058,0.4662832241380439,0.1738607352961357,0.8439553814296081,0.1658397654313516,-0.0517949302305303,-0.0118236778842392,-1.7260030248428428,-2.6159702217328005,0.2296611137652857,2145.635047911874,1154.1691417414122,1941.5762972365208,1191.461066517455,0.5071742980568708,-0.374463271747085,9.15335188035525
4.990000000000001,-0.08367653826048,1.0113617885711277,0.6759984494882894,0.2017045005186221,0.4579659082234698,0.1786457025068681,0.847153017082164,0.2663839092928577,-0.0706250105648876,-0.0774706166745394,-2.4393527422559105,-3.514770381259777,-0.2792026637585801,2111.155248300129,1099.1293221692786,2033.61052272602,1122.682209604059,0.0223521584862185,0.1607325366907646,9.294611728779206
5.000000000000001,-0.0801182738016597,1.0104911723735976,0.6764903053531083,0.1991282184203971,0.4469848832645302,0.1808792343903807,0.8531325625763342,0.3414808860801626,-0.0860647391550364,-0.1299757105077507,-2.631552182630995,-3.921490269953256,-0.6365132174117576,2128.5789235804173,1039.6357936362683,1995.091338657208,1061.493881386108,-0.0986693724573113,0.2360867927782326,8.99028550588437
5.010000000000001,-0.0762239585907386,1.009462552178828,0.6756326074196365,0.1931719819360812,0.4335982553163938,0.1809328018947972,0.8613596575066443,0.4015541746789995,-0.0986105340127846,-0.174271445777384,-2.5580313660092022,-4.062995260213295,-0.9156922269295986,2117.313293535132,976.6616221228632,1903.1643972941915,997.7104760249214,0.0393740102052979,-0.0597027862157046,8.726780566780539
5.0200000000000005,-0.071917948689562,1.0082717461760646,0.6734467167829142,0.1847246741797485,0.4176904690575248,0.1792710161020079,0.8713629379273853,0.4572290302304318,-0.1101465560582509,-0.2149083565250581,-2.5517920117615582,-4.261078379351453,-1.1465002436857243,2025.3376516941148,922.0051251961398,1840.6555837450449,938.7233431738975,-0.5726023646395144,0.3809429346499819,7.816275098066182
5.03,-0.0670759761761168,1.0069169031898406,0.6702610651226212,0.1745248562550244,0.3988348464741418,0.1762964789274013,0.8828314625708075,0.5182548410334377,-0.1235034348525836,-0.2571869213109286,-2.740102757106372,-4.663207692006674,-1.3271795232404382,1883.306065321144,879.5391960045247,1823.6844841722527,894.516195261716,-0.5726023646395144,0.3809429346499819,7.816275098066182
5.04,-0.0616081749144781,1.0054088121876583,0.6665546946589207,0.1631179341874458,0.3767310954934963,0.1722954032577271,0.8954219760821974,0.5894433078942142,-0.1402641425959276,-0.3052563095679423,-3.004488672483252,-5.179219050468518,-1.4583362101475277,1754.7781663046517,844.6464364122967,1817.8138651486652,862.3918475553568,-0.6646127670090785,0.4496799439417298,6.938004274576738
5.050000000000002,-0.0555132927054034,1.003774612644713,0.662773395685616,0.1510243114708441,0.351662135199214,0.1674555575047065,0.9085615203565884,0.6646665901123647,-0.1586994031565836,-0.3570724960979547,-3.1498983562875797,-5.610500325772932,-1.5547089607664075,1671.4796404255458,821.141943628105,1794.7287201868503,832.2469748829351,-0.3595434610537396,0.2413189122048509,6.550302591356049
5.060000000000001,-0.0488816469101683,1.0020502672452924,0.6591837218865044,0.1388449899193813,0.3245544311777191,0.1618973710550677,0.9215073147960636,0.7303418472641049,-0.1750488715541373,-0.4052613342783674,-3.0800709418291587,-5.823685093984539,-1.6344275612511536,1628.3502411820707,830.2741528928723,1760.154010035999,805.0564405472073,-0.4565821335656661,0.3176319587296476,6.042953528714431
5.070000000000001,-0.0418546360376868,1.0002659955217008,0.6558064909730926,0.1271645627394757,0.2965862814858803,0.1556945400087424,0.9336085699205648,0.7779843911827666,-0.1871902765087844,-0.4453148233260602,-2.8394283389977915,-5.828949937968954,-1.7053270389735486,1613.944986948772,897.1640441764323,1741.6642283424374,801.4945420594149,-0.8905659654772367,0.4727737387683417,6.139395845615804
5.080000000000001,-0.0345711330814456,0.998434074634942,0.6524444831917064,0.1163559519313258,0.2687007846014547,0.1489047117731469,0.944504403174741,0.810918058377466,-0.1962128539067846,-0.4806709716351244,-2.5455814779823607,-5.722978288837916,-1.760413460201884,1624.8723113207457,1025.3376771284145,1762.571725569172,847.8703283934387,-0.8905659654772367,0.4727737387683417,6.139395845615804
5.090000000000001,-0.0271278349737896,0.9965454725362616,0.6487874257789488,0.1064726022678238,0.2413956976364968,0.1416195303166943,0.9541150930374102,0.8382329267211499,-0.2044409049819183,-0.5183507318790296,-2.3096028210487667,-5.57523969355686,-1.7837157251168316,1658.4328954578154,1183.24670485758,1823.5905739950197,951.7580634241089,-0.6283593568847354,0.2621847389643423,6.39156096406579
5.1000000000000005,-0.0195625128549483,0.9945754548050346,0.6445481166012579,0.097299466803538,0.2148357507270865,0.1340015553362622,0.9625081802960112,0.8658125882963925,-0.2131248381397199,-0.5614916531608214,-2.191049164127852,-5.376315262519143,-1.7623509972347575,1707.9084173867177,1324.5198991850912,1905.0961013881204,1096.3439578318744,-1.2627711064322056,0.4814678956526219,8.098601186273825
5.11,-0.0118578130076547,0.992494957523562,0.6395729019001424,0.0885056039021696,0.1890866848637695,0.1262748984115192,0.9697771051722672,0.8941563738517303,-0.2222852125628845,-0.6066995385597024,-2.1813257318421475,-5.0909244850230335,-1.6980744415712952,1768.853419086834,1431.8216396322682,1989.104085964031,1260.657995294103,-1.2627711064322056,0.4814678956526219,8.098601186273825
5.12,-0.0039609646562499,0.990283752798832,0.6338852860354974,0.0798049752534496,0.1642746560736298,0.1186731754223278,0.9759926642817908,0.921312437306798,-0.2316459721844139,-0.6465051372141029,-2.2153850481710533,-4.741392164732899,-1.610100197363611,1840.939284404513,1532.2880662331277,2074.8736914350416,1434.0306400231875,-0.8151256202176445,0.391678970622352,9.583575320481238
5.13,0.0041876019073563,0.9879407654103268,0.6276557428926379,0.0710538821427385,0.1405857168789435,0.1113709419961558,0.9812153256655586,0.9457288870899138,-0.2411072578634128,-0.6737677899544149,-2.2156993967792498,-4.413996133764323,-1.5243227652284823,1919.218832580444,1658.700922600316,2166.5829261001227,1605.9221033026815,-0.79480062797683,0.4585944051048347,10.976216392248933
5.1400000000000015,0.0126252830669631,0.9854877928991432,0.6211265216393144,0.0622617544412576,0.1181493683736296,0.1044326368403889,0.9855242386919626,0.9675064952738596,-0.2507693989904072,-0.6854096827107226,-2.1418581735899456,-4.178602996720141,-1.455463836575544,1991.8189346449735,1808.4320673010664,2253.6952485675747,1758.907619618058,-1.5696286635610623,0.7998950265025901,13.505165708024617
5.150000000000001,0.0213454454363401,0.9829657446154574,0.6145360983894409,0.0535471502689808,0.0969503861778487,0.097816114388801,0.9890224128319408,0.987808797517996,-0.2607232582717266,-0.6825350589493874,-2.007687024386569,-4.02401337036031,-1.3980999012813753,2051.454328668339,1952.6831136256717,2316.185416968419,1882.7262499490932,-1.5696286635610623,0.7998950265025901,13.505165708024617
5.160000000000001,0.0302917790105991,0.9804240122256708,0.6080738363984611,0.0450808549137705,0.0768631174390959,0.0914363756688061,0.9918160953031264,1.0067137323977238,-0.2706017680482236,-0.6666437666596177,-1.8589928611896416,-3.8854960070296607,-1.3354996643677723,2100.9907526166726,2070.0979226399186,2346.1270525351747,1982.443309312216,-1.0530527230916045,0.4429225705780786,14.669156420018224
5.170000000000001,0.0393782542438378,0.9779040348067836,0.6018678531201331,0.0370228506849437,0.0577415177763592,0.0852407944221214,0.993996595878642,1.0222592151381975,-0.2794986485433426,-0.6373255333316663,-1.7371827099813082,-3.720628383267401,-1.257349873844773,2142.1644209077526,2158.225101260521,2354.494828847597,2066.07999810758,-1.7850367526263289,0.7286869747172638,16.47449418406376
5.180000000000001,0.0485309687235562,0.9754217385761712,0.5959949099060525,0.0294497757444414,0.0394457596972881,0.079238113310968,0.995639525204491,1.0325521026090296,-0.2866405709670573,-0.5955079633753537,-1.6569118158735687,-3.544579042228089,-1.1694069662655977,2167.910387675127,2225.570225474012,2358.172485574803,2135.3792270741983,-1.7850367526263289,0.7286869747172638,16.47449418406376
5.19,0.0577277566128488,0.972958452792146,0.590504348764345,0.0222997000245397,0.0217884557795706,0.0734712737551238,0.996809890855,1.0379119576568905,-0.2919642746649126,-0.5463308808752704,-1.6075047805260152,-3.399631731277597,-1.0863257204325838,2173.1900327745525,2282.6058581022926,2364.838961722995,2189.77206833174,-1.061275053799163,0.4143311924744389,17.171939681912065
5.2,0.0670059429175178,0.970468565596054,0.5854505290948125,0.0153773431805492,0.0044864520558631,0.0679710297712753,0.997558694100999,1.03934313881623,-0.295775526114091,-0.4935437666343867,-1.5683895263265646,-3.302766228483918,-1.0140839723113095,2165.21959990832,2331.6916971922337,2366.5501512428077,2227.7956393325835,-1.607576241116203,0.6627267256460407,17.55509431681337
5.21,0.0764269137455665,0.9679027444893662,0.5809208173345923,0.0084400127787341,-0.012781399268903,0.0627374929722416,0.99791252572186,1.03542370144898,-0.2980287098282808,-0.4319049720631318,-1.5249783285483445,-3.2278474477242227,-0.9405511356205364,2152.6508538304247,2360.7169173544385,2344.763441600424,2245.262711879096,-1.607576241116203,0.6627267256460407,17.55509431681337
5.2200000000000015,0.0860160163452509,0.9652348067623536,0.5770403891301646,0.0013322213138096,-0.030197164895575,0.0577691284187428,0.9978722785108218,1.0228151248743256,-0.2982300650347496,-0.3524574216170477,-1.4786127180357376,-3.1400932883974684,-0.8478100159249148,2128.44017731864,2351.926829224513,2287.0260971296198,2241.295815109237,-1.6746375418028747,0.7054440265104351,17.540689125149708
5.230000000000001,0.0957159815387595,0.9624769438859644,0.5739442502968115,-0.005920063185784,-0.0476495536223576,0.0531085532358183,0.9974336842440528,1.000385303211196,-0.2960210440608596,-0.2573721205146657,-1.4446349506618352,-3.041020968114702,-0.7336812986110594,2075.4730757364905,2300.8685155951284,2202.5859876838185,2224.241179551329,-0.9762334215355108,0.3731831287473655,17.252184794257087
5.240000000000001,0.105382330695486,0.959676013245636,0.5717283391818042,-0.0131398596116715,-0.0647895156693228,0.0488522614025929,0.996615833360364,0.9711827859022272,-0.2916384489322132,-0.1628118848340127,-1.434767266198445,-2.9677189576900287,-0.6142305526977213,1991.6732346368929,2227.7032994500887,2116.836942096429,2203.6187308350427,-0.8395767741532119,0.2313121914975845,16.462672244397844
5.250000000000001,0.1148154965261061,0.9568972352227556,0.5704074471145884,-0.020138776709844,-0.0812898217283664,0.0451120566697816,0.9954653670012956,0.9394467879588976,-0.2857017237186158,-0.0836442763349367,-1.43940399855157,-2.9493061005331382,-0.5029833765891897,1898.8996171811125,2166.1055346544613,2046.9217530936703,2176.484634308384,-1.2595414051033371,0.5202951701721975,14.74175811566673
5.260000000000001,0.1238018796503386,0.9542078212982807,0.569903082900698,-0.0268515690641445,-0.0970813342393208,0.0419681953627286,0.99402861043287,0.906965946221405,-0.2786688337769415,-0.0206580935343605,-1.4354602965772354,-2.9766801585524663,-0.3957831591642321,1820.524208411728,2132.4893637956184,1988.0717882230688,2128.950238471485,-1.2595414051033371,0.5202951701721975,14.74175811566673
5.2700000000000005,0.1321469872966471,0.951666624623326,0.5700644841758633,-0.033368798819072,-0.112375020908352,0.0394492212424299,0.9923215894479902,0.8730146040961647,-0.2705483783532419,0.0337868837606144,-1.4155998290600085,-3.015153128621948,-0.2825361831297788,1758.7905757110989,2108.0698972413684,1928.3501893320777,2055.804629065712,-0.8327282979195676,0.3169515360599833,13.870077069062496
5.28,0.1397046407886548,0.9493174600754456,0.5707087382721592,-0.0398688967446428,-0.1274980440200052,0.0375318034949288,0.9903262510758036,0.8357692766911247,-0.2608353438807341,0.082782586877889,-1.3995756249609954,-3.032290638568241,-0.1688316632703345,1701.291846970783,2063.0925436312195,1870.3158713357088,1974.5980530179488,-0.8240451887960911,0.2741603065711087,13.023009290068975
5.29,0.146404540468383,0.9471842633444502,0.5716614602865717,-0.0465086552756806,-0.1426855141488308,0.0361424895770012,0.988013921705412,0.7922983683019194,-0.2485488475473644,0.1225269097572326,-1.4062428492593275,-3.008154080857752,-0.0772132438157035,1640.894902343489,1995.975034811543,1829.207321258079,1911.5576777038648,-1.0103258855332942,0.4513327132631195,11.465334392116958
5.300000000000002,0.152264797140096,0.9452710159258672,0.5727844205731574,-0.0533221417669656,-0.157920809475206,0.0351660848541829,0.9853837392651188,0.7397761305712647,-0.2329387272787141,0.1498416403811469,-1.420182472212025,-2.932107633436164,-0.0259981956921101,1580.7639373377106,1933.3432039932463,1812.1999094660207,1872.7204718579949,-1.0103258855332942,0.4513327132631195,11.465334392116958
5.310000000000001,0.1573777044227122,0.9435677542107854,0.5739847896497547,-0.0601677941300025,-0.1728765595343588,0.0344724786075416,0.9824994554358518,0.6800781093433718,-0.2148968214287994,0.1666993271393498,-1.4008614520867595,-2.804969532351758,-0.0112753220691134,1526.5529186531207,1894.093235109468,1808.7658314159107,1838.1829155706744,-0.6555209220847016,0.3270839095916864,11.156326338580074
5.320000000000001,0.1618772264748338,0.9420578068184204,0.5752093351121562,-0.0667640508278172,-0.1870149687857563,0.0339515391457783,0.9794974507147816,0.6219166839727,-0.1973021018742776,0.1772327707415556,-1.3264792692813625,-2.6424297803284933,-0.0115184333463228,1481.997786569474,1870.917697599961,1803.1041745604748,1788.766353889345,-0.6139015410296551,0.2870272202451212,10.632854694241797
5.330000000000001,0.1659072394172505,0.9407206433099498,0.576432658927713,-0.0728115307433519,-0.1998344165636197,0.0335309199404733,0.9765451163952606,0.5742451348575897,-0.1828302151653482,0.1832830028608463,-1.2133785550134677,-2.459757884453667,-0.008429762333542,1449.5541291963668,1847.5363010080596,1789.7231166994104,1729.7185249691015,-0.5898654941868764,0.1990061269275793,10.091825662203693
5.340000000000001,0.1695990085356066,0.9395307552762188,0.5776471998384468,-0.0781238951786393,-0.2111059429056383,0.0331668901699291,0.9737714800036475,0.536427704971734,-0.1710652626868538,0.1836817812699845,-1.0838767738784911,-2.2439138210996976,-0.002433217305954,1430.7978976321504,1817.944566419076,1773.991383880462,1681.2591031385195,-0.7192831492568574,0.2780217347038005,9.486597427019204
5.3500000000000005,0.1730531831857209,0.938457665157499,0.5788556903925453,-0.0826701263647196,-0.2209134068892506,0.0328237293140283,0.9712288708936452,0.4978169971010188,-0.1585872359333747,0.1767263339841166,-0.9313181732589486,-1.955235878036372,-0.0082444319551412,1426.562553772374,1784.6829017992363,1761.8319081790346,1652.0890225565324,-0.7192831492568574,0.2780217347038005,9.486597427019204
5.36,0.1763231134205337,0.9374702280850594,0.5800620787904378,-0.0865072972525357,-0.2294733858446255,0.0324639341533995,0.9689192668588796,0.4491358587348105,-0.1425909006459031,0.1628391083576683,-0.7366817047744916,-1.5768966743803845,-0.0367638137332549,1436.4142665912327,1750.0160046921578,1753.8163848757565,1631.7399382361828,-0.6077216310763678,0.2271252783307058,9.280825981730564
5.37,0.1794065702705824,0.93654320675124,0.5812595191988588,-0.0896790320410429,-0.2369033539125423,0.0320551515192613,0.9668541458659872,0.3924561400439739,-0.1239358754055893,0.14488191181002,-0.5115907953514054,-1.1552247888254914,-0.0836036854351177,1456.0281739231027,1715.9825928931668,1748.6579628628729,1607.4012432518723,-0.3264024727738346,0.1256217362674356,9.02975708871752
5.38,0.1822547372242628,0.9356620233567472,0.5824193940246003,-0.0921702276816915,-0.243125514655531,0.0315799106959391,0.9650892924973444,0.3375387834917142,-0.1058842395842364,0.1257361075030483,-0.3000573645815087,-0.7650366807130277,-0.1354569593077887,1476.7679456427763,1688.1668951047534,1747.2841220533323,1579.088184318808,-0.3258767809281644,0.0672607278148069,8.891813401902095
5.3900000000000015,0.184796298550465,0.9348242514013864,0.5834865559509053,-0.0939363952678883,-0.2479378793184994,0.0310313704893329,0.9637114794837064,0.2900137943376412,-0.0903066992646415,0.1058642046186524,-0.1336539350833154,-0.433353619471937,-0.1837706667195585,1492.0700398013742,1672.9058541402107,1750.497862693901,1556.120806126981,-0.3258767809281644,0.0672607278148069,8.891813401902095
5.400000000000001,0.1869637361256414,0.9340394180103766,0.5843829648157196,-0.0949548210071083,-0.2511422840484439,0.0303936928447374,0.9628018272550684,0.2466119463169134,-0.0761685902123679,0.0838869797324277,-0.0028295642349716,-0.119933746276392,-0.2288366088235318,1504.6286011067698,1670.069916532712,1755.563479892357,1545.422180339387,-0.1380824702822489,0.0254552361445972,8.858743133111695
5.410000000000001,0.1887100355426172,0.9333280785660292,0.585019031151224,-0.0952450891000596,-0.2526228355351858,0.0296228138066228,0.962409769729434,0.2013611439267706,-0.0615189289651318,0.0592725382244661,0.1207089145436853,0.222801844050724,-0.2728793560567997,1523.5207791364012,1671.1836120396435,1758.8573673873864,1546.8015683714457,-0.1380824702822489,0.0254552361445972,8.858743133111695
5.420000000000001,0.1900128905471952,0.9327186791525828,0.5853107112369299,-0.0948551516726505,-0.2523576519003561,0.0286466437000456,0.9625473939153436,0.152534217336234,-0.0457483918685432,0.0333464388077848,0.2465427058683108,0.5920125427789658,-0.314450107940146,1552.6614292354534,1666.951285083963,1760.7107940630494,1556.2410601105391,-0.0513035788198465,-0.0539812303623421,8.829285618081956
5.430000000000001,0.1908700340360591,0.9322407780421154,0.585198973449222,-0.0938421977758243,-0.2504038421913908,0.0273914777101339,0.9631932644496884,0.1024119023486632,-0.0295907081122778,0.0074508559923928,0.3599452805903928,0.9451791860445004,-0.3507732769452599,1585.3253553459112,1657.4668910802552,1764.4217717838449,1571.1543461710178,0.1279973352861207,-0.120861042650356,8.98821828432249
5.44,0.1912904860122009,0.9319163558247512,0.5846658204499542,-0.0922706294954458,-0.2468897524337571,0.0258230136260577,0.9642949512690506,0.0533974394844513,-0.013907542769645,-0.0185542852313625,0.4460714901275827,1.248652506448301,-0.3813782493088549,1612.2603327089198,1653.8618122895098,1770.8018540457138,1592.6764683531862,0.1279973352861207,-0.120861042650356,8.98821828432249
5.45,0.1912854389309767,0.931753660443828,0.5837393501576273,-0.0902236704272204,-0.242015698929929,0.0239776545576076,0.965770761023554,0.006635940673379,0.0008669126308647,-0.0449509175225397,0.5083039874547418,1.4973062769656762,-0.4059634324547571,1631.8865384429996,1667.7697038181536,1776.3846387978626,1622.0207078129986,0.1835193476643195,-0.105245543436677,9.115006058183374
5.46,0.1908614098118845,0.9317474215435304,0.5824828629621858,-0.0878103038684358,-0.2360442833678648,0.0219623921025319,0.9675174934630478,-0.0377206950307783,0.0148046035666534,-0.0703748867438228,0.5624454920358539,1.697672992861366,-0.4206575150967733,1649.576801198713,1698.4675326170106,1777.9673093127371,1654.9483627198797,0.2092682482453209,-0.0946890333544365,9.298362880816102
5.4700000000000015,0.1900169608245822,0.9318858303213786,0.5809711125143179,-0.0851560539684833,-0.229269434052235,0.0199203622564586,0.9694261974227104,-0.0813640801431958,0.0287376158596778,-0.0928437308892636,0.6200663715370968,1.854659404146608,-0.4204256087879762,1670.1532104799442,1732.0435104940705,1777.7710202000617,1683.6932395401373,0.4361345439927366,-0.2001245010142769,9.724853700685172
5.480000000000001,0.1887427308145782,0.9321607353057972,0.5792654201793416,-0.0823796409151492,-0.2219663241338124,0.017979645075447,0.971401707882056,-0.1268873873327623,0.0436881672123779,-0.1119913048781128,0.6795681159563339,1.9752812155156685,-0.4057562812939956,1694.522172120274,1754.7260080568103,1782.3143910439703,1705.7358236267091,0.4361345439927366,-0.2001245010142769,9.724853700685172
5.490000000000001,0.1870238233318975,0.9325752213680224,0.5774006755887855,-0.0795600964796139,-0.214316965296393,0.0162083350786858,0.973383644463105,-0.1732387372659223,0.0591803093820469,-0.1288419053546626,0.7297956771425623,2.0704713778190533,-0.3845912579177231,1721.030225606517,1765.4226973729706,1794.998119480161,1726.898780975689,0.3498534165369298,-0.2106320517916939,10.00290790929295
5.500000000000001,0.1848447544913391,0.9331434042437678,0.5753898166986505,-0.0766997618803666,-0.2063128758797845,0.0145922477208427,0.9753661928117876,-0.2144167076628115,0.0729812091588279,-0.1436305837682079,0.7611323183466334,2.149763446582201,-0.3661001806330612,1746.649293129642,1773.64051049589,1810.9429635510055,1753.881220036419,0.3661508999964735,-0.1952820185254933,10.283980258040774
5.510000000000001,0.1821994822330258,0.9338807957680044,0.5732419003468647,-0.0737054859635886,-0.1976989548742179,0.0130462615342669,0.9774008490074544,-0.2466182140267409,0.0838366044996489,-0.1550246991598153,0.7749957451740572,2.2186043573532253,-0.3528860752681919,1768.091667430161,1788.3403399423996,1821.63913972532,1786.3928580072616,0.4010105112734607,-0.1828813204860042,10.587962004491963
5.5200000000000005,0.17910856220963,0.9347887178502484,0.5709842867975382,-0.0704240680598683,-0.1880728250735401,0.0114628390995562,0.9795599350864316,-0.2754457375669028,0.0939443782547699,-0.1615045549602138,0.7830342229828802,2.277582150585522,-0.3400519084479816,1784.1794883279042,1811.6874780873457,1824.5923024938825,1817.7835125006443,0.4010105112734607,-0.1828813204860042,10.587962004491963
5.53,0.1756379203255643,0.9358410117009004,0.568677660075491,-0.066738704812508,-0.1771662293987139,0.0097800074975871,0.9818668055769776,-0.311393289023447,0.1070657351865659,-0.1628760734089876,0.7961407988596277,2.3205662431843064,-0.3217187342799602,1796.931486568485,1840.0270865258244,1825.765916363186,1841.407913028781,0.757203165821839,-0.2871739684492262,11.07367274456016
5.540000000000002,0.1719031745602773,0.936982820215844,0.5664138488379775,-0.0626703882120292,-0.1651384435543597,0.0080284230094705,0.9842445129772266,-0.3573773332770641,0.1239224035810775,-0.1604141882538983,0.8139706774082524,2.339235770654466,-0.2973231717375295,1809.2969204722328,1866.5134927337413,1831.9236829340923,1855.6723752456116,1.0714196606962871,-0.4064686230421368,11.34381996794976
5.550000000000002,0.1680437350232441,0.9381465434512788,0.5642930686388835,-0.0584013194197707,-0.1526251299498263,0.0063229601164519,0.9865368091324288,-0.4045307846507907,0.1408497008199496,-0.1556086457614773,0.825772228285352,2.334366979042328,-0.2709739820532015,1821.6885002324973,1883.8283887940931,1842.5728124269624,1863.9970847533275,0.2171221479602496,-0.1364907367651959,11.454452678663545
5.560000000000001,0.164169868214788,0.9392797132603344,0.5623886666222986,-0.0541925811183465,-0.1404588017703349,0.0048030611016288,0.9885906229380428,-0.4420441556997976,0.1536883317648483,-0.1486884691127433,0.8223649932076608,2.3189034649068567,-0.2461366002853502,1831.311127921512,1887.5824857209464,1850.275933081956,1870.642895804576,0.2171221479602496,-0.1364907367651959,11.454452678663545
5.570000000000001,0.1603095041782561,0.9403703230883542,0.5607164311108119,-0.0502558968376322,-0.1292551674054597,0.00356333429076,0.9903306261954964,-0.4678943001740238,0.1619051510059697,-0.138923725414368,0.8071948607613566,2.3066912590149946,-0.2231348775228604,1835.858802688516,1879.0512884027469,1848.1821215388889,1877.3087098310864,0.7814649720909057,-0.3387242978236073,11.676731250806402
5.580000000000001,0.1563861612723407,0.9414553238687288,0.5592251932864718,-0.0466651801750311,-0.1191451294180695,0.0026166351319994,0.9917761603889104,-0.4877850846380893,0.1681026930860236,-0.1267452997534737,0.793880231095936,2.301309056300586,-0.2013587274780908,1837.489038333837,1865.4283284099124,1837.1630469506497,1883.7836548667956,0.5574256513251199,-0.2321365440802318,11.700262460485543
5.590000000000001,0.152241650440193,0.9426075268171288,0.5578161476496685,-0.0433440587604282,-0.1097738817963233,0.0019017576377626,0.993009250089558,-0.5070731641969152,0.1746617081895702,-0.1144059882580402,0.7917092594584296,2.2977571069059577,-0.1810009100641278,1840.536561073568,1856.1020120951732,1825.32533641676,1889.6682549141,0.5659214543178848,-0.2032660081324884,11.635381741635324
5.6000000000000005,0.147695838910136,0.943906707604513,0.5563850760810303,-0.040115189740574,-0.100512134953966,0.001320532578043,0.9941259168097288,-0.5272324187617086,0.1820763831853505,-0.1034941997155673,0.7950639431327972,2.2914429849529383,-0.1618823523064178,1844.561583096132,1856.053236178704,1819.6891524083428,1893.8842174505864,0.5659214543178848,-0.2032660081324884,11.635381741635324
5.61,0.1426222929480383,0.9454064791370188,0.5548699623672819,-0.0367845952429107,-0.0907620327763077,0.0007814329927832,0.9951927131574092,-0.5480270728927998,0.1897848194352785,-0.0928914977815726,0.7900076783662497,2.282216167525713,-0.1429156799124968,1843.6727550151184,1862.442925897894,1818.8547200030368,1894.3844297468245,0.8607045261651198,-0.3907628857786432,11.420258223956097
5.62,0.1370101861860938,0.9471100732820844,0.5532823973637592,-0.0332283383464021,-0.0802219295812746,0.0002309347060231,0.9962230002434976,-0.5692138339927101,0.1972306959090974,-0.0805897405286325,0.7719040185863315,2.270926222913719,-0.1236033374318419,1835.579584506194,1868.4683558194372,1814.705800494952,1890.347605011294,0.8711254283100207,-0.3988769989408471,11.469279056853033
5.63,0.1309822920033416,0.9489659669697712,0.5517087850899063,-0.0294410195112684,-0.0689824967715373,-0.000337274858729,0.9971832969695048,-0.5899124383099987,0.2040776739801619,-0.0666007365308757,0.7528384714143627,2.2559597408969463,-0.1042909997762757,1827.1736758678364,1869.2434275135809,1800.266979656005,1883.7377699868257,0.5986055699323211,-0.233019246511178,11.51323556601277
5.64,0.1247545364119526,0.9508870942938832,0.5502818562721666,-0.0255249442867553,-0.0574258850409981,-0.0008932805032564,0.9980230192717794,-0.6082556738778154,0.2101201507381916,-0.0523552566840946,0.7475700409718562,2.2355553976115297,-0.0846391561354198,1826.0020654493903,1863.1255053601717,1775.5263056257431,1877.4593062085623,0.5986055699323211,-0.233019246511178,11.51323556601277
5.650000000000001,0.1185488166490385,0.9527874090449282,0.5491333655783741,-0.0216366088025149,-0.0460252577663359,-0.0013917619686064,0.9987049593376874,-0.6223134405243904,0.2152046281087448,-0.0379374053856421,0.754233709544395,2.2116644220947075,-0.0640331592262308,1828.7805089235587,1850.5682448609152,1748.0083745336915,1872.555535056942,0.909498413929268,-0.3884644194627149,11.199301078458944
5.660000000000001,0.1124917982767901,0.9546218610774988,0.5483421209321625,-0.0179197441588521,-0.035151656461083,-0.0017928166252974,0.9992197103869956,-0.6311362481481577,0.219105576210635,-0.0221779185462732,0.7553027551506881,2.1876216922417897,-0.044236218033911,1824.5440850490725,1834.678056380098,1728.5852464110517,1867.8496633046152,0.959998812221742,-0.493488619066571,11.10998192975509
5.670000000000001,0.1065416994781098,0.9564131039783296,0.5478945394248949,-0.0144404061803273,-0.0249175454482451,-0.0020773781781963,0.9995830506256528,-0.63522727187186,0.2215766709010664,-0.0054899813471048,0.7388185286398018,2.1616045570467977,-0.0293446249124034,1808.8772194016333,1820.954549570814,1723.3962947439686,1861.7800253393068,0.7193168441938386,-0.3543719757946306,10.97268819189402
5.680000000000001,0.1004827588937915,0.958250802898872,0.5476775082458052,-0.0111406682489976,-0.0150803868200942,-0.0022529196343728,0.9998216799997104,-0.6363469370762229,0.2226857549855078,0.0097519576749878,0.7125908526672814,2.125618538078827,-0.0211799737227244,1789.149095051363,1812.9469584613755,1727.109955544932,1853.779493326287,0.7193168441938386,-0.3543719757946306,10.97268819189402
5.69,0.094006342240902,0.960258510439118,0.5475143998593243,-0.0078461377682169,-0.005098661512477,-0.0023454735128992,0.9999534691808932,-0.6364695512715943,0.223005268679586,0.0223379815535357,0.6931083073905325,2.0722966152580704,-0.0157094517226852,1773.725404245724,1807.6642025407111,1726.1209655020093,1843.9480357759307,0.8397734264792048,-0.3121687003961516,10.646115005520668
5.7,0.0868549814568952,0.9625383541663736,0.5472330632927334,-0.0043508093586133,0.0055955542845544,-0.0023803559039213,0.999972046677278,-0.6364011082584287,0.2232857614523239,0.0335173284950573,0.684688468195729,2.00148354609474,-0.0059603051349723,1761.548901968201,1797.5063581417478,1711.7259595123192,1832.7886664621628,0.8397734264792048,-0.3121687003961516,10.646115005520668
5.71,0.0789617431411855,0.9651181239210824,0.5467358476625274,-0.0005424424086601,0.0172243180725697,-0.002362692850618,0.9998487117087572,-0.6354376298090703,0.2239037336912291,0.0437671919395044,0.6775986406967122,1.9206865048115331,0.0114049421618518,1748.539508797557,1779.0796209506698,1689.5971716641925,1822.433893944376,0.9119924348524636,-0.3468768323665185,10.576473205092482
5.72,0.0705084969889861,0.9679278713943444,0.5460411733963751,0.0035131958482284,0.0294436844969769,-0.0022714263024484,0.9995576859394996,-0.6325336783172728,0.2246339896165401,0.0501509697173976,0.666629069311715,1.840376409593421,0.0332146775091847,1740.9052942962185,1759.5435981781084,1673.6897054316084,1816.582945451957,0.8617316966379078,-0.3580564248174536,10.409179773438275
5.730000000000001,0.0618684712297305,0.9708193287437812,0.5452809772069604,0.0075920199991216,0.0414668059847233,-0.0020736447769618,0.9991088855730876,-0.6274530422998906,0.2248190833217461,0.049539814458464,0.6592745673228414,1.7657249228019007,0.0528154478032906,1750.436282647354,1750.5383717074058,1672.0527174527872,1816.4753936521304,0.5505065205008931,-0.2505014823904973,10.267689888884751
5.740000000000001,0.0534652450259423,0.97361873891827,0.5446560591585833,0.0114234663352796,0.0524567090921599,-0.0017500656720912,0.9985563255812115,-0.6203757421570826,0.2236206273243104,0.0441360412896794,0.6564078531704642,1.6884757342816712,0.0647432694982934,1773.560550205258,1754.5826768710626,1681.67650880184,1817.500203660457,0.5941786478790634,-0.2826874681844512,10.301590549319853
5.750000000000001,0.0456254920446756,0.976186288954078,0.5443658062289354,0.0148148007358418,0.0619244217369503,-0.0013164909432201,0.997970016845846,-0.610904483789934,0.2203217182722966,0.0410421513254119,0.6355116647312271,1.5909802545119909,0.067219177663251,1787.6977042557749,1761.2674027438184,1694.6839735072735,1812.971254831314,0.7865559852325252,-0.3840875962698614,10.470413010793152
5.760000000000001,0.0384971252441318,0.978454085605979,0.5445392485518944,0.0177148572802529,0.0698862010611442,-0.0008270354024368,0.9973973224072864,-0.5985117024647991,0.214875950533961,0.0452954890400669,0.5718289376543052,1.4681812631446536,0.0623333367008147,1777.5141444311528,1758.7944677428136,1703.7163271744162,1801.5900424307936,0.7865559852325252,-0.3840875962698614,10.470413010793152
5.7700000000000005,0.0320568957327186,0.980429509498746,0.545194890020846,0.0202010732333158,0.0767352810450548,-0.000356558308666,0.9968467716501525,-0.5839334005284207,0.2082808825755981,0.0551648146264247,0.4764133125200658,1.3443033344714752,0.0545330782383377,1755.9657348312994,1745.9496937921258,1702.336543061483,1788.7948147283328,0.5131064566489159,-0.2709302746266682,10.382263796809244
5.78,0.0261800596641002,0.982170612921208,0.5462417285990397,0.0224226382273338,0.0829738089860798,2.9351995408196103e-05,0.996299438650714,-0.5688009815258843,0.2019254209946464,0.0652961923290237,0.3961454181821643,1.253011239365991,0.0476372547274113,1748.220053433474,1731.341679222478,1688.0012702039244,1780.5551835887884,0.4799464203828705,-0.2379628990472588,10.211078574192774
5.79,0.0207239455616669,0.983751442547316,0.5475133815245375,0.0245329430708731,0.0889799020822614,0.0003031042799917,0.9957311985960408,-0.553284352769377,0.1962255455427465,0.0725656597328225,0.3675189199106068,1.195428464612447,0.0423769519510843,1759.749587843858,1723.844685458669,1667.5216742992438,1777.3806204210414,0.6880476976415029,-0.3033945358498503,10.25970019237827
5.8,0.0155885060300063,0.9852336692584414,0.5488180202225303,0.0266249180446842,0.0948913952238758,0.0004877585032228,0.995131397828057,-0.5353117495680506,0.1902421124732981,0.0774209440371719,0.3781611797400618,1.1315162024121923,0.0371092496106298,1771.8413871810244,1724.2968294712305,1653.856231927905,1774.3044781922654,0.6880476976415029,-0.3033945358498503,10.25970019237827
5.81,0.0107372816716026,0.986653010975872,0.549989713939906,0.0286864714664215,0.1006082686737091,0.0006437041830932,0.9945122665277736,-0.5133309130064718,0.1830120053472952,0.0812293714123658,0.3808231941717125,1.024178550780165,0.0308441489077421,1766.9388314153316,1724.1669389348565,1653.4213342442315,1766.1847156879169,0.5355295074442799,-0.2515453873133773,10.084941538793265
5.820000000000001,0.0061783811815845,0.9880212753048624,0.5509296802843487,0.0306061822507223,0.1058938591958214,0.0008333161562537,0.9939059602280464,-0.4891780569719089,0.1749642905270075,0.0844495266366756,0.3415479955804403,0.8840242674424612,0.0248183222338435,1747.1953914289734,1713.2277707082494,1659.671195135223,1753.349106367816,0.5299730745213851,-0.2536003476744193,9.97554765313874
5.830000000000001,0.0019209312193745,0.9893387808121552,0.5516258366358606,0.032239139685202,0.110531414130276,0.0010836784956335,0.9933490172158213,-0.4667728332346847,0.1675316710214034,0.0867445063250951,0.2690377526690966,0.7586259421296182,0.0210416558201028,1726.8497819487347,1691.1211991925584,1661.843444960126,1741.336201693128,0.4207140907528228,-0.2420261603371936,9.837962796618742
5.840000000000001,-0.0020638638514962,0.990607871639376,0.5521439995439793,0.0334954256581035,0.1144506724087451,0.0013716425012019,0.9928631419495928,-0.4478526443800536,0.1614363144656067,0.0870867107334195,0.1996338624688049,0.6794330991208524,0.0198723622975188,1716.4805823171753,1669.899690242528,1657.0601886744455,1734.2731219815446,0.526089138237138,-0.2027452097149101,9.771195171250373
5.8500000000000005,-0.005850180194539,0.9918388640587816,0.552595312918231,0.0343905436779425,0.1177427844688202,0.0016411048987695,0.9924470937968308,-0.4300677835172578,0.1558493979671295,0.0839881123715949,0.1607039040245935,0.6283347118710572,0.0190741511896341,1718.3168036937946,1662.095906984778,1650.888780718814,1730.1587472305591,0.526089138237138,-0.2027452097149101,9.771195171250373
5.86,-0.0095293105472294,0.9930460370157342,0.5530923948425812,0.0350251333669792,0.1205613510036002,0.0018393704509621,0.9920860937404355,-0.4096909010603503,0.1493912239080009,0.0771942659403719,0.1501019286116334,0.5574766801160418,0.0150947207361586,1728.4642910379544,1667.3059810255563,1648.2274632829835,1724.3297168601634,0.4573861111216644,-0.2235686753280599,9.611690565601096
5.87,-0.013167308442497,0.9942388669991716,0.5537067595358303,0.0355143981375233,0.1229953161888121,0.0019468642654366,0.9917696756001744,-0.3852750458153376,0.1415550109054861,0.0690788617290541,0.1443129219921716,0.4352553837691473,0.0057907548575943,1738.0178589172808,1673.8531626793088,1647.9308753798869,1716.0351057567675,0.4129514294647558,-0.2366527436041937,9.641530378106356
5.88,-0.0167773194758505,0.9954161751587676,0.5544390081677428,0.0359206581397192,0.1250096458158669,0.0019821187328158,0.9915030841995046,-0.3581005109674721,0.1328877802089464,0.062794633999672,0.1202048351252398,0.2715491517364444,-0.0074461627956625,1737.8800039037214,1673.3670126863203,1647.195114839725,1709.4128454433817,0.4129514294647558,-0.2366527436041937,9.641530378106356
5.89,-0.0203206584224598,0.9965667302861833,0.5552142734961719,0.0362328893346424,0.1264806332012685,0.0019829196466831,0.9913051473613684,-0.3302556016597836,0.1241765272710311,0.0588132282356458,0.0713820991589681,0.1059793950655351,-0.0204316188553213,1728.9236736029277,1669.4205514359742,1647.6846196002894,1708.559437199477,0.2880471341967818,-0.1549139513788354,9.565839890581968
5.900000000000001,-0.0237305882271779,0.9976742417952382,0.5559101966609811,0.0363978984836442,0.1272803606735523,0.0019786779407911,0.991196745155265,-0.3035989533977267,0.1159231747483889,0.0546778970274632,0.0105566839216135,-0.0232445085025581,-0.0296082818240342,1723.7210984989329,1669.7579970465804,1653.8772900607164,1713.3054856627084,0.2880471341967818,-0.1549139513788354,9.565839890581968
5.910000000000001,-0.0269426281920157,0.9987226585538916,0.5564088121225794,0.0363712485951828,0.127347860719398,0.0019712765718855,0.9911890680967468,-0.2797161465838514,0.1083667135349514,0.0484330618377414,-0.0418863312263574,-0.105756369475648,-0.0348083236326924,1731.697582120255,1674.40998197282,1666.314006179818,1719.7061296951438,0.227131253947741,-0.132768986973926,9.54984438855828
5.920000000000001,-0.0299162336261599,0.9996990335264908,0.5566487040439726,0.0361481017296031,0.1267141914285897,0.001934718346881,0.9912785104585206,-0.2588966376258871,0.1014040305457273,0.0407156748163744,-0.0753063467981914,-0.1647959864718603,-0.0387643743423353,1745.1641097069755,1677.1533069931943,1680.1447517475056,1723.3928122865436,0.2562228792801062,-0.1936302314888079,9.586336514314896
5.930000000000001,-0.0326393336873181,1.0005931996367428,0.5566539697165396,0.0357570036125036,0.1254850310618951,0.0018332832448128,0.9914492335690188,-0.2389981802517027,0.0944392383046624,0.0327858882321393,-0.0968196695900856,-0.2370534298420373,-0.0445595141632671,1747.9291725428186,1677.3597829317223,1691.1539540261383,1722.0988873902857,0.2562228792801062,-0.1936302314888079,9.586336514314896
5.94,-0.0351167924315406,1.0013952794409722,0.556530039416767,0.0352315194259302,0.1238011259909591,0.0016476584683574,0.9916800423845802,-0.2169209796962814,0.086813243180793,0.0242471567152415,-0.1201901732042333,-0.3402727166211436,-0.0533672842370817,1737.095912795226,1683.3694778544846,1700.258122344494,1716.1039096242364,0.1985823975230096,-0.1772133192426085,9.694914579663768
5.95,-0.0373535164345424,1.0020936960360904,0.5564295998319857,0.0345885002137983,0.121793727662888,0.0013924535136588,0.991951603974786,-0.191715325727331,0.0785462481457451,0.0144152381050811,-0.1481352172711544,-0.4590080002234847,-0.0633123266917466,1727.3981622440024,1701.116753559867,1710.1560926800855,1708.091588304299,0.183151364701176,-0.180498753139245,9.752053299373587
5.96,-0.0393454838443479,1.0026764879663264,0.5564985782526684,0.0338296299397947,0.1195458210091745,0.0011114513664439,0.992251539425986,-0.165373687165973,0.0703614824690397,0.0050083219892257,-0.1714712028771007,-0.5635705261819877,-0.0702141416221212,1731.9111554389635,1723.976442909683,1719.7065067194044,1703.091628189456,0.0685109498113032,-0.0873359295305759,9.920948259177091
5.97,-0.0410838454831856,1.0031363532544864,0.556818329863798,0.0329592147714478,0.1170699042883185,0.0008510781181588,0.9925762456041402,-0.1407019778951297,0.0629613497492133,-0.0005766239496619,-0.1863642933954808,-0.6384816633314273,-0.070836457047092,1746.4257603133797,1738.3525972582029,1725.065903019591,1706.6475655495697,0.0685109498113032,-0.0873359295305759,9.920948259177091
5.980000000000001,-0.0425661797777802,1.003476910882504,0.5573676679498989,0.0319959568167833,0.1143114832085051,0.0006302786722915,0.99292937629161,-0.1192015307982543,0.0564856258562131,-0.0008378728781461,-0.2039553374570928,-0.6885052147643554,-0.0662777759533956,1756.5682441123824,1737.2698947364895,1726.1491518760515,1720.8381900103004,0.1391185995986164,-0.1690758268135274,10.009339029932647
5.990000000000001,-0.0438050104447532,1.0037168208744285,0.5580260030104488,0.0309621840116512,0.1111810880224062,0.0004303966350852,0.993317634790664,-0.1003295904771994,0.0504970759326703,0.0022320284721784,-0.2356661208240033,-0.7243982677402354,-0.0613865186660551,1754.6677788264474,1725.318531081498,1727.5322077573603,1741.1105699490463,0.0831794272530146,-0.1431403960415789,10.056937323360572
6.000000000000001,-0.0448274736100802,1.0038894359048147,0.5586196922723796,0.0298570687239996,0.1076113251576466,0.0002138776597091,0.9937445911306246,-0.081829387850938,0.0442805085307604,0.0052381683310798,-0.2715399085883273,-0.7530039641785615,-0.0599715048893521,1745.936419768232,1713.1936831633384,1730.615927573575,1756.1880408377328,0.0831794272530146,-0.1431403960415789,10.056937323360572
6.010000000000001,-0.0456662680088265,1.004036812059285,0.5589905907437378,0.0286380483713912,0.1036207085892101,-4.27343288972255e-05,0.9942045107072917,-0.0614397505620043,0.0373857555367166,0.0060642788881849,-0.2818219561438743,-0.7799356026888441,-0.0612163081017807,1741.4761187201093,1710.887085958515,1729.602846454588,1752.8684698723057,-0.0300960468911624,-0.0340654685763371,10.096628987335931
6.0200000000000005,-0.0463470697821733,1.0041981967746816,0.5590567360372786,0.0272292549137254,0.0993427542813867,-0.0003273528577941,0.9946805907871822,-0.0390267249048782,0.030031199801756,0.0044469923361785,-0.2480713910354282,-0.8127095304543701,-0.0620398227311403,1746.5764242159898,1721.2783245508008,1721.952211229661,1728.8140517893105,0.05938477313921,-0.1691539557357766,10.031885560754676
6.03,-0.0468792501421974,1.0043955970122114,0.5588424134272469,0.0255603817540258,0.0949832584589637,-0.0005978528915057,0.9951504861421844,-0.0166596383775411,0.022854297869874,0.0012286009616784,-0.1963781723888117,-0.8554567600603288,-0.0624155173612498,1751.4325718454293,1733.0555373975392,1721.6186858673475,1706.2996410943924,0.0199297032834615,-0.0730536412467445,9.909208629781071
6.04,-0.0472540407833506,1.0046219017488411,0.5584688739848271,0.023633347533909,0.0907183619021798,-0.0008075321609104,0.9955957972942312,0.0032665816283631,0.01644619264407,-0.0020472303182589,-0.192038762227842,-0.9011795476953456,-0.065583496019734,1734.430567680418,1724.1912903322343,1751.2288218155904,1723.2029504568636,0.0199297032834615,-0.0730536412467445,9.909208629781071
6.05,-0.047449800017115,1.0048377330013074,0.5581110405129821,0.0216069558689623,0.0865937397161272,-0.000929575019594,0.996008935497235,0.0193839338256513,0.0113174967592907,-0.0034462706898272,-0.2761277136194622,-0.934268769375004,-0.0708417714020584,1685.1135109823122,1685.592393208536,1812.870568958376,1792.9030761108347,0.0103649227716575,-0.05416264090829,10.005711691469315
6.06,-0.0474415898340903,1.0049801850194549,0.5579380645713486,0.019866092237468,0.0824867805666393,-0.0009649923668549,0.9963936662788936,0.0317682533844542,0.0077398750728383,-0.0016862676898633,-0.3806889227774538,-0.9460145002197864,-0.0676523809662344,1626.155022982436,1643.0922081401673,1873.3478740708863,1875.344662203801,-0.1034185955464883,0.2598534633040893,10.800361935037364
6.070000000000001,-0.0472123832818328,1.004981179308982,0.5580623751519651,0.0190214733552872,0.0781624535672376,-0.0009346663899676,0.9967587174449406,0.0424338274070421,0.0049392729631203,0.0029890554160197,-0.3170466526711529,-0.946572477905272,-0.0415577888101012,1598.4872555337222,1640.3195706343215,1892.062472415887,1908.973518202086,-0.1034185955464883,0.2598534633040893,10.800361935037364
6.080000000000001,-0.0467634198336553,1.004788643378813,0.5585159871229163,0.0198032276534783,0.0734082036057204,-0.0008668946526216,0.9971049675493282,0.0548272632300917,0.0008487844461249,0.0094262846953051,0.0946601961867985,-0.9544337932458876,0.01084392269003,1617.2305486409696,1689.7953974200032,1863.2684538566364,1876.0937386723765,-0.083016898768504,0.2807410970980915,10.91006578289146
6.090000000000001,-0.0461203358384134,1.004382703757393,0.5592556488455227,0.0228714042083468,0.0681756170418007,-0.000790626916358,0.9974108276029428,0.0711579950351239,-0.0063172034198396,0.016865358155378,0.8371759132171196,-0.9714164440211844,0.0741544788623877,1654.7143179276818,1752.384706798552,1819.47431741582,1818.9009117087344,-0.1005520213346746,-0.148482990527884,10.556388615839673
6.1000000000000005,-0.045331492261137,1.0037814266042602,0.5601833000591313,0.0286301999109854,0.0626279584737852,-0.0007361735545879,0.9976259361699455,0.0899112807643178,-0.0159781330396909,0.0250907063461027,1.6559678930286628,-0.975600997943724,0.1241441931840383,1674.927375840825,1777.4210264326068,1794.496423549627,1787.6022735555644,-0.0905473362693125,-0.3566783761341394,10.48347423862876
6.11,-0.0444574283228191,1.0030342997571118,0.5611674500005163,0.0371382611720315,0.0570499829810606,-0.0007374665469702,0.9976800615137452,0.1068350341143625,-0.0254250865057828,0.0335230840573505,2.256263607223933,-0.9469567127296986,0.1457970109435565,1672.3285880399803,1756.0903758383688,1795.0612695069517,1790.9027118966385,-0.089681179336025,-0.2574684183864328,10.526511554912505
6.12,-0.043554807429375,1.0022049198811636,0.5620619268642834,0.0481296702467545,0.0516901710953628,-0.0008283121133231,0.9975023683947392,0.1187604853955482,-0.0330341781289881,0.0410363618790357,2.548524067372319,-0.8963333119683545,0.1415004521163828,1667.3390991222195,1724.4187204863333,1806.575597742945,1801.8632259220035,-0.0702373732813876,-0.2819135113010966,10.268056811278385
6.13,-0.0426614432640924,1.0013468602775204,0.5627277698452778,0.0610707308831983,0.0466636501333966,-0.0010305320869579,0.9970415275148964,0.1262136668015541,-0.0413347981673742,0.0469354309701585,2.679700152447269,-0.8582065567378303,0.1244796714130891,1675.1566905429756,1719.3852112975858,1813.6059007725837,1796.1636429201176,-0.1106290590503056,-0.5525404952250075,10.386930156139982
6.14,-0.0417884744271097,1.0004785679250152,0.5630630818606184,0.0751928457406435,0.0419807747026698,-0.0013407982080307,0.9962840221367364,0.1322576284595049,-0.0558000017576868,0.0513169909723314,2.8366715578099946,-0.8517576191728748,0.1076541886871938,1692.934189204776,1744.5195338644803,1813.041744641208,1776.3009134405015,-0.1106290590503056,-0.5525404952250075,10.386930156139982
6.150000000000001,-0.0409217083397127,0.9995641675735456,0.5630371682566487,0.0895660940972003,0.0376424719301219,-0.0017278765361369,0.995267789862526,0.1391794111654728,-0.0791071662297744,0.0537986726210898,3.0578925104522336,-0.8573804120454642,0.097798132687912,1714.1681058940326,1778.9596850581463,1813.4713567143376,1763.6402444493085,-0.0798047863169477,-0.3849709704631263,10.358293175233149
6.160000000000001,-0.0400295000256454,0.9985073230586176,0.5627165183711513,0.1033452239423465,0.0336843048526334,-0.0021467085892063,0.9940726954992448,0.1465987520357803,-0.1063871796362611,0.0526508548030104,3.2417193946122738,-0.8386160565891305,0.0954852752979544,1741.6676844044048,1808.1566159239744,1822.1998793684315,1771.3038925381734,-0.1109401966104945,-0.5920546051112963,10.362889988484994
6.170000000000001,-0.0390729520577816,0.9971650404370296,0.5622658342311072,0.1161759274166331,0.0301166613036827,-0.0025630172875694,0.9927686394841388,0.1525820876399576,-0.1280497728406389,0.0467109504537013,3.2950395637810126,-0.7837713003102174,0.0970233761679112,1779.0187994622192,1834.25036655228,1835.1874800855007,1789.1159488099584,-0.0430266750562382,-0.5259098738332972,10.67860765951902
6.180000000000001,-0.0380166700463462,0.9953857895061528,0.5619115027440159,0.1284899826670267,0.0268301732437698,-0.0029728744503877,0.9913433452520064,0.1560828494808259,-0.13987406559521,0.0384596645787012,3.2319803098633635,-0.7176830267599709,0.0966412391090867,1816.9346968739403,1859.5943179695385,1845.9598301310637,1799.832782376228,-0.1108575278106469,-0.9022912264031816,11.153296286183004
6.19,-0.0368410098039466,0.9930678940803128,0.5618714854199365,0.1413400155626704,0.0235878698186356,-0.0034029719532422,0.9896742050695516,0.1580297815615539,-0.1507093456941555,0.0338594111489843,3.136177201451417,-0.6712114092461827,0.0890291057474459,1841.2917512833656,1877.0719384593197,1859.356894473895,1804.2377443420232,-0.1108575278106469,-0.9022912264031816,11.153296286183004
6.2,-0.0355547733217541,0.9902188295100096,0.5622786816557805,0.1557090496277011,0.0201528420857893,-0.0038874985937777,0.9875897134815584,0.1602113262467813,-0.1774057570129163,0.037941923765081,3.069570788524944,-0.6471210618228399,0.0723434468004132,1853.8518124109144,1884.103721269605,1885.0052495306504,1818.7289997259056,-0.1108575278106469,-0.9022912264031816,11.153296286183004
6.21,-0.0342014536503194,0.986981638462443,0.5631358202446388,0.1717034306866448,0.0164666185723594,-0.0044330075687423,0.985001081627388,0.1634518607336931,-0.2291154883996196,0.0505767535147834,3.035461773466791,-0.6226145509688713,0.0504907295205081,1871.07296550796,1892.349131412028,1920.7743233910696,1849.8722756229024,-0.1600211333524751,-0.7343847068911735,11.969099143848087
6.22,-0.0328500388453559,0.9835968137474048,0.5643253029139682,0.1882580458253671,0.0127258150754893,-0.0049966881039412,0.9820244370282596,0.1670317945288678,-0.2967530737423421,0.0668274223992459,3.0046361335278684,-0.5813375495590365,0.0314810535465951,1899.355047553876,1911.9794669882697,1955.0044411206304,1883.9236093580653,-0.0854577800704541,-0.3933750341210098,12.14597735657595
6.230000000000001,-0.0315687674174087,0.9802963973245576,0.5656667919160414,0.2036541444051436,0.0092772368814913,-0.0055011109639879,0.9789834830683384,0.1696472958470759,-0.359901815572758,0.0811310915095078,2.951252548866304,-0.5335000707153176,0.020816635484808,1924.489789172254,1935.34932827263,1982.640406468784,1905.0113540730856,-0.0819470048966065,-0.4508039470668654,12.373011215779185
6.240000000000001,-0.0303925846951043,0.9771692884709084,0.5669923071963461,0.2165158676812294,0.006402361759674,-0.0058828554711939,0.9762403806530684,0.1705856339586047,-0.4044934502128515,0.0910664586243909,2.868843441040579,-0.5020436453937005,0.0159269632277434,1932.2826813301303,1947.4478716616563,2006.8773371768807,1914.02533407205,-0.0530780282021294,-0.4453132019816976,12.6999312089146
6.250000000000001,-0.029301834000444,0.9740631857488103,0.5682061453413181,0.2265996089438482,0.004147467195522,-0.0061428817958656,0.973959794214114,0.1700356984889966,-0.433240178695395,0.0979186084114428,2.770895848517128,-0.49495787501564,0.0088960131515245,1930.3659760420337,1947.269377695996,2025.5240757180304,1922.6407810919632,-0.0530780282021294,-0.4453132019816976,12.6999312089146
6.260000000000001,-0.0282252398016209,0.9705785010254252,0.5693098777382393,0.2349001959498479,0.0023065025043986,-0.0063618265727735,0.9719959388554964,0.1686907398390674,-0.4603562768212381,0.1046381374705249,2.681657390874568,-0.4964779733747762,-0.0049289015594515,1939.574331297074,1948.240098126664,2028.4432112096704,1934.9843439626293,-0.0645633881381147,-0.8504247804913394,12.65497447874702
6.2700000000000005,-0.0270676767755758,0.966169025933606,0.570389623367937,0.2430968497351144,0.0005454692210408,-0.006667916369913,0.9699789497733836,0.1672321129519824,-0.4991839378832734,0.1134970790254421,2.6178343949691025,-0.4845137196067053,-0.0225416986373614,1965.0472938556568,1957.9403919717788,2013.332294555226,1944.6988702509552,-0.0645633881381147,-0.8504247804913394,12.65497447874702
6.28,-0.0257505114709965,0.960317223323007,0.5715761043661632,0.2527267173484522,-0.0014256978623248,-0.0071763206391828,0.967510038266252,0.1658979800650429,-0.5557803367584366,0.1249793998690085,2.571175335922359,-0.4525347505090491,-0.0374854212234129,1985.5202878493287,1966.4788090331715,1994.6370663538955,1947.5781307845132,-0.0851858919462747,-0.5245874502616568,12.84663615686773
6.29,-0.024246552776276,0.9527204242837464,0.5729948349947518,0.2645246673263807,-0.0037304986998972,-0.007933537800506,0.9643390704172914,0.1642024171402247,-0.6310456001472037,0.1377542877139468,2.509522908935419,-0.412311648858679,-0.0463677184444402,1978.1522232037516,1960.2571327078383,1987.5168977744752,1946.3689758105843,-0.0851858919462747,-0.5245874502616568,12.84663615686773
6.3,-0.022595010750812,0.9434166042081228,0.5747241727049849,0.2781876650472188,-0.0062973999348342,-0.0088941573045406,0.9604649185344976,0.1610968948790384,-0.7238540847226281,0.1490726736930138,2.399638801080103,-0.3774285456464322,-0.0500630993732426,1948.150920251528,1942.3333056004408,1987.603217486776,1941.5701871730985,0.0009274885233341,-0.7589020282232921,12.390248934844838
6.310000000000001,-0.0208911073823596,0.9327947246590992,0.5767738254127742,0.2925858832931305,-0.0089152062431932,-0.0099393594633646,0.9561460291862732,0.155726906458357,-0.8300130069413557,0.1558380993237329,2.228885689940589,-0.3487132673746352,-0.0500268806534007,1921.956121315503,1930.1041312091772,1976.988754259197,1927.3983832650504,-0.0369702959398047,-0.5523086773781429,12.357811703461536
6.320000000000001,-0.0192551962789234,0.921472845492022,0.5790872942289764,0.3062662864591555,-0.0113335326674572,-0.0109267744150321,0.9518156956137448,0.1483099497544528,-0.9404146856866328,0.156722356508974,2.003944151262894,-0.318193401114862,-0.0461825864766719,1912.5827199286969,1931.8541878893304,1948.794557068285,1902.3666395338191,-0.0669741802791,-0.1502841073598428,12.142746098899996
6.330000000000001,-0.0177938403486555,0.910079755012173,0.5815622127146455,0.318007501260801,-0.0133647270269214,-0.0117468655524055,0.9479212121073411,0.1403275637573372,-1.0429688055973187,0.1538587030091406,1.7411782302077454,-0.2840525142310642,-0.0393896549574701,1905.6303801140675,1934.2063782897296,1916.3735986544016,1877.534941020476,-0.0637379465450535,-0.2044884839721366,11.847949611227804
6.340000000000001,-0.0165676945345519,0.8990222401863772,0.5840775798730011,0.3271973071956933,-0.0149500182194574,-0.012358802763478,0.9447569418180416,0.1336698529004151,-1.12733787456433,0.1514886941795717,1.4740095214161155,-0.2558926565410053,-0.0336117105722486,1883.4472867693592,1919.1794965365125,1896.5651098319352,1866.0899473491456,0.050284653162311,-0.2113931718960113,11.59836669693764
6.3500000000000005,-0.015577090060966,0.8883344008637565,0.5865185003597355,0.3339117907612371,-0.0161681243746549,-0.012790877016124,0.9423788522722631,0.1292111116627677,-1.189704477982537,0.1515632051151528,1.2561561768060303,-0.2437511742685605,-0.0324537891934184,1851.7109593627172,1889.7428354383885,1889.0358529224536,1864.764037813943,0.05811145399879,-0.1222382619644575,11.309735409916808
6.36,-0.0147683437621479,0.8776762492924275,0.5887934555800742,0.338718270377936,-0.0171875520115942,-0.0131094692841178,0.940639496929146,0.1259285915973823,-1.2365939715183705,0.1507277182007952,1.1187046262721,-0.2446839162216266,-0.0334692915598551,1832.8527866516208,1868.9353330697816,1875.92791913318,1853.157141623716,0.0538176017196803,-0.0292029660278849,10.932699173974388
6.37,-0.0140566778731487,0.8664873646654264,0.590840943761121,0.3423260941566253,-0.0181856988480756,-0.0133764176074146,0.9393099579312828,0.1215554909340873,-1.2843289733652707,0.1430571223011158,1.0088327296866153,-0.2416428209013633,-0.0285840123533283,1835.799079105032,1869.949483135159,1843.540611564949,1817.766425482105,0.0538176017196803,-0.0292029660278849,10.932699173974388
6.38,-0.0133572634514526,0.8542313349458905,0.5926228834884006,0.3452468491128556,-0.0192707061068319,-0.0136199743364563,0.9382151935259117,0.1145179382560832,-1.3491823556384868,0.1263514481000479,0.8029669608367784,-0.215929367197404,-0.011889000100081,1841.0592279249745,1875.8228604494868,1801.1156799662444,1772.1653612860168,-0.0352747134015535,-0.0992182246820947,10.451117473963508
6.39,-0.0126134254509834,0.8406183429989248,0.5941084399302838,0.3476083076872182,-0.0204417568660747,-0.013834423301757,0.9373148925174316,0.1053972687421353,-1.4332947226040231,0.1045359319877449,0.4204702513843575,-0.1637548673326182,0.013553213644152,1821.6364070327927,1860.0412354417645,1770.7483335913366,1742.7053678074494,-0.0517692723337802,-0.1312195421288811,10.069534593530406
6.400000000000001,-0.0118114213613821,0.8256996912380145,0.5952622880016164,0.3491897861493223,-0.0216056754472867,-0.0140020961791,0.936698259494512,0.0963119352946574,-1.522061401485258,0.0828904378129536,-0.0767508237733043,-0.1032119731034762,0.0376593226070018,1775.1844098470467,1823.860524725308,1759.6384571940484,1734.9365236411682,-0.0092369205025516,0.0420510120472839,9.835459889999322
6.410000000000001,-0.0109769654814336,0.8097984648659393,0.5960514866803909,0.3496236275347815,-0.0226355951370466,-0.0141160026705879,0.9365103776097818,0.0888104699960876,-1.598943845212371,0.0619074900830011,-0.5311774677155262,-0.0619045167251116,0.0522138610682743,1726.930465777118,1798.797187379579,1752.4068127384337,1726.834536863164,0.0095150274315677,0.4304036439673986,9.399068330617272
6.420000000000001,-0.010157935917158,0.7933312150071115,0.5964684828284436,0.3486118970344788,-0.0234328630255488,-0.0141849667876923,0.9368668170522853,0.0826196216399969,-1.6615571195449412,0.0373716209081401,-0.8489408522271621,-0.052123178796533,0.0576950046682637,1700.3736793634173,1807.9676369353972,1732.932185247834,1699.290210861542,0.0095150274315677,0.4304036439673986,9.399068330617272
6.430000000000001,-0.0094036380138731,0.7766189713673148,0.5965500040927508,0.3460155827820392,-0.0239583777895981,-0.0142202350881101,0.9378150124196858,0.0765333323922212,-1.7201491528148556,0.0063376224665569,-1.08863530221591,-0.0574611284285854,0.06174562587997,1693.7375317840886,1835.3158282543263,1704.710843211307,1662.93419900825,0.0083860786957159,0.4280809506063106,9.026066300970324
6.44,-0.0087493856432484,0.7597618780122756,0.596372493375423,0.3417794526432636,-0.0242275773989309,-0.0142168401746248,0.9393602672562318,0.0701067901410577,-1.7822130744023963,-0.0283915220905168,-1.3777746053934017,-0.0472951890534821,0.0717405958626976,1688.5282245223516,1841.49607136476,1684.9861839105924,1647.0965255076835,0.0083860786957159,0.4280809506063106,9.026066300970324
6.45,-0.0082091045759457,0.7426041338758654,0.5960230685948628,0.3357797530790416,-0.0242861817087263,-0.0141454064278702,0.9415211342700592,0.0640019688045657,-1.8439796820727683,-0.0604764026701862,-1.7684293516976537,-0.0054126457066051,0.0889833061145679,1673.6889143098138,1807.095562736968,1684.1196133413537,1666.472161191973,0.0122980712816218,0.315981604722146,8.894705251947363
6.46,-0.0077742801084246,0.7247899250789872,0.595562614857986,0.3277444708639071,-0.0241865381343097,-0.013961891532528,0.9443535560244632,0.0587417073439877,-1.898595728671932,-0.0864029022186423,-2.203169956316848,0.0569441641045248,0.1091550933645913,1654.7058227596324,1752.3828721135642,1696.192587628103,1705.3563539594668,0.0709053256648869,0.8498464340887755,8.829742114544398
6.47,-0.0074173869339119,0.705901071104101,0.5950015868794784,0.3173538718440049,-0.0239746468625252,-0.0136302403329091,0.9479060886405906,0.0537111863464733,-1.947984289849278,-0.1089848962376189,-2.6010689011737043,0.1137321589569531,0.1270208004414349,1642.1628466280004,1712.9076818478488,1708.4837138791283,1734.1418493503595,0.0709053256648869,0.8498464340887755,8.829742114544398
6.480000000000001,-0.0070995007608105,0.6856400108674743,0.5943005690812763,0.3044865234073199,-0.0236870704388136,-0.0131439379004235,0.9521313547267626,0.0478387555288541,-2.001402623689045,-0.1339803493793865,-2.931875131323112,0.145006102860397,0.1400397024392126,1638.6843745689466,1703.0756677898123,1715.249152455497,1736.663750002399,0.0726130157352421,1.0316600636711208,8.951539882001976
6.490000000000001,-0.006781510329508,0.6639799820003789,0.5933940173670021,0.289425713360913,-0.0233506672729768,-0.012533275088408,0.9568335381867588,0.0410312443227545,-2.0632477499161963,-0.1634931128135229,-3.2057662414558967,0.1477101786568866,0.1482094415363603,1638.954016617617,1709.6731604763463,1720.084720071735,1720.9828777446091,0.0754230342237677,0.7999278022453455,8.965776886204756
6.500000000000001,-0.0064359113675051,0.6412001311388691,0.5922236191136263,0.2728390647152839,-0.0229796387350884,-0.011854996413204,0.961712139898908,0.0343755709573495,-2.1274428025552274,-0.1937018122381885,-3.434478098739778,0.1348035732228975,0.1521057617696397,1638.0951579926957,1715.0463670768556,1727.383382620233,1707.5504452652967,0.0928529701650567,0.8119643732306563,9.066619518797271
6.510000000000001,-0.0060546337908285,0.6177862035247337,0.590763253936859,0.2555264749340636,-0.0225715831216229,-0.0111715154789869,0.9664739735166478,0.0288795011614375,-2.185064941393825,-0.2190141386460209,-3.624244778517765,0.1274484922508826,0.1520600194413659,1636.496758276871,1715.1664919482434,1735.9940496185204,1710.079826342203,0.1117517759906317,0.8562101527947412,9.116019399437134
6.5200000000000005,-0.0056499696873615,0.5942570919906645,0.5890236820357366,0.2381172763793965,-0.0221083841019403,-0.0105304850922705,0.970927644536801,0.0244770334946648,-2.233707937949359,-0.2370723750366668,-3.785628828663413,0.1417518111168675,0.1488292942728013,1638.2223460130767,1714.2734375515322,1743.4226276545007,1728.2611944645398,0.0731333633332961,0.9765815687053588,9.30661950586423
6.53,-0.0052491169588484,0.5710042533178092,0.5870375408836358,0.220899875160783,-0.021564458338156,-0.0099524182818563,0.9750072659528622,0.0204323058003464,-2.2774171251197357,-0.2493712545494311,-3.928774468476517,0.175602196684265,0.1441276046237704,1647.7532910240095,1713.7279560795223,1753.8039635044447,1755.774784669448,0.0906912717569405,1.0489537654646135,9.5182783510068
6.54,-0.0048852378496193,0.5481999146432729,0.5848350578917463,0.2038247185739626,-0.0209195894641561,-0.0094294426228939,0.9787384433477198,0.0163565874925821,-2.3199423456701265,-0.2585957381764123,-4.051583758132342,0.207879076260933,0.1400276581646433,1667.1044069103025,1714.2862487929328,1777.1028745283377,1788.9687268324078,0.106215935571419,1.128328671098331,9.70524514276214
6.55,-0.0045880724354222,0.525785946057911,0.5824231830473096,0.1866089848051818,-0.0201713673059192,-0.0089351222565346,0.9821865231824604,0.0125097184964717,-2.360683296680678,-0.2666614513592367,-4.142992033736878,0.2152722621958666,0.1378255738187485,1693.1236927448788,1722.4814170775535,1818.499950923563,1825.210911276656,0.168472505976484,1.2134188751859338,10.10352519095056
6.560000000000001,-0.0043762248939869,0.5035297190259846,0.5797771927152819,0.1688725916493064,-0.0193418757606714,-0.008441952951217,0.985411930647318,0.0091814164378352,-2.39698769292181,-0.2744783778345088,-4.200359135002898,0.1937872422218583,0.1372425397773207,1718.9696763503198,1744.7296087628647,1870.7327042945817,1858.734260927595,0.1696614844263456,1.2741988951541647,10.437385142476549
6.570000000000001,-0.004252690256453,0.4811242241148292,0.5768473772560468,0.1502894183510911,-0.0184740195361275,-0.0079381587865097,0.9884375483402832,0.0060796360373286,-2.4284971650675296,-0.2816737971665535,-4.238527191384608,0.1640059576836581,0.1363504412360596,1741.5807752927774,1777.30788409937,1920.3139479680117,1885.138147179005,0.1381721165590704,1.8528048911246509,11.30216629136778
6.580000000000001,-0.004204795102464,0.4583006496894599,0.573576343255913,0.1307412083144304,-0.0176169154368196,-0.0074332336524631,0.9912321260816976,0.0025653422728467,-2.457742515104828,-0.2861104404520822,-4.276827777782553,0.1535699033534587,0.1326913717799021,1765.7267066623065,1809.206232039027,1961.9694455857252,1909.4948968543447,0.1381721165590704,1.8528048911246509,11.30216629136778
6.590000000000001,-0.0042085516803342,0.4349087538580594,0.5699181365986338,0.1103931558676081,-0.0168057968226077,-0.0069484275309959,0.9937216087444176,-0.001542241120588,-2.4865634051151586,-0.285390614270344,-4.3190557864045385,0.1730661961603231,0.125290970194556,1796.76721581767,1833.689034976252,2003.592306792831,1943.9270249012127,0.1433655947561857,1.562713859435904,12.079521426607394
6.6000000000000005,-0.0042358127347102,0.4109273779669471,0.5658530956646394,0.0895887203184989,-0.016045462121677,-0.0065009485876445,0.9958283697527684,-0.0056559520469839,-2.51338999694411,-0.2800850150620003,-4.350384029930727,0.2078540980058958,0.115295386133451,1832.6781243494947,1854.0576771495128,2054.1065269404016,1993.7001401715647,0.1913800896228549,1.5577309603548108,12.455128347493975
6.61,-0.0042618066380423,0.3864132825269024,0.5614000137766461,0.0685998454707759,-0.0153059637141001,-0.0060964920561811,0.9975082062122482,-0.0090425267425908,-2.5349087251024622,-0.2740220782574938,-4.351696219807198,0.232324773921376,0.1038278660027678,1869.0425424528928,1880.9568901232135,2109.1006343268737,2048.604543529066,0.220539453875972,2.2451499523164564,13.439847377741964
6.62,-0.0042710362602305,0.3614455679541106,0.5566296055107546,0.0474435432109863,-0.0145348175577223,-0.0057359560067278,0.9987516949146268,-0.0115874927665927,-2.5493982834357283,-0.2692791477581631,-4.315372034592143,0.2323537091617631,0.0900768678586172,1907.8408602996017,1923.4515812831744,2153.411802731566,2092.0589551282487,0.220539453875972,2.2451499523164564,13.439847377741964
6.63,-0.0042604943624254,0.336117090863716,0.5516765331060474,0.0259411920848048,-0.0136813816856293,-0.0054268884521733,0.9995551126526836,-0.0138358954049738,-2.5572011031237376,-0.2614910248256632,-4.2560021339660485,0.2156833524250535,0.0733435672662173,1952.1503234628333,1976.1365153753163,2178.6719082411746,2118.33937715436,0.2034585596094633,1.9641535352620527,14.367298671654993
6.64,-0.0042399702372598,0.3105698957968836,0.5467428199367531,0.0039702264304534,-0.0127220408917622,-0.0051853744990648,0.9998977442063482,-0.0164408452794645,-2.5585107724801923,-0.2425327986051948,-4.210334868913025,0.2013813796350728,0.056525410590138,1994.6036306301755,2017.291592488743,2194.653856537821,2138.4007175670804,0.2375359542770156,2.278087635389951,15.217952962603386
6.65,-0.0042296725889241,0.2850302378030335,0.5420909663964399,-0.0182998104063466,-0.0116762779387084,-0.0050256523691874,0.99975173132676,-0.019672236952592,-2.552363857446966,-0.2086106288043767,-4.211695914451357,0.1983188614422212,0.0448054817405502,2022.6668491622145,2030.916778136719,2218.673215585577,2167.11502744244,0.2375359542770156,2.278087635389951,15.217952962603386
6.660000000000001,-0.0042556419572396,0.2597974803736522,0.5380285162943125,-0.0403696704879705,-0.0106040984989809,-0.0049468017742806,0.9991162955091476,-0.0232985357041106,-2.5384136437276155,-0.1643754104160253,-4.250284579169116,0.1952444123827985,0.0397213193560554,2036.534968807783,2029.807987658312,2252.109520106963,2204.1962664950106,0.175441890901334,1.721053378939179,15.567171495999489
6.670000000000001,-0.0043437256360546,0.2351658339830054,0.5348783119497474,-0.0616361352288568,-0.0095864469047368,-0.0049300025601335,0.9980404710955112,-0.0267989083322241,-2.518662245281459,-0.1181803206418425,-4.270227009383447,0.1765178069434869,0.0363191641397294,2050.273748697383,2042.6053890895223,2273.307630085659,2230.9572570097303,0.2293575968267172,1.85293700394712,16.06611839705787
6.680000000000001,-0.0045132508786766,0.2113026488883881,0.5329254395919274,-0.081788436384851,-0.0086878885912028,-0.0049460834135146,0.9965995728096688,-0.0297399073074066,-2.496034698476405,-0.0740227589336928,-4.226936870857638,0.1474740830786871,0.0279852712409194,2069.756957969656,2074.4875686637474,2262.640347633984,2231.0619282732014,0.205721158505243,2.034405591492018,16.42917086314307
6.69,-0.0047715882351236,0.1881546616764996,0.5323475276506682,-0.1011027472259634,-0.007920523041473,-0.004967336943892,0.9948320588832058,-0.0320361750199894,-2.4708962276644497,-0.0288523394636004,-4.1475210776243285,0.1347399070007492,0.0139567171957952,2079.14619012394,2094.952085490858,2231.898622844075,2211.694093006467,0.1205157527653502,2.32499680023456,16.210489933013577
6.7,-0.0051102720202838,0.165454430284303,0.5331562272372355,-0.1203692198093626,-0.0072331956783503,-0.0049762560973908,0.99269036898623,-0.0338877348656752,-2.439856842797524,0.0230202807614814,-4.115539972272649,0.1538776388887473,0.0009199325003855,2059.9915478167213,2074.1717553949893,2214.801847661557,2194.8089143258458,0.1205157527653502,2.32499680023456,16.210489933013577
6.71,-0.0055029460207743,0.1428342839893652,0.5351814462806247,-0.1404330304188541,-0.0065390761805143,-0.0049678873244281,0.990056121917144,-0.0355199458535694,-2.3990257108480275,0.0842081251248201,-4.183360688160706,0.1839571968481926,-0.0038631507035984,2019.1513165422343,2021.935546419083,2224.1899448428258,2187.3526213375458,0.2368522563752187,2.3269241936978107,15.564302220193932
6.72,-0.0059063802473829,0.1199800060400943,0.5381137246850124,-0.161639980289306,-0.0057682034777722,-0.004946889139382,0.9868205373260908,-0.0370308389744547,-2.3483972014875976,0.1526107369892459,-4.307836021607473,0.1874138672282004,-0.0011924441601736,1984.527536453289,1977.380603362344,2231.758350738787,2171.978030001677,0.2368522563752187,2.3269241936978107,15.564302220193932
6.73,-0.0062676778049587,0.0967415366171858,0.5415987655610324,-0.1835755354543435,-0.0049081313927264,-0.0049225889436222,0.98298102786726,-0.0384456577133827,-2.2916962678306927,0.223175234502086,-4.394005350839247,0.1543060797398427,-0.0002708980640831,1971.9264338581056,1963.2415954279104,2201.143686179047,2132.927099981758,0.2607599089202849,1.740885473969456,15.357551424381494
6.740000000000001,-0.0065406640269164,0.0731728536428616,0.5453622980800021,-0.2052916081660071,-0.0040016439634304,-0.0049054870072939,0.9786803761491418,-0.039806041405234,-2.230983818154688,0.2894827637047068,-4.41037379375484,0.114008269458126,-0.0088339177245916,1967.247119032264,1963.1314873727445,2135.1750029369687,2081.255858248397,0.1558938142773538,1.7430427857799469,14.962499846005365
6.750000000000001,-0.0067101996685727,0.0495435868062138,0.5493315876528315,-0.2258803195468562,-0.0031072642008408,-0.0049076691673971,0.974137742279776,-0.0411202020505275,-2.163762669618908,0.3445581044767289,-4.435857840107968,0.0996575059093735,-0.0239006293285761,1945.8864641106504,1946.487308044981,2076.775312666623,2043.1124126910447,0.203976354127509,1.7749852151997825,13.721248171681726
6.760000000000001,-0.0068165135046233,0.0263819826482366,0.5537084950563592,-0.2450381592602622,-0.0022601459875486,-0.004948090437489,0.9694981736174028,-0.0422035583440278,-2.089673147043942,0.3829581542829086,-4.561002918026709,0.1120929525892113,-0.0346555179133597,1903.9274167817423,1906.7044117965736,2059.042049182307,2026.203261108577,0.203976354127509,1.7749852151997825,13.721248171681726
6.7700000000000005,-0.0069670055999523,0.0045480417467058,0.5589464032706568,-0.2633172413773835,-0.0014644972641431,-0.0050612511592161,0.9646949099989444,-0.0426285184876534,-2.018738670994657,0.4047284020408813,-4.754125394819257,0.1264389825866448,-0.0345038612892148,1866.0028109246955,1868.3428599790695,2065.122462614834,2010.7902600620937,0.2509835338998034,1.3364176372411656,13.529516267800632
6.78,-0.0073238999853797,-0.0147499335117228,0.5656064474657183,-0.2819669404789486,-0.0007157304286927,-0.0053032698783556,0.9594091971288852,-0.0420487913214712,-1.9636459968177573,0.4184531464278303,-4.872665036457304,0.1268450406236273,-0.0283819728993642,1861.4462634354325,1858.1792480793304,2049.3170339625067,1977.6708897207752,0.1266812736453886,2.125439774161329,13.168969730294796
6.79,-0.0080634314730336,-0.0301078273750951,0.5741221301151255,-0.3024252070249303,-2.816656590861907e-05,-0.005744169533661,0.9531558098647572,-0.0408873594458894,-1.9170970199218365,0.4383824355475925,-4.826528782751884,0.1215024074657274,-0.0275411346128719,1890.836382404912,1873.0889376462724,1993.8556902608368,1933.528368934564,0.1266812736453886,2.125439774161329,13.168969730294796
6.8,-0.0093143448289934,-0.0402948907547059,0.5845642142029609,-0.3256320948354548,0.0005544790133814,-0.0064373221802256,0.945474479956622,-0.0407463278522938,-1.8423942864881224,0.4740000109955153,-4.695441058403973,0.1210014061451837,-0.0381269729098707,1917.6164781665657,1880.4602402890384,1929.2941803384983,1898.2364205699355,0.1390236482053445,1.822878068989076,12.680338363266902
6.81,-0.0110967875901685,-0.0447605503497126,0.5965267603132295,-0.351490539380449,0.0009768916464617,-0.0073750450058049,0.9361618744212532,-0.0436013432025359,-1.6988904848062734,0.5200896532090377,-4.646971084562547,0.1164030687602971,-0.0558199541245797,1898.393448438031,1851.4031973672736,1894.2685621752275,1873.6542673544284,0.2233478955948111,0.8410826024712685,12.103653974294438
6.820000000000001,-0.0132905263146679,-0.0440595271631539,0.6092118176631399,-0.3788303918320068,0.0012147957159934,-0.0084641969737133,0.9254266129009726,-0.0499007084574782,-1.4838380111407936,0.5589753294422808,-4.752109962872385,0.0943587380648264,-0.0714166711178281,1822.650924118211,1788.042472648892,1889.735800229,1840.580789600191,0.1998497617273286,1.2485402671158266,11.724236246776496
6.830000000000001,-0.0156549959674782,-0.0399162132160815,0.6216836474583397,-0.4059497490072243,0.001320403534684,-0.0095566647405828,0.9138444769075936,-0.0574799359625969,-1.2463425750963584,0.5745680270752141,-4.921806833390919,0.0686972923736461,-0.0799855595282069,1719.1543944149375,1713.577709792534,1885.434490775748,1789.7988970001325,0.0729739410963223,1.1506834259391647,11.35942624313789
6.840000000000001,-0.0179000441535336,-0.0347864840652261,0.6331625733614276,-0.4313972392202249,0.0014377874187605,-0.01052911743907,0.9020994914345428,-0.0630000459037652,-1.052813505898868,0.5638632603469732,-5.0192467226182895,0.0777337873169761,-0.083235802928032,1625.1810254225466,1642.8315064142396,1862.3713635156096,1742.4668814635356,0.0656297171246203,1.1224134721743573,10.502446376621576
6.8500000000000005,-0.0197775618730735,-0.0310754244787267,0.6432075793496894,-0.4545000225640126,0.0017680695163927,-0.011355865422523,0.8906725816707297,-0.0646782220066837,-0.93474246234435,0.5348302274504012,-4.977875751320197,0.1444449389152045,-0.0841120467946664,1556.2323488549305,1573.338562370987,1832.796557853299,1729.653315287513,0.0676905055881493,0.9809388298677764,9.809300989551236
6.86,-0.0211521258789728,-0.030392802622869,0.6517083837643131,-0.4753480070924893,0.0024932620477949,-0.0121139826459701,0.879710922531949,-0.0632957860080171,-0.8697258382099544,0.4958821972503957,-4.785434310240769,0.2486295303081814,-0.0815426463351998,1506.3371414384076,1502.8415167043936,1818.6750021673208,1757.5195024169063,0.1802394102357563,1.3217107813241755,9.208760871128606
6.87,-0.0220229004462755,-0.033181575819483,0.658720880833922,-0.4943231931150494,0.0036916252774633,-0.0129135883761378,0.8691744312199963,-0.0606990468009765,-0.8101960968132882,0.4499844162068668,-4.405382988354869,0.3410835979908064,-0.0713376639932746,1469.1578408937908,1443.9286702782724,1822.3052671423616,1799.3365037614444,0.1802394102357563,1.3217107813241755,9.208760871128606
6.88,-0.0224965148869229,-0.0388119847091754,0.6642666106464158,-0.5115592961446598,0.0052871095999491,-0.0138081982395671,0.8591207520840335,-0.0579835642336182,-0.7257771873021439,0.3971792837888328,-3.7794399221308272,0.37975869298411,-0.0512345466962408,1448.9668474014438,1416.233832248579,1823.9118450172173,1818.5259648960168,0.2067609797220632,0.8303790800059416,9.306084709309973
6.89,-0.0227315093504504,-0.0460064824463003,0.6682318427531523,-0.526735819352537,0.0070663426375588,-0.0147523923519934,0.8498716434454282,-0.0552265882723405,-0.6194559536411235,0.3382074421645047,-2.916284061357937,0.3550608964204914,-0.0241887803527151,1448.604788773319,1425.4791019676722,1805.872718938764,1798.6462106203228,0.220667561040413,0.8535254166876767,9.195522422715994
6.9,-0.0228806144121052,-0.0533655291680167,0.6704353718377304,-0.5393175708276943,0.0087634829511324,-0.0156302737238399,0.8419117849908017,-0.0523000497384698,-0.5123706580313508,0.2746788268623022,-1.9481606402363267,0.2907128829866568,0.0031660219015679,1454.2244652801855,1451.8908566263367,1774.7063028237385,1757.3502672079503,0.2038712255656133,0.8162221804771495,9.151959673839452
6.910000000000001,-0.0230509654546705,-0.0597901919377261,0.6708196760272577,-0.548981469631411,0.0101715016887937,-0.0163240241587845,0.8356131956772789,-0.0493860436256563,-0.4213874676147091,0.2088959806079872,-1.0745877221385578,0.224294518508939,0.0253939535126528,1442.0904251749812,1463.3383893697385,1754.745046780256,1732.23825271754,0.1437941119630019,0.4626313888068551,8.920861548502781
6.920000000000001,-0.0232908955414778,-0.0646901573932321,0.6696319264235766,-0.5558485666995402,0.0112211992655181,-0.0167726260684661,0.8310385879126658,-0.0467619898285001,-0.349838732405628,0.1442736850826655,-0.4273011500378377,0.1822368471795018,0.0428208110870984,1401.8788029889256,1443.8038319807822,1759.1159662894477,1746.3421039132368,0.1163784546997315,0.4086472767025415,8.712355104942942
6.930000000000001,-0.0236002973544843,-0.0679710638845122,0.6674655954105483,-0.5603211352261148,0.0119896058370948,-0.0169893412601219,0.8280143942313661,-0.044419430783769,-0.2913249267321147,0.0834361382990217,0.0341920009023829,0.167355155119891,0.0622866790292197,1347.7795868846215,1407.035555657618,1771.1011468970044,1784.046418912994,0.1192123593458969,0.436718478074086,8.736031509809695
6.94,-0.0239534587521763,-0.0698713614150539,0.6651209294625419,-0.5626185660365799,0.0126399513509874,-0.0170370985989547,0.8264443829152186,-0.0420820299979645,-0.2372584724845371,0.0260102170817568,0.4969215489754955,0.1655226209270485,0.0924689302656496,1306.135300084134,1380.7276982470496,1758.476900362995,1803.1708601425305,0.1192123593458969,0.436718478074086,8.736031509809695
6.95,-0.0243213015404929,-0.0707490653657476,0.6633408785107346,-0.5623194699435399,0.013331584412203,-0.016983285091928,0.8266381618380335,-0.0395365751922313,-0.1818773136623533,-0.0296056142691182,1.1457132835950508,0.1611405645256413,0.1360867828406804,1295.548951306209,1381.2654783867697,1705.35523953857,1772.3890871811752,0.1072199640088085,0.1188609767395294,8.870520717727146
6.96,-0.0246841416411,-0.0709076679027763,0.6625337560765685,-0.5582499022111431,0.014150709628138,-0.0168621392719275,0.8293807764576192,-0.0367588262217166,-0.1215801507056555,-0.0839309615921024,2.024934521650555,0.1472634262588209,0.1855271885487991,1316.3926836302007,1404.4969409201958,1625.7301792577964,1696.714451628461,0.1090484054476481,-0.275347397890922,8.334158962477499
6.97,-0.0250333059837362,-0.0705121779911748,0.6625998080284489,-0.5488835312699494,0.015092743977398,-0.0166635078088171,0.8355964370959038,-0.0336775166883442,-0.050405506461158,-0.1389046393039627,3.030195903218321,0.12552024877926,0.2275606115740176,1353.4629574749183,1433.9469425077837,1546.0285491947052,1607.8286235921717,0.1048578713348262,-0.5662053712462738,7.802551384034008
6.98,-0.0253656477534973,-0.0695983751252584,0.6629441288022728,-0.533122334620407,0.016089653067557,-0.0163484877536398,0.8457271583325331,-0.0300730763489816,0.0392263015486802,-0.2005005138613836,3.9952620293365007,0.0999023808152831,0.2539573357736033,1387.0399135786963,1452.9025507212027,1481.9532374208336,1534.3223353575097,0.1048578713348262,-0.5662053712462738,7.802551384034008
6.990000000000001,-0.0256766899390607,-0.0681399935688794,0.6626865478125467,-0.5110685489836351,0.017052360779658,-0.0158782164276079,0.8592240903714701,-0.0259291227058751,0.1467144703733831,-0.2741294235427197,4.767310923111702,0.0712702275835754,0.2669589545440317,1403.5994450034464,1452.3998675902908,1436.8168021860354,1485.400451359692,0.0954621279225569,-1.126719325225975,7.121977478228559
7.000000000000001,-0.0259566814042369,-0.066123267609882,0.6609888786874458,-0.4843264767583471,0.0179027534314649,-0.015239536343123,0.8745713875164595,-0.0217092832861866,0.2571745282375172,-0.3574915809409822,5.251821794961636,0.0375558156160275,0.2739203760228298,1400.2870190021404,1434.9211429392974,1413.6737903527242,1458.849353581765,0.1110496837854335,-0.6854489957037662,7.047592908087118
7.010000000000001,-0.0261912872381158,-0.0635880034374551,0.6573555929061324,-0.4555741608569326,0.0185864712763642,-0.0144575263511595,0.889886344977155,-0.0179995823008183,0.3513723735250038,-0.441108076431722,5.457877812418332,-0.0011809412606026,0.278564195943373,1385.5157570856886,1413.9970514082552,1416.4415687405558,1452.912180038565,0.1011407889704995,-0.6546350371124063,6.911175597905993
7.0200000000000005,-0.026366124553072,-0.060620368981768,0.6517723188723713,-0.4275714188362597,0.0190702294372256,-0.0135922787189829,0.9036781828188531,-0.0149320475347068,0.4217988272824031,-0.5159128066866846,5.507788247066916,-0.0395817611560435,0.2792103481167212,1378.3788430056516,1409.201240114205,1438.901386126115,1464.002040970906,0.0988068226584256,-0.8186158397186691,6.985911015383595
7.03,-0.0264726909049732,-0.0573103780550711,0.6446336334663435,-0.4021308569653257,0.019334707694056,-0.0127217421337668,0.9152896264198565,-0.0121870154258957,0.4752883414735675,-0.5784542361210846,5.562891544989141,-0.0706860338367538,0.2739222166471164,1401.7495825911897,1437.104698448076,1463.0369604353318,1479.2245901249703,0.0650936949486934,-0.847157894581291,7.040046166654484
7.04,-0.0265128846040584,-0.0537032259988697,0.6365238860764262,-0.3795597790020371,0.0193747297629067,-0.0119153806390824,0.9248875703104484,-0.0095186316710366,0.5212003897646408,-0.6297612684946072,5.710522164300854,-0.0926689760059975,0.2642108664319808,1466.3314433837122,1501.246999737469,1476.184024223836,1484.34025312548,0.0792086080904168,-0.831261350587909,7.306084894081312
7.05,-0.0264998499928418,-0.0497732433457199,0.6279785907028009,-0.3587550504228229,0.0192077057816243,-0.0112077875612934,0.933166792879336,-0.0070117299504729,0.5623613931477185,-0.672428097773978,5.906221995688576,-0.1103882204246494,0.2528925361431133,1560.1088374059286,1589.764273189105,1490.1098797984405,1486.400207879578,0.0951665678431743,-0.9320970911277766,7.680850884711672
7.06,-0.0264540381801199,-0.0454361593451176,0.6193380130056213,-0.3378387524243019,0.0188780959888317,-0.0105855134362447,0.9409551220741182,-0.0047299652011799,0.5988590466393329,-0.709785529983116,6.013276490632119,-0.1292006206684543,0.2402169027932164,1660.8381360471035,1686.756679234767,1537.7368386613648,1520.8141330803107,0.158810735395883,-1.0922648048785597,8.438744519325528
7.070000000000001,-0.0263955458802027,-0.0405957140490134,0.6107355126102552,-0.315088175647784,0.0184468726475618,-0.0099976004201019,0.9488304392473482,-0.0023140595773386,0.6358512970130246,-0.7449291807926675,5.909540830228582,-0.1471696213368572,0.223721347360943,1759.7928898384853,1785.797995826738,1643.433021036789,1620.2252460346542,0.158810735395883,-1.0922648048785597,8.438744519325528
7.080000000000001,-0.0263361791457921,-0.0352001211702515,0.6021874741199619,-0.2898116888837067,0.0179696360617811,-0.0093877951888813,0.9568689285725984,0.0008521427062565,0.6823907608755729,-0.7771869869515013,5.588551360843321,-0.1548915345416134,0.2015431350444432,1864.6956222938336,1889.010972159784,1794.2232477273692,1772.694331192375,0.0649226344740157,-1.9526095137180848,10.659272423320957
7.090000000000001,-0.0262751826666943,-0.0292728576690788,0.5937055123220594,-0.2627357459870139,0.0174769901070708,-0.0087308068746935,0.9646700242097096,0.0050732121330011,0.7421163475744077,-0.8004336247055572,5.175208494042208,-0.1460218540554866,0.1749631872523574,1978.970438659245,1996.3784189356431,1945.78107680246,1923.2984761273804,0.0855032363112203,-1.312909567407588,12.247351744785073
7.1000000000000005,-0.0262004958076648,-0.0228939705132877,0.585356847632363,-0.2356123980168494,0.0169670300733404,-0.008048894136246,0.9716656488187816,0.0100169612876364,0.8078332837086595,-0.8084506179992687,4.833896083769906,-0.1289284991114109,0.1479709078374383,2088.970483090512,2100.7762707614224,2059.065448275616,2024.065695908224,0.086506617544565,-1.3937322014493692,13.738731351615558
7.11,-0.0260943646084167,-0.0161418945000221,0.577249972935978,-0.2102211341452707,0.0164112835952071,-0.007397004067465,0.977488122106995,0.0149391109890248,0.866632133072698,-0.8018867032894961,4.647255808012858,-0.1241127752821502,0.125190541786295,2175.544061422077,2190.8255820522736,2126.760294417933,2074.127038392525,0.1854145475704129,-1.4296065384685388,15.051030115138875
7.12,-0.0259401366392314,-0.009038199289119,0.5694801554586307,-0.1873951882412785,0.0157713494703216,-0.006827775109224,0.982134252252185,0.0192661026892515,0.9103474976265312,-0.785718364038495,4.574586376875604,-0.1450793567611823,0.1096776917917314,2231.8307222785475,2256.873906245135,2167.102028709592,2107.6937479509656,0.1369517736927509,-1.5705475335750876,15.89586192984085
7.13,-0.0257270772861361,-0.0015408932991812,0.5620914639547128,-0.1667099133401614,0.015021811105055,-0.0063623773095254,0.985871021046978,0.0231267043750631,0.9420456455166206,-0.7586358361470694,4.513326396348004,-0.1819426281027341,0.1009838715454937,2266.7709846885045,2298.2748553368697,2202.804901433306,2153.5293211851604,0.0865284169671539,-1.6739167883279555,16.74151278513716
7.14,-0.0254519287015819,0.0064010866490222,0.5550912821632402,-0.1469937901426321,0.0141710639294094,-0.0059869217665428,0.989017777077022,0.0273216589429554,0.9730968173526408,-0.7105241366683566,4.393161629613754,-0.2093713466364191,0.0950419538846553,2294.5232820804067,2325.4527242127306,2245.576154757965,2211.828401547165,0.0865284169671539,-1.6739167883279555,16.74151278513716
7.15,-0.0251181867922229,0.0147687853087027,0.5485101876192775,-0.1272357358428818,0.0132675711973224,-0.0056732469830933,0.9917675399748236,0.0325267791898618,1.0126159987027454,-0.6361024941327185,4.2246255209189,-0.2129952832240725,0.0873882504697328,2322.653770085558,2350.7022320507463,2290.026498379608,2262.8929753708994,0.0846376128150786,-2.268649667973151,17.930735375176404
7.160000000000001,-0.0247345949128694,0.0234347629166009,0.5424626461008561,-0.1071942335413194,0.0123819261004963,-0.0054045042422815,0.9941463048945192,0.0384337922368618,1.0583203852622778,-0.5481501813152889,4.073475656040497,-0.2030111545830185,0.0770431042248562,2348.6452495147705,2375.7078847280127,2319.934671353143,2290.27493818915,0.117034794691493,-1.501932685967167,18.522426126718795
7.170000000000001,-0.0243129413783103,0.0322080869319829,0.5371575432614364,-0.0872823509485123,0.0115690450758276,-0.0051849640478813,0.9961029387351272,0.043902007494425,1.0978463819287,-0.4688072582127969,3.988715908605977,-0.1985075013052559,0.0663654995736516,2363.461990802993,2389.66274227759,2325.060030505196,2293.1073896392795,0.1385564448121242,-1.4998365102029425,18.75805746900151
7.180000000000001,-0.0238644184293399,0.0409405856308488,0.5328400495965565,-0.0679240062679384,0.0108325143846261,-0.0050298430909086,0.9976190087819602,0.048085923992578,1.119372819322373,-0.4056955561000512,3.953200892846343,-0.2039212720842383,0.0571698673021848,2356.9121293344324,2380.222114175357,2309.470870199719,2277.7763095482583,-0.0145357602496377,-2.3979491547399747,18.48915016054161
7.19,-0.0233953833259467,0.0496175128762559,0.5296950288720986,-0.0490026770211194,0.010117082488558,-0.004947904537045,0.9987351503413584,0.0512268763179178,1.1209060886629918,-0.3431106685326573,3.9090761342443945,-0.2068912124387997,0.0484040482187948,2324.763774547906,2346.296017298256,2280.42408988154,2246.0276129681006,-0.0145357602496377,-2.3979491547399747,18.48915016054161
7.2,-0.0229053822210941,0.0583622815769932,0.5277691518315837,-0.0298572482889599,0.0093366154459217,-0.004931537107551,0.9994984003380812,0.0542004518249208,1.109889954310281,-0.2603670969456838,3.828750247334009,-0.1960759728080464,0.0381221107099567,2274.665734956232,2298.9751077686224,2237.4893136557766,2198.300822145785,0.0514380272574438,-2.13751691364571,18.033665515067383
7.21,-0.0223895151931562,0.0673476217056001,0.5269541813974312,-0.0097453096783516,0.0084190196556185,-0.0049585766629081,0.9999047762486132,0.0574716671296943,1.095251107808866,-0.1541336367730424,3.746309275936877,-0.1744997247053531,0.0263354085411706,2219.3923358785,2247.8605804435288,2179.6534678170456,2141.8132967889896,-0.0062855792784988,-1.850861160030252,16.396590744233528
7.22,-0.0218438737243172,0.0766696980833905,0.527032464020745,0.0116463435226862,0.0073414167453967,-0.0050010878306485,0.9998927219473258,0.0606999220871969,1.0806273605022405,-0.0399938992952919,3.714540171642608,-0.1560771619233692,0.0146277092832072,2160.414235024422,2189.4306296698624,2114.971883435155,2084.9411300686597,-0.0062855792784988,-1.850861160030252,16.396590744233528
7.229999999999999,-0.0212703021044261,0.0862602849939779,0.5277519021477387,0.0339854443220468,0.0061382970356257,-0.0050333925023542,0.9993908023609448,0.0632671037488622,1.0642548299676389,0.0622387756022742,3.746999005152916,-0.1540687156353452,0.0036784601531314,2087.6500569388804,2115.943411824924,2053.754282247337,2027.032060283608,0.0873636999777988,-1.244123461755144,15.368120493799385
7.240000000000001,-0.0206773885624655,0.0958830847838047,0.5288932227888552,0.0564280393070898,0.004886663823268,-0.0050376601397127,0.9983820004772486,0.0649636068230126,1.043089519402382,0.1404743570954716,3.8134435053512608,-0.1718872368990403,-0.0071872474206493,2001.6283354193515,2034.3000892575503,1996.0923029697487,1962.159014287721,0.0910115249503031,-1.2071124436583027,14.245135088400936
7.250000000000001,-0.0200774391609506,0.1052118697508139,0.5303092300723984,0.0779788364891996,0.0036777877103396,-0.005007616887767,0.9969356542477822,0.0661129905390681,1.0159361828308515,0.1929168085392982,3.876054883635693,-0.1995017353394937,-0.0177678598222627,1923.5624191362376,1964.918120520454,1933.6553238031177,1890.5570097030009,0.0918227428966421,-1.2095073479575569,13.088057080224845
7.260000000000001,-0.0194816771081269,0.1139490847448338,0.5319323993330479,0.097874455682281,0.0025853844486316,-0.0049510672835919,0.9951830955381544,0.0671400893676705,0.9840967142979746,0.2256568502421457,3.9099499551174977,-0.2187148992098886,-0.0256794002311854,1872.398956589388,1918.4348708463915,1863.1730436234743,1819.976900280777,-0.0002962722804566,-1.0184091734965843,12.130926863338216
7.27,-0.0188962745862304,0.1219299021382038,0.5337551760722,0.1158455966790277,0.0016397239743425,-0.0048917895016064,0.993253834339863,0.0681170871135745,0.9508428050149892,0.2479087907339491,3.897390938663201,-0.2172201731620392,-0.0285766976721083,1841.4606682581864,1883.4533839345245,1793.515636643725,1757.746293959463,0.0342480366847793,-0.999379877746005,11.43851320793221
7.28,-0.018320456496451,0.1291682363795682,0.5357935733671678,0.132194507780588,0.0008152927304995,-0.0048675973970358,0.9912115081585726,0.0687563459968078,0.9196106748902656,0.2660032039909019,3.827549493967351,-0.1994947472435196,-0.02777633723326,1810.4767659938464,1843.933527642684,1738.2813148710516,1706.6249881330464,-0.0071934751497945,-0.9965622402300824,10.921718197763706
7.29,-0.0177466813511266,0.1358272375942128,0.538051203343229,0.147667462531966,3.955497802631828e-05,-0.0049214850070216,0.9890248216956437,0.0687935976868121,0.8906707249535284,0.2801714019044219,3.708756026252349,-0.1824970711188759,-0.0285667830580856,1774.3830748591413,1801.8025130138024,1702.9032927927844,1666.6031397979204,0.0503006561150216,-1.2452766643111484,9.862188167410746
7.3,-0.0171628027858947,0.1421284264953529,0.5404991757264531,0.1631253425357672,-0.0007774522274097,-0.0050863899698332,0.986591935314544,0.0682869265674526,0.8595357912292232,0.2870780475350946,3.5674850029634952,-0.1809349116253712,-0.0355580572159832,1746.6543660608968,1774.6816746585082,1679.839464389836,1635.859859708105,0.0503006561150216,-1.2452766643111484,9.862188167410746
7.31,-0.0165561432862235,0.1482432826910492,0.5430757162554805,0.1791103335125506,-0.0017052697705917,-0.0053700967781121,0.9838128595137524,0.0675112373908135,0.8204685629744743,0.2849097867719827,3.422794521422704,-0.196573529162428,-0.0474084426862687,1736.6099063075894,1774.697382391958,1656.5592543122052,1610.797100857088,0.0687934930215741,-1.1574117259469223,9.53996355276363
7.320000000000001,-0.0159184627689508,0.1542226437893528,0.5456989094954778,0.1955358053960484,-0.0027653333224837,-0.005749926560695,0.9806758078408384,0.0666263057537007,0.7718355076207221,0.2752824541775939,3.257292306462134,-0.2181229842684063,-0.0570230090209588,1737.0665863668223,1795.4902795940652,1628.1762608803383,1588.972800411192,0.0388216817227607,-0.8908759893029359,9.467754120424322
7.330000000000001,-0.0152498086435462,0.1599969223022856,0.5482835443994231,0.2117030189009582,-0.0039250970545475,-0.0061821817686885,0.9773066079946006,0.0655353776068936,0.7169193213781276,0.2610432429429766,3.017913358631394,-0.2286469634092806,-0.0578778685293642,1736.4852551841918,1817.8252315280104,1601.483296048185,1572.1610478934494,0.0011989828663578,-1.0775397390200725,9.14544664242117
7.340000000000001,-0.0145596382469897,0.1654346004045395,0.5507548446290996,0.2266232752645228,-0.0051123582277639,-0.0066212435552738,0.9739465663143504,0.0640909902214287,0.6604468872299143,0.2441093693629442,2.660994921465488,-0.2159842228432439,-0.0503807428005221,1732.1478024986225,1823.7865576348404,1586.6972772320405,1564.7189568912129,0.0011989828663578,-1.0775397390200725,9.14544664242117
7.35,-0.0138648870293806,0.1704147975709104,0.5530547715853654,0.2394227219906632,-0.0062400158811043,-0.0070368457833131,0.9708698703728564,0.0623583255399985,0.6060501733093174,0.2257605126104312,2.205593010568112,-0.1814947998814476,-0.0416619013262171,1726.913375855223,1808.4541247171287,1586.9605062182284,1568.464449477924,0.0258664767203663,-0.748328755185824,9.132861405695596
7.36,-0.013185706271334,0.1748744579975401,0.5551413605833817,0.2496186699902841,-0.0072318201071873,-0.0074200171253973,0.9682887811578104,0.0605637438170111,0.5554179532696962,0.2071179572124436,1.7291023702754422,-0.1404590673980173,-0.0385396997024857,1721.3429990868533,1783.0932601877682,1596.2751234692996,1579.118028512676,0.0157291764537701,-0.687653275706066,9.11699890103749
7.37,-0.0125405113969689,0.1788162142172322,0.55698580933351,0.2571897456323735,-0.0080424224479255,-0.007775063398152,0.9662961774590018,0.0588042172296071,0.5071308569511913,0.1881046290843267,1.2995754893646736,-0.1111197824065593,-0.0405226513473385,1714.721946207743,1766.5471479824153,1605.5153993732183,1588.335384935974,0.0504205619572915,-0.6147855115134915,9.048694903568414
7.38,-0.0119424931970951,0.1822843433525714,0.5585716006601384,0.2624621687623178,-0.0086668296097229,-0.0081034290680293,0.9648693333661488,0.0569595738614579,0.457397824475195,0.1672475107886861,0.9254875870877376,-0.100385235174031,-0.0402506479664366,1708.870440025962,1769.479887729814,1609.2471013366317,1590.7777060107069,0.0504205619572915,-0.6147855115134915,9.048694903568414
7.39,-0.0113987822196562,0.1853273251189768,0.5598957993263014,0.265893287297013,-0.0091371630522474,-0.0083922742699863,0.9639226326600708,0.0549347379839017,0.4042049414030241,0.1438373357707437,0.5775161156165132,-0.0998611591406836,-0.0312407166696214,1705.7505445270383,1785.6362093531066,1608.4846249120226,1589.5267771095585,0.0790709703443273,-0.4171527286831038,9.120485573624965
7.399999999999999,-0.0109114352450668,0.1879681155178617,0.5609695502873366,0.2678701780947518,-0.0095080175479316,-0.0086185527389611,0.9633695479090462,0.0528387775662722,0.349613623465251,0.1194213241131036,0.2346830310376589,-0.0958867618429145,-0.0148527766144286,1703.933766468919,1799.1931630842896,1608.7842047683462,1593.3930089763935,0.0536198594468468,-0.3787548841333263,9.20703015659871
7.410000000000001,-0.0104782468000991,0.1901954005428721,0.5618150433999572,0.2686123032901052,-0.009834224681984,-0.0087660451941393,0.9631582813835652,0.0508341830359304,0.2967312578455027,0.0962581886662916,-0.1051928537355699,-0.0821429335208446,0.0008352752726269,1701.529064043558,1800.0302333216994,1615.1515549649291,1608.1293652093675,0.0250480908615911,-0.2988005769737274,9.25483144116868
7.420000000000001,-0.010092111240132,0.1919745856947167,0.5624587805605004,0.2681797949799959,-0.010148539785542,-0.0088405093879972,0.9632748569844796,0.0489174624882153,0.2465906274052921,0.0753151012154777,-0.4354072235408131,-0.0622496392461973,0.0087426584248949,1700.5059790120472,1791.2906423091129,1627.21973135424,1629.9359887818357,0.0250480908615911,-0.2988005769737274,9.25483144116868
7.430000000000001,-0.0097395766560495,0.1932673617709448,0.5629237318058646,0.2665294087845132,-0.0104506525427662,-0.0088697341713326,0.963729311544553,0.0469257798523592,0.1988309930159526,0.0564651749040978,-0.7405295730552596,-0.0430319676158136,0.0088201837571423,1703.425442907865,1783.6875226476632,1639.2860097931582,1647.7882701352482,0.0585420568769073,-0.2130226678236928,9.336581824558166
7.44,-0.0094008217136784,0.1940485818261916,0.563223859810065,0.2635743503364771,-0.010715169528567,-0.0088878077465347,0.9645386222749917,0.0446703032667686,0.1520184701672091,0.0392399399121938,-1.004651424392339,-0.0286007045995531,0.0067789490912061,1706.827111201259,1784.3458840073267,1646.277502843654,1653.920692872754,0.0698460105018122,0.0291875087439406,9.4195270889918
7.45,-0.0090531148993959,0.1943142920862833,0.5633632072987838,0.2592445572208596,-0.0109130753163284,-0.0089139240227329,0.9657089138539716,0.0420366913529098,0.1022496957104529,0.0224819622659819,-1.2344928487362885,-0.0205512971263636,0.008076759072106,1703.564609638299,1791.24174253839,1649.8063656468053,1653.0809830624205,0.0698460105018122,0.0291875087439406,9.4195270889918
7.46,-0.0086774409921425,0.1940799686043576,0.5633398127810368,0.2535465819481831,-0.011030947638944,-0.0089388162009905,0.9672189754866812,0.0390922825824026,0.045854484382552,0.0046980425091124,-1.4568995058624588,-0.0197151752524268,0.0138213864944883,1693.3573267291554,1796.864166508222,1656.688203860419,1659.2303589445642,0.0288684485880561,0.0568673203495126,9.53432464921624
7.47,-0.0082649833937233,0.1933720691734106,0.5631528506680027,0.2465919597067367,-0.011076107312514,-0.0089275879795958,0.9690149758531388,0.0361293306825274,-0.014567165857176,-0.0140904098126894,-1.6817367238089955,-0.0238027391049918,0.0216516737226549,1685.9928669665694,1795.4996643575469,1670.8315299592784,1680.9253199737548,0.0283198420971932,-0.0632809531523257,9.559564682746371
7.479999999999999,-0.0078195094443413,0.1922183461146691,0.5628093712386767,0.2385652408910219,-0.0110687277861644,-0.0088394282539784,0.971023158123403,0.0334509414598835,-0.0709629711008151,-0.031813845331564,-1.8851828348056536,-0.0242164059523657,0.0288719217227582,1690.1143476499128,1787.0102658621508,1688.5957199729376,1711.4776871540753,0.0353315665404699,0.0315311778008116,9.701431743888747
7.490000000000001,-0.0073545821762512,0.1906419367892186,0.562326510870303,0.2296605201593613,-0.0110303523806604,-0.0086550800864844,0.9731698034748028,0.0310684029918878,-0.1189951657813675,-0.0464948091799588,-2.041115060679957,-0.0112678665061222,0.0339482673361932,1701.7674251298015,1775.6031968016343,1703.7324159420714,1735.8469254950069,0.0612842799234937,0.3825804785065632,9.875006062307
7.500000000000001,-0.0068881705938659,0.1886610951670228,0.5617279684961269,0.22005175524179,-0.0109768360273022,-0.0083958328934258,0.9753903034559358,0.0287586755335719,-0.1628179603544342,-0.0580985130534966,-2.1529615974904237,0.0128941607230184,0.0360563202745323,1708.802428240841,1767.127907062957,1715.312899402866,1746.3118614872787,0.0612842799234937,0.3825804785065632,9.875006062307
7.510000000000001,-0.0064380039092391,0.1862922377665528,0.5610378192717933,0.2099098442739569,-0.0109168942614024,-0.0081190919699798,0.9776260834501868,0.0264622629105392,-0.2083169328673612,-0.0676270643408206,-2.24249005515132,0.0306552173059956,0.0350235891973834,1705.8666454298132,1767.6442332043089,1728.1560518801818,1748.825993931962,0.1270966683778161,0.2155002493525755,10.043683334091943
7.52,-0.0060189357958839,0.1835518358344027,0.560276133885264,0.1994047877193887,-0.0108522154679766,-0.0078887965258843,0.9798253553278744,0.0244197171493874,-0.2549120140110322,-0.0752772741369905,-2.3198755570443312,0.0262849601125101,0.0322608515557126,1700.606375580849,1780.8901324555138,1745.3383364685872,1754.2822959275854,0.0685725982649494,0.2330003460037715,10.192579371956311
7.53,-0.0056417347790755,0.1804549743475312,0.5594585515290695,0.1886514398282327,-0.0107759912977613,-0.0077376244752427,0.9819545006922497,0.0227720727894375,-0.2974254636485458,-0.0804979494399276,-2.379188353243752,0.0067935437621331,0.0305920953449954,1703.8473775728094,1802.653830732584,1763.3534165977828,1767.2047909013709,0.0074666495882063,0.2516110222431607,10.328434248168
7.54,-0.005312745610229,0.1770130155688531,0.5585986963303095,0.1776536760416631,-0.0106724394983971,-0.0076465700060082,0.9840054879883444,0.0212110627019474,-0.3340367564477067,-0.0834762493216186,-2.4176895392112145,-0.0029798031300326,0.0320925757107456,1716.769524824886,1819.594288863289,1777.4786197017163,1784.5066829879245,0.0526604857538085,0.5770356416899438,10.528394596402611
7.55,-0.0050344622350325,0.1732341069101746,0.5577102610791739,0.1663323865608681,-0.0105223093246426,-0.0075568248032862,0.9859846411513392,0.0192868835947167,-0.3683799392773982,-0.0854128450434918,-2.445513760156736,0.010797878860452,0.0362130094566171,1730.0890542040986,1820.3368792603496,1789.6872047452491,1801.0596753985228,0.0526604857538085,0.5770356416899438,10.528394596402611
7.56,-0.0048065999718465,0.1691264631179989,0.5568051068501658,0.1546311752871393,-0.0103130683307543,-0.0074069102942866,0.9878906710414952,0.0169942622437228,-0.4038067632764588,-0.086908241012844,-2.47340976723196,0.0348008832857602,0.0402889847354601,1734.7156102504166,1808.095778457756,1805.796972689392,1812.6396233216608,0.0666247149081999,0.2618507275468258,10.57547834568
7.570000000000001,-0.0046262911222127,0.1647011442532592,0.5558861921094718,0.1426004813924344,-0.0100456322757205,-0.0071713286516903,0.9897033697144798,0.0147636609787952,-0.4391112398794363,-0.0867711643523927,-2.4985760756750564,0.0473148991373723,0.0416237869611463,1731.3790647868143,1796.7932474764748,1824.916993838773,1816.790579748121,0.1091276595216329,0.3335204934236437,10.730865393363846
7.580000000000001,-0.0044864934794914,0.1599736545301671,0.5549404379092306,0.1303924081316965,-0.0097327824189585,-0.0068764614870207,0.9913908447859602,0.0128357657835877,-0.4712925026077031,-0.0832703706269217,-2.5083249208397174,0.0464903631094655,0.0392312356892708,1729.3089315419072,1795.4961625589058,1838.423929343732,1816.0174240591111,0.0018559636348028,0.6114828073837075,10.81797140908466
7.590000000000001,-0.0043739437841078,0.154967413744114,0.5539414382754011,0.1181986676439964,-0.0093925556522669,-0.006585151397083,0.992923708371686,0.0109290385786397,-0.4998392311008062,-0.0764997283843975,-2.4963524378338557,0.0497576534887296,0.0343491898836932,1735.4489586217828,1802.2887166398316,1841.6324365113137,1818.468101295956,0.0018559636348028,0.6114828073837075,10.81797140908466
7.6,-0.0042696343452465,0.1497192373535787,0.5528668513298461,0.1061874189097965,-0.0090414594084235,-0.0063626823336518,0.9942846676634224,0.0086883790893268,-0.5261406729105294,-0.0686426315946862,-2.471297223037877,0.0675437720585447,0.029520740639538,1746.3825906407296,1811.407217566252,1840.220445123114,1829.8726958017864,0.0677156122978011,0.3391288000293357,10.812561352840586
7.61,-0.0041535941530543,0.1442813846931191,0.5517220667051246,0.0944453715863513,-0.0086895323600778,-0.0062471961193757,0.9954725191354732,0.0062768814121098,-0.5503715327100311,-0.0614641962762208,-2.4475684398609223,0.0890162176324988,0.0265138070696176,1753.4216850865507,1819.147815731838,1841.276781927303,1844.3722913749853,0.1127926571238747,0.3975640350530802,10.87833357599551
7.62,-0.004012460930656,0.1387168347012506,0.5505541362238491,0.0829330252034365,-0.0083393626493285,-0.0062393601006987,0.9965006968119706,0.004288726281715,-0.5712360112028894,-0.0543000655269183,-2.4296123410918566,0.0971920135089113,0.0246816759515436,1754.0533496192716,1822.6074819717116,1843.312356371692,1848.656285177353,0.0746608526683209,0.7331820966473666,11.013729726406702
7.63,-0.0038456870446386,0.1330915205182357,0.5494471827345578,0.0715099752279489,-0.0079906817098888,-0.0063094701333162,0.997387920036806,0.0030890963335002,-0.5881061341309384,-0.045413203056911,-2.408215009752072,0.090301479698138,0.0217978055298421,1753.1030059143038,1818.7208126656512,1840.599336521109,1838.0207750445568,0.0746608526683209,0.7331820966473666,11.013729726406702
7.64,-0.003666330569219,0.127466941858405,0.5485042531101675,0.0600573462909771,-0.0076466577804518,-0.0064108172499804,0.9981450521860346,0.002397591063522,-0.6017289213867654,-0.0346983306393093,-2.372802690636422,0.0820229685754438,0.0168387275323244,1752.8597857577245,1807.3100413112968,1833.945952443573,1824.1021783023905,0.0892419393499706,0.611405556107565,10.753838509031173
7.649999999999999,-0.0034954220256288,0.1218890150438781,0.5478249399274925,0.0486132552105182,-0.0073148378260814,-0.0064908602385005,0.9987697999533124,0.0015793331292728,-0.6130467972423455,-0.0236117155123074,-2.324780655510006,0.0831258859882087,0.0114399821934948,1748.6875313121736,1793.1333849189143,1830.609265936121,1821.830652423103,0.0892419393499706,0.611405556107565,10.753838509031173
7.660000000000001,-0.0033529563666818,0.1163674759564647,0.5474814061462824,0.0373900455613517,-0.0070011464775677,-0.0064997760982764,0.9992550832252952,0.0002697941728411,-0.622426576636252,-0.0127165689101408,-2.276335233189944,0.0887748257050249,0.0082888487943976,1736.916511676301,1783.0406384110274,1834.2423472915104,1831.1071407021884,0.1617756334599611,0.6809221921344867,10.782653177617158
7.670000000000001,-0.0032506120048828,0.1108502198443698,0.5474931174330827,0.0266275691589916,-0.0067019555407957,-0.0064005596846238,0.9996024655773592,-0.0013423857138034,-0.6299989014301559,-0.0010927837708958,-2.2365867760402867,0.0862027577790554,0.0086222549275149,1722.3689370218665,1780.3933744751153,1840.441668854441,1837.135670512707,0.1617756334599611,0.6809221921344867,10.782653177617158
7.680000000000001,-0.0031897879134834,0.1052097687624755,0.5478100807213452,0.0163718683076759,-0.0063990750585013,-0.0061820900735252,0.9998263826929328,-0.0027988591940723,-0.635962581360826,0.0114886005290354,-2.201588895991838,0.0719409668706145,0.0116070015020798,1714.2472512895315,1781.491815207556,1842.691917949567,1828.331256167707,0.1472413893116265,0.4364276986778012,10.724893334350716
7.69,-0.0031649617084054,0.0992627529141734,0.5483206147614325,0.0063444581437205,-0.0060605392294322,-0.0058692067427154,0.9999442835114976,-0.0038600409782672,-0.6402823789789021,0.0233494748955273,-2.1594184603332374,0.0570871675443585,0.0154737257080543,1715.910547945002,1777.578191524636,1838.5277688338588,1808.3946520306183,0.1472413893116265,0.4364276986778012,10.724893334350716
7.7,-0.0031694877555198,0.0928315630550714,0.5488879342347218,-0.003968755557317,-0.0056514638724321,-0.005520010982423,0.999960918943425,-0.0047033970169341,-0.6423790944347073,0.0325719809412257,-2.102747702201956,0.0548023243816918,0.018513419763763,1721.2714033784746,1762.1886195779334,1829.4083422192532,1789.9088365785694,0.117718928771898,0.4109069938047326,10.586750087366337
7.71,-0.0032002523137036,0.0858323159801585,0.5493993883891557,-0.015021843688916,-0.005155437377032,-0.0052059139514988,0.9998603223138556,-0.0056805066199475,-0.6414280874819185,0.0389484619433491,-2.0330745244699315,0.0657203494954421,0.0193421024983038,1721.232608395545,1738.1758836324202,1818.5247561189549,1781.1270866205891,0.148924631937613,0.4119395974341993,10.40897413284172
7.72,-0.0032588241227268,0.0783487857855746,0.5498032059287278,-0.0268760599949357,-0.0045960726066728,-0.0049838551202541,0.9996157835407978,-0.0069248804139197,-0.6370591554170673,0.0437102700746431,-1.9535676175835623,0.077898757446982,0.0173335712871562,1711.932177189541,1716.685468082883,1810.264618610288,1781.4193413692278,0.0908733840170246,0.679064098024418,10.376961029846434
7.729999999999999,-0.0033489101574907,0.0706478476312963,0.5501159974535854,-0.0390626266465834,-0.0040408664770423,-0.0048779886511043,0.99921668712262,-0.0082265614605738,-0.629634137948443,0.0481264245508823,-1.8618304674061743,0.079578973289006,0.0133539560431309,1696.7760740122767,1707.2064112794187,1808.42710408345,1784.9649041983976,0.0915597609248235,0.2475975121443276,10.396202119921451
7.740000000000001,-0.0034720393330876,0.0631165016173257,0.5504001617605272,-0.0507474951663672,-0.003574567842126,-0.0048774544246525,0.9986932084666528,-0.0092800882053939,-0.6197217724685082,0.0530630686161064,-1.7521693581845486,0.0697944995254323,0.0096901643202457,1682.7555062913812,1708.837050985957,1811.403768926053,1784.212745721255,0.0786273113666246,0.3372906825318995,10.146688829242988
7.750000000000001,-0.0036245084034629,0.0561398707062253,0.5507234568519486,-0.0611044726242328,-0.0032544436352626,-0.0049471749585103,0.9981138098843584,-0.0100007759534285,-0.6076186204798459,0.0590434113868682,-1.6267577621526144,0.0574161921988521,0.0087548751908527,1675.258667876133,1712.810528853281,1810.7477687096332,1773.176371602,0.1722129895486845,0.3910207181520615,10.14501073337562
7.760000000000001,-0.0037979250861729,0.0499692293435155,0.5511204400393768,-0.0696789335519708,-0.0030739260011596,-0.0050406204413156,0.9975519983156598,-0.0105583441042794,-0.593882878665089,0.0653286447332407,-1.505724005339781,0.0521759494601797,0.0115078479382382,1674.0882022556902,1711.852286398702,1799.9047130675945,1754.0143429183036,0.0879337388574495,0.381717730140118,10.125719038575346
7.77,-0.0039830965518676,0.0446345980145978,0.5515750399060196,-0.0765583818386969,-0.0029587204502389,-0.005108300746313,0.997047624442796,-0.0111467905647454,-0.5799850821290264,0.0692548093820594,-1.419543182183515,0.0569660190865705,0.0165988803998382,1673.6730088697286,1704.2962176525389,1785.271529534978,1739.351757345681,0.0875180518303209,0.3315091488726247,10.005188010773091
7.78,-0.0041740989520969,0.0399393400006075,0.5520310704030819,-0.0822916834076874,-0.0027997057738331,-0.0051038273965259,0.9965912860523192,-0.0118138127764542,-0.5671817089273237,0.0682818473922216,-1.3778057176408502,0.0677732031964422,0.020809951486283,1668.8328074601336,1692.0648366108742,1782.0384254871278,1741.3106693081832,0.1152331669556727,0.2802357168135958,9.915964241381438
7.79,-0.0043687855447417,0.0355421283031248,0.5524189528812133,-0.0876121159864147,-0.0025043314692498,-0.0049929298963233,0.9961390044101904,-0.0125154085064406,-0.5542661247287803,0.0633189438817438,-1.3421908245022995,0.0797217843403458,0.021068587416577,1660.7259171891335,1680.0298654300473,1794.8644288534394,1756.8847519331266,0.1152331669556727,0.2802357168135958,9.915964241381438
7.8,-0.0045648445058961,0.0310935497857435,0.5526798772439965,-0.0930925218000037,-0.0020379865368483,-0.0047667252628741,0.995643966147568,-0.0132068652555687,-0.5376190630147414,0.0585933423338448,-1.246720289777952,0.0909112682974411,0.0169503431365913,1655.7848755398718,1675.2178801083703,1808.752052735901,1769.5181577438389,0.100108730759091,0.4966759580858328,10.134122510152782
7.81,-0.0047546228351014,0.026367028164593,0.5527803222467137,-0.0988959759566321,-0.0014348985512185,-0.0044522546398411,0.9950867823634052,-0.0137839151664767,-0.514681428347046,0.0570990730516995,-1.061848000179258,0.0990223160793491,0.0111710724414542,1658.6203948297884,1679.8710490838073,1806.5593192813767,1767.6778832693487,0.0841918166568466,0.4040899425513631,10.054762828253924
7.820000000000001,-0.0049236756091232,0.021326247667711,0.5527238866539994,-0.1047475067037086,-0.0007777153014539,-0.0041091618412196,0.9944900551474756,-0.0140172803274106,-0.4869491484428632,0.0571572199949373,-0.83333973186582,0.0972199128096155,0.0070560857881012,1667.1201131937985,1685.7866435967771,1791.874995540913,1757.4294426693289,0.1017062841867408,0.2423838984523505,9.944669193775525
7.830000000000001,-0.0050556648464296,0.0161066118106439,0.5525641808951136,-0.1101274279528439,-0.0001615342339965,-0.0038083099950273,0.9939101671147972,-0.0137019441374314,-0.4585895240211877,0.0549046540069547,-0.6405584827250552,0.0792624544304844,0.005469367380885,1675.0901950036823,1682.3789995147315,1784.9667023409474,1752.828384233865,0.0921043814115201,0.2363504767182975,9.804800805277988
7.840000000000001,-0.005141520549601,0.0109338997580582,0.5524071032143674,-0.1145543808996869,0.0003391070351368,-0.003602407103202,0.9934103892582214,-0.0129212560732977,-0.432486561290557,0.049672300326497,-0.5161275430310207,0.0505963228597917,0.0046248324366289,1679.000972523706,1671.5591212168445,1796.2945829486312,1757.5380377582592,0.1180118025989708,0.2009679357221023,9.838203695764738
7.85,-0.0051873910753248,0.0060288752617515,0.5523872375665572,-0.1177941737829919,0.0006908589971302,-0.0035064795794132,0.993031600674212,-0.0121134040471427,-0.4087182916510377,0.0453325490662714,-0.4225502219399681,0.0294552961652568,0.0029429217571647,1680.654362621578,1667.768128169294,1813.5746047335176,1761.6716650465,0.1048673796199789,0.2304299347625398,10.05585492705404
7.86,-0.0052162648955715,0.0015398770806029,0.5526207323774126,-0.1199117735091773,0.000909019658823,-0.0034987954833105,0.9927779704885225,-0.0118096861497244,-0.3865954453995282,0.0461574943548766,-0.3103686254014887,0.0312153270188923,0.0013127476235677,1682.6243027846544,1678.9520234444713,1817.8125151547808,1755.5854019557576,0.0345921372466682,0.2084619062680777,10.107070892883645
7.87,-0.0052614632856883,-0.0024805696309544,0.5531572499012776,-0.1211901073648722,0.0010511799493353,-0.0035381757645255,0.9926224530051012,-0.0122265543474181,-0.3663602048865617,0.0524458561241579,-0.1813939040041841,0.0518749873092944,0.0016861263921391,1682.8616392535082,1693.071439710399,1804.7100999081413,1740.7570339016324,0.040818197764147,0.0905916886246047,10.053642387552058
7.88,-0.0053540575415911,-0.0060622248327514,0.5539557862991241,-0.1219891623343085,0.0011944207856277,-0.0035849881166218,0.9925242392466616,-0.013049428089483,-0.347742121912111,0.0605004361914233,-0.0819192369824355,0.0710202021216858,0.0038687380040193,1676.2568133318923,1691.085209770668,1786.2539283478984,1725.56812360006,0.0408082177726539,0.0625616005696394,10.05385592554401
7.89,-0.0055089960314552,-0.0092828908093864,0.5548950478236949,-0.1226087058809696,0.0013998324820347,-0.0036149131797302,0.9924475190728824,-0.0136345121433167,-0.3279962500287257,0.0659356405082629,-0.0414741297209097,0.0724857388635817,0.0052127028227767,1661.5736700131438,1670.5728509930684,1775.875764495839,1715.262526691415,0.0903010393027467,0.1212457473913652,9.78946864988802
7.899999999999999,-0.0057157451734832,-0.012228733420705,0.5558131728604375,-0.1231911293675662,0.0016805209374234,-0.0036217884357964,0.9923749312346866,-0.0134988990305028,-0.3036333837631429,0.0665590940469426,-0.0328834533005124,0.0599021434362486,0.0040745331045745,1645.0775740536028,1647.9459447295424,1775.8726312711797,1709.3248721711122,0.0903010393027467,0.1212457473913652,9.78946864988802
7.910000000000001,-0.0059381201216354,-0.0149620543491291,0.5565613126384195,-0.1236854684195523,0.0019937312651716,-0.0036122148994294,0.992312895129857,-0.0126777630645431,-0.2747526184968548,0.06298178618467,0.0035095872843729,0.0501481469360532,0.0023663558981682,1636.382835978401,1638.1870210838058,1777.3811838352055,1705.198748432293,0.0860061171279126,0.1238481713716219,9.72449509508666
7.920000000000001,-0.0061245290147656,-0.0175069828222773,0.5570507792005905,-0.123883656086809,0.0022654893265547,-0.0035972663108342,0.9922876432707228,-0.0116421652151868,-0.2460294556386286,0.0574223568397258,0.102631271211799,0.0528448289732655,0.0032957854547163,1640.2143043035117,1640.7178011307756,1770.474242512597,1700.4612939130272,0.0860061171279126,0.1238481713716219,9.72449509508666
7.930000000000001,-0.0062252884378774,-0.0198563395243426,0.5572755171988256,-0.1235203662124543,0.0024345497952753,-0.0035858428293491,0.9923325721900088,-0.0108793676635047,-0.2219741826754606,0.0516830581584773,0.2457167134574872,0.0592693801284665,0.0068029448100767,1651.4501973121692,1645.7427515649283,1755.1336984808331,1693.8501307947288,0.1370658323406945,0.1002863889545855,9.593168220869224
7.94,-0.0062105182161599,-0.0219913917061682,0.557302129296821,-0.1223999961743251,0.0024891932860692,-0.0035817303080834,0.9924712671212752,-0.0105170628779033,-0.2019134377685836,0.0456363905536852,0.3839283193205435,0.0526467661671586,0.0086606599062694,1659.3311130719524,1647.3315716329566,1742.4373682807018,1688.2403903545955,0.1080982931774858,-0.0844501139968345,9.56465294578732
7.95,-0.0060820447286027,-0.0238995993082006,0.5572341511855339,-0.1204949519601237,0.0024759379144544,-0.0035840508813571,0.9927043824134408,-0.0102885827142348,-0.1810005071054637,0.0379152544704477,0.4843627350407642,0.0278988990045062,0.0049128707919347,1658.700139416257,1647.7324917145754,1742.8103354088105,1690.017005184664,0.1080982931774858,-0.0844501139968345,9.56465294578732
7.96,-0.0058750708561766,-0.0255804684160757,0.5571672789676133,-0.1179638305174037,0.0024766674046939,-0.0035895151332621,0.9930083162740058,-0.0098132801846478,-0.1559371280109135,0.0285470732060283,0.5530697734470663,-0.0004535378189655,-0.0033493362584324,1655.770088555027,1652.3799096226155,1753.165677661574,1700.847063399112,0.1098673888391035,-0.0607131826195321,9.468254675621369
7.97,-0.0056486659646717,-0.0270412049646589,0.5571535114889483,-0.1150727318917495,0.0025665156167444,-0.0035948015504111,0.9933472488381754,-0.0089290170068273,-0.1284821330103165,0.0201868645237323,0.6191485125179055,-0.0108882686428817,-0.0104942248953716,1659.6897213573,1663.2996144993576,1759.682366486377,1712.3863151827368,0.1089551429797629,-0.0375593661090203,9.578604330847778
7.979999999999999,-0.0054678181590988,-0.028290724193267,0.5571873056177202,-0.112057187786461,0.0027729732889882,-0.0035980279185685,0.993691376373784,-0.0078407110651691,-0.1032590307800994,0.0156092614061923,0.700713564769077,0.0033870004333271,-0.0115952079361615,1670.4539919061212,1677.4455187689812,1755.120859533471,1714.5577867609704,0.1118015324305536,-0.0536258978095953,9.713728140962685
7.990000000000001,-0.0053831999603177,-0.0293377338919283,0.557218765461984,-0.1090023505807681,0.0030574241428143,-0.0035990667028849,0.9940302744103654,-0.0069988239250451,-0.0831962392337045,0.0142941299949002,0.7863639680960344,0.0251994556551411,-0.0067078736142841,1680.212456752829,1690.419882767635,1748.7569186150326,1708.0915616270674,0.102200500229548,-0.1377869577780066,9.774543025027777
8.0,-0.0054161565379428,-0.0301917148895572,0.557187090224348,-0.1058118778505716,0.0033324469778104,-0.0035990066525987,0.9943740686753604,-0.0067537069056254,-0.0674001349067646,0.0127564621938471,0.8490891144574995,0.0289502920896819,-0.0003120916889514,1685.1955229928149,1700.1401658310551,1754.594285603177,1703.4318299378456,0.1092493443261797,-0.2745747916389396,9.667557583002068
8.01,-0.0055544479800584,-0.0308630714930054,0.557055309860672,-0.1022835299180243,0.003509888672359,-0.0035992605428419,0.9947425825370908,-0.0070110046844379,-0.0525184480073531,0.0084293377841467,0.8769171102741499,0.007923199955664,0.002506455829605,1689.961813869193,1706.5878054252123,1772.106545065758,1706.798303274561,0.1092493443261797,-0.2745747916389396,9.667557583002068
8.02,-0.0057597751816775,-0.0313618700103851,0.5568252297912433,-0.0982467639190277,0.0035528697640146,-0.0036007530718586,0.9951492275398672,-0.0072379364112573,-0.0354909582268971,0.0022568279142711,0.886469061586451,-0.0165659956802919,-0.0005287062460688,1699.6218556758654,1710.2384157473844,1784.522329158594,1713.2861873142656,0.0724041666501419,-0.2267781648284443,10.015098973884818
8.03,-0.0059831935017288,-0.0316976709470639,0.5565253606276737,-0.0936818061468599,0.0034967309697927,-0.0036034563774819,0.9955895274518122,-0.0069185090196665,-0.0154386403533464,-0.0028957054314693,0.9046971480154652,-0.0178961858417092,-0.0076346267296845,1714.6470284920429,1713.2582841600306,1779.1685616690788,1717.6826955104552,0.0724041666501419,-0.2267781648284443,10.015098973884818
8.04,-0.006181336356366,-0.0318816755459794,0.5561847056217374,-0.0887503985127523,0.0034216615033252,-0.0036063899579418,0.99604149157947,-0.006040762287036,0.0061679157117803,-0.0054916942339494,0.9405921138302126,0.0046736415327955,-0.0140253372275946,1735.9549621872543,1722.8604074499408,1767.340342903252,1727.8517092329616,0.1096841491071061,-0.0935274968462547,10.185400239110308
8.049999999999999,-0.0063266712057157,-0.0319290794703183,0.555814100349697,-0.0837207580220278,0.003394740497838,-0.0036080888709779,0.9964769400783284,-0.0050813635180296,0.0266964981771353,-0.0062620893085665,0.9787653449158782,0.0230526414767674,-0.0151179577683631,1769.390321070239,1751.3037404970491,1778.0017817115106,1759.7752179739855,0.181219544757255,-0.189682292705908,10.109944938550942
8.059999999999999,-0.0064088527641216,-0.031858643954499,0.5554080789969538,-0.0788339353426819,0.0034245082949941,-0.003607426678032,0.9968753532182878,-0.0044959269667066,0.0440002085210103,-0.0065104496778752,0.99918420708006,0.0115759694513662,-0.0103697257386638,1820.013526165778,1807.990677505008,1828.821802668755,1818.3174534913687,0.1417917231718436,-0.2039159332436162,10.332976767394252
8.07,-0.0064291946885568,-0.0316885919760341,0.5549646806869099,-0.0741945443005383,0.0034628217360184,-0.0036045198164751,0.997231259988651,-0.004271108127814,0.0575897605557687,-0.0061977564787687,0.997088890647736,-0.0210200280891214,-0.0045219957677194,1884.7515349413184,1888.9892182011515,1908.4933695539287,1889.755541390757,0.072360459228729,-0.2643139560369825,11.360387059985426
8.08,-0.0063932701357589,-0.0314305385400849,0.5545106745640977,-0.0697501849305493,0.0034500198979719,-0.0036012671847937,0.9975520236757186,-0.003968233094936,0.0687305811815026,-0.0030441225493094,0.98104806103404,-0.035759329913296,-0.0044860105535478,1955.6528895339527,1976.8286275982337,1991.5334895296671,1957.4487478136425,0.024868325472114,-0.3643630521016026,12.934896616855948
8.09,-0.0063063980082288,-0.0310847010274354,0.5541175197770418,-0.0653627116520448,0.0033636463315799,-0.0036010128014818,0.9978494047278132,-0.0031284922509235,0.0794883045771273,0.0072626303504039,0.9580758894160484,-0.0052518114352975,-0.0141288884274475,2027.238685464025,2053.011980422766,2063.676889104862,2018.569045710452,0.024868325472114,-0.3643630521016026,12.934896616855948
8.1,-0.0061740661790451,-0.0306396691302883,0.5538975805146776,-0.0609131893405101,0.0032301404631825,-0.0036070265205685,0.9981313234823538,-0.0016109337325871,0.0914167601208983,0.0289834385727001,0.9300657400150604,0.0470114665983732,-0.0311806721327431,2094.020098140817,2110.1146757313254,2126.2059594161365,2077.996462710892,0.1456074664387601,-0.2464955216326771,13.908229975077072
8.11,-0.0060058631637278,-0.0300780560498875,0.5539813123251344,-0.056367031442705,0.0030924578097147,-0.0036200699339875,0.9983987628020708,0.0003819650568155,0.1048083611989731,0.0627334264974304,0.9037660219808756,0.0589420039911156,-0.0485684978095389,2145.259413845849,2153.3810022508587,2182.583925098628,2131.67595340074,0.2437016731276173,-0.4774455711557817,15.691383368498729
8.12,-0.0058189808642706,-0.0293859051328019,0.554488857798918,-0.0517694185712702,0.0029642988927137,-0.0036361275077452,0.9986480455143416,0.0024870358476676,0.118816462243397,0.1040754888408394,0.8912532711837333,-0.0048032381049681,-0.0590120118800833,2173.4499784922164,2193.834038040565,2231.35558026716,2168.788532621559,0.2437016731276173,-0.4774455711557817,15.691383368498729
8.129999999999999,-0.0056372667251542,-0.0285610172912345,0.5555117602644508,-0.0471999480121185,0.0028111854944692,-0.0036460282936727,0.9988748513309617,0.0043503574987973,0.1321041043171358,0.1478902417786017,0.8925826263366518,-0.102685749503982,-0.0594754158959754,2187.2066803427324,2238.387086844072,2270.7265865502472,2189.929820387641,0.0755025166968126,-0.3509798664255126,16.215556491204254
8.139999999999999,-0.0054845948489162,-0.0276155812871122,0.557110277173696,-0.0427333602768509,0.0025729116645947,-0.0036385653710983,0.999076574085818,0.0057368314278035,0.143742360262696,0.1952988301847747,0.8870597772685622,-0.1508058775689253,-0.0525426251697097,2205.2407392529185,2284.0051635310374,2302.4734953211864,2210.4095230015846,0.0242820495856247,-0.4079401354713844,16.705055576203257
8.149999999999999,-0.0053754545025662,-0.0265717637668383,0.5593227248848928,-0.038427636772802,0.0022064051004356,-0.0036073694909238,0.999252438272705,0.0066345245110336,0.1539359863541468,0.253743266287279,0.8547773833900147,-0.1143084611005002,-0.044150793342115,2236.2280160382475,2322.045204691683,2328.894083818481,2241.0847602452886,0.0242820495856247,-0.4079401354713844,16.705055576203257
8.16,-0.0053080850053027,-0.0254530009067512,0.5621844153223066,-0.0343285770387884,0.0017158401075736,-0.0035593305841058,0.9994027895983733,0.0072630571913031,0.1637189927557074,0.3271599685756763,0.8045949540685551,-0.0466636233890702,-0.0392207879728066,2272.586550211559,2347.2195356301054,2348.4874366110103,2275.156900818227,0.2134821020720844,-0.3586968689188831,17.796801535793524
8.17,-0.0052643424583922,-0.0242756361999012,0.5657541102500668,-0.0304674007895908,0.0011538724596382,-0.0035198409272831,0.999528897424842,0.0078676261473285,0.1736151429857271,0.4078118020901167,0.7678616060909916,-0.0247347756008449,-0.0381818364550249,2304.141068944424,2359.783462735376,2357.744354282871,2300.24696528552,0.2134821020720844,-0.3586968689188831,17.796801535793524
8.18,-0.0052168519412071,-0.0230443610878944,0.5701341347330323,-0.0268421236521577,0.0006009864254125,-0.0035294148019193,0.9996332739781698,0.0084654816709369,0.1827643197523129,0.482836845349186,0.7612933613912688,-0.0606189007898523,-0.037728572880571,2327.2803441816936,2361.318878206936,2357.226922817934,2315.741193093824,0.0635525429262407,-0.2863033725773418,17.965233912455428
8.19,-0.0051404159734385,-0.0217526050941134,0.5754595326235598,-0.023401372226124,0.000138046882504,-0.0036291213361271,0.9997195537746176,0.0088705942027917,0.1897093050546602,0.5499339539953387,0.7664080827053537,-0.0998224747294575,-0.0355878505347958,2337.972143424017,2353.5204777958543,2352.557558217672,2328.400894161824,0.143473568460909,-0.5078964855862198,17.88899008471921
8.2,-0.0050227134017969,-0.0203875366572748,0.5818458328014536,-0.0200582501517686,-0.0001777787419612,-0.0038389552132555,0.9997914269578624,0.0090056790498698,0.1939936911964337,0.6212643749379969,0.7526376501868902,-0.0983702537635315,-0.0336426611935831,2329.1852796629296,2341.794471599253,2348.017055579826,2335.942921741512,0.143473568460909,-0.5078964855862198,17.88899008471921
8.209999999999999,-0.0048693972163814,-0.018938120229922,0.5893221807382112,-0.0167338716650533,-0.0003285360609493,-0.0041406762263099,0.9998513511535316,0.0090993237937105,0.196647650625551,0.7074470525842175,0.7143155733009093,-0.0722816641814627,-0.0350204604549082,2303.7279394107018,2335.028774566592,2341.6125676684783,2328.458563620327,0.2294766856084379,-0.5192797560333587,17.88851531351431
8.219999999999999,-0.0047008433897004,-0.0174028923403944,0.5978007001402045,-0.0133939553586313,-0.0003388793702965,-0.0044782639774648,0.9999002111572792,0.0094686232567156,0.1990311668687998,0.8019117160135075,0.6746520422457216,-0.0626401136730888,-0.0391485199029196,2278.608975284153,2336.3361197279933,2328.1977710934107,2307.270100346249,0.1898837083207247,-0.3395107275175114,17.55349332638136
8.229999999999999,-0.0045417196816816,-0.0157937343439325,0.6071113168104302,-0.0100462870725695,-0.0002669698158184,-0.0047798443950005,0.9999380750480164,0.0101247763474363,0.20150670865981,0.8880125730729256,0.6537703980793504,-0.0761061147478123,-0.0420334136508164,2266.382505704735,2335.736533559917,2307.0184620586942,2289.502653040224,0.1092877700992479,-0.5248040256256727,17.28094712780795
8.24,-0.0044085816937053,-0.0141347138383135,0.6170797246358728,-0.0067116808996679,-0.0001870436885399,-0.0049893994758932,0.9999650115114176,0.0106933372761187,0.2033641938967271,0.9590839763700544,0.644508615916387,-0.0824645877754872,-0.0414561480241506,2260.020021806742,2320.708673488902,2285.370496935953,2286.475836435579,0.1092877700992479,-0.5248040256256727,17.28094712780795
8.25,-0.0043021272831142,-0.0124582432754594,0.6275975461134733,-0.0034064742931352,-0.0001691264776706,-0.0050886985479516,0.9999812360620638,0.0107758791265307,0.2037079645830545,1.0235331210088088,0.626330880141939,-0.0625536650122422,-0.0396448138626635,2245.3021545173174,2295.9861861790805,2273.218656799374,2286.5331346007943,0.0961713753352939,-0.4907846676099487,17.002062581719464
8.26,-0.0042081795811014,-0.0108008820761992,0.6386511155662686,-0.0001492430416852,-0.0002597331416401,-0.0050978166820083,0.9999869611801376,0.0103667291977344,0.2021194937235968,1.0915193947943722,0.5929569451242734,-0.0335212409074391,-0.0397469157193366,2221.947593736515,2282.285016083967,2272.733528112725,2270.908830001709,0.1624803912071675,-0.3204224823797572,16.45372830003458
8.27,-0.0041065698571851,-0.0091995858554184,0.6503059676961966,0.0030271124897964,-0.0004673755569948,-0.0050579476940464,0.9999825175047748,0.0098699623223441,0.1986252794611016,1.164990870728255,0.553363458918101,-0.0195806173327831,-0.0410749177894662,2203.5916345095075,2289.1825352629658,2274.440582378894,2242.062027273967,0.1101282343793898,-0.4224657678311606,16.3682371696864
8.28,-0.0039829158149718,-0.0076887769310373,0.662656524211789,0.0060724477236681,-0.0007592363673724,-0.0050094789281167,0.9999687265408106,0.0096987817299703,0.1934632874984998,1.240743488958873,0.5116195499741714,-0.0164802663213869,-0.0395842297699046,2199.218101358217,2298.464186674223,2265.576365150873,2221.588974261587,0.1101282343793898,-0.4224657678311606,16.3682371696864
8.29,-0.0038368613808507,-0.0062982021385043,0.6757560837954845,0.0089255277720335,-0.0010752054280653,-0.0049777079373552,0.9999471992615252,0.0099013815345548,0.1871138127843457,1.3152211978302455,0.4637205806813652,-0.002589476741718,-0.0331465197253323,2200.872308240264,2283.353182469775,2241.162648528776,2218.4965297535678,0.0795254226106134,-0.3752980836687251,15.880393380884907
8.299999999999999,-0.0036821670749151,-0.0050502794721914,0.6895557947412446,0.0115292034961763,-0.001356747260618,-0.0049695209857831,0.9999202671037258,0.0101977644831444,0.1803367137821414,1.3845558745752355,0.4163753791936895,0.0213014030842989,-0.0249764840186486,2190.291248489782,2239.644863338608,2205.701955056362,2213.76105584172,0.1304386062950028,-0.3025272205025155,15.691576063192088
8.309999999999999,-0.003538468585272,-0.0039559040816335,0.7038859762291114,0.0138533449466354,-0.0015748714882157,-0.0049785723941759,0.9998904032095224,0.0102949919446652,0.1737653760729165,1.4456308698354263,0.3908268442463204,0.0240392382046322,-0.0204526389983018,2155.549606967695,2189.583628727368,2166.319085974258,2183.779279179779,0.2213475100332201,-0.2526820567735717,15.369012610252057
8.32,-0.0034194143451638,-0.0030102414773636,0.7184949785943221,0.0159123919024007,-0.0017378081270977,-0.0049936974286958,0.9998594095135818,0.0100638633923099,0.1673168206325039,1.499377240440579,0.3955558153530631,-0.0151574737716062,-0.0205984904473724,2101.766443136064,2155.3950228272515,2127.0141827293264,2129.797761456442,0.2052203960079294,-0.1787916393115967,14.560055147384393
8.33,-0.0033241259042191,-0.0021918014570089,0.733135836486299,0.0177592196335092,-0.0018725142769066,-0.0050057675042791,0.999828008259413,0.0094708262565309,0.1602267422291755,1.5499248962165573,0.4040008129832943,-0.0690758759257573,-0.0201845854576916,2048.179659414839,2135.61417645075,2088.9726295690507,2075.0302212389747,0.0706975825874519,-0.345548918407261,13.823956157081223
8.34,-0.0032368854098179,-0.0014668746444898,0.7476751167307256,0.0194542778128906,-0.0019950158540401,-0.0050107750558632,0.9997962007928718,0.0085429387060077,0.1519263689020513,1.5988661891782008,0.375170086417244,-0.0812733038813446,-0.013392312838317,2014.8970326905423,2111.743846734009,2053.7615432737875,2037.844898840496,0.0706975825874519,-0.345548918407261,13.823956157081223
8.35,-0.0031351866747911,-0.0007983950836351,0.7621859868388268,0.021031853183515,-0.0020947958943925,-0.0050094252645066,0.9997640614866824,0.0074964916824901,0.1427881110440714,1.6420579987695028,0.2989654562623496,-0.026835028159945,-0.0009164491445504,2007.5406845227128,2075.28889065006,2024.647700800268,2017.154593505368,0.0654943414633283,-0.2316055940460841,13.10659380449943
8.36,-0.0030018576323859,-0.0001557930954738,0.7769743439856702,0.0224881969237093,-0.0021482964249482,-0.0050048723153594,0.9997322726983948,0.0067571598580364,0.1337275905182812,1.6737788084756406,0.2112386426457639,0.0525564515010847,0.0096656132366955,2011.45394270242,2040.5004526572195,2004.9742909279469,2002.5249465863485,0.2513917603432268,-0.1984525302970596,12.291694198610305
8.37,-0.0028349818911508,0.000478065252722,0.7924899275050923,0.0237949852641387,-0.0021514385559822,-0.0050003452183449,0.9997020388776432,0.006655598135855,0.1252068399924025,1.6936569259500742,0.1579522983099504,0.0831679270959819,0.0110087877459561,2005.0900808143936,2026.6206051446384,1995.509369595768,1989.2002450247203,0.2513917603432268,-0.1984525302970596,12.291694198610305
8.379999999999999,-0.0026504761921974,0.0011052130358447,0.8091177239137917,0.0249200473711677,-0.0021404536691364,-0.0049977287925845,0.9996746632800216,0.0070663305324046,0.1169728285459726,1.7080747634761542,0.1489433066386974,0.0323888278682802,0.0029669874711396,1981.495603899908,2032.107014773027,1992.41654949702,1979.1554731267531,0.1864822299014567,-0.217781575927214,12.080352369000568
8.389999999999999,-0.0024759877079416,0.0017162239825545,0.8269208421589876,0.0258390734393254,-0.0021764077980891,-0.004997312341474,0.999651255389726,0.0074303728838338,0.1085359025964237,1.724840630307464,0.1519731967765799,-0.0558715312494214,-0.0079375003678168,1951.7544462455085,2033.2518819675036,1987.196079065003,1971.8187656033383,0.1864359861368835,-0.1843357766680479,12.080909723220904
8.399999999999999,-0.0023393767971104,0.0022971457474011,0.8454615268785369,0.0265391285328472,-0.0023013375916125,-0.004998328171333,0.9996326301284376,0.0071912029353401,0.0995051320306202,1.7478302246405049,0.1295007569505847,-0.1036232526083975,-0.0151453177376629,1928.236647685196,2010.0462790100269,1971.1818927296915,1960.3473237508724,0.1864359861368835,-0.1843357766680479,12.080909723220904
8.41,-0.0022575631947623,0.0028365193074568,0.8638166504226831,0.0270228848075324,-0.0025020145394803,-0.0049997195634121,0.9996191807004356,0.0062237976588146,0.0898373435218424,1.7759460392183368,0.0759320643685344,-0.0752219789660932,-0.0169531916695069,1913.203994072764,1969.171302185592,1943.581057560732,1939.503073381294,0.0514931780709558,-0.2251403015503943,11.552687043858237
8.42,-0.0022304448984999,0.0033294853039728,0.8808350021471272,0.0273154167149232,-0.002711519711232,-0.005000712835912,0.9996106784852182,0.0048691063011715,0.0802570212135995,1.804234865293045,0.0183621180615114,-0.006465763667748,-0.0154577702670213,1903.048284748429,1935.875352618741,1913.954047670087,1913.369039873729,0.1178609208357973,-0.1627431308961974,11.038012471128392
8.43,-0.0022413606322415,0.0037774921734006,0.8955850128783602,0.0274657487489886,-0.0028460359336846,-0.0050010302323373,0.9996061836652156,0.0036109146991324,0.0720718572665969,1.8253454836099687,-0.0145260146592461,0.0398038814122808,-0.0129985084311211,1893.5391957859752,1924.2391928413344,1893.2726522816365,1890.6216206218337,0.097087215863828,-0.1244215969265133,10.802443132682258
8.44,-0.0022627260073729,0.0041839885714198,0.9078406394795486,0.0275344336770031,-0.0028483681034741,-0.0050008031806675,0.9996042885706232,0.0027626333649776,0.0661149989072393,1.83291213454715,-0.0193628874264856,0.0365207820146598,-0.0108258741578109,1880.096911471869,1923.572101730413,1883.6996357518935,1874.4275664465488,0.097087215863828,-0.1244215969265133,10.802443132682258
8.45,-0.0022642409921031,0.0045480007605244,0.918398707220885,0.027567335396605,-0.0027121968623121,-0.0050003488779025,0.999603762757229,0.0024138514475088,0.0620894131867681,1.8265994211114245,-0.0149756995158714,0.0076684039367156,-0.0098801759766067,1861.95470400618,1916.575239195808,1880.536966251939,1862.917437178869,0.1071598113046169,-0.1097981191807245,10.639546037494531
8.459999999999999,-0.0022210396324725,0.0048584937366785,0.9290592960200544,0.0275668566441208,-0.002481938550604,-0.0049999623127602,0.999604376127208,0.0025130428924095,0.0590559833030816,1.8143715770750213,-0.0194312093596914,-0.0083055661679865,-0.0108431465650244,1848.0026468265416,1901.84612124644,1881.2354770415288,1858.0485904466843,0.1365834635121944,-0.1097665853422336,10.639209321671297
8.469999999999999,-0.0021195636824573,0.0050924189994743,0.9422204138000704,0.0274759383287565,-0.0022373277211174,-0.0049998038691862,0.9996074575246487,0.0028706344420086,0.055996316219551,1.8085544810934104,-0.0354346945721214,0.0013920575873506,-0.0130048522126541,1848.7425499534008,1889.872257621042,1884.3334886801824,1863.795042914778,0.1365834635121944,-0.1097665853422336,10.639209321671297
8.479999999999999,-0.0019595438457838,0.0052179500837318,0.9601847158500828,0.027184739193363,-0.0020690905995439,-0.004999887313428,0.9996157811609082,0.003152273816618,0.0515507137377669,1.8179516807597251,-0.0560184629213334,0.0195564747946777,-0.0142237741481293,1855.029235171541,1879.252671158873,1877.8024807176903,1870.1375462129968,0.1251987464574756,-0.13292320962023,10.32736367570784
8.49,-0.0017516258470093,0.0052023594488916,0.9843987786678282,0.0265598647729094,-0.0020468083268306,-0.0050001290133554,0.9996326239518034,0.0030656719471482,0.0438758708033783,1.8414327191101496,-0.0780336470756232,0.0246152495547551,-0.0131199450994695,1833.7716485697265,1848.2447556422808,1839.5480113258463,1849.0810623529435,0.1131951962312989,-0.1563926045803881,9.950093925028185
8.5,-0.0015121205037702,0.0050224535928234,1.01490273125212,0.0254878100705573,-0.0021877648639322,-0.0050004126426655,0.9996602328271892,0.0026300911157166,0.0318295322517199,1.8667516131209587,-0.1065733062261719,0.0129341825863275,-0.0111399697329246,1760.879255591611,1779.2343251670145,1761.4329847349495,1781.3880130840785,0.1131951962312989,-0.1563926045803881,9.950093925028185
8.51,-0.0012580816859223,0.0046745104196705,1.0502193731915106,0.0239204591043095,-0.0024462844057023,-0.0050006406014639,0.9996983649693644,0.0021516661788218,0.0165347268580011,1.8764074088056757,-0.1478997817961318,-0.0032090165387047,-0.011299499350823,1655.6214398008926,1685.8489366247932,1667.4029144609012,1684.3667179632632,0.1128997682425257,0.052899198107474,7.42048661970833
8.52,-0.001005491007888,0.0041799744214444,1.087744116551081,0.0219089602817609,-0.0027355802407711,-0.0050007643157382,0.9997437203685636,0.0018484974597851,0.001128832134924,1.859365613573976,-0.200712165035673,-0.0124943071156045,-0.0145254416283885,1564.172084928048,1602.083241456383,1592.8557657798267,1597.839597326985,0.1129276655627238,0.0323561033571276,7.420604205927311
8.53,-0.0007703542218195,0.0035835989529617,1.124477698421096,0.0196105405211037,-0.0029704091900325,-0.0050007967360994,0.999790775813479,0.0015825956692778,-0.0114088878004443,1.8202136889690728,-0.2537251085817421,-0.0140253950713703,-0.0184117055505198,1510.2818182242177,1547.4507291180812,1548.167595824635,1543.4732112006377,0.1053792155522448,0.0668113583559826,7.259825300888735
8.54,-0.0005695559225898,0.0029433341254476,1.1578095832304502,0.0172546059319485,-0.0031034380415429,-0.0050008090131459,0.9998338057675732,0.0010489508639211,-0.0200319182501236,1.775491674658865,-0.2905250967577729,-0.0123605624059065,-0.0201979172587484,1480.3045310961138,1516.586765020188,1516.4012424078278,1511.837355890817,0.1111480067735407,0.0015468866979586,6.452419188477436
8.549999999999999,-0.0004184521225274,0.0023153304350543,1.186086678938583,0.0150699773916439,-0.0031358592009972,-0.005000906260378,0.9998690179743852,0.0001722862926174,-0.0254946640027662,1.739517748096136,-0.299829043608145,-0.0097531057781815,-0.0196582200895329,1454.1165739604253,1497.9413393541038,1482.8213308278482,1486.040659815143,0.1111480067735407,0.0015468866979586,6.452419188477436
8.559999999999999,-0.0003253603070471,0.0017402653410071,1.2088297425900278,0.0132028447305273,-0.0031029085984824,-0.0050011762201703,0.9998955170844932,-0.0007588530985392,-0.0290916502397193,1.7144650532377277,-0.2855541597999913,-0.0056750226580282,-0.0181598976944695,1430.0685742424662,1485.6432800070822,1450.2691437949327,1461.0275103066467,0.0730871248690789,0.0487787814746941,6.129369590647657
8.57,-0.000286174986239,0.0012363328387752,1.2265969308788918,0.0116700163158513,-0.0030488657359386,-0.0050016183436801,0.9999147458412924,-0.0013328348845927,-0.0316771092208486,1.6936381335540414,-0.2664994505130562,-0.0005102875891173,-0.0161918458925812,1416.3289809949215,1474.493836709834,1426.554080045517,1438.9720848273007,0.0731336692093215,0.0148478736752288,6.129545144884352
8.58,-0.000282666410827,0.0008002339190251,1.2405996640504406,0.0103743878648055,-0.0030067009906478,-0.0050020857348655,0.9999291529722916,-0.0013638006164029,-0.0335671271656441,1.6714207567399897,-0.2622677994555032,0.0033753843103451,-0.0131433301872136,1412.5609623810324,1458.0284414283217,1411.9260082418054,1420.8876043739854,0.0731336692093215,0.0148478736752288,6.129545144884352
8.59,-0.0002859914458294,0.0004137529503393,1.2522316484075366,0.0091728708101908,-0.0029898112214831,-0.0050022910185814,0.9999409465336064,-0.0010260524154969,-0.0350071557430799,1.6482702186940634,-0.2779582153814494,0.0038731868998874,-0.008900863780437,1407.3799956557973,1434.2493667685487,1402.3917053180608,1408.1338366996883,0.0592138409088281,0.0188429898247595,5.8130577374458685
8.6,-0.000264546946356,5.242298992128107e-05,1.262671584944561,0.0079582597688966,-0.0029949217507369,-0.0050019182209613,0.9999513374956146,-0.000669161408454,-0.0364286470434093,1.6271238980926543,-0.303082971631129,0.0014864083256472,-0.0045555783503788,1388.960716374873,1405.75575905277,1394.7037492211834,1401.9630081492735,0.1295005676878011,0.0038710068174182,5.550822970909338
8.61,-0.0001936891817924,-0.0003064015990396,1.2726769367590465,0.0067089449006032,-0.0030106187196142,-0.005000834941678,0.9999604581597872,-0.0005143658255101,-0.0381245212924967,1.6073725690719474,-0.3237593291142278,-0.0006622421180942,-0.0015495220137478,1354.6379885850174,1373.7952908073737,1382.779601395227,1394.5361664243253,0.1295005676878011,0.0038710068174182,5.550822970909338
8.62,-6.405183091688983e-05,-0.0006778674326916,1.2826070483777,0.0054770850642574,-0.003025694968474,-0.0049993210031092,0.9999679262349692,-0.0005329134702281,-0.0398561237006207,1.584680978750945,-0.3337458205883704,0.0004365877926579,-0.0005820608799844,1312.2927115171087,1337.9719791939897,1356.8177618347113,1368.0301429737478,0.0729234179664148,-0.0651722591200894,5.29805593098575
8.629999999999999,0.0001148061789717,-0.0010674538054064,1.2926092000396896,0.0043234885902637,-0.0030338886329995,-0.0049981571107974,0.9999735603463064,-0.0005817510720066,-0.0410657484558318,1.5574400282299867,-0.3353980640199605,0.0042266814292295,-0.0012205876740802,1274.067713682727,1301.6911611107294,1313.80239978385,1313.5753883550035,0.0729234179664148,-0.0651722591200894,5.29805593098575
8.639999999999999,0.0003174443681167,-0.0014721480707874,1.3028199838267862,0.0032463107534551,-0.0030345119792584,-0.004998409272529,0.99997763430403,-0.0006005631114259,-0.0415319518374826,1.5312954663715288,-0.3341059472371765,0.0056592019276858,-0.0022215464396745,1247.6179011555053,1272.861288085753,1266.2426172162686,1249.7755296538137,0.0705685089066534,0.1166916712031321,4.638203854459451
8.649999999999999,0.0005115321887145,-0.0018832050005484,1.3134422676780224,0.00215905020006,-0.0030304210828992,-0.0050008540057607,0.9999805730660508,-0.0006616221627616,-0.0416514099994671,1.514077511866184,-0.3333379927501588,-0.0014026094355664,-0.0023675727065691,1232.2874525762238,1257.73994956941,1233.4424311698472,1211.6538349404852,0.0705685089066534,0.1166916712031321,4.638203854459451
8.66,0.0006689042663641,-0.0022883061692909,1.3246644018482747,0.0009374296992577,-0.0030253106933248,-0.005005213232359,0.9999824581267746,-0.000863994550937,-0.041996111477211,1.5051795971238953,-0.3335085602978305,-0.0182526702914602,-0.0013931765930892,1222.692719644892,1255.1529168382851,1223.1562770691191,1216.154603783695,0.0705685089066534,0.1166916712031321,4.638203854459451
8.67,0.000773633002029,-0.0026723503548615,1.3365141653812889,-0.0004986024240103,-0.003021780673645,-0.0050096213810064,0.9999827618168236,-0.0012198406305542,-0.0427105376711533,1.4919117471080932,-0.3340119698205682,-0.0382960581840668,-0.0001935260294329,1213.563611353568,1255.8116140378145,1225.0783102443702,1243.1398693270498,0.0656652760191464,0.0931655896074088,4.308024410392592
8.68,0.0008240672597984,-0.0030180726298267,1.3487822476428477,-0.0021269075396318,-0.0030206801236448,-0.0050108694058327,0.9999806212840858,-0.0016438375152215,-0.0434494869264263,1.4595453235011573,-0.3356669831170896,-0.0511483849708491,-4.103265018229617e-05,1200.1313486071324,1247.0013972369131,1221.8926154153291,1254.2728667588435,0.0656652760191464,0.0931655896074088,4.308024410392592
8.69,0.0008293705823638,-0.0033083930355197,1.3610835925166085,-0.0038285252042269,-0.0030214761064462,-0.0050058046301076,0.9999755772002152,-0.0020212607168207,-0.0438382790269489,1.4067974393575615,-0.3407485359549071,-0.0507919430628531,-0.0016014876774375,1177.8839097148652,1221.6329137667378,1204.275379292595,1228.7499171739164,0.0656821197891355,0.0812423811089635,4.308265499101901
8.7,0.0008036319906794,-0.0035313687301988,1.3730201188527231,-0.0054530855684063,-0.0030230717584181,-0.0049937115446313,0.9999680933609512,-0.0022841439014083,-0.0438471078331602,1.3498213557445595,-0.3505852872760878,-0.0396467111959038,-0.004501690840964,1146.8668755905353,1185.7529332978202,1176.435931766386,1178.9282113292968,0.1239788372213669,-0.0116997841906703,3.976974435305202
8.709999999999999,0.0007609132650505,-0.0036865860665277,1.3843475786297643,-0.0069050920272348,-0.003024522949831,-0.0049785932709736,0.9999591919543837,-0.0024644262081948,-0.0436768004747995,1.307480994195508,-0.3634729984067231,-0.025065689614211,-0.0073863649658979,1115.0536955709222,1154.7955966004015,1150.009151373137,1134.0219438877743,0.1239788372213669,-0.0116997841906703,3.976974435305202
8.719999999999999,0.0007131801262485,-0.0037898426396847,1.3950573592422444,-0.0081981228445871,-0.0030253633008605,-0.0049695777562977,0.9999494693511504,-0.0026815347711613,-0.0434010109769093,1.282209300181928,-0.3747740046074534,-0.0127830304363285,-0.0085390118208778,1092.53414439541,1139.006946241275,1133.216499036355,1112.8731080680354,0.1432527419285141,-0.0179853172642179,3.711911606759093
8.729999999999999,0.0006710868131687,-0.0038724948228179,1.4053390539330175,-0.0094416794069513,-0.0030255576373346,-0.0049778256398897,0.9999384590777866,-0.0030195587524126,-0.0428768748379772,1.2584053399325028,-0.3787930519483138,-0.0034467535323591,-0.0073142315012498,1080.9322466427802,1133.1899017819028,1125.1767005223123,1111.8878852919263,0.1432527419285141,-0.0179853172642179,3.711911606759093
8.74,0.0006460016554352,-0.0039739345480891,1.415455879286654,-0.0107704367623721,-0.0030252728643713,-0.0050096749998972,0.9999248714640712,-0.0033862059775581,-0.0420234477555363,1.2209107639702794,-0.3716901501980659,0.005881694046655,-0.0051596447597098,1071.2528104477587,1122.7486273057789,1119.71602355573,1113.3077560287811,0.1432669769957694,-0.0282589210490063,3.711847060801892
8.75,0.0006510510620018,-0.0041294002361076,1.4256059914127102,-0.0122661469680445,-0.0030246742706655,-0.0050582257039521,0.999907399380984,-0.0035466389924049,-0.0410451201167144,1.1718349431012522,-0.3540214868373509,0.0175631528907022,-0.0044076024079781,1054.0844495281194,1099.1407663042337,1112.5128247573807,1101.6078863585913,0.1256167079436153,-0.0258774289010478,3.4871337653521235
8.76,0.0006995084533271,-0.0043583507407199,1.435837587762258,-0.0139227003789786,-0.003023870536484,-0.0050980939702744,0.9998855054750048,-0.0033530297764987,-0.040250054522836,1.125318972826206,-0.3298002711924562,0.0302352388519436,-0.0057554519496258,1030.445231968331,1067.2547314081587,1102.1011319630147,1074.930147092758,0.0842180273114091,0.0002092750773187,3.3730184814465103
8.77,0.0008003716290907,-0.0046590272668962,1.4460448352305184,-0.0156657078309975,-0.00302300272756,-0.0050887872352985,0.9998597658157552,-0.0029289745304303,-0.0396749424812593,1.0863663476838783,-0.3017809766125232,0.0390711186323456,-0.0075597574998684,1010.2882457515764,1037.6928359009771,1085.8662492750402,1044.2786779045157,0.0514072123221869,-0.0094830727908027,3.075193737954035
8.78,0.000952888808871,-0.0050121236091893,1.4560269786424156,-0.0173973947756669,-0.0030223656374748,-0.0049892638648201,0.9998316374305528,-0.0025900697197633,-0.0390118386714184,1.04054109292146,-0.2689904704208007,0.0391289945465559,-0.0077232738664463,1000.970082840295,1015.5822601334462,1061.7998048926288,1022.1299641121208,0.0514072123221869,-0.0094830727908027,3.075193737954035
8.79,0.0011431769444542,-0.0053918793797799,1.4655710157991346,-0.0190306999709443,-0.003022412152263,-0.004779553256515,0.9998029072542576,-0.0025750300689898,-0.037967543188789,0.9694698489593891,-0.2310087423784387,0.029074211373887,-0.0055634450549927,1000.1231846104288,1000.4125942762846,1036.311781414901,1012.6369877090076,0.0833937091466348,-0.0456604037175363,3.037125896782535
8.799999999999999,0.0013458155605483,-0.0057789900505943,1.4745225362107923,-0.0205008925443442,-0.0030235448762285,-0.0044779078944805,0.999775234701358,-0.0028614456594783,-0.0366433259870381,0.8744352322054292,-0.1929693966037145,0.0120369281046981,-0.0017191445605908,1000.8172826642776,993.824601432692,1023.3264134017932,1013.4087284008344,0.0829039165557974,-0.0275304712707398,2.884065635499879
8.809999999999999,0.0015308840052977,-0.0061689112718457,1.482823836942567,-0.0217660104916186,-0.0030257343952201,-0.0041403457930689,0.99974994036277,-0.0032373118773523,-0.035471202463668,0.7783264531513243,-0.162115409610112,-0.0069313242105967,0.0027518371018169,1000.6933583716888,1000.1259121096606,1030.6722773736751,1022.5852073872212,0.085239936309575,-0.0315990467232827,2.977219435917366
8.82,0.0016735443115181,-0.0065718045519335,1.4905097945488637,-0.0228067611574856,-0.0030281705105489,-0.0038387297909199,0.9997279359818134,-0.003532385204461,-0.0347497294065928,0.7025061227772698,-0.1384144350374367,-0.0235334933029641,0.0064154470475832,1003.0470447714966,1017.8295728264112,1051.5132775070042,1039.2615931496175,0.1044069140935082,-0.0161037135244246,3.037862008518523
8.83,0.0017615413641964,-0.0070046541523036,1.4976634306238874,-0.02362460039673,-0.0030292611890443,-0.0036290687721505,0.9997097237161348,-0.0037554220879264,-0.0342994317495462,0.6462051415151896,-0.1117583638493845,-0.0343043339214734,0.0073731152652549,1011.050749474201,1037.632691633636,1072.6463206552305,1058.946753975878,0.0891339640311314,-0.0051434244981075,3.3009645496037257
8.84,0.0017973591348835,-0.0074796299859406,1.504350472960401,-0.0242353387108668,-0.0030272388743388,-0.0035296017167915,0.9996954666767716,-0.0040023122953053,-0.0336364261193118,0.5918684813912635,-0.071588867548111,-0.0359068758137659,0.0045775665395397,1024.9530858886776,1052.4083557491804,1087.627016586559,1074.3237961528243,0.0891339640311314,-0.0051434244981075,3.3009645496037257
8.85,0.0017949166374819,-0.0079943624798387,1.5105664605564515,-0.0246630501855694,-0.0030213533974274,-0.0035203457479079,0.9996850566778556,-0.0042817365920134,-0.0324627928117845,0.5273937313543884,-0.019527123912405,-0.0266475989787948,-0.0005039422907663,1043.943330128217,1064.369144445246,1099.4659123468184,1082.1064651315023,0.0895295384118576,-0.0260021505964497,3.443543664020557
8.86,0.0017731379642812,-0.0085289691527878,1.5162257898958125,-0.024939348084009,-0.0030131768279572,-0.0035602510123555,0.9996780853331122,-0.0044992766208282,-0.0309080221746227,0.4574027487254744,0.0295308288544667,-0.0092262327280162,-0.0046623530679879,1067.1002963475703,1079.453503974794,1114.110439189395,1087.0086765174658,0.043247647028637,-0.0602099969004599,3.702350174335179
8.87,0.0017493328196564,-0.0090513537155159,1.5211971378847162,-0.0251042168387411,-0.0030071248637102,-0.0036088203481943,0.9996738027540094,-0.0046080221302279,-0.0292869873066582,0.3926710631191679,0.060357542872359,0.0089858756669252,-0.0062359020185643,1093.2995925636783,1099.8326813924996,1134.4867790288636,1098.0350891978708,0.073237343807572,-0.0890348421449541,3.697906484006354
8.879999999999999,0.0017345395622969,-0.0095280199035159,1.5253602930285783,-0.0251995174419071,-0.0030092336739208,-0.0036406672951979,0.9996712831601378,-0.0047000832848238,-0.0277420001174629,0.3352654952281182,0.0707122004943591,0.0198345166304409,-0.0071263150629114,1122.983736905829,1125.6702890466256,1160.10717350853,1121.791182196978,0.0835437795963743,-0.0602442502248672,4.170757284151836
8.889999999999999,0.0017317489395151,-0.0099352086382862,1.5286486069101304,-0.0252528866568521,-0.0030238055106791,-0.0036488902764945,0.999669862462343,-0.0049076373468593,-0.026217057437446,0.2792781142333925,0.0710589078773197,0.0200307115208705,-0.010587849697352,1158.4446174604184,1158.7255779427014,1189.8369833744016,1158.828001270536,0.0835437795963743,-0.0602442502248672,4.170757284151836
8.899999999999999,0.0017368886776215,-0.010265888698875,1.5310572811758365,-0.0252612860420307,-0.0030487628965232,-0.0036398282406245,0.9996696074817332,-0.0052464602160303,-0.0246932531228285,0.2227923455280432,0.0730748247034791,0.013595190298683,-0.0171706673184977,1199.8879939724034,1198.2141207886316,1222.8371121401194,1203.9415008273313,0.0473869406248349,-0.087577987495894,4.4749094661305024
8.91,0.0017418384444528,-0.0105306968015008,1.5326251791521073,-0.025188093060458,-0.0030719647299395,-0.003624646931361,0.9996714384913168,-0.0055929388121748,-0.0232531580782739,0.1715284489885274,0.0809033562652467,0.0079741041416505,-0.0237794607031613,1243.8145100086897,1237.5993192701108,1258.2032497094972,1249.8253114059348,0.1609744112443981,-0.1605649876278127,5.046797378513684
8.92,0.0017384990550979,-0.0107531676372157,1.5334134476935113,-0.0249807633631764,-0.0030714075629778,-0.0036124859463209,0.9996766866655752,-0.0058016143878618,-0.0218516337677656,0.1289672248704945,0.092532440909553,0.0069493052007377,-0.0266977105262318,1287.7478993573,1273.194832313775,1297.3023090386084,1292.9283369361915,0.1609744112443981,-0.1605649876278127,5.046797378513684
8.93,0.0017228783596433,-0.0109606546067295,1.5334988143179518,-0.0246023900363246,-0.0030211601446307,-0.0036073697564784,0.9996862417175308,-0.0058356190269615,-0.0201597888327635,0.0883487172592605,0.1058864397178707,0.0081355392960484,-0.0247475758010576,1333.3582726292625,1313.186985606751,1345.0388733689276,1335.9822784657622,0.1302690906066862,-0.1445745364599487,5.515154601961753
8.94,0.0016981431356597,-0.0111731610169539,1.5329824771142109,-0.024059350502085,-0.0029017950944044,-0.0036086096131064,0.9996998075298944,-0.0058185180173077,-0.0177763842497853,0.038591294132116,0.12141285378826,0.0084567265953784,-0.0196928606227241,1383.5508662343066,1370.2597901512274,1404.464300902266,1384.081381784052,0.0838603362568738,0.0722346198900117,6.095154741250809
8.95,0.0016756267035122,-0.0113937441022985,1.5320016120583142,-0.0234071895244605,-0.002710480764021,-0.0036130625397727,0.9997158108941148,-0.0059645466787187,-0.0146053871428511,-0.0232767963128747,0.1396396347145345,0.0102317950739994,-0.0146089997094754,1441.164850554178,1445.9706359796987,1472.2419827240476,1440.820793613031,0.0518051402837696,0.0341177554596767,6.797247020838846
8.959999999999999,0.0016730211199985,-0.0116049830643812,1.5307273009971047,-0.0227289488870554,-0.0024649960292798,-0.0036175042309124,0.999732080279614,-0.0063857476897226,-0.0109825018035299,-0.0876910404868046,0.1581910188755809,0.0181255477495932,-0.012232554135722,1510.649275567028,1527.9387112013617,1543.927890078854,1509.0647432399844,-0.009,-0.0207413816432698,7.55884236978041
8.969999999999999,0.0017096074655519,-0.0117741745450674,1.5293395720618177,-0.0220960055798379,-0.0021994247514866,-0.0036200502691804,0.999746880117276,-0.0069283960806964,-0.0074113351403143,-0.1398871898143284,0.1726482963366052,0.0300585499567885,-0.0140529664613083,1593.2668951053804,1602.1247851353728,1619.8382410227618,1589.8337265621035,0.0828501560382353,0.0022476536593749,8.25820151218154
8.979999999999999,0.0017994503959175,-0.0118657451223412,1.5279828977232597,-0.0215312096697324,-0.0019539236604238,-0.0036204112710238,0.9997597120382056,-0.0072580847140282,-0.0041712030820177,-0.1709767567985048,0.1810897040759021,0.0358896535918648,-0.0194786070308225,1679.0608622974928,1664.8351399119229,1699.3286468152328,1676.3126076359629,0.122,-0.0608444677152398,8.926533333094572
8.99,0.0019447642223386,-0.0118557575046987,1.5267194716183894,-0.0209937231681982,-0.0017625849719774,-0.0036193567925633,0.9997715024635188,-0.0071498327031539,-0.001177208120523,-0.1831676816394184,0.1873904034080195,0.0279229541626552,-0.0252544721088548,1752.7510036227663,1723.991255663882,1773.7962067262888,1754.2076359415266,0.081,-0.1066520252839278,10.546975145585716
9.0,0.0021324853988885,-0.0117426540123681,1.5255063607335984,-0.0203951375210012,-0.0016431998768337,-0.003617946498103,0.9997841010552232,-0.0066780076793051,0.0018158578364144,-0.1858070062527683,0.1978376951940574,0.0101767051093369,-0.0271871617166036,1811.146076702208,1790.402871895843,1834.4879459925216,1814.4326301812905,0.081,-0.1066520252839278,10.546975145585716
9.01,0.0023365006114924,-0.0115501935030292,1.5242167907015132,-0.019640694649817,-0.0015929465702228,-0.0036169549795533,0.9997992914938344,-0.0061423399658111,0.0049740111242413,-0.1865318007592775,0.2123769161144066,-0.0051103218775402,-0.024097731617476,1865.5675666926727,1865.5432497770912,1884.8644257157007,1862.534689430026,0.103,-0.1013507492997967,11.238818058929343
9.02,0.0025254964573991,-0.0113214334761832,1.5227041161782775,-0.0186762549086592,-0.001592400163157,-0.0036166566790243,0.9998177741762612,-0.0058508823385835,0.0083923543334379,-0.1855060296066007,0.2208670401305818,-0.0084441908350879,-0.0193780530345377,1923.1364701523428,1937.251686194892,1936.386943102984,1910.863769543613,0.059,-0.2198192381357996,12.518794421135183
9.03,0.0026731596187314,-0.0111058390413474,1.5208833857704305,-0.0175195197525669,-0.0016156238892862,-0.0036169140862545,0.9998386740467586,-0.0059306176298214,0.0121795740100682,-0.1773923911435888,0.2125298749124457,0.0006352231500359,-0.0171440597500933,1975.3983025580144,1990.0669057752907,1992.162558049898,1964.1162951544557,0.059,-0.2198192381357996,12.518794421135183
9.04,0.0027659492318261,-0.0109443852990681,1.518795465163831,-0.0162613417407918,-0.0016406045533167,-0.0036174060737521,0.9998598859614212,-0.0062622154363172,0.016331181104688,-0.1578452288222299,0.1904570794265166,0.0149309108253816,-0.0172555212310585,2009.9076708163136,2018.5629784058192,2040.5742158062092,2014.5197342147496,0.129,-0.2151046405328214,13.60094483518411
9.05,0.0028052469735007,-0.0108582435222027,1.5166256786330288,-0.0150333423029268,-0.0016551932050485,-0.0036178407950723,0.9998790777802276,-0.0065844907525398,0.0205688380303889,-0.1272314469473497,0.1727209436013954,0.0240750759630968,-0.0155841096202981,2024.601933362574,2028.3819716654525,2066.34295693013,2047.9524363627695,0.144,-0.176574526532092,14.194195299229897
9.06,0.0028039706858306,-0.0108445383859263,1.5146667672567138,-0.0139519521694927,-0.0016573117336004,-0.0036180684103834,0.9998947474256756,-0.0067026725450298,0.0244652423769653,-0.0889567332718842,0.1754218231939546,0.0199551314872561,-0.0093989228828149,2026.8191578655883,2028.6908681806367,2065.7765696065226,2054.9116302880198,0.177,-0.0954011453870166,14.469302336932452
9.07,0.0027802049484268,-0.0108792850834354,1.5132374047452046,-0.0130649095693706,-0.0016512705960288,-0.0036180865890726,0.999906741097787,-0.0066273134662765,0.027699240207732,-0.0467091943369646,0.196145876462212,0.0023502712428001,-0.001409572106818,2023.546785966404,2026.7646842002991,2049.2304681236456,2037.92977244904,0.124,-0.11326491208094,14.284183443088068
9.08,0.0027509041536258,-0.0109252699110697,1.5125862765137867,-0.0123305594345007,-0.0016431196598626,-0.0036179806017911,0.999916080317834,-0.0065364610238707,0.0301427422727779,-0.0041214077797886,0.2171452571968765,-0.0194511233684698,0.0024095612889901,2014.154890416409,2023.6995240648348,2027.815743453073,2006.7398672394704,0.124,-0.11326491208094,14.284183443088068
9.09,0.0027277595428403,-0.0109420989305333,1.5128200421356277,-0.0116437985316421,-0.0016372863681401,-0.0036178507667181,0.999924323338988,-0.0066154155605558,0.0318719692777441,0.0357177250529801,0.2237775777016539,-0.0322083462363963,-0.0010271755209779,1990.036419120967,2010.541268523696,2000.1391140361463,1967.0094425267012,0.135,-0.1730508424495695,13.83543393327537
9.1,0.0027158940305331,-0.0108960861269673,1.5138832460262062,-0.0108956328852981,-0.001635343692688,-0.0036177635251439,0.9999327590503831,-0.0069082370749021,0.0332253513966571,0.0728562864392608,0.2170830918380014,-0.0280684277332952,-0.0084975070937475,1943.654854894523,1974.2006766352447,1956.3292346278845,1919.5071941424071,0.135,-0.1730508424495695,13.83543393327537
9.11,0.002714885557518,-0.0107680625440342,1.515592052339352,-0.010033295840163,-0.0016365252644753,-0.0036177370793916,0.9999417816743468,-0.0072911381851437,0.0346718575466759,0.1104803092000125,0.2090169596622201,-0.0107457591285894,-0.013539797383891,1880.6924502995464,1913.093355790851,1895.1086781116285,1869.1066248986551,0.107,-0.1500500118363836,12.338598617754286
9.12,0.0027210331273038,-0.0105573060681049,1.517699762045333,-0.0090850511061062,-0.0016390315415923,-0.0036177532957588,0.9999508424333148,-0.0075850334997027,0.0364120885265552,0.1493931261837382,0.2084371362824849,0.0065994219409183,-0.0126760224874542,1818.574760065081,1843.0975275579508,1831.0461810186985,1824.420660207864,0.14,-0.0840253149821069,11.564134472693672
9.13,0.0027297560932675,-0.0102802319881589,1.5199660962762225,-0.0081330993135046,-0.0016412353334243,-0.0036177798534521,0.9999590345164492,-0.0077005340116018,0.0381919743588763,0.1841599468071119,0.2129940649073379,0.0110578831314979,-0.0080821193985873,1768.647098386979,1782.8113759124124,1780.4288983770234,1785.2871976708957,0.167,-0.0576431328599826,10.988225186322593
9.14,0.0027373595781707,-0.0099639597044233,1.5222107936525069,-0.0072528934666591,-0.0016423107448529,-0.0036177886881461,0.9999658043937236,-0.0076777449537467,0.0396511056685263,0.2078615684104569,0.2137355174198164,-0.0006814038314988,-0.0042816093358192,1725.0724385668143,1736.6105206940356,1743.651424677812,1740.2076421905315,0.167,-0.0576431328599826,10.988225186322593
9.15,0.0027418638862764,-0.0096369775314416,1.52434303769792,-0.0064612069441665,-0.0016422554510712,-0.0036177643294492,0.999971233377798,-0.0076088202323769,0.0407309276965202,0.219561695482595,0.2062125912110505,-0.0212719865434884,-0.003335545782993,1677.2612934133806,1697.1663111810326,1708.1841121862208,1682.750243995892,0.108,-0.1470907865529428,9.673154421211898
9.16,0.0027429904720946,-0.00932040605833,1.5263660846781548,-0.0057050757785826,-0.0016415495895549,-0.003617703575319,0.9999758345310884,-0.0075572965360758,0.0415812875261081,0.2242789346723164,0.1960048041332177,-0.0388134385370897,-0.0040012131448553,1628.180641695267,1660.0798287385296,1667.346218302773,1624.2880054886648,0.089,-0.1464287999747615,9.325295680172184
9.17,0.0027416217784524,-0.0090230030309558,1.5283601119893722,-0.0048913098179441,-0.0016407495842573,-0.0036176114897495,0.9999801477610324,-0.0075547328416559,0.0421992164269783,0.2262832335439953,0.1931299102597582,-0.0431702390138366,-0.0046720996712161,1592.1461657992472,1628.819220201072,1628.4427794574046,1583.853967963027,0.0969999999999999,-0.1782205129493907,8.711336983773732
9.18,0.0027390977189649,-0.0087415104052252,1.530445499622154,-0.0039343020878835,-0.0016402187845485,-0.0036174976651862,0.9999843722079174,-0.007637040819764,0.0423852728724761,0.2250440266589571,0.2017670199292037,-0.0296994262179331,-0.005509543087285,1576.6394815063582,1606.7003075492987,1601.644926508645,1568.3655561604137,0.0969999999999999,-0.1782205129493907,8.711336983773732
9.19,0.0027366283932364,-0.0084657503631707,1.5327293063745466,-0.0027991877064614,-0.001640054154433,-0.0036173753236274,0.9999881946134778,-0.0078494426804029,0.0420446043147272,0.2181120415163736,0.2160021832998408,-0.002044569470997,-0.0072733223183076,1573.9995217937758,1590.8381106702632,1587.8204654495603,1567.316215427446,0.109,-0.1695406496359223,8.505753363707475
9.2,0.0027349633872646,-0.0081856554638021,1.5352473257951318,-0.0015243153124463,-0.0016401607819111,-0.0036172667432675,0.9999909508174292,-0.0082119372395653,0.041374121442321,0.2059351951417401,0.2248681055294566,0.0272213031483236,-0.0091752302295156,1571.463536718309,1576.3241129254195,1579.8207360185386,1565.089066579789,0.111,-0.134,8.251190000000001
9.21,0.002734326414712,-0.0078966280006587,1.5379272889732305,-0.0002135641735059,-0.0016403801703787,-0.0036172089871359,0.999992089639905,-0.0086774605306148,0.0406913181814561,0.192070805691505,0.2202613906209043,0.042413634109475,-0.0092057782396599,1563.789103816633,1563.016587478629,1571.651772509676,1555.013021850466,0.113,-0.1692634096639366,8.215689906164238
9.22,0.002734538164563,-0.0076010755690308,1.5405974169308885,0.0010000983493003,-0.00164057976542,-0.0036172237517439,0.9999916119616478,-0.0091078739808827,0.0401203632941058,0.1789604336246723,0.2004693334051526,0.0358295016729728,-0.0068439070121653,1554.4035986219988,1555.487246493679,1564.170049581828,1542.0193421034533,0.1229999999999999,-0.1669347680144749,8.142238721588058
9.23,0.002735219946769,-0.0073063771686599,1.5430408440144896,0.0020038061040182,-0.001640684561367,-0.0036172850019506,0.9999901040332762,-0.009314567637188,0.0394980615227906,0.1653658478361288,0.1693043284204933,0.0144998097459879,-0.0046047133232833,1548.4355575063594,1557.245576733356,1562.8514529864883,1535.0488491175738,0.075,-0.1270150483308923,8.0685226450446
9.24,0.0027359850318196,-0.0070211626758822,1.5450676670087684,0.0027429704015637,-0.0016406884878492,-0.0036173571468668,0.9999883494230992,-0.0092015203550033,0.0386170131118615,0.1490280807251726,0.1350403152648212,-0.0051898906093546,-0.0059403318888802,1548.700215244458,1566.9561092583317,1570.854313791192,1538.931190109308,0.075,-0.1270150483308923,8.0685226450446
9.25,0.0027365625970999,-0.0067521177743309,1.546568367396803,0.0032316956180939,-0.0016406332497073,-0.0036174212510037,0.999986889278787,-0.0089034939528466,0.0375283479325214,0.1306634001208568,0.1089225617083103,-0.0108194108304292,-0.0113952606873443,1557.55347842463,1580.55871351862,1585.7249993501962,1552.2258488429406,0.113,-0.1093467868312935,8.26938287638864
9.26,0.0027368403460503,-0.0065026252922806,1.5475310057211509,0.0035362994690713,-0.0016405716389918,-0.003617470506285,0.9999858584089568,-0.0087202370073867,0.0365144930582256,0.1137079530293472,0.099279672844834,-0.0031510200444414,-0.0174801468809902,1577.2952180198602,1595.4787479712147,1603.569713721933,1569.8366941707563,0.158,-0.1124844550132342,8.357947329546915
9.27,0.0027368421870686,-0.0062729719985923,1.5480298528022352,0.0037461319001258,-0.0016405433737384,-0.0036175054181593,0.9999850942727972,-0.0088528065516932,0.0357322827962989,0.1004497840284776,0.1034631603285451,0.0065209710658239,-0.0201420930805386,1604.969517569093,1611.3393866094616,1622.988028462453,1586.5208696660704,0.169,-0.0974225933073327,8.45378646728277
9.28,0.0027366714228992,-0.0060610676906499,1.5482019178059518,0.0039446242048085,-0.0016405660403263,-0.0036175311265688,0.9999843308529882,-0.0092215312075731,0.0349695960698042,0.0897578467597851,0.1074831884683846,0.0079547272044973,-0.019066848932027,1629.9450911147312,1627.9702792523035,1642.64055087375,1599.7002676294242,0.112,-0.1724953351630793,8.718633750505123
9.29,0.0027364493762787,-0.0058633325075587,1.5482187056275785,0.0041856633126529,-0.0016406342207549,-0.0036175540449687,0.999983350783761,-0.0095699193261669,0.0338521648197431,0.0785923939058907,0.0976229885395445,0.0015856854931923,-0.0172737635231254,1642.6509137614526,1644.8691809658596,1659.3119785632878,1611.0203978761847,0.112,-0.1724953351630793,8.718633750505123
9.3,0.0027362698785879,-0.0056760843546452,1.548251742315218,0.004479280442854,-0.0016407216367439,-0.0036175782845252,0.999982078442699,-0.0097182731538941,0.0322788131959166,0.0647875868019053,0.0734496038553773,-0.0033207290815523,-0.0164168575185644,1645.6335334052142,1661.3703352961295,1671.718942250003,1624.9180590138455,0.071,-0.1134470869800267,9.08400247438076
9.31,0.0027361778971633,-0.0054969730595069,1.548434525755921,0.0047939904862993,-0.0016407865955317,-0.0036176039178805,0.999980619020418,-0.0096866586945556,0.0305419463426563,0.048640610047854,0.0474572795722706,-9.37136892766918e-05,-0.0145490603472835,1650.785617183602,1675.7744086382054,1682.4649857604527,1643.9360644864923,0.127,-0.1085499988307648,9.28358086698521
9.32,0.0027361705241803,-0.0053249789163421,1.5488319393623091,0.0050782918180418,-0.0016407846288915,-0.0036176280330081,0.9999792155567172,-0.0096064537170825,0.0289599921201214,0.0331570784659092,0.0313054034260384,0.0071944935443279,-0.009921764277059,1664.4732781441785,1686.4841293063346,1693.3203763210538,1664.8554647223764,0.141,-0.1370767515750701,9.317978895676768
9.33,0.0027362128325961,-0.0051583832051589,1.5494271403607327,0.005290118797495,-0.001640690320756,-0.0036176472601873,0.9999781174639176,-0.0095726608949441,0.0275047036201655,0.0228021632583206,0.0247712741493612,0.0086626954593077,-0.0052617412598415,1679.7186806352936,1695.1726308526029,1701.9147010855263,1680.6793517823858,0.151,-0.0941266093288032,9.675418800109702
9.34,0.0027362596680585,-0.0049925666311672,1.5501290880977332,0.0054152789764159,-0.0016405230051202,-0.0036176596719926,0.9999774477338852,-0.0095899109925902,0.025933907407984,0.0202681633892295,0.0195242302711511,0.0011344239025006,-0.0055018280692182,1685.8151069423996,1705.6241572192566,1705.975487921079,1687.6947494752794,0.151,-0.0941266093288032,9.675418800109702
9.35,0.0027362758550429,-0.0048206082988772,1.5508017273776489,0.0054644081840572,-0.0016403618372309,-0.0036176650787856,0.9999771807174496,-0.0096169258338355,0.0242176317584934,0.0235812791695696,0.0108448467780617,-0.0068963354755396,-0.011386091779221,1683.1906356720258,1717.76843780465,1708.4568414310943,1689.599596123921,0.098,-0.075118204260989,9.748162738254251
9.36,0.0027362498049685,-0.004637623844641,1.5513129256782603,0.0054548459215262,-0.0016403310750225,-0.003617664153802,0.9999772329788348,-0.0096255067551008,0.022626944073157,0.0275249517667283,0.0021350277816707,-0.0045904260713954,-0.0179346168103302,1683.9465101585663,1725.8164376056757,1714.9676989680363,1692.485147123777,0.099,-0.1298777031201033,9.76592216630525
9.37,0.0027361978830512,-0.0044462268543131,1.5515881820987425,0.0053936631328078,-0.0016405435133767,-0.0036176574731003,0.9999775645330238,-0.0096177914481937,0.0213778522481246,0.0285964454363859,-0.0014279410310574,0.008015794284337,-0.0200977155091829,1695.897889319558,1724.457345238307,1726.1007355997822,1696.519622662554,0.091,-0.1429594827389139,9.760102626632314
9.38,0.002736158731889,-0.0042587872309998,1.5516427432474766,0.0052744973651198,-0.00164101214381,-0.0036176453192971,0.9999781994618848,-0.0096087907569735,0.020347946170156,0.0275396687169818,-0.0003412891025629,0.0187052284999591,-0.0181250656906966,1710.5402952793231,1715.5330091970388,1735.0198887162244,1696.449512466017,0.098,-0.1129106186964765,9.835694066423864
9.39,0.0027361783943147,-0.0040940290147911,1.551574860264886,0.005088700403146,-0.0016415712485002,-0.0036176282427493,0.9999791613518456,-0.0096069107537611,0.019210921954486,0.0266999810573593,-0.0004525683573715,0.016030357151563,-0.016272761206162,1712.6315917687443,1707.3159131252332,1734.2529941260543,1691.1367606163694,0.154,-0.1208857912445325,9.909811517964162
9.4,0.0027362890965616,-0.0039694902369815,1.5515264779600777,0.0048397169354532,-0.0016418713027112,-0.0036176075439788,0.9999803969649944,-0.0096100799689102,0.0177667766548146,0.0267263551172901,-0.0063558057012053,0.0021290763614925,-0.0172051288776819,1700.0084039774847,1707.3531569936367,1723.6402803509277,1687.4977483217708,0.154,-0.1208857912445325,9.909811517964162
9.41,0.002736487165256,-0.0038941219206808,1.551631786007745,0.0045470877478851,-0.001641504248922,-0.0036175847624467,0.9999817711025036,-0.0096128463068245,0.0160817389285692,0.0272940543316718,-0.0165758678820086,-0.0092464884802042,-0.0188944441132438,1686.6027061365528,1715.416176244997,1710.0695263434832,1690.907560849092,0.108,-0.1328771949627214,9.858265007959508
9.42,0.0027367181871969,-0.0038648093729331,1.5519711008449326,0.0042363109030875,-0.0016402604952936,-0.0036175601815627,0.9999831380947244,-0.0096128868922757,0.0143411415328115,0.0295409139545021,-0.0257255256195185,-0.0076076699065225,-0.0173728264787862,1684.55196611693,1722.9227781664404,1700.3113376851825,1695.4557044565083,0.132,-0.1295527097711828,9.797224465709204
9.43,0.0027368787535954,-0.0038679112021353,1.5525420641202945,0.0039252317853464,-0.0016384232122854,-0.0036175317182545,0.9999844106730246,-0.009611659310222,0.0126433247612376,0.0350665677959458,-0.030624580906357,0.0030701148233527,-0.0121420269370826,1690.2967252659903,1720.8378463421398,1696.1147477239556,1690.2614656291798,0.132,-0.1295527097711828,9.797224465709204
9.44,0.0027368421182943,-0.0038844606373456,1.5532604077896908,0.0036212434012955,-0.0016369106284178,-0.003617495970014,0.9999855603171128,-0.0096113311499759,0.01098560437529,0.0423161994231544,-0.0329819819700908,0.0094510308270609,-0.0078906922534564,1692.1986239733965,1709.3555667725363,1696.1812341918553,1675.069399639675,0.131,-0.0831312294160504,9.74470736219389
9.45,0.0027365084840672,-0.0038967091074623,1.5539964716113577,0.0033306613484718,-0.0016370535241192,-0.0036174516183829,0.9999865703070866,-0.0096121438771808,0.0094008012036626,0.0463815944054813,-0.0358446173550949,0.004107769248055,-0.0098975234439394,1686.5853189898314,1698.2348399374912,1700.0447619670313,1663.2260178958131,0.13,-0.0964921035427438,9.62184773887292
9.46,0.0027358696505122,-0.0038939116320891,1.5546332565580172,0.0030665330860683,-0.0016399115996641,-0.0036174029443077,0.9999874106511122,-0.0096124060195798,0.0079981930570659,0.0439000160820248,-0.0388511716308663,-0.0066322974931644,-0.0178977923518123,1680.620721414866,1696.5198891234115,1707.4389077231206,1666.6800775003178,0.146,-0.1177354704043017,9.54749657633396
9.47,0.0027350651218606,-0.0038759037848348,1.5551140196987985,0.0028424852733446,-0.0016453032548742,-0.0036173603872771,0.9999880639080142,-0.0096107678783289,0.0068467258651557,0.0370639994175758,-0.0385671002131315,-0.0102278344809264,-0.0258382994323486,1681.56077383935,1703.6969681442145,1715.0225955707149,1682.3296502296955,0.098,-0.0740893534135838,9.62513687818572
9.48,0.0027343977506869,-0.0038536422249184,1.5554537640490618,0.0026571546496929,-0.0016510587863968,-0.0036173367662274,0.9999885641389962,-0.0096086155503801,0.0059001628782808,0.0313958189211172,-0.0336141999227769,-0.0013452084412064,-0.0283908095243108,1688.3184643057286,1711.776966459116,1717.3895612573024,1696.38317218919,0.098,-0.0740893534135838,9.62513687818572
9.49,0.0027342782351132,-0.0038464142141828,1.5557149947078843,0.0024862876619614,-0.0016532055326758,-0.00361734026043,0.9999890000067846,-0.0096096633057715,0.0050860680273544,0.0300079078943008,-0.0280299310789286,0.0127381249216194,-0.0265298397908427,1693.6781182199277,1713.7892344124584,1712.5201258090324,1699.2074526533834,0.114,-0.0757322747405867,9.66815200121836
9.5,0.0027350847806136,-0.0038760432793015,1.5559689633492495,0.0022931270345168,-0.0016476117681249,-0.0036173667384878,0.9999894707454396,-0.009615508212555,0.0044143953277957,0.0312442659498861,-0.027836115980781,0.0187873085874833,-0.0252825650328591,1691.7652511160877,1709.062074670174,1704.253599706051,1692.5820045077598,0.114,-0.0757322747405867,9.66815200121836
9.51,0.00273695787216,-0.0039592967563085,1.5562639882416056,0.0020496614007653,-0.0016329182891808,-0.0036173949103231,0.9999900234102668,-0.0096207599130407,0.0039357201571716,0.0318507075934471,-0.0339644281908941,0.0095802628383442,-0.0265343415916694,1683.2390756658513,1702.519379908757,1698.5729657196357,1684.431506307751,0.139,-0.064408854344043,9.707059328941082
9.52,0.0027395935324399,-0.0041007408035062,1.5566095612701158,0.0017509087163365,-0.0016135184412603,-0.0036173887231758,0.9999906226438988,-0.0096154151586666,0.0036138247624549,0.0310835876418147,-0.0400442879980968,-0.0089640544157879,-0.0260359582391805,1674.7424850930124,1700.5974401223737,1698.665399944492,1680.1156854822198,0.1209999999999999,-0.0732349539716818,9.713744160601346
9.53,0.0027421359673561,-0.0042889502857951,1.556974783812783,0.001411658090277,-0.0016004272586626,-0.0036173110437982,0.9999911804185266,-0.0095976863658421,0.0033052444023475,0.0307433550866904,-0.0388438175553007,-0.0215597715646576,-0.0185570742727894,1672.6678287649283,1706.2509099860072,1703.337183139461,1679.0574853565963,0.1209999999999999,-0.0732349539716818,9.713744160601346
9.54,0.0027432801768857,-0.0044983710851884,1.5572983428853462,0.001051582332278,-0.0016078816221107,-0.0036171485365817,0.9999916125287012,-0.0095858902821913,0.0028881639511052,0.031703352090167,-0.0310772788228018,-0.0157861251824853,-0.005028424186355,1676.907787265599,1716.1491222126588,1708.5328969829866,1678.0277791249289,0.0969999999999999,-0.0816222857033371,9.643789513390292
9.55,0.0027416559525274,-0.0046967643930894,1.5575082981328596,0.0006828842146543,-0.001645074001711,-0.0036169389669302,0.999991872543566,-0.0096076847101816,0.0023840790273806,0.0319546783863141,-0.0265539789393646,0.0071198728133996,0.0069183588983767,1682.24629937445,1723.4024307822997,1710.5534573885907,1676.6677225300002,0.0969999999999999,-0.0816222857033371,9.643789513390292
9.56,0.0027364675647638,-0.0048551160475117,1.5575464774204086,0.0003082114164481,-0.0017054778121628,-0.0036167823100783,0.999991957586098,-0.0096610770483844,0.001928492072234,0.0292135219264309,-0.0348717802705973,0.0329563106380851,0.0096725323714635,1685.7376199530895,1724.1308220915598,1709.7772607561528,1679.0550108275177,0.097,-0.1083115828999336,9.643526687737724
9.57,0.0027282224509532,-0.0049555485887075,1.5573871145708165,-7.326836323718641e-05,-0.0017595534442913,-0.0036168143241133,0.9999919085960488,-0.0096826805734372,0.0016341231783648,0.0248941093592752,-0.0540835745016371,0.0469617469062347,0.0023280207691272,1689.955108368158,1721.2614967795705,1712.0814711066575,1689.1149085347183,0.097,-0.1083115828999336,9.643526687737724
9.58,0.0027192411108434,-0.0049943797193163,1.5570412051804443,-0.000456447685692,-0.0017579448846637,-0.0036171341247751,0.99999180877946,-0.0095770589604879,0.0015103469733266,0.02332341480269,-0.0698028636128672,0.0456613084859666,-0.0090118683363829,1698.3695228746965,1721.566167111977,1724.8731217034997,1705.1519682890362,0.144,-0.0720266642960978,9.746426661896678
9.59,0.0027135681851574,-0.0049805580747596,1.5565490270592297,-0.000822217581464,-0.0016492132871501,-0.0036177061161381,0.9999917580941552,-0.0093054511459398,0.0015143754178793,0.0256035022796422,-0.0678831726557942,0.0360000799961046,-0.0168007210546869,1709.9747397246838,1728.8360450068935,1748.7888165176623,1720.1459316317182,0.144,-0.0720266642960978,9.746426661896678
9.6,0.0027159759791262,-0.0049317686212286,1.55597254885403,-0.0011379449779635,-0.0014080957473756,-0.0036182900476803,0.999991815128866,-0.0089450592005054,0.0016266578382379,0.0260970798677507,-0.0482148984334002,0.025007734973512,-0.018090024909631,1719.745633572663,1739.7357092927114,1772.7107976776324,1727.0164911941008,0.166,-0.069,10.30319
9.61,0.002730013041658,-0.0048704927561482,1.5553936375385384,-0.0013718252052402,-0.0010604999114278,-0.0036184702767902,0.9999919500217992,-0.0086405044085874,0.0018077162768283,0.0183319091301519,-0.0239685776950376,0.0139053054182352,-0.0159445394820627,1723.3785947606548,1746.36454764088,1780.5545649996186,1723.1554331667287,0.166,-0.069,10.30319
9.62,0.0027554807110959,-0.0048209477694458,1.5549080862020697,-0.0015150215187278,-0.0006875259368832,-0.0036178331236162,0.9999920716192572,-0.0084954671651855,0.0018810581010813,0.0044458500551768,-0.007101715900127,0.001995450034983,-0.0153891267550209,1720.7040968003778,1742.9362390142658,1766.3911082342406,1711.68199839828,0.137484888736083,-0.069,10.303609953869044
9.63,0.0027862019843018,-0.0048063922051862,1.55460331515184,-0.0015952675067822,-0.0003996379700386,-0.0036162685422658,0.9999921089753184,-0.0085189473728648,0.0015589335498809,-0.0046714006645464,0.0023073503380463,-0.0080966568652465,-0.0180574099837602,1714.454522853322,1729.978306760655,1741.0652613595491,1699.315930297542,0.113486833433303,-0.074,9.941542151735682
9.64,0.0028092674863338,-0.0048457195919704,1.554528333662911,-0.0016696548750484,-0.0002906639146791,-0.0036142662926138,0.9999920323913852,-0.0086482954736363,0.0006956546590914,-0.0003458938262875,0.0104871914023789,-0.0119932663587867,-0.0209765252010603,1705.9766776632073,1712.8888672888536,1720.566835993349,1690.778032739338,0.113486833433303,-0.074,9.941542151735682
9.65,0.0028068479602503,-0.0049489115856192,1.55468276028923,-0.0017996825680781,-0.0003956818539801,-0.0036129863500111,0.9999917754202576,-0.0087847338276488,-0.0004838606850703,0.014800822724852,0.0167121719107976,-0.0093451554341026,-0.0204096077356392,1693.1519140290786,1697.5653998198134,1709.782003263408,1684.1231062101178,0.1124471769704593,-0.055,9.5945379455444
9.66,0.0027609607680449,-0.0051124474577205,1.5550395256910885,-0.0020243465111287,-0.0006757884322628,-0.0036138870900793,0.9999911925368632,-0.0088353159236963,-0.0014977963921351,0.0302849393339985,0.0111548776907233,-0.0056157199026592,-0.0161369727830764,1674.316235159258,1687.1681997043547,1701.8327395834035,1673.750992774371,0.1124471769704593,-0.055,9.5945379455444
9.67,0.0026602872072036,-0.0053172068540211,1.5555830016631709,-0.0023473432961517,-0.0010379678290273,-0.0036178677230488,0.9999901617692918,-0.0088061707883234,-0.0019871693087168,0.0385819981705839,-0.0114714354592006,-0.0065992843007336,-0.0116302266210969,1654.5619437377616,1681.7879039233017,1691.6092039365458,1658.5197664282423,0.102,-0.0730401160838051,9.409023891857354
9.68,0.0025066252195741,-0.0055314487332168,1.5563269963195596,-0.0027426830898607,-0.001379027233463,-0.0036242141385523,0.999988720459004,-0.0088743168849217,-0.0019399284258569,0.040670482696965,-0.0395672259115947,-0.0113662389144802,-0.0105708033969029,1645.002917704271,1680.1672249990156,1683.525465469348,1644.148167211033,0.126,-0.1127078582717655,9.288913649872292
9.69,0.0023176220911953,-0.005719339625887,1.5572940713479038,-0.0031691918825567,-0.0016287559946774,-0.0036299826741588,0.9999870632175732,-0.0092754028667109,-0.0015481325238422,0.0420873655826155,-0.0514805005902186,-0.0123532253299305,-0.0136090284460334,1652.22134430703,1681.0311380841772,1684.0610296086888,1637.0043059497089,0.126,-0.1127078582717655,9.288913649872292
9.7,0.0021231162900324,-0.0058522439167268,1.5584709541958346,-0.0035818014343636,-0.001768353621243,-0.0036305785205981,0.9999854311556547,-0.0100416603355746,-0.0009587371652913,0.0462158080547355,-0.0359476410131829,-0.0036311011603788,-0.018011888235349,1669.6409756817386,1682.8076923560138,1691.6750466407918,1638.2254539436744,0.147,-0.0778269964670175,9.332010349047032
9.71,0.0019552251921041,-0.0059180864206637,1.5597729919500678,-0.0039376127192703,-0.0018172130036818,-0.0036219545347772,0.9999840370667524,-0.010882106333568,-0.000249109483285,0.0520119834313163,-0.0028624630004059,0.0117884844073983,-0.0197037969606662,1683.1605981118523,1683.331519323846,1698.3304771719731,1644.6153076019573,0.1469999999999999,-0.1036534457080721,9.331759221030772
9.72,0.0018360134770918,-0.0059250914814632,1.5610416296639478,-0.0042028952126434,-0.0018021037227626,-0.0036039745274217,0.9999830495871468,-0.0113885296618805,0.000418267221335,0.0563782250405874,0.0271181050787542,0.0241682596330037,-0.0159955250140357,1684.9915995170384,1680.976385959664,1698.9681470475514,1652.629912809826,0.1479999999999999,-0.1430679778698396,9.406542204753467
9.73,0.0017684909082913,-0.0058989842732671,1.5620766235049963,-0.0043627753375201,-0.0017320905351373,-0.0035833000859795,0.999982562855086,-0.0113765806317846,0.0007621155796675,0.0570840918492139,0.0406157716345548,0.0264143875665715,-0.007887643872523,1678.8565687179052,1675.9901945233498,1695.6938969010962,1659.9894414612406,0.1479999999999999,-0.1430679778698396,9.406542204753467
9.74,0.0017352066701588,-0.0058751144559817,1.5626885879729808,-0.0044268519013695,-0.0015954867476097,-0.0035733352378607,0.999982544187427,-0.0110176795473599,0.0005880223927049,0.0537552749280597,0.0380969990541486,0.0204653280174027,-0.0004534270513211,1672.6280380010353,1670.2680287598937,1693.2657055130956,1665.0411611457798,0.1279999999999999,-0.140735904838232,9.346554193989856
9.75,0.0017050059633036,-0.005888005803081,1.5627539609370318,-0.0044244864528989,-0.0013785550078685,-0.0035891567134204,0.9999828205823365,-0.0106512419499724,2.297851599445617e-05,0.0473872639294692,0.0270053613320289,0.0145419942819103,0.0005213224510034,1670.0986079823608,1665.9573249586017,1693.6550506344283,1666.791558270154,0.1279999999999999,-0.140735904838232,9.346554193989856
9.76,0.0016450458010558,-0.0059610512972796,1.5622577531262916,-0.0043918323531968,-0.0010901965176309,-0.003637528165345,0.9999831456924564,-0.0104941696426494,-0.0005096428417085,0.0394190240062655,0.0136112925367348,0.0152799962501399,-0.0059658436119383,1670.592591862742,1664.5616556494224,1695.383860861764,1666.178765989932,0.1279999999999999,-0.140735904838232,9.346554193989856
9.77,0.00153333167373,-0.0060991143853353,1.5613126672236446,-0.0043584301509122,-0.0007722561641214,-0.003705685419158,0.9999833376624888,-0.0105287532713701,-0.0006118530061184,0.0309098935090862,0.0012816347310339,0.023109552662158,-0.0143271307557731,1672.8399337268754,1666.8211104082343,1695.8900553498356,1666.2991515905103,0.1021315822505577,-0.1407368354988845,9.34687264164548
9.78,0.0013669924051593,-0.0062866168990687,1.5601450298473931,-0.004339880943853,-0.0004857727190225,-0.0037559228041656,0.9999834111134784,-0.0106164239068635,-0.0002371643300534,0.0224493817248092,-0.0080261005824648,0.0338743314184995,-0.0173976423391421,1676.3563594390066,1672.2686077725448,1693.696080648474,1669.930656908694,0.1021315822505577,-0.1407368354988845,9.34687264164548
9.79,0.0011632066296572,-0.0064925675153212,1.5590428709406092,-0.0043381217260305,-0.0002824628532562,-0.0037334465844394,0.9999835810108224,-0.0106583505924572,0.0003055808130508,0.0149207438312698,-0.0136916505074878,0.0429558608859078,-0.013278371923528,1680.2014816725705,1678.8010046453403,1689.718642504713,1676.2647407047448,0.13975476187522,-0.1034904762495599,9.483185535670955
9.8,0.0009529101718557,-0.0066813942613851,1.5582747731855118,-0.0043467267091827,-0.0001817251967431,-0.0035901356178959,0.9999840918080216,-0.0106457892377531,0.0006610479273347,0.0099204593468221,-0.0168089258787376,0.0477583509158451,-0.0065204303143791,1683.1112941384126,1683.8493385894512,1687.3595444968014,1680.745610411031,0.13975476187522,-0.1034904762495599,9.483185535670955
9.81,0.0007707838369615,-0.0068253796410302,1.5580067243795417,-0.0043573157642717,-0.0001671556941214,-0.0033168353998069,0.9999849921179992,-0.0106115344210095,0.0007231979696708,0.0088367626940143,-0.0183977516886696,0.0478430241650733,-0.0030615010938532,1685.2131367437723,1686.2265559522923,1690.0287142883162,1679.2367409148983,0.13975476187522,-0.1034904762495599,9.483185535670955
9.82,0.0006462466484144,-0.0069132902513663,1.558253566682934,-0.0043641061428981,-0.0002009859741594,-0.0029661962099689,0.9999860578339358,-0.0105813155438202,0.0006532043135035,0.0114437416098004,-0.0168258530324871,0.0439325366639729,-0.0050670399013577,1687.863406509657,1686.047544338403,1697.1210442879174,1672.7415603333409,0.13975476187522,-0.1034904762495599,9.483185535670955
9.83,0.0005983166531126,-0.0069517255502483,1.558889235168021,-0.0043655193564007,-0.0002445287628328,-0.0026458268064965,0.999986940938202,-0.0105726419552039,0.0006684463264632,0.015602941126072,-0.0084281226612544,0.036866920181471,-0.0103443110911391,1691.3707869724558,1683.5763344745224,1703.5129166033385,1667.0028422672735,0.1743310930732051,-0.0477416665163645,9.615593852662778
9.84,0.0006340686383708,-0.0069593800671492,1.5597103629339248,-0.0043633411164898,-0.0002730834051863,-0.0024750451759109,0.999987380335938,-0.0106046111171827,0.0008536098590883,0.0185074896461926,0.0078306351168523,0.0270986063341734,-0.015245820439324,1694.2969914402647,1680.0830714630824,1705.2398566478296,1666.1762662253573,0.1743310930732051,-0.0477416665163645,9.615593852662778
9.85,0.0007487250103944,-0.0069573231829594,1.5605195718418516,-0.0043606768575129,-0.0002803030319507,-0.002523188512051,0.9999872696426128,-0.0106719581564142,0.0011668039061131,0.0185660060347386,0.0264785254035767,0.0150035661947178,-0.0174755124923811,1695.435182270057,1679.3080873632423,1704.8904849769124,1667.856970096471,0.1534813436616781,-0.0623014461783541,9.546454133501712
9.86,0.0009261068630469,-0.0069593611674071,1.561185825988447,-0.0043599144306139,-0.0002735086575268,-0.0027652423063168,0.9999866347977654,-0.0107048213513738,0.0015723697658893,0.0164821465392491,0.038173105377587,0.0019259008366678,-0.016875571535091,1695.2599038560495,1684.8084774815693,1708.4448769572098,1666.7248873391673,0.1534813436616781,-0.0623014461783541,9.546454133501712
9.87,0.001140039379017,-0.0069659221709527,1.5616558723202547,-0.0043614787535441,-0.0002647391509109,-0.0030850302214897,0.9999856949000804,-0.0105905421924469,0.0020914280362148,0.0144941494834504,0.0378328531162298,-0.0088087450808637,-0.0145292382970897,1694.87917079974,1694.439639279798,1717.0712673348726,1662.511549872353,0.1363341244399638,-0.1063317511200722,9.635163252447615
9.88,0.0013583055575608,-0.0069634756113431,1.5619233316448076,-0.004363703263653,-0.0002624233429881,-0.0033285744196006,0.999984904796142,-0.0102811282339837,0.002700401631262,0.0142690834668511,0.0298763205333984,-0.0124243648719741,-0.0115192021404728,1694.5363608699886,1700.2358825026108,1725.370149315636,1660.8120696133635,0.1263784202051373,-0.1032431595897253,9.619152488707329
9.89,0.0015495845171066,-0.006929763454627,1.5619882303726502,-0.0043637920636247,-0.0002668833980758,-0.0033788176840244,0.9999847347250534,-0.0098848447531229,0.0032549865437798,0.0154248711700024,0.0239489794719867,-0.0057978191222608,-0.0086931188296875,1693.9939894656854,1696.8572385113,1728.3020639473093,1665.2906043743224,0.1164089702421555,-0.1121820595156888,9.608075208556084
9.9,0.0016912747052049,-0.0068433149046789,1.561840342949189,-0.0043595584317405,-0.0002708435005445,-0.0032092834851786,0.9999853105889056,-0.009611002793201,0.0035994823713667,0.0160567079942275,0.0250525532110804,0.0083738926681268,-0.0074115429502499,1693.921629805386,1689.293292105483,1727.1896265123978,1672.6280130852658,0.1164089702421555,-0.1121820595156888,9.608075208556084
9.91,0.0017746654799746,-0.0066940723047226,1.5614761547476068,-0.0043513114881068,-0.0002643847681402,-0.0028878756598451,0.99998632808814,-0.0095830475606726,0.0037448484867459,0.0145104091136495,0.0292590473317229,0.020698359814452,-0.0091953819325793,1695.845715701042,1688.6572032571703,1727.6392210465606,1677.261716960242,0.1427384214084865,-0.1124840934398156,9.765150936256791
9.92,0.0018051476468272,-0.0064909907406934,1.560932088689444,-0.0043429446964863,-0.0002423376540968,-0.0025333568999359,0.9999873310230696,-0.0096952570251053,0.0038867521294371,0.0107162699025579,0.0300342380820005,0.0211821655165698,-0.0133385459979148,1700.5731510154214,1699.1035759752451,1732.6511684297868,1678.7472526204274,0.1427384214084865,-0.1124840934398156,9.765150936256791
9.93,0.0017979157652886,-0.0062630205170404,1.5603048312083794,-0.0043411836723811,-0.0002108210990667,-0.0022544666534253,0.9999880134576092,-0.0096692133776131,0.004241975967752,0.006275056122566,0.0269631331887809,0.0092244883738342,-0.0158779415747362,1707.4693735962785,1712.129368956312,1738.864778214981,1681.5376222303712,0.1284414000702073,-0.1011036859175858,9.884176486058005
9.94,0.0017716232935067,-0.0060524198648189,1.5597377876770062,-0.0043524066381146,-0.0001888803460242,-0.0021069135630865,0.9999882908294022,-0.0092870998234362,0.0048788351268372,0.0034325404265051,0.0259047441031126,-0.0033453106425404,-0.0131185563751216,1715.240856620988,1716.7339161452503,1740.0067331416976,1687.9387249899853,0.1343913854742726,-0.1002254493694246,9.903198220317972
9.95,0.0017426768798222,-0.0059028567517231,1.5593739701907512,-0.004377621762021,-0.0002018739659727,-0.0020856331412042,0.9999882228351546,-0.0086040531672792,0.0056733120676173,0.0035177520453027,0.0313428771839796,-0.0033789199269049,-0.0062522468619854,1722.283381374063,1712.3849758086774,1733.9881291082488,1694.1655808940732,0.1303110123526812,-0.1053470021909528,9.927159026896318
9.96,0.0017218234697549,-0.0058469262579957,1.559296995802557,-0.0044077803183078,-0.0002663561918369,-0.002145400478593,0.9999879488193,-0.0079289189646795,0.0063850821983236,0.0059548697266035,0.0410720086346824,0.0080134263441439,-0.0008173606840996,1726.3944755547236,1707.7850284674748,1725.7053268818404,1695.066319953086,0.144200127519753,-0.1205238480729067,9.952114103112416
9.97,0.0017133528260515,-0.0058972207967406,1.559490087532744,-0.0044227543564347,-0.000371608652862,-0.0022302101813642,0.9999876635806356,-0.0075655337812439,0.0067838521933465,0.0089346682912898,0.0485638077080489,0.0144304097632854,-0.0011700096358747,1725.4991585699331,1709.0843919963932,1722.040128340294,1690.9750730131254,0.144200127519753,-0.1205238480729067,9.952114103112416
9.98,0.0017162613887324,-0.0060430942273726,1.559833266009548,-0.0043968074423687,-0.0004686826414702,-0.0022950506014914,0.9999875905048188,-0.0075524918809163,0.0067574695264628,0.0112420593213402,0.0490218591034635,0.0019394572201014,-0.0065468941073525,1718.877831149057,1714.1840501577274,1725.020522416954,1686.7733079828809,0.1454610331626336,-0.1229900373890469,9.855102103714318
9.99,0.0017263362398687,-0.0062536083459264,1.5601395695499058,-0.004310420702323,-0.0004799204680198,-0.0023148071428673,0.9999879157357876,-0.0076499899332203,0.0063626293011797,0.0131005631888067,0.0431037240199601,-0.0229626709356575,-0.0129015515009378,1708.0911314061022,1717.5164166024529,1730.894600378422,1684.7372657030576,0.1454610331626336,-0.1229900373890469,9.855102103714318
10.0,0.0017382456511362,-0.0064860438664946,1.5602154243814998,-0.0041635048514074,-0.0003362342975778,-0.0022843455937416,0.9999886669053094,-0.0075780963618311,0.0058081209546553,0.014900301268132,0.0357385707045981,-0.036654382498602,-0.0174330534780912,1698.7900121547266,1715.6437834131466,1734.0499706963474,1683.1205935363778,0.0882534228129701,-0.1292133912207747,9.923910236846718
10.01,0.0017471286285259,-0.0066978264740532,1.5599238917865792,-0.0039812220834792,-3.440836258723811e-05,-0.0022164397277556,0.9999896179869668,-0.0072752566178967,0.0053619625800615,0.0156377616878179,0.03134867217451,-0.0229401337069739,-0.0203632027677333,1700.4447288588551,1708.4362797317797,1730.2751344405788,1683.1727549358134,0.0882534228129701,-0.1292133912207747,9.923910236846718
10.02,0.0017495993611402,-0.0068579129789229,1.559229900062481,-0.0038053412311275,0.0003134066034497,-0.0021406128312542,0.9999904194196674,-0.0069295776652061,0.005200471287528,0.0137538631882639,0.0300986055004386,0.0055893690678955,-0.0231217949703584,1716.987478531738,1700.8877697879498,1720.6189001706566,1689.9515709443858,0.1214625915130794,-0.0956851643747631,9.868337755887842
10.03,0.0017443363668688,-0.0069533629575492,1.5582119688297222,-0.0036729975207131,0.0004800407189697,-0.002100199951101,0.9999909338640458,-0.006745925848448,0.0053018334297357,0.0098174090991063,0.0293158054530153,0.0152156365292827,-0.0261411496062953,1733.7245837106468,1707.0030268373214,1717.6659465347732,1699.3375421557776,0.1376439042892705,-0.09973043382445,9.812208242402992
10.04,0.0017324435762748,-0.0069890318697211,1.557036734988785,-0.0035954470996866,0.0002094983956785,-0.0021420061582546,0.9999912203015552,-0.0066928806706991,0.0054992135084024,0.0070195607034266,0.0279308633140671,-0.013046906681059,-0.0282514775752407,1722.4834691182696,1744.5988183567356,1742.8973686267627,1692.0546360529634,0.1275287518950064,-0.0557463181808336,9.88446507007584
10.05,0.0017176058507166,-0.0069816666340395,1.55590868211251,-0.0035528696187586,-0.0006106852902409,-0.0022961477733387,0.9999908659014598,-0.0065450450267309,0.0056531622061527,0.0076357677571858,0.0275090438811193,-0.0494578775916531,-0.0273750281216569,1672.0127646368417,1814.770018610284,1805.0588704123977,1654.9806528470758,0.1338115510159813,-0.1392514938323516,10.060253044848334
10.06,0.0017058557917089,-0.0069518297189915,1.555017830059863,-0.0035129626995936,-0.001749944809492,-0.0025524830672984,0.9999890407481604,-0.0062306471891629,0.0057598908962881,0.0099729586707754,0.0285699049467248,-0.0157588305889982,-0.0221023911833994,1610.22339658687,1887.2214232842664,1879.8893467805117,1606.488389258172,-0.2201204262643016,-0.1499994381039057,10.399948585575306
10.07,0.001704693817306,-0.0069170906815609,1.5545023982189734,-0.0034633862686082,-0.0025219295695622,-0.0028490039429363,0.99998676391407,-0.0060564723239656,0.0059032143145209,0.010943212163737,0.0280678247079118,0.1753519407141391,-0.0134285059567844,1582.0883887292505,1919.3435280527208,1924.337886533676,1584.1298972321392,-0.2201204262643016,-0.1499994381039057,10.399948585575306
10.08,0.0017214928858764,-0.0068884839352787,1.5544268144843618,-0.0034320561472128,-0.0018787362650458,-0.0030875516194607,0.9999875791056836,-0.0063482364381848,0.0061581588017948,0.0112498056636646,0.0222430429937951,0.5676443898338299,-0.0047970843432038,1603.0325513760918,1895.9558829438731,1916.6799112960807,1603.1116462146638,-0.2782852655945702,-0.1262852655945701,10.581151380579843
10.09,0.0017615992627028,-0.006870448951757,1.554768205261371,-0.003472945672375,0.00124702380048,-0.0031770525016019,0.999988144888428,-0.0066775093282956,0.0065607480918242,0.015318739095677,0.0118395760145359,1.1288294171117894,0.0004722211270976,1644.896040383604,1843.4496324511765,1874.945163239081,1639.9953426251768,-0.2782852655945702,-0.1262852655945701,10.581151380579843
10.1,0.001827174072922,-0.0068631184026853,1.5554148896595752,-0.0036233736041163,0.0074693039573853,-0.0030815876264609,0.9999607914712544,-0.0056006731513473,0.0071020155387741,0.0253606516272729,0.0038683654743665,1.756281595353027,0.0022555885492829,1670.9744833169443,1801.4887166289543,1833.385874721865,1662.5359045735554,0.4666139366693645,-0.1414620219083728,10.28606650409006
10.11,0.00191827680841,-0.0068652257699943,1.5561896334603582,-0.0038659552271065,0.0166098723437356,-0.0028406219759337,0.9998505375293332,-0.0016313812950505,0.0076932860600839,0.0377377213817067,0.0072811429812154,2.322779714653077,0.0037759982068853,1675.9466664261276,1785.7977667338423,1808.6924990015127,1664.9854484928287,0.506803897218608,-0.1251982492320739,10.210383788293822
10.12,0.0020374550419479,-0.0068760545849769,1.5568997954459192,-0.0041275961763199,0.0277676293730623,-0.0025475868236424,0.9996026368063368,0.0052279741630712,0.0081908885776562,0.0465955646981971,0.0251216244948641,2.7420479002295544,0.0081115847026983,1684.9251616298725,1781.3739832554863,1793.2899411485237,1667.258052056139,0.2544766255512142,-0.0837857444880065,10.151786809826566
10.13,0.0021976324596813,-0.0068955398058582,1.5573959299573363,-0.004314323405028,0.039845997460849,-0.0023002549025649,0.9991938710416964,0.0131661004236285,0.0085341068993379,0.049682823695808,0.0496843881158467,3.008386295952028,0.0144681935174392,1716.6794235394752,1769.254139759767,1776.8674334341435,1686.3643275432062,0.334284080238251,-0.1000356872152742,10.10697149650095
10.14,0.0024304675272496,-0.0069225720829023,1.5576134171231468,-0.0043573973185782,0.0522395929871609,-0.0021565466339487,0.998622745244549,0.0203339353035176,0.0088338956260277,0.0491938227997782,0.0662789504592278,3.176262015298809,0.018472010255247,1758.2583993234755,1753.753405238264,1766.1267993679385,1718.3884265225108,0.7503028159574068,-0.1030421105079921,10.396690568826624
10.15,0.002790146878686,-0.0069524503628185,1.557583301710677,-0.0042426517545996,0.0652002557860364,-0.0021192183957416,0.9978609299220588,0.02729014331431,0.0092584438542159,0.0480247480037551,0.0642222682285669,3.300138809497036,0.0166272055944217,1783.9804164306092,1756.7241410941092,1776.7716498089878,1749.112191843214,0.7503028159574068,-0.1030421105079921,10.396690568826624
10.16,0.0033481590397296,-0.0069749990659265,1.5574136935398164,-0.0040101096339588,0.0795904804249315,-0.0021501410723005,0.9968172607553611,0.0375949967291165,0.0098548488139325,0.0472508773341508,0.0463266918070207,3.391475046210465,0.0101518402366869,1792.1851289349777,1786.8575731402057,1808.9279411258049,1773.4876558684975,0.9405211178401602,-0.1067267112172678,10.558928190498762
10.17,0.004178727649866,-0.006974879904766,1.55725023916507,-0.0037284587110937,0.0961752392255656,-0.0021988248775852,0.9953550055757506,0.0556053473481754,0.0105468096447148,0.0472414125598271,0.0277961504223593,3.4267744216730867,0.0037558282450656,1806.436364250829,1826.8624966149143,1843.2687867429304,1796.9427650360367,0.9551703711645,-0.0779382659772647,10.795162422346689
10.18,0.0053402110518962,-0.0069349515789585,1.5572264902662103,-0.003461454510143,0.1149413584742618,-0.002227994869521,0.993363749330338,0.083336653857039,0.011276644062117,0.0491888524004129,0.0240664479570155,3.3868218629239424,0.0007531251359321,1839.805759020239,1856.3387983394657,1866.4139243198847,1821.6184586886452,0.7529863984753997,-0.0723586015168533,11.28022325898728
10.19,0.006861531549068,-0.0068422218348518,1.557419005994249,-0.0032466103989923,0.1349038360502689,-0.0022262226394523,0.990850876001328,0.1193693589524109,0.0120649021299274,0.0542543043601928,0.0383106070434553,3.2838932546667605,0.0003312593902798,1876.4673696658429,1875.9028005525772,1887.2074052501637,1842.414638662799,0.4518011202102827,-0.088921566980831,11.57555624576212
10.2,0.0087419562237911,-0.0066943592022264,1.557825002595103,-0.0030955246339577,0.1545065799275548,-0.0022060786180473,0.9879844470959356,0.1605868030894223,0.0129207956267825,0.0620703164287159,0.0604371930288449,3.1589797958113106,0.0001575042130327,1896.7722408486331,1898.6679227988225,1917.6281974782428,1858.5685931299563,0.5585595932798499,-0.0238947755399452,11.844543254872978
10.21,0.0109669164959516,-0.0065036364520305,1.5583743569185635,-0.0030064957557824,0.1723344613444343,-0.0021918163001892,0.9850314666840344,0.2042083327309833,0.013747113130082,0.0712512786242609,0.0768146205269746,3.059719938441042,0.0006085404105549,1905.7881670657891,1926.3019544374404,1948.7310368384276,1879.119380777772,0.4599396658912789,-0.056121456791439,12.16367613519562
10.22,0.0135344637835087,-0.0062955696585348,1.558972874948178,-0.002972536369941,0.1877042811026326,-0.0022028048563653,0.9822186185030488,0.2478192604257925,0.0143681991617582,0.0809720314683903,0.0794857314559535,3.0130980341166955,0.0045272233203887,1923.7900054863603,1947.1700890215188,1961.0308985463228,1910.3726999956448,0.4220145820946266,-0.0844657033579583,12.481937345362528
10.23,0.0164800236300027,-0.0061018960475596,1.5595596267268403,-0.0029783118961621,0.2008476915990664,-0.002239117161888,0.979615394321624,0.2890822389266413,0.0146642243218834,0.0910429414055876,0.0685269982489727,3.0078628947340125,0.0124521874776239,1955.7180961171075,1956.6503483539225,1955.398633174472,1943.353790352984,0.4504431493895291,-0.0394605733290814,12.645719141607591
10.24,0.0198842743882879,-0.0059507636174257,1.560154757388585,-0.0029935270106215,0.2126627357035895,-0.0022750816395543,0.9771184286680072,0.3279354663590227,0.0146844789432253,0.1006459506910255,0.0507164153752247,3.002592521857521,0.0201353664418904,1984.0292390364064,1966.635702553939,1958.2601453686848,1961.3624147060357,0.9382210196350922,-0.1660295764448943,13.00614337204386
10.25,0.0238531923104038,-0.0058586107983446,1.560874419192557,-0.0029738933262558,0.2242089024838801,-0.0022651204125686,0.9745339364203665,0.3694584871813592,0.0146192549871688,0.1081984933982276,0.037065905441558,2.955425560218817,0.0226669976583626,1992.9387471374637,1989.247713725497,1989.7831645274837,1960.384943469496,0.9382210196350922,-0.1660295764448943,13.00614337204386
10.26,0.0284724709244919,-0.0058268399760003,1.561896183559901,-0.0028745887749196,0.2362048129572274,-0.0021624852868485,0.9716966330767028,0.422270184837256,0.0146379414661644,0.1132668486012839,0.0366440719221942,2.8498816425735543,0.0201398204735852,1989.3143847770643,2018.3799858534264,2035.718440890063,1956.4493791587909,0.7334462721726656,-0.1256926046785466,13.40269044151454
10.27,0.0337563046489884,-0.0058434125167526,1.5633763672988403,-0.0026716237531217,0.2487639459915261,-0.0019448721436247,0.9685585057566692,0.4913786050908306,0.0147335454886277,0.118484731565732,0.0477354036817432,2.697875950996881,0.0169794648696359,1991.801228650757,2035.8647392947871,2061.8636161810828,1967.2526785937464,0.7334462721726656,-0.1256926046785466,13.40269044151454
10.28,0.039621407316013,-0.0058873612385523,1.5653489935245468,-0.0023788446637443,0.2614715037622293,-0.0016338682824931,0.9652068816024986,0.5717715719440474,0.0147285059900861,0.1286663989621901,0.0563788026510883,2.5240274208254294,0.0157530516608081,2003.1632504725844,2032.9957618016103,2053.939804878728,1987.9796580973837,0.3436128297559815,-0.1479012204910201,13.502046580733769
10.29,0.0459103099967172,-0.0059339615127509,1.5676590244621804,-0.0020476135194361,0.2737168380749352,-0.001294045582636,0.961807270340147,0.651009409878577,0.0144775566011024,0.1465457227830564,0.0492254612482837,2.3502465680102835,0.0142724852360434,2004.5713681239365,2017.2669311535587,2030.810472365741,1994.5074038441064,0.341117964763133,-0.1203806687939268,13.475469870278982
10.3,0.05246301427308,-0.0059592669311276,1.5699798662573363,-0.0017460129085496,0.2850601989274714,-0.0010073467717709,0.9585074958907912,0.7208832744900829,0.0141042063745955,0.1683403502088126,0.0294652371634029,2.195162123999831,0.0102346131858071,1982.0113863144525,1998.6077055503908,2016.0412633077692,1975.1041149618964,0.3955219928379394,-0.1792866506710997,13.354291553885314
10.31,0.0592071885581864,-0.0059437608716602,1.571928720513534,-0.0015293023183322,0.2954131601268875,-0.0008347632864049,0.9553680072247138,0.7859915205805581,0.0139882269631017,0.18432958643652,0.0155395182524877,2.07884760781376,0.0065825241146724,1949.4208357254836,1977.4868105402445,2008.7199379962076,1949.24200148113,0.3740241746070021,-0.0861926021668488,12.89585793610651
10.32,0.0662254025725676,-0.0058752558262142,1.5732359156088969,-0.0014199077472218,0.3049520399811056,-0.0007867272481554,0.952366325650791,0.8572856976614399,0.0144176084086317,0.1859959177288044,0.0209401956628536,2.009587744808948,0.0090892282313868,1934.2693222589812,1949.338097090076,1991.4775730429608,1944.0886859540967,0.3740241746070021,-0.0861926021668488,12.89585793610651
10.33,0.0737706725487512,-0.0057507887407317,1.5738806800498168,-0.0014066711908184,0.3138739869686012,-0.0008179548066384,0.9494632549659464,0.9369201666847672,0.0152506291580557,0.1737679709834416,0.0386262136253723,1.956727983962424,0.0184641727795871,1942.2872604851284,1916.689913140203,1961.407518154692,1958.3883813803184,0.2160057538286013,-0.2070764443469934,12.534325053891395
10.34,0.0822220718733098,-0.0055766588645301,1.5741148148046231,-0.00145822344134,0.3222008935996446,-0.0008480300006816,0.9466698149793852,1.014775410414984,0.016038720251758,0.1572452172743021,0.0499157822633762,1.8477091799666732,0.0276321908712581,1948.254398885069,1893.3646132671067,1939.9728853419988,1963.431801592801,0.3476622705738199,-0.1689422859379696,12.325620028450556
10.35,0.091982457989816,-0.0053658883269138,1.574360405727137,-0.0015378326134569,0.3297586430103212,-0.0007972467647015,0.9440636826127996,1.0828683645295538,0.0165299869532167,0.1473640609825411,0.0470287588612857,1.61444557861717,0.0286340250467107,1925.601156940804,1893.6744851429237,1946.40171905929,1938.571194304308,0.3646531337945209,-0.1010602831424353,12.00278555366566
10.36,0.1033296431911875,-0.0051337991990358,1.57504055255649,-0.0016109362859712,0.3362978435267741,-0.0006222650206936,0.9417540964125232,1.147774000344456,0.0169384941802558,0.1481022266252777,0.0411640494427025,1.2631218064534673,0.0213139960879611,1877.9025444375227,1913.8567525929288,1967.6659486221135,1893.41513921658,0.3646531337945209,-0.1010602831424353,12.00278555366566
10.37,0.1162611152364697,-0.0048941228313523,1.5764297582691502,-0.0016456904743286,0.3416409197956736,-0.0003361397817439,0.939829059262415,1.222952887975298,0.0176264056898717,0.1544679670842816,0.0472800148627779,0.8981371937868552,0.0138321907945988,1835.146478386169,1925.6959924534751,1965.292809073804,1853.4163879515963,0.0213484476488794,-0.0384249580699942,11.798009522054148
10.38,0.1304082665244877,-0.0046579943427102,1.5785833733135632,-0.0016132745085983,0.3457789763396925,-2.2623747073093296e-06,0.9383146044167254,1.312385017377424,0.018608667578277,0.1570188033633607,0.0657565581675639,0.6455538623290648,0.0144957650255777,1820.577540407127,1897.4186694994933,1914.3463597320936,1832.8385529723696,-0.2696758095039122,-0.0632120973398739,11.350117404882573
10.39,0.1450939244418085,-0.0044356840754554,1.5813528053489556,-0.0014940597056256,0.3488975626093308,0.0002963790367635,0.9371596292789882,1.4084499048427783,0.0194986820444803,0.1488418736783343,0.0822474710489752,0.5247767966608641,0.0235100052756696,1826.326507281061,1826.8020539879096,1829.2865455289511,1824.8595873550123,-0.2386774192646754,-0.1020627533342249,10.8070666815753
10.4,0.159547774560902,-0.0042382923725035,1.5844518584899776,-0.0012887097754208,0.3513148395824992,0.0004966055851697,0.9362563623811218,1.502602264019416,0.0199111804071258,0.1304401503766835,0.0832068587096705,0.4147465560046542,0.0329871253052045,1823.8299459881543,1748.0923693744148,1748.3962723415234,1812.5491190449527,0.0059905200410295,-0.0515169644058493,9.970027506087836
10.41,0.1732162062698998,-0.0040767889656391,1.5875320401183408,-0.0010250001237265,0.3533181624262473,0.0005812736083265,0.9355024786688052,1.5889246316511922,0.0198137976628328,0.1095425929418962,0.0684773389393299,0.181018536071331,0.0348850758661355,1794.416172432996,1699.4994152686995,1699.3750051373145,1785.4582978213134,0.0059905200410295,-0.0515169644058493,9.970027506087836
10.42,0.1860522527018276,-0.0039586284026411,1.590245966466549,-0.0007495534727748,0.354941285013591,0.0005796762179653,0.9348881143420182,1.6587524807890124,0.0195111501271871,0.095437881596072,0.0495820778685295,-0.1773065274021858,0.0283179864078239,1745.3159346104148,1687.532199273047,1683.5344655335307,1747.0588135607045,-0.2384876174146288,-0.0705528405041128,9.106073011410391
10.43,0.1986548148231914,-0.0038846701079906,1.5922999615555884,-0.0005037744011388,0.3557967174194012,0.0005457007649503,0.9345630766810804,1.7041632206104815,0.0193962503232996,0.0907605642581506,0.0386490953883715,-0.5450525736042058,0.0189452126678224,1698.6774482996036,1687.937557183589,1683.640341801315,1710.1413005978202,-0.2384876174146288,-0.0705528405041128,9.106073011410391
10.44,0.2121486056945323,-0.0038488968895076,1.593499499986505,-0.0002988823187838,0.3550868463263874,0.0005277547169418,0.9348331207816176,1.7314994941073552,0.0196977030097732,0.0870729446471211,0.0396413172319761,-0.8462861871144234,0.0122685527804283,1671.6739150982833,1675.772969361521,1678.4813785812107,1686.8418322423497,-0.3604690104875576,-0.0683676711012645,8.871525010398514
10.45,0.2277900760111915,-0.0038411653493438,1.5937823094880506,-0.0001103780002068,0.3518380121123552,0.0005448579835706,0.9360607374413804,1.7630911663278126,0.0203180554643054,0.0699222919537116,0.0478349435426694,-1.1379915254500328,0.0084646041928464,1667.0191808690822,1647.7190768743003,1656.9317358631308,1680.1380313492664,-0.3604690104875576,-0.0683676711012645,8.871525010398514
10.46,0.2464400664781028,-0.0038512162286103,1.5932299756253887,0.0001010236111664,0.3452810412826569,0.0005778853700826,0.9384991520366404,1.8191557077119052,0.0208437744910033,0.0308174184402725,0.0548930595047708,-1.5391493636088471,0.0032254089701566,1674.9868445252991,1618.950482410832,1627.957270064985,1681.0750683391473,-0.7045338498355456,-0.0813572272513344,8.406113439164969
10.47,0.2681537572524696,-0.003871687364607,1.5920514937727597,0.000356457986629,0.3352128188239692,0.0005786392521399,0.9421421889557906,1.9005951665812784,0.0207955582439046,-0.0249527762299506,0.0544345138215304,-2.096430725795912,-0.0072906188850863,1679.9328538604354,1606.5153633626917,1614.595723902224,1675.106207327737,-0.5563849274101789,-0.1141050051499896,8.39927879739984
10.48,0.2920972154266222,-0.0038986790844224,1.590536909164456,0.0006387755786804,0.3221642706402338,0.0004937189785154,0.9466834375493092,1.9912448414915485,0.0199892775356333,-0.0826088137190317,0.0455452621324388,-2.7327719444447665,-0.0222910141437,1669.0341655011598,1617.2550032426077,1631.8855160688936,1654.9396298912006,-0.5686316998503558,-0.0969692307162572,8.480785479796054
10.49,0.3168298198608504,-0.0039297680228958,1.5889877722370973,0.0009000544423089,0.3072720344194395,0.000294300254677,0.9516212482669244,2.0725219488004964,0.0187076162910233,-0.1294126891196968,0.0329426143541791,-3.307207393567793,-0.036709894062194,1641.466885153067,1646.266093913452,1671.6149203823716,1627.8851260964984,-0.7153079239550313,-0.1312974620708569,8.557597360619447
10.5,0.3408144751834908,-0.0039606194873221,1.5876427334084902,0.0010901019631124,0.2918761168923866,-2.326685663648042e-06,0.9564555107584036,2.1337735567000755,0.017501049034227,-0.1616872954906954,0.0230032055724229,-3.709867503421136,-0.0457326007971701,1610.543416055798,1681.2084386357185,1710.5017553238958,1608.703781630285,-1.145371997284093,-0.0776193592307633,8.651143725485671
10.51,0.3629304444181614,-0.0039820970906715,1.586621344854698,0.0011848253459348,0.2770101515850954,-0.0003335231357713,0.960866203417531,2.174419807064422,0.0167579970942174,-0.1825565553662703,0.0183713575795754,-3.9166526310978464,-0.0486768128010157,1593.8131955119768,1708.142381551766,1730.2253276398053,1605.6065720023116,-0.5554485079072435,-0.0645012098133996,8.853258307826346
10.52,0.3827858386571579,-0.0039797723808711,1.5859016221110642,0.0011968887719689,0.2630525609882477,-0.0006179828952092,0.964780563502361,2.203040938575615,0.0164259842644149,-0.1960986654062144,0.0164953111056605,-3.984961124947814,-0.0481657536349249,1598.5101140151166,1718.9312285593116,1728.9944258629748,1614.7626911646391,-0.5554485079072435,-0.0645012098133996,8.853258307826346
10.53,0.4007334692004418,-0.0039369211623392,1.5853342651361224,0.0011659186966627,0.2497484404781848,-0.0007951353125739,0.9683097256932524,2.2331533468987117,0.0161574135038912,-0.2047179393689909,0.0135044981091435,-4.0107833984447385,-0.0466494881103187,1615.7808164246424,1717.7235210415488,1719.7373855052267,1626.5858316986637,-0.5554485079072435,-0.0645012098133996,8.853258307826346
10.54,0.4176417191178051,-0.0038405903748593,1.5846871181105473,0.0011373253817547,0.2365427202333865,-0.0008546706286625,0.9716200479270086,2.2734966528716543,0.0157079441262955,-0.2104088706542742,0.0084830369271688,-4.074482822830098,-0.0450498957624459,1629.2163318115172,1719.6239683077931,1721.149607579572,1634.2454242498188,-1.4654901438659635,-0.1313248384453056,9.324565359368716
10.55,0.4345809524411229,-0.0036885575162699,1.583708206036728,0.0011411950314223,0.2228984882247935,-0.0008402416233394,0.9748406308802564,2.3204805404676376,0.0151342012830984,-0.2165299727891895,0.003191546637003,-4.201335440013398,-0.0439309486670964,1630.23461891068,1739.2460032110282,1746.1727667435275,1637.116444483178,-1.1357326800437515,-0.1294932296107879,9.486148072798867
10.56,0.4525737521333303,-0.003493780412691,1.582191735320092,0.0011791441149102,0.2083347714452395,-0.000827207642794,0.9780565159302052,2.362829123295187,0.0146199627192602,-0.2270704811933047,-0.0014064425596154,-4.357149264519799,-0.0441004857256956,1626.2620205081173,1777.619695747386,1792.5467346413425,1640.151549204909,-1.1357326800437515,-0.1294932296107879,9.486148072798867
10.57,0.4724450415812071,-0.0032832849664591,1.5800284725996614,0.0012228175059431,0.1922753512161408,-0.0008867966063395,0.981339853274,2.3942736932709785,0.0142233336473151,-0.2433952451666733,-0.0065596298720859,-4.4802931694802,-0.0458301730384216,1634.1800556456187,1821.3779175881025,1844.5118059849171,1652.133665089554,-1.790267588695583,-0.102930820866568,10.21458032535267
10.58,0.4947191195990704,-0.0030908814280312,1.5772236800990096,0.0012246848338063,0.1740334243864044,-0.0010536854486394,0.9847384206429516,2.4198481643536707,0.0138540769179245,-0.2621724764359032,-0.0127740906806568,-4.529720072413562,-0.0484264493427733,1665.3353117051545,1858.4117209245285,1888.3707125273831,1681.530473682937,-1.9667249809807097,-0.0700587752242088,10.774617968786668
10.59,0.5195249577192781,-0.0029465015177246,1.5738764577494695,0.0011387099626097,0.153097396318359,-0.0013124775288594,0.9882095769536422,2.449511668369786,0.0134263905208177,-0.2776778476004607,-0.0156871079239895,-4.517430203012847,-0.0506836433945674,1714.9588719104347,1893.0301818875016,1926.144369568999,1727.6144549677697,-1.9667249809807097,-0.0700587752242088,10.774617968786668
10.6,0.5465448200261224,-0.0028668101659894,1.5701306729053033,0.0009439505947225,0.1295266523237268,-0.0016110683269292,0.9915741826781944,2.4870836582640385,0.0129434232147236,-0.2858526411953079,-0.0072928435953542,-4.4978537304204735,-0.0514140570195883,1765.1174229182811,1939.4196317677547,1969.0677912679012,1774.8974394946813,-2.113198522817476,-0.078261603111215,11.968915712826307
10.61,0.5750777467412796,-0.0028506484893353,1.566119426628283,0.0006595366380679,0.1040956120512304,-0.0018945955220401,0.9945652713979664,2.5263294034799584,0.012436382735011,-0.2851273008010742,0.0134779830837436,-4.515917516469534,-0.050249651109046,1800.390477397429,2000.3131297330383,2019.5092017547756,1805.0544592586527,-2.105926374942364,-0.1083437106071655,12.406508508834952
10.62,0.6042397978312257,-0.0028800828347036,1.5619268390215657,0.0003399480025418,0.0780136359847377,-0.002138632130465,0.9969499402118478,2.557536053086788,0.0118890768881976,-0.27479933845738,0.0291291600157993,-4.560424079204848,-0.0489614072282425,1821.741427073418,2059.6545179449718,2067.620875039517,1819.1050714061475,-1.7798013700175344,-0.1327427916751817,13.160159820102567
10.63,0.6332284188357337,-0.0029256889066127,1.557585442434171,4.979371362977203e-05,0.0524093397999975,-0.0023580958072636,0.9986229008021388,2.576748359717551,0.0112671219183335,-0.255916464710726,0.0108405995829545,-4.576285235626987,-0.0512434294667592,1842.6057831436945,2098.398535093233,2105.874303871557,1839.0420590126391,-1.7798013700175344,-0.1327427916751817,13.160159820102567
10.64,0.6615323601436232,-0.0029541215570497,1.5531150496771156,-0.0001673223546907,0.0279268325711152,-0.0025856207154842,0.9996066119185538,2.5877278857293167,0.0106052989535704,-0.2337947092260773,-0.0501090749041985,-4.528192789270825,-0.0591071838796578,1872.4372496482288,2113.8355013776536,2137.586374319487,1879.7755230760465,-2.5049169636457096,-0.1035437109705935,14.034874667814403
10.65,0.6890116307538359,-0.0029363431896878,1.548588282873126,-0.0003051157986923,0.0046113996230891,-0.0028374004637346,0.9999852954201248,2.595564052212107,0.0100148153607733,-0.2150871522091264,-0.1187877941512741,-4.444156457839228,-0.069077547670861,1908.7699619765,2124.141945650252,2169.412103567835,1927.3570492064864,-1.7682849269491867,-0.1308501788011909,14.476074211744429
10.66,0.715843464412479,-0.002855118752651,1.5441894382010588,-0.0003867232528867,-0.0179581310813581,-0.0030961047044869,0.9998338712550447,2.599901771915584,0.0095788704463941,-0.1993413365605943,-0.1406346123060275,-4.386900355023273,-0.0741006278427893,1944.1924776427763,2154.5372009250746,2204.134771656251,1956.6038536079825,-1.820582164658172,-0.0080832731233208,15.198982184295245
10.67,0.7423662715598459,-0.0027101350988673,1.540234795469843,-0.0004415105741868,-0.0403754838653958,-0.0033218184925971,0.999178958391814,2.5951633463372223,0.0092660418354273,-0.1767099670510155,-0.0997174878126638,-4.385550316924366,-0.0707550343754229,1974.3090507673453,2211.2593650112635,2240.954454880852,1965.944970887993,-1.820582164658172,-0.0080832731233208,15.198982184295245
10.68,0.7688754736892828,-0.002518785426335,1.5371444951977298,-0.0004864496826911,-0.0630289656093843,-0.0034863128672581,0.9980054902070974,2.5771071881841388,0.0089704020898995,-0.1380265851055031,-0.0427614507175348,-4.405269387278836,-0.0631403023511686,1997.35926332326,2265.5875843540325,2271.032569459689,1979.320400620791,-2.719209037999977,-0.1423202572836399,15.933477281752596
10.69,0.7954612063578961,-0.0023112744272273,1.535378974273229,-0.0005240555604217,-0.0858735365561966,-0.0035977133137056,0.996299411594734,2.5483653689655794,0.0086240659803141,-0.0846070078463699,-0.0290266097371216,-4.388141526524512,-0.0578292904433386,2011.0145195464884,2274.311227664615,2272.947918906097,2010.0126052737253,-2.107646729241614,-0.28,16.3280168832843
10.7,0.8219744156853187,-0.0021209070337737,1.535363352599795,-0.0005537440197404,-0.108561745069723,-0.0036990551883318,0.994082671544822,2.516400222272281,0.0082585755298174,-0.023225794845279,-0.0598939538883541,-4.322755190682001,-0.0563717448172086,2011.6797465374527,2224.157061033078,2230.0824105056363,2036.406310151812,-2.0413222093755734,-0.0637776455308778,16.6907828733568
10.71,0.84812215158105,-0.0019732667674701,1.537425560457925,-0.0005827068189882,-0.130851660339301,-0.0038421151242186,0.9913943421215312,2.485302201370564,0.0079600101904034,0.04637688026688,-0.0774806008909421,-4.2747648637932585,-0.0557531071355974,1994.919529437448,2148.098273488241,2157.623189652124,2023.554449965662,-2.5490607089071515,-0.0302706055073678,15.94567163555201
10.72,0.8736012780834146,-0.0018791095482893,1.5417706913557208,-0.0006275833692613,-0.1528983598307206,-0.0040567565309294,0.9882333937014266,2.4502686073688964,0.0077581377427747,0.1317410315936625,-0.0378371295076508,-4.349030932560134,-0.0561566270718145,1956.9260759840688,2090.0399583198305,2095.7837777555505,1961.7380431046165,-2.5490607089071515,-0.0302706055073678,15.94567163555201
10.73,0.8981841918823619,-0.0018338827971599,1.5484937090466837,-0.0007094368128439,-0.1751460859811512,-0.0043377908205617,0.9845326448806504,2.4016256253793795,0.0075661662761321,0.2340097589016956,0.0333403141874591,-4.608066284964209,-0.0644046339253258,1897.8319604181388,2059.75734178798,2068.5966768466697,1874.973723091856,-2.2641519107977004,-0.1731943001289122,13.811031864974249
10.74,0.9217512920503368,-0.0018232266003474,1.5575906039171197,-0.0008447359208785,-0.1979520226628885,-0.004657029427806,0.98020028321859,2.335285124976012,0.0072692017757648,0.3393637382894642,0.0720690477029557,-5.00458126794855,-0.086214165275024,1824.8964395017083,2030.5954827350804,2061.7704231925927,1796.297485065035,-2.2641519107977004,-0.1731943001289122,13.811031864974249
10.75,0.9443172343638004,-0.0018311423834987,1.5688921454183444,-0.0010273345502294,-0.2213253382744195,-0.0049894825614385,0.9751867227793888,2.259125436554906,0.0068879264133749,0.4267015516276828,0.0515885240769009,-5.388341394379291,-0.115823833816463,1754.682197246757,1978.617637068656,2047.2568280457356,1743.078076124713,-1.7063303471273077,-0.1326146322676477,13.219117859444363
10.76,0.9660681593218128,-0.0018469292725827,1.5818638854939264,-0.0012018753253464,-0.2450188904321019,-0.0053353893007106,0.9695028790303482,2.1876476204917137,0.0066129748618493,0.4813745722706167,0.0093373447166958,-5.6021365412956765,-0.1385041839218955,1711.0528980770373,1915.68668326946,2018.5936916116416,1712.4960986499275,-1.6823974825586436,-0.0183438530758456,12.446093069306317
10.77,0.9873593047109444,-0.0018680838981675,1.5953121134477335,-0.0012494197953583,-0.2688464078848538,-0.0057281992301768,0.963165217214142,2.1287595811038664,0.0066337894390822,0.5018832866254529,0.0032664603691428,-5.597382067558343,-0.1489514967879303,1711.0606710686438,1878.9338539233947,1993.7272295377325,1689.24222623861,-2.150061802222554,-0.2071137324373338,11.79996104758653
10.78,1.0085978981795576,-0.0018982253995502,1.6071653033774218,-0.0010129096207093,-0.292881153608263,-0.0062297204990857,0.9561280220021252,2.075700151742983,0.0069331795987899,0.4998766998586614,0.0580426932423089,-5.46380827733829,-0.1666109825069002,1744.447675536844,1890.401441384328,1989.3821261094731,1655.8026063904076,-2.150061802222554,-0.2071137324373338,11.79996104758653
10.79,1.0299964079783182,-0.0019410292316073,1.614575552793664,-0.0003648443849748,-0.317331232118818,-0.0069150826648132,0.9482894798753524,2.012666617423464,0.0072738501042043,0.4981374649830453,0.1535797790643917,-5.342838768233412,-0.2229179914974397,1773.3513770827824,1937.244408843448,2003.7154879738064,1607.6552644011772,-1.895138284170259,-0.1751746200378357,11.55012957470464
10.8,1.051286662613635,-0.0019926756272377,1.6145223281733494,0.0007163593141079,-0.3422205912247484,-0.0078468838766801,0.9395866006838022,1.9291388852915432,0.0074016599495173,0.5189322000032435,0.2468541136694327,-5.301915131433999,-0.3226300392944991,1764.2089478768737,1995.1108951602475,2026.4747321453467,1567.558792550902,-1.895138284170259,-0.1751746200378357,11.55012957470464
10.81,1.071549229283073,-0.0020361204259331,1.604883377320803,0.0021072136251979,-0.3671767628065889,-0.0090418132522531,0.930104848992157,1.8305284715424452,0.0072624514428404,0.5516467366817057,0.2936307498554312,-5.272388558837996,-0.4200036054630533,1719.5479095410462,2056.778012647645,2057.252812548626,1574.9345097287671,-1.460770028670355,-0.1837320888579629,11.929791541303745
10.82,1.0892835980963311,-0.0020403060103588,1.5856424884094364,0.003562878934757,-0.3914855570936032,-0.0104434686770754,0.9201180894009194,1.7363495967035916,0.0070280130530847,0.5222079502859897,0.2613826580288946,-5.094325217377481,-0.4465660881579041,1670.1131770142638,2125.881117262514,2103.9638790268727,1644.3993080026712,-1.7232483001146663,-0.2325917195039164,12.112457725179896
10.83,1.1027442079486094,-0.0019660626436871,1.559675011600302,0.004794307127799,-0.4142991101775078,-0.0119187908392154,0.9100501109006144,1.665453755526384,0.0069383301068618,0.3260148347388509,0.1448147181120271,-4.633431502394031,-0.3697942878921654,1640.4415913377056,2193.96613371383,2164.5365906030547,1738.438944025082,-2.2255495890553743,-0.2509991467755408,13.295758912941878
10.84,1.110455899825035,-0.0017779887137173,1.5325382919579147,0.0055634787689662,-0.434766865732215,-0.0132850809419747,0.900427857626439,1.616178961104029,0.0071413938401785,-0.0571515476269539,-0.0185852417218111,-3.875901750367332,-0.2219256325584276,1635.9392202116755,2239.829901256568,2218.630871257196,1800.7828781903968,-2.2255495890553743,-0.2509991467755408,13.295758912941878
10.85,1.1117503122684786,-0.0014586737663357,1.511006255658544,0.0057579239068244,-0.4520123061880587,-0.0143590906052648,0.8918775352501181,1.5553569769789823,0.0076783951260571,-0.4741584665850117,-0.1566862366377099,-2.9052193164337936,-0.0714250292741688,1660.167578881434,2247.4260445589725,2238.6140661164286,1818.8178872708047,-1.317790545263234,-0.0577971656717122,13.807925679933073
10.86,1.107140721472693,-0.001019557355087,1.5007170717869869,0.005419590616876,-0.4651102121455087,-0.015011768115572,0.8851089003131477,1.4314046120912651,0.0085644459917082,-0.6783988724229153,-0.2052920584195029,-1.7872806655508442,0.0288570056145316,1724.5208034477282,2211.968920767168,2203.076968432716,1835.4706421799608,-1.6964933553576538,-0.0797925511358282,13.829515351598934
10.87,1.0983649798227628,-0.0005029803948291,1.5039607835731847,0.0047213003705346,-0.4732528335935811,-0.0152116075504692,0.8807826473166851,1.2138189236207353,0.0097760484067181,-0.5445156620857899,-0.1549439516718794,-0.5494449015962601,0.0677260336993775,1830.3430081013228,2132.29912607308,2105.7165334369192,1894.56593564016,-1.6964933553576538,-0.0797925511358282,13.829515351598934
10.88,1.0879994253912475,2.6937457321078582e-05,1.5187839158072625,0.0039002829166912,-0.476111060519534,-0.0150402940782423,0.8792478805195805,0.9296108698706036,0.0111186097913587,-0.1918945746279365,-0.0573077517297955,0.6567897401531029,0.0634482806881181,1947.131574815948,2016.5683187892664,1969.252548600774,1986.440771760697,-0.2697344345627268,-0.0729234787177104,13.803555191223843
10.89,1.0787210424439049,0.0005021877036471,1.5399275113540032,0.0031723988918567,-0.4742036798574361,-0.0146696218604831,0.8802872304477712,0.6523104950936673,0.0122193368813141,0.130057979226654,0.0162790096264374,1.456154936127093,0.038798176080659,2019.217080611344,1900.790945084185,1851.0191994517795,2052.910538478611,0.3343994851707554,-0.0469041206730457,13.495799089490086
10.9,1.072505580432359,0.0008707960222191,1.561041434433794,0.002660034359233,-0.4690213696624651,-0.0143037835368916,0.8830669741269246,0.4438963902086945,0.0127778305603813,0.2660387285236338,0.0262343835215146,1.489964954149616,0.0090540190025851,2004.1643901367809,1836.993216980584,1808.2459420328064,2040.253650344967,0.4913706168781866,-0.1407577872395568,12.778731981628706
10.91,1.0701178294186044,0.0011105190705891,1.5769692774209985,0.0023648167189446,-0.4627285528569969,-0.0141093723678433,0.8863845777224132,0.3099998335421361,0.0128171100402337,0.2472177659718185,-0.0161165682965875,0.8012976961032241,-0.0175950230802503,1906.703305339472,1842.498611349063,1842.0463924684216,1942.8645460459456,0.7840276597516533,-0.0521102409450303,11.94462070924117
10.92,1.0710885251527973,0.001230750074689,1.5851285241482211,0.002198044550075,-0.4574715763330861,-0.0141630581329991,0.8891087297017158,0.2145381194304215,0.0126419233981765,0.192250615308407,-0.0695278961432043,-0.121667413977984,-0.0396576195178286,1768.7485049696827,1876.935012107091,1891.505780288854,1798.9414772059724,0.1675058947544752,-0.030916234902589,11.916694634744232
10.93,1.074109314242092,0.0012627951612982,1.5857504617791995,0.0020517163283906,-0.4545736381239372,-0.0144382671233065,0.8905897677524437,0.1264505274363682,0.0125779999037059,0.1713552061253193,-0.096890803313464,-0.7345530204530539,-0.0612127058831047,1628.8027717790244,1887.4866887283465,1896.0349599570177,1655.1620756957557,-0.3846657257918719,-0.0333463259122144,11.176404171201453
10.94,1.0776076577493043,0.0012439305305446,1.5812862010946822,0.0018690712264283,-0.4540231838002216,-0.014833184484315,0.8908644295192816,0.0410731959719194,0.0127777722316546,0.1767923518831817,-0.0831105934053075,-0.8115854798944315,-0.0830749367559108,1502.7140329194758,1860.5151058288288,1850.8464119471937,1541.2562590764346,-0.236850516055818,0.0016563052481664,9.972373190259027
10.95,1.0802556317736451,0.0012025541352058,1.575376110947583,0.0016744148527966,-0.4545334316999913,-0.0152228678674842,0.890598012627369,-0.0368137151082158,0.013215504813352,0.1809013593806925,-0.0331397688158648,-0.4355929338103128,-0.0950686535357803,1398.7155206592606,1814.153548205236,1791.9931270022516,1465.0080997012806,-0.1459488634324808,-0.0560326229408998,9.125889320528117
10.96,1.081263146997503,0.0011501240403501,1.5716957446497395,0.0015498024282186,-0.4541249501513515,-0.0155076647569617,0.8908016839320926,-0.112962097717735,0.0137589799308724,0.1819750295877408,0.0356733185403928,0.2461547711349297,-0.0844204867845514,1328.2203758546727,1762.5489957071802,1742.837353012911,1413.5909005119777,-0.1459488634324808,-0.0560326229408998,9.125889320528117
10.97,1.080425253226929,0.0010820398430502,1.5729539628956353,0.0015813883879099,-0.4508950021703006,-0.0156357781275165,0.8924386358013408,-0.1986819678569474,0.0141899488345594,0.1970612692193117,0.0995323642765376,1.1397795430572395,-0.0525564277506113,1293.0849398090606,1707.560621010073,1692.4906528304728,1362.4485165682004,-0.1182053711632704,-0.1102359412287481,8.135587161575344
10.98,1.077982865212467,0.0009858764436621,1.580263735300747,0.0018136934147039,-0.4435950005933469,-0.0155970961642627,0.8960897926859946,-0.2937286206147241,0.0142256756286137,0.2343684135080571,0.1362760491824426,2.1440215091839128,-0.0164267402468919,1273.6633388263415,1648.2723215603396,1620.846998531619,1296.3096506755744,0.0993702709421171,-0.1050542537382026,7.444654172567347
10.99,1.0743982063461814,0.0008525763541491,1.5929848869100938,0.0022351808960901,-0.4318271481270367,-0.0154029993183948,0.9018220809665448,-0.3843959979840262,0.0136711666383872,0.281926372876263,0.135952565949659,3.12406134723368,0.0087126425100834,1237.770759031816,1578.2611798699295,1525.8383965650205,1220.455469689567,0.3891932181199569,-0.1459104547919326,6.200080534497261
11.0,1.0701436723602715,0.0006851276075455,1.609028580608198,0.0027906922232906,-0.4159034182596842,-0.0150695818156808,0.9092796414858992,-0.4582172765787495,0.0126167165770872,0.3172045235603379,0.1055318056534123,3.987582456162493,0.0219238321320403,1164.5086365238176,1484.3837617447207,1420.4651666790655,1146.7474434799644,0.3891932181199569,-0.1459104547919326,6.200080534497261
11.01,1.0655682766282677,0.0005004884226768,1.625529964167312,0.0034015586772901,-0.3965308634868191,-0.0146122657012612,0.9178987882070868,-0.5144203972869315,0.011401057608118,0.3234047607910541,0.062146689866974,4.726232580445918,0.0305229537829299,1065.2752283912291,1366.058055695167,1316.4347840813316,1079.7177309105575,0.169137713161636,-0.1455674366287577,5.338470291336254
11.02,1.060858028192903,0.0003240109126932,1.6396909142373226,0.003980224434287,-0.3744910198521902,-0.0140500678589506,0.9271155426680528,-0.5600552632423694,0.0103091044564319,0.2979533393268029,0.0207072593957094,5.365661094810234,0.0380696878686667,979.4519562841308,1249.328917648098,1221.2726092758094,1024.1810326075624,0.5590734797586803,-0.0408312324423649,4.158904244003192
11.03,1.0560666454962595,0.0001797515446062,1.649514002663525,0.0044403447490344,-0.3504286483341919,-0.0134134007634971,0.9364828489861086,-0.6008931715747676,0.0093725394347403,0.2484279074449796,-0.0128190052331365,5.914608522545431,0.042855786602324,939.3847884963302,1166.811990009373,1144.604127134816,992.3276570575166,0.5590734797586803,-0.0408312324423649,4.158904244003192
11.04,1.0511745481820305,8.20807480370146e-05,1.654188831391032,0.0047110577742211,-0.3247787466973626,-0.0127474713218856,0.9456923778921116,-0.6373765609626968,0.0085113333759602,0.1827174148586214,-0.0383798379707894,6.373191437402129,0.044865098685538,941.7607344711604,1124.9065814367025,1094.2368002307194,991.647594783685,0.3647263657383555,0.0057786262797658,3.80637846012632
11.05,1.0461390106981523,3.2503835570752024e-05,1.6540509361913096,0.0047594349499887,-0.2977768557236997,-0.0121044802875791,0.9545468943594292,-0.6670112938965531,0.0077551348725478,0.1043874683150721,-0.0561071540295661,6.765681354755484,0.0488024705997116,965.5989527992834,1096.08350058634,1060.5593018419922,1018.3306314479736,0.6661245233417028,-0.010007469143066,3.480729441663649
11.06,1.04091945029353,2.2088332769080028e-05,1.6502060928653188,0.0046112710922692,-0.2694977260531507,-0.0115264660148482,0.9629210000889498,-0.6889524368762459,0.0072206094231206,0.0173442483222857,-0.0653886556717181,7.134179418366614,0.0587586081198682,1014.2547551485112,1042.230036108764,1014.1387082310516,1074.5669675147428,0.6661245233417028,-0.010007469143066,3.480729441663649
11.07,1.0354841589528725,3.706516798583728e-05,1.6440095030909314,0.0043510857756632,-0.2399361034438631,-0.0110312239492225,0.9707162543271493,-0.7056242980773642,0.0069239322522228,-0.0687219042167124,-0.0666814192364989,7.463917617549166,0.071714625733658,1118.458513618445,957.4294743513988,942.6548310466076,1178.6543356468496,0.1917440981062947,-0.0240692759629075,3.5386373573589065
11.08,1.0298146782527422,6.438357136110452e-05,1.63660044774462,0.004091310348419,-0.2091745987980721,-0.0106124605282035,0.9778121619609952,-0.7200493479028968,0.0067002203142565,-0.1436911813181408,-0.0606370810307936,7.602688510117931,0.0784237948270947,1290.3215652009246,903.2054449752046,899.1206022004724,1339.8691779484936,0.962024712683563,-0.0918587563246013,4.560770324975004
11.09,1.0239199421087937,9.488779065959428e-05,1.6286441144696229,0.0039231309652595,-0.1776431134919638,-0.010252114432539,0.984033753192426,-0.7327914431985544,0.0063193011673093,-0.2086257763794149,-0.0462061078813499,7.30306094788024,0.0715128594889122,1490.0725853262304,979.97566604347,980.2133552932216,1528.4511894028929,0.962024712683563,-0.0918587563246013,4.560770324975004
11.1,1.017859880413164,0.0001233793984279,1.620335926825558,0.0038760480132163,-0.1463624115058551,-0.009933028369973,0.9891735720779196,-0.7423016988720063,0.0056792406030674,-0.2758297057740246,-0.0231341665801259,6.42011524020951,0.0526406877657528,1651.5388831858245,1225.6340952395426,1221.105688676811,1686.753550241146,1.9129063340218808,-0.038870799747264,6.388317757773636
11.11,1.0117633606578813,0.0001463269711611,1.6116039181944146,0.0039072868641394,-0.1169283829473938,-0.0096427381136021,0.9930858492458452,-0.7477775574829939,0.0049034183010299,-0.3542739418310734,0.0016650001266213,5.104676757570234,0.0317577478590474,1738.2959210589383,1549.5962913695023,1529.3941669535538,1776.1544049326883,1.464309689240476,-0.0611298184457166,9.555489017072505
11.12,1.005818239157214,0.0001589031418081,1.6023621779631405,0.0039238279795152,-0.0910572983929979,-0.0093691217861305,0.9957938499209122,-0.7508101126485878,0.0042498154559942,-0.4385796103743763,0.011159842903052,3.7868203042370823,0.0195364944904054,1771.8216002785423,1803.153394074544,1762.3849319525875,1811.149287485816,1.464309689240476,-0.0611298184457166,9.555489017072505
11.13,1.0002202536934195,0.0001531665554265,1.5926740352946291,0.0038239751761416,-0.0698718465817133,-0.009097227304375,0.997507164247198,-0.7536855018653423,0.003894614352874,-0.5136504341804735,-0.0135079277515027,2.921651127076386,0.0199544373051986,1808.22609752472,1915.3507000401216,1864.016865863836,1845.683598991134,0.6500479993429406,0.0075899294528624,11.415691294337858
11.14,0.9950875729547805,0.0001185818307676,1.5827642128949424,0.0035389026434791,-0.0534043720759066,-0.0088158116288785,0.998527781624819,-0.7562279623072732,0.0037539944219449,-0.5660600022178347,-0.0734206317945132,2.678755364115775,0.0284106092443782,1888.114313958216,1936.646199737597,1895.6691744870925,1923.456393862933,0.6500479993429406,0.0075899294528624,11.415691294337858
11.15,0.9903664627262414,4.48893319367267e-05,1.5729113879491872,0.0030569284390885,-0.0406552212358313,-0.0085300817350914,0.999132146355214,-0.7554462522108368,0.0035000674563629,-0.5897675654967652,-0.1372745014932829,2.821592844163845,0.0352283302986122,2002.6031748724251,1958.4765995697107,1941.3248640269776,2037.2689409506968,0.6696212616591307,0.0289955078266273,13.08819080402482
11.16,0.9857630611522372,-7.399834390730273e-05,1.5633010808964525,0.0024219476405258,-0.0301054182510316,-0.0082655982186639,0.9995096186869062,-0.7496023896454193,0.0028121115305057,-0.5870471638792669,-0.1570061303222724,2.9059456382212216,0.0319601419418148,2104.014352952031,2020.9869213373977,2018.9343500071072,2136.572717622069,2.2586290439660144,-0.0022588623367071,14.986470311430717
11.17,0.9807360161078514,-0.0002372453355155,1.5539163094965875,0.0017084927911103,-0.0202649570016743,-0.0080528732250408,0.999760753281966,-0.7425242016512121,0.0016920993461528,-0.570114224519635,-0.1129412847983003,2.660995891334688,0.0179330280141856,2152.9041536779505,2102.502818772813,2090.7810201654806,2178.9800151450363,2.2586290439660144,-0.0022588623367071,14.986470311430717
11.18,0.9745770105627908,-0.0004372486061731,1.5445191583202134,0.0009849889908725,-0.009896958654152,-0.0079011683697245,0.9999193225178116,-0.741650122939521,0.0005268673738285,-0.5572458520550775,-0.0418601756903407,2.201063503077948,0.002268328970019,2155.411406214828,2170.222468971751,2129.098121816738,2173.4644633086127,0.9752558101764586,-0.1377122140346892,15.755805290968874
11.19,0.9665900417554532,-0.000662538473451,1.5347495772933577,0.0002836084429198,0.0020626895581668,-0.0077837434582035,0.9999675385810354,-0.7487089807214604,-0.0002366422476523,-0.5543167414102601,-0.003983692490554,1.847339695117325,-0.0031545534695268,2150.0347395032504,2214.8205233647086,2144.82715389641,2166.4386808902987,0.9752558101764586,-0.1377122140346892,15.755805290968874
11.2,0.9563469137863064,-0.000901059120234,1.5243279605017137,-0.0004027959124613,0.0165141272113702,-0.0076499674899653,0.9998342859470774,-0.75153949821385,-0.0005018279998059,-0.5356118356460616,-0.0175543076190264,1.7604134422913775,0.0048732443641571,2159.8053722353447,2236.0648300413795,2157.480451085333,2186.341886650198,0.9752558101764586,-0.1377122140346892,15.755805290968874
11.21,0.9439414346000508,-0.0011412395793732,1.5132874440430102,-0.0010893152147899,0.0338132968372945,-0.0074563979349651,0.9993997580944228,-0.7289896107453852,-0.0005632187848959,-0.4552473465344251,-0.0415240359518393,1.7986452246556246,0.0178188992040765,2167.271265480821,2219.4991381087784,2160.893089199408,2212.111604175472,0.5518807013993084,-0.1151700415709948,16.39129327933118
11.22,0.930115999847802,-0.0013707064061574,1.5021116308347533,-0.0017560060668696,0.0532010484529643,-0.0071991883672334,0.9985563261894902,-0.6695944367751157,-0.0007321321818519,-0.2926560394049058,-0.0318103131565728,1.731421959014818,0.0251283636133889,2139.9496402943523,2151.41306556412,2132.7668547503595,2200.671720992774,0.5518807013993084,-0.1151700415709948,16.39129327933118
11.23,0.9161493930888692,-0.0015752171031371,1.491669830396808,-0.0023353064700688,0.0726522102568931,-0.00691821914868,0.9973306076383548,-0.5865615270277693,-0.0009906352957189,-0.0863426252789308,0.0015399886116152,1.5126761829336997,0.0246198792322177,2071.9438351787926,2052.6993683221767,2070.2451783175843,2137.3656408181323,1.2533016251685378,0.0624256746533381,14.48307410419466
11.24,0.903502917480128,-0.0017403865193543,1.4829446017963643,-0.0027496765781672,0.0895428942295995,-0.0066702537213308,0.9959568349516936,-0.5104374056253738,-0.001056413370128,0.0891518073896187,0.0102827944372618,1.2958987602523535,0.0210295980332415,1992.6358578169077,1973.7172719184143,2001.1864065474329,2051.5736900954603,1.092041068697215,0.1015132807465827,14.495904207541203
11.25,0.8933659782711563,-0.0018560070308696,1.4766760254264957,-0.0029717966569142,0.1018270688347773,-0.0064884003772533,0.9947765161772226,-0.4647766188630188,-0.0007364509656612,0.1839076758407739,-0.0295489773218339,1.2286802878593888,0.0174817735904615,1938.0999781939704,1948.0004740502477,1958.3640677861915,1987.091411711184,0.9425918117043168,0.0003370970840388,13.472872338850896
11.26,0.8863088144466278,-0.0019202080216531,1.473103064660218,-0.0030560711813318,0.1089393892470858,-0.0063577554698132,0.994023364335463,-0.450054606257709,-0.0001497335095439,0.2063531890969531,-0.0912491080234323,1.3024631407099363,0.013222526920606,1920.858624039264,1963.591047606676,1950.1202693478224,1964.3455386154967,0.9425918117043168,0.0003370970840388,13.472872338850896
11.27,0.8821828409870554,-0.0019407479760382,1.4719186790435617,-0.0031146073086023,0.1118763707970063,-0.0062255241260955,0.993697750690802,-0.4497223850182784,0.0003894391385481,0.201150857035888,-0.1294184548655577,1.3953967567283927,0.0088395068691309,1925.422816871548,1981.9251417430053,1957.257044302104,1968.921409392476,0.792490625428067,-0.0001089010403629,13.482534149515413
11.28,0.8802697973830237,-0.0019327643789852,1.472428945533005,-0.0032541764321225,0.1125354567802627,-0.0060386549718837,0.9936240314873312,-0.447110056688394,0.0006572096608495,0.2054530793011056,-0.1198887177257146,1.4031267293941667,0.0083628659849501,1926.9217386314472,1974.2381659837808,1953.9604204602444,1970.3764369695004,0.792490625428067,-0.0001089010403629,13.482534149515413
11.29,0.8795754945669421,-0.0019141853283048,1.4738137055721687,-0.0035150353193393,0.112811970680332,-0.0057826076174054,0.99359330978377,-0.4356106652644434,0.0006841676773838,0.2276461112656051,-0.0680618672095173,1.311320498043253,0.0140121366917844,1913.4957584613617,1940.6446427754456,1931.5976893047068,1951.548090951388,0.792490625428067,-0.0001089010403629,13.482534149515413
11.3,0.879138542370069,-0.0019006154451785,1.4753707311505668,-0.0038478048728487,0.113947798999693,-0.0054939320797069,0.9934640960855554,-0.4174940105499097,0.0006805998731112,0.2561851844270928,0.0043329161814359,1.178377331381045,0.0219264018384764,1893.7565855711468,1904.1320634420572,1903.903349191768,1921.9281562311464,0.6481136535647329,-0.0605550045679146,12.535232310555108
11.31,0.8782574077216487,-0.0019011582141013,1.4766649916485324,-0.0041402612855828,0.1163553976157038,-0.0052373662595841,0.993185204116957,-0.397574974647391,0.0008415052204692,0.2788282847735867,0.0711366862909744,1.0779643228332532,0.026233255072844,1883.471165984256,1886.5437920006143,1887.9063367137464,1903.1986137699384,0.6481136535647329,-0.0605550045679146,12.535232310555108
11.32,0.8765926363512362,-0.0019160282920716,1.477559487959878,-0.0042769372393177,0.1198414109088738,-0.0050632980741744,0.9927709237542331,-0.3783363619263166,0.00122903083859,0.2937521910642833,0.1084966240780381,1.0502302242903463,0.0264236215973243,1884.8805957134812,1884.9671354282236,1881.386753708246,1902.805307785948,0.4732800629768738,-0.0608745188907203,12.54304857564693
11.33,0.8741488086773368,-0.001936341433811,1.4781497289564485,-0.0041976081732447,0.1239828103847937,-0.0049748884439128,0.992263016190608,-0.3589447686422649,0.0017994645260816,0.3073578334819585,0.1035308691776267,1.0829989436745309,0.0278935959697328,1880.8374122281075,1873.2378139817697,1864.6042109327984,1904.2001087878623,0.4732800629768738,-0.0608745188907203,12.54304857564693
11.34,0.8711705984082071,-0.0019461735081894,1.4786507107481537,-0.0039247948101764,0.1284171550278172,-0.0049259114021967,0.9917002398291116,-0.3371144207565873,0.0024654016668174,0.3248165240883637,0.0637324662888399,1.1252133855553974,0.0349055405627002,1851.8077368732024,1830.3757620629665,1824.40438648929,1884.128339729509,0.5489403873805028,-0.1065935682283307,11.796514255423713
11.35,0.8680000404515447,-0.0019266621482488,1.4792893452663367,-0.003549524768801,0.1329418901535273,-0.0048489316230312,0.9911056162581454,-0.3112865849660023,0.0030881001633095,0.3437310106070658,0.0157906917317011,1.1227839468263088,0.0451428334940617,1798.912510954009,1763.8850361390628,1769.8409556444103,1838.2266331033436,0.5528786761200544,-0.0868193721304727,11.21501280080476
11.36,0.8649437029667241,-0.0018613922074697,1.4802369586224775,-0.0031866643487563,0.1374605460082983,-0.0046950847274415,0.9904909891769996,-0.281643327533459,0.0034710706619113,0.3568514221960825,-0.0114488830965635,1.0544933259099345,0.0520556896660242,1746.961700305625,1700.05067900044,1721.3176929645842,1787.1781128544096,0.5958698057385479,-0.0505121801915755,9.95107778938349
11.37,0.8621891046017123,-0.0017415868647463,1.4815856870007813,-0.0029257863706341,0.1418815613476312,-0.0044607974637416,0.9898692659183128,-0.2503428548354912,0.0034979504115074,0.3599843228302212,-0.0071593640442303,0.9405392264136458,0.0512486270917408,1721.0900818539878,1655.7419199802268,1689.8463687214366,1755.9249966988325,0.5958698057385479,-0.0505121801915755,9.95107778938349
11.38,0.8597873200597135,-0.0015691327528752,1.4833491432059045,-0.0028027989477649,0.1460607372484512,-0.0041847397546752,0.9892628029526244,-0.2207990944907121,0.0033570758995474,0.3557463099127627,0.0172030010959151,0.8138586642172903,0.043796015237363,1721.10645543011,1628.351334078316,1671.0142159818854,1748.1570239414127,0.4051812455674168,-0.0650619888759837,9.590365230372822
11.39,0.8576907216541922,-0.0013559342040391,1.4854670312455702,-0.0028014259770509,0.1498175689846621,-0.003917265917217,0.9887019283200348,-0.1948934812506421,0.0035580305390497,0.3492258214429458,0.0424715983858782,0.6800420749194416,0.0343551280852637,1722.7142260338103,1610.611129040538,1655.178850047923,1744.4598993589884,0.4367616969805827,-0.0616092696393224,9.435053301070704
11.4,0.855815909140271,-0.0011198861775436,1.4878105873296628,-0.0028746257989591,0.1529910165795428,-0.0036844233370663,0.988216530117336,-0.1703051666473819,0.0045647557179481,0.3417030176313176,0.0585832830332345,0.5116656265450581,0.0272200336446018,1704.96273738709,1602.1472775378124,1637.862745077692,1725.5058073671728,0.4367616969805827,-0.0616092696393224,9.435053301070704
11.41,0.8540996235826321,-0.0008798287008842,1.490200671971437,-0.0029683391783302,0.1554767253115569,-0.0034734342781293,0.9878289893008976,-0.1426659748155291,0.006325520637236,0.3304401252525701,0.0676177969098363,0.2908356492322328,0.0239763533464889,1673.4344760853082,1602.351634036509,1620.9858494029172,1693.0427905901363,0.3787294268892909,-0.0735199177060794,9.032567607220477
11.42,0.8525265399227674,-0.0006521116172164,1.4924483022076036,-0.0030358064715877,0.1572221242023499,-0.0032498252236986,0.9875532523243408,-0.1112956524952051,0.0082139399679372,0.3138552630037624,0.0749315910812467,0.0498526772983892,0.0236747546118367,1653.5221347163556,1602.9250961171094,1608.8615366303395,1666.035972921908,0.2509896284856729,-0.0672308578587669,8.913521432870636
11.43,0.8511255210696133,-0.0004492348629625,1.494410458587887,-0.0030416608074202,0.1582017261740466,-0.0029911344954966,0.9873975973484614,-0.0807072022343752,0.0095057501694972,0.2942735869870666,0.0819796459188528,-0.1496956355248808,0.0242383000770758,1661.527205395871,1596.9786811671752,1605.43606415299,1659.4797924754776,0.2383750511565812,-0.0949711533916809,8.816318817460582
11.44,0.8499469317562394,-0.0002787327263841,1.4960369395169235,-0.0029619693201326,0.1583994060216281,-0.0027098001833804,0.9873669590849736,-0.0553044608245259,0.0099263284451992,0.2747357768523009,0.0876520795987793,-0.2819166487389963,0.0238351762794312,1686.116699404217,1591.569421018202,1614.0227663990888,1670.621418016863,0.1795905798441226,-0.1327011722830398,8.898817739374483
11.45,0.8490388755467028,-0.0001408354466956,1.497382567718926,-0.0027856470910553,0.1577992964021227,-0.0024483009990406,0.987464241401934,-0.034605079570838,0.0097594241712924,0.2554102098183055,0.0921816236638601,-0.3845559634485385,0.0216466426198088,1700.6821531443472,1602.043370362208,1636.2011631919718,1684.43332589356,0.1795905798441226,-0.1327011722830398,8.898817739374483
11.46,0.848433088984483,-2.619449215548217e-05,1.4985759852581555,-0.0025167878998478,0.1563750398796841,-0.0022528340387685,0.9876919749699742,-0.0149326681551939,0.009515916153334,0.2353039209377869,0.0962374032055039,-0.5135620147230715,0.0177032369685599,1691.669443509535,1632.2671226434609,1667.9656763990706,1688.7435326719783,0.1874597356881895,-0.0981035686355529,9.028663472154488
11.47,0.8481407285452589,8.313235138952016e-05,1.4997591061461462,-0.0021733884695002,0.1540792926631516,-0.0021470099820326,0.9880537628606658,0.0063845336485795,0.0095462137333817,0.2160621507031952,0.0972710492060588,-0.6807211471956772,0.0122229040493701,1670.7326873578293,1666.494260556146,1698.1005913826311,1683.511272688471,0.0191074971519613,-0.0760999883840881,9.436388715574436
11.48,0.848153843524077,0.0002075898032721,1.5010257262499602,-0.0017811894671504,0.1508522872687751,-0.0021227408877117,0.988552430962053,0.0303963516333821,0.0098867281893453,0.2010136753871401,0.0907408859621671,-0.845855241068415,0.005583380630591,1659.3988407976376,1684.5436064188716,1714.747409276726,1677.89905459082,0.0191074971519613,-0.0760999883840881,9.436388715574436
11.49,0.8484501964823196,0.0003607204740898,1.5023880539963888,-0.001368246677923,0.1466657569920961,-0.0021496910541801,0.9891828255966312,0.0580299968841546,0.0103455221961897,0.1903240263694187,0.077143760259492,-0.96302807422446,-0.0010635749456252,1667.1884085236352,1681.9144882997307,1715.570773248048,1680.2771310821424,-0.0539390258715011,-0.1088243010659948,9.51403882423682
11.5,0.8490012248629328,0.0005412095024916,1.5037861023586674,-0.0009656933467678,0.1415866568148375,-0.0021929173311121,0.9899229652664576,0.0892154356913997,0.0106825411763003,0.1797183241414991,0.0656966348629639,-1.023901334149124,-0.0058776324165478,1687.482592854726,1672.3273156438536,1709.9960055208192,1691.0837059748098,-0.0492178594400285,-0.11473476474709,9.531075063819957
11.51,0.8497816436948625,0.0007312053020884,1.505131257412218,-0.00061086726718,0.1358110851612948,-0.0022272467071943,0.990732060327412,0.1210657680244099,0.0107442863227454,0.1652899730067677,0.0667410063665535,-1.0587960336419673,-0.0075815118413947,1709.2472790303177,1673.2937432256076,1710.496132304654,1704.2412682857853,0.0546209594018476,-0.0855649843844238,9.569502511642982
11.52,0.8507764790167192,0.0009026225315299,1.5063548010456205,-0.0003432233741797,0.1296290378616824,-0.0022427023199348,0.9915599654216956,0.1494800401451084,0.0104916955553022,0.1483100060804567,0.0786820024998782,-1.1039679014665214,-0.0067131232961428,1726.3048758032855,1691.0726892022608,1721.9906351367044,1714.0694542302797,0.0318852525984678,-0.0850090783617432,9.703167433542658
11.53,0.8519812931836166,0.0010286797715121,1.5074313628121014,-0.0001904806956777,0.1233356197316036,-0.002241700893919,0.9923624657349894,0.1730026407819059,0.0099659198935035,0.134031548459102,0.0854626079366693,-1.168854255144468,-0.0055928326519284,1737.121512788534,1716.9905538380444,1739.4272588276594,1720.0320235057002,0.0126498330473632,-0.07054801178302,9.800409209612496
11.54,0.85339540910807,0.0010951853108516,1.5083690305976036,-0.0001534283925346,0.1171458220479356,-0.0022323073014293,0.993112203953085,0.1937361347257071,0.0092817796158804,0.1261396112417174,0.0718405984072562,-1.2315553394322911,-0.0068041667823504,1742.1501945298355,1736.6058157492275,1754.6891646985164,1725.397595117594,-0.0626398906221172,-0.1126022871930154,10.026228952358997
11.55,0.8550131076816732,0.0011067649816483,1.5091835932189968,-0.0001996457071016,0.1111556976267081,-0.0022220530503529,0.9938004998524368,0.2142421829338727,0.0086566860518277,0.1233488042289913,0.0421886585176362,-1.2646719741455543,-0.0112102328444187,1743.4829064875946,1743.207997117306,1764.6138250372912,1732.5408421626737,-0.0266325730713163,-0.1431652701535546,10.163374838486156
11.56,0.8568192171509605,0.0010861381532173,1.5098819891685855,-0.0002697945933157,0.105348914885763,-0.0022149146341836,0.9944328169848544,0.2346564623591729,0.0083657534784583,0.1215020597914366,0.0199516346291308,-1.2646832288289644,-0.0170801950242917,1744.0697131500565,1741.9767054080785,1771.4123226745985,1740.0770877774912,-0.0989134292933195,-0.0665740952963898,10.243882952252086
11.57,0.8587915525600001,0.0010673104737895,1.5104666952743282,-0.0002942076110166,0.0996254551233713,-0.0022116279949445,0.9950225077026924,0.2532249055326535,0.0085550967207581,0.1180899671978449,0.0246659499432527,-1.254746379105741,-0.0211870409389536,1744.978633573858,1741.245568114872,1776.9417890625714,1744.5656333716304,-0.0887743014611939,-0.082307042749354,10.27737841135637
11.58,0.8609071916429528,0.001085053203374,1.510954395300398,-0.0002153625474947,0.0938406706332382,-0.0022117938859995,0.9955847478351016,0.2688890960825304,0.0090629462593003,0.1139886992069968,0.0509961423258248,-1.2601928701189,-0.0212050010934412,1744.473112772523,1743.469536752592,1780.4253380508503,1744.6974740562432,-0.0811453315553103,-0.1130440060656182,10.323371712960812
11.59,0.8631478985489136,0.0011636502785389,1.511393610418061,-1.0022594234395277e-05,0.0878590952166585,-0.0022157105440228,0.996130448241616,0.2826401525150465,0.0094908546116841,0.1112204082412569,0.0740277909083259,-1.2846760250098137,-0.0175994963852664,1740.8079780263283,1746.4025566991409,1782.397714633162,1742.794536433698,-0.2382034815262284,-0.08434499140825,10.32847293165418
11.6,0.8655029011769538,0.0013081996577994,1.5118684978862966,0.0002982839007065,0.0816187277919007,-0.0022244689568022,0.996661098888788,0.2963042697065394,0.0095105067108401,0.1103270239354482,0.0748226438998106,-1.3101024820086995,-0.013429908948847,1734.819362440673,1748.5362525325722,1786.1057376787337,1741.6912228100389,-0.2382034815262284,-0.08434499140825,10.32847293165418
11.61,0.8679706760532355,0.0015016815862477,1.5124832135437063,0.0006457761049199,0.0751725044888835,-0.0022381365054679,0.9971678235317634,0.3103884562803678,0.009092258316201,0.110627535754217,0.057129612893256,-1.3160378959562955,-0.0120942106340112,1729.1708384667957,1749.5869909109852,1792.0489015352396,1741.312429236758,-0.0835380722037728,-0.0787172600973802,10.355998347796085
11.62,0.870561212405458,0.001709817709292,1.5133291002108895,0.0009547769160757,0.0686666322547531,-0.0022532635750025,0.997636659720909,0.3236006665855758,0.0084410466643706,0.1121563993958186,0.0384851943722217,-1.2976020746037027,-0.0148512221909967,1725.480235750028,1748.5876920313092,1795.1234993546425,1739.2266600704363,-0.1547183614606133,-0.0860689585043765,10.402074751659349
11.63,0.873296435511961,0.0018929195665055,1.5144460083134477,0.0011670893923531,0.0622592971488313,-0.0022618565266181,0.9980567628276142,0.3345220277931528,0.0077810339748496,0.115979139801672,0.0298387995456741,-1.2667524652768731,-0.0201980347372424,1721.6684265095123,1745.0839167304898,1790.6357351651495,1733.5543625399914,-0.2441027521219376,-0.0810026273225077,10.321513766733704
11.64,0.8762042092151425,0.002020465976501,1.5157971967322723,0.0012653128292571,0.0560359765124817,-0.0022538088478851,0.9984254046574608,0.3431985553811352,0.0072412187140469,0.1225250997088866,0.0282579747433183,-1.238677066558138,-0.0253751128996855,1712.6462767054795,1740.4567204027198,1779.4882560434469,1724.5198478892191,-0.2441027521219376,-0.0810026273225077,10.321513766733704
11.65,0.8793050051970777,0.0020824504214943,1.517276168751906,0.0012716455613703,0.049973597454854,-0.0022232707688521,0.9987472550861276,0.3508983936580968,0.0068781821327858,0.1305906606833372,0.0270330498108404,-1.218125823121384,-0.0284175703873957,1696.1524334830535,1735.8692929018823,1764.3631441406023,1714.1575570543323,-0.1184390146733482,-0.0590037509257132,10.136203118193713
11.66,0.8825963294819459,0.0020930175829259,1.5187479695295916,0.001229182327771,0.0439586079654006,-0.0021768408159131,0.9990302253989172,0.3588398835720044,0.0067003488209708,0.1382817401946301,0.026037613700516,-1.1995051198713256,-0.029207996127125,1677.6979406607063,1730.5524525696835,1745.606647111014,1704.9876449127669,-0.2610147974469076,-0.0904462537694405,9.937053594843537
11.67,0.8860416332941624,0.0020853638455075,1.520105405336705,0.00117947121028,0.0378406423288377,-0.0021388892784907,0.9992808012708236,0.3672496662382855,0.006640798933429,0.1441868193590484,0.0292814174162713,-1.1791838366320802,-0.0291625208151747,1665.9821305720145,1723.47037113462,1725.9306946926797,1697.6148353117026,-0.2610147974469076,-0.0904462537694405,9.937053594843537
11.68,0.8895684397614683,0.0021000313040826,1.5213102179412088,0.0011479067004296,0.031509806485868,-0.0021485900234644,0.9995004742201684,0.3749854326601817,0.0065653989186662,0.1473298373900592,0.0364064465510459,-1.1638284551413856,-0.0300889749482866,1662.5445629444555,1715.6432984265134,1715.2828235351458,1689.2383117611528,-0.2087103545002364,-0.0470050886002164,9.614722667122027
11.69,0.893079269860225,0.0021705090510139,1.5223996895326068,0.0011407757859305,0.0249752734442803,-0.0022460596670736,0.9996848951359432,0.3799513739277506,0.0063633661660734,0.1469842047823305,0.0419724353536202,-1.162298503175026,-0.0331428718811865,1659.624777362312,1710.1767314869944,1722.8523689808833,1676.479638289801,-0.2087103545002364,-0.0470050886002164,9.614722667122027
11.7,0.8964767968087509,0.0023107042041975,1.5234609011914653,0.0011510124060438,0.0183970747466955,-0.0024515338198878,0.999827091447884,0.3806438427097364,0.006028330808139,0.1435682226733788,0.0431240940621381,-1.1692098069983348,-0.0383972762263907,1650.2843528495623,1709.721511519671,1742.9372149667154,1660.6963016482848,-0.0990507347463116,-0.1125699494798202,9.515270735744744
11.71,0.8996973473146169,0.0025086106718807,1.524590109531142,0.0011669533115292,0.0120307618259987,-0.002748705145088,0.9999231688534276,0.3776654463047545,0.0056363010523066,0.1392768085099043,0.0435000442979465,-1.1616445044614576,-0.0446409056951236,1637.6575330096975,1713.3938993143738,1755.9942555900889,1648.519239832042,-0.124902647839509,-0.1066396403723133,9.45575207224491
11.72,0.902737789963685,0.0027290029286698,1.525855690452591,0.0011792867158777,0.0061025468727547,-0.0030848409767501,0.9999759256905416,0.3732995416562885,0.0052631530266373,0.1365886784934482,0.0470934269442749,-1.1167932292909375,-0.0493085867707812,1630.630812584905,1717.0681520181915,1748.8364370505865,1645.4217780394051,-0.2345314463259615,-0.0699874223615964,9.576395639148137
11.73,0.9056588735214162,0.0029248616697143,1.527275563394776,0.0011840739716565,0.0006961022822565,-0.003391242226974,0.9999933064208982,0.3693831707695802,0.0049380514542769,0.1359259657772388,0.0507614419994364,-1.0324522512211167,-0.0496970566767507,1631.8655936476848,1717.373132690254,1729.3854003790173,1650.0788863371797,-0.2699999999999999,-0.0829562354394593,9.402793205165244
11.74,0.9085579280102942,0.003053488022365,1.5288116132466982,0.0011824081568605,-0.0042645953249676,-0.0036131471039234,0.9999836800196644,0.365977909008952,0.0046468578604519,0.1355601617508146,0.0466589752148588,-0.928565250107616,-0.0456169720514816,1634.8613777846515,1713.5358673244978,1715.7871500497758,1656.2940638317873,-0.2699999999999999,-0.0829562354394593,9.402793205165244
11.75,0.911521284890212,0.0030911674631898,1.530377658596278,0.0011775344866464,-0.0089230695875984,-0.0037278776555279,0.9999525464590072,0.3622192595522272,0.0043475345444681,0.1338616263267694,0.0325095693966186,-0.8303407427730021,-0.0405325385488364,1633.3155480513265,1704.8799188575165,1714.7442634463969,1658.7855424027207,-0.2023741939004299,-0.0622494611490455,9.35068029430639
11.76,0.9145808065835952,0.0030411509217539,1.5318561440638967,0.0011728895745694,-0.0133684720943113,-0.0037462004684966,0.9999029324219224,0.3577580571525486,0.0039931343341688,0.1306233349753598,0.0164289395354531,-0.7512436473156918,-0.0386704579161839,1628.4421934534578,1691.1392257741,1717.899249381226,1656.1433395526446,-0.1177735387821967,-0.0629547086321449,9.405543598023655
11.77,0.9176987230006348,0.002932548039637,1.533122031602307,0.0011705300192231,-0.0175852748229067,-0.0036980082730676,0.9998378432044316,0.3527695583604313,0.0035771215050531,0.1259629370975589,0.0091954380290605,-0.6901543611273411,-0.0407503330169525,1624.949542934666,1678.2184578315305,1717.4500175557332,1650.6999488388035,-0.171418069856086,-0.1022181622475144,9.360123299868093
11.78,0.9207893194454572,0.002810606570498,1.534074576644236,0.0011707829494716,-0.0214956114027957,-0.0036174518704362,0.9997617126093948,0.3470948634653754,0.0031801758130315,0.1193541163382436,0.0126960440879372,-0.6417507004018665,-0.0434103551827941,1624.0793680623308,1677.9038531412111,1716.479016207359,1647.1880358809835,-0.171418069856086,-0.1022181622475144,9.360123299868093
11.79,0.9237655902701364,0.0027213111573477,1.5346730398101132,0.001172708035899,-0.0250403074196077,-0.003536819823002,0.999679497972092,0.3403786941923246,0.0029525021954068,0.1107814234398387,0.0183697627140313,-0.6057577169450259,-0.0429864796211393,1624.2079341043263,1695.1657178456865,1721.8384159820946,1649.3237441132817,-0.12045621865924,-0.1044066131939406,9.326898969893891
11.8,0.9265859380207618,0.0026955993771922,1.534964089286554,0.0011748223726028,-0.0282320821424195,-0.0034884051893382,0.999594618012488,0.332952421699867,0.0029964705559504,0.1017893266522986,0.0175272758054057,-0.5814373046407317,-0.0393000528378502,1625.9901837160407,1718.8775718795612,1733.2409562302394,1656.2718610912714,-0.1106803344776118,-0.0829680343232426,9.407327722841403
11.81,0.9292754681410104,0.0027396916021231,1.535085879582727,0.0011757620987954,-0.0311522288901086,-0.0035063669096404,0.9995078096792244,0.3255709936576119,0.0032504767718457,0.0939872671268261,0.0114083356334863,-0.5546525106262751,-0.0356143732822271,1632.7749731636432,1731.923803923722,1743.7419130601857,1664.5520538294702,-0.1345994032778797,-0.0509635817105447,9.59058684701184
11.82,0.9319091906233664,0.002835858378272,1.5352404861511697,0.0011747765459779,-0.0338962182650809,-0.0036205840263828,0.9994181095310916,0.318090859890799,0.0035294120730962,0.0872371051081708,0.0093556293869535,-0.5011226272815811,-0.0350880950334125,1645.3329532096652,1729.2988817773091,1748.4912681822238,1673.672726596002,-0.1345994032778797,-0.0509635817105447,9.59058684701184
11.83,0.9345667508303096,0.002952521736886,1.5356379863323146,0.0011720573955205,-0.0364998237099057,-0.0038418991649046,0.9993255870643032,0.3093177327203618,0.0036942698253873,0.0809306491744095,0.0175727009305283,-0.4105731550335039,-0.0373279839886955,1658.632655709854,1720.8484245544987,1748.7704631394215,1685.639282047304,-0.0986471823760013,-0.0808039303728897,9.619552488257732
11.84,0.9372867748650796,0.0030577723874943,1.5364269287448231,0.001168854319637,-0.0388987176770271,-0.0041480686850545,0.9992338650530448,0.2986038182654345,0.0037423353228212,0.0766001938029655,0.0319751190686838,-0.3034821529129108,-0.0386152075368516,1665.9604172975864,1717.553408917384,1747.2974995237105,1697.4198063249555,-0.0020240192265018,-0.0995731461567877,9.660049147287536
11.85,0.9400483956332252,0.0031298401118023,1.5376357978492468,0.0011672166379898,-0.0409607311542616,-0.004483820716135,0.9991500144925256,0.2870158768360075,0.0037209887301532,0.0772002135173109,0.0433003328214411,-0.2158345782411466,-0.035830522672387,1666.1440860243742,1721.3673886643735,1743.389690328092,1699.8000522850878,-0.0160038144961405,-0.089015855429652,9.785642280990231
11.86,0.9427880421635888,0.0031612699896707,1.539153724879701,0.0011691927628877,-0.042573116900053,-0.0047804998588566,0.9990812326967198,0.2764998468631832,0.0036097436695623,0.0832023580503413,0.0473010537201916,-0.1672713523578192,-0.0299464853774569,1664.9195875145806,1728.021573891142,1734.9592220317463,1688.6974114737932,0.014041990200625,-0.0746419291931634,9.845531829262322
11.87,0.9454372865970072,0.0031573126820395,1.540766613277062,0.0011755393739048,-0.0437197908075583,-0.0049853643684398,0.9990307023015048,0.2681693229804925,0.0033376196619112,0.0907541314366919,0.0472296545887261,-0.1484787583748303,-0.0249991268328478,1667.9239311988265,1731.999902865803,1723.0835079384717,1673.6622064151188,-0.0164558451465739,-0.0381438099534253,9.76959258162912
11.88,0.9479577544458416,0.0031310809790666,1.5422369061068244,0.0011844187238422,-0.0444948954646453,-0.0050820621376073,0.9989959830120972,0.2615941644094312,0.0029002635354995,0.0945983206984998,0.0470280112609328,-0.1377061108294988,-0.0235496342487731,1673.5199352909858,1727.1258313625297,1712.3928552146813,1668.7415274422096,-0.0253842117867547,-0.08422050180222,9.583257258623924
11.89,0.950354474657479,0.0030981526047992,1.5433897208015963,0.0011909796114002,-0.0450518387340701,-0.0050908331349653,0.9989709689536712,0.2553981054385522,0.0024054799923805,0.0923148949751204,0.0456623591302134,-0.1224494107556542,-0.0240642057118743,1674.6874970769327,1710.5248573189826,1707.6985897404904,1675.97338980813,-0.0253842117867547,-0.08422050180222,9.583257258623924
11.9,0.9526631258366968,0.003072313127404,1.5441655727988426,0.0011887681584274,-0.0455280719740435,-0.0050519133134165,0.99894957813919,0.2481471629953759,0.0019745704022189,0.0854242632244825,0.0400190406007997,-0.1028696542810218,-0.0234163813102652,1667.7712292193066,1690.12064854552,1710.6079368510282,1683.5534385020746,0.0403921968423353,-0.0861192459203961,9.572790263137303
11.91,0.9549208897382386,0.0030629165497488,1.5446211649745545,0.0011732763617313,-0.0459894537337859,-0.0050047056222319,0.9989286994022556,0.2388152285109466,0.0016171038271567,0.0772704049997381,0.0315596412987794,-0.0799454217729456,-0.0210863229321389,1657.032534868301,1681.5552996316542,1717.8960624266024,1681.149134761174,0.0403921968423353,-0.0861192459203961,9.572790263137303
11.92,0.9571381136793218,0.0030735134647062,1.5448870129053789,0.0011465853768409,-0.0464170584785534,-0.0049738075824359,0.998909106606955,0.2270765142843588,0.001231998727067,0.0706440506148877,0.0268711913023752,-0.0475792650069136,-0.0193418438902528,1649.830288689168,1692.2576735031894,1722.9800016716763,1672.1217830286594,0.0324705313522309,-0.0706225959005535,9.484054131522129
11.93,0.9592860128760304,0.0031012098327731,1.5451072736260834,0.0011204924911191,-0.0467356045117275,-0.0049658512944452,0.9988943227831572,0.2136277809466516,0.0007227737373288,0.0666665215314416,0.0299667504872751,0.0014261475663051,-0.0193419370551159,1649.162854359589,1712.2801331391242,1720.9124314733738,1667.6029327576773,0.0395997812302355,-0.0743494616155817,9.537921808810554
11.94,0.9613060892700191,0.0031365742364379,1.545389027856544,0.0011147329185971,-0.0468650872508685,-0.0049746522385744,0.9988882188726594,0.1999942253205881,7.425101895989781e-05,0.0644715106164935,0.0355263228643926,0.0641117426485069,-0.0190540602652656,1652.6269859359888,1725.2448142857793,1713.038037955009,1672.1072104872624,0.070335252466816,-0.0769843451826355,9.58834390908864
11.95,0.9631350852978388,0.0031644601588352,1.54577925442732,0.0011480487581805,-0.0467663855746404,-0.0049893862648719,0.9988927335750484,0.1876307913971798,-0.0006778217972797,0.061917975197682,0.0330265990598963,0.1250707955063964,-0.0162325577236471,1657.596595337831,1725.6392510520006,1706.229657859452,1679.845317748869,0.0954007950097816,-0.0977960895406478,9.609262558036496
11.96,0.9647322714268308,0.0031664139718326,1.5462720935717784,0.0012234194584628,-0.0464535778626466,-0.0050012242217085,0.9989071809256712,0.1772162342724678,-0.0014911873866168,0.0577788867526592,0.018613496111331,0.166833321065314,-0.0120595428158451,1664.0123295654953,1721.1347644387995,1706.8639874698342,1683.728759084262,0.0605714509708806,-0.127181722768032,9.550148030518743
11.97,0.9660971598578691,0.0031250515369174,1.546833399586932,0.0013138140333922,-0.0459666969956495,-0.0050063053925266,0.9989295638663982,0.1687216988785941,-0.0023086921674104,0.053356883462342,0.0005363485201707,0.183352207873922,-0.0100110415827845,1670.897239447352,1719.7801313082855,1714.8865765282978,1683.0377567674598,0.0474095659063169,-0.101857032508027,9.617434172069451
11.98,0.9672715795767196,0.0030298261861629,1.547424216468617,0.0013586601970168,-0.0453283310231084,-0.0050053247978019,0.9989586794121152,0.1615762984339485,-0.0030573361266439,0.0510014448361818,-0.0089269675839116,0.1844964566981116,-0.0116515396920664,1674.5116908688078,1720.6830029515927,1723.3781988970447,1681.6829569203528,0.0501216851281294,-0.0584698211201238,9.67999795314018
11.99,0.9683257168612752,0.0028822997502914,1.548012800569771,0.0012801821756398,-0.0445216231259132,-0.0050013229135219,0.9989950815579354,0.1544677785343362,-0.0036915631156829,0.0510663966087026,-0.0059389813734755,0.1887702411646154,-0.0152596995396745,1674.3895705365617,1719.2341947642965,1724.5894156408867,1682.108850213125,0.0501216851281294,-0.0584698211201238,9.67999795314018
12.0,0.9693331523619084,0.0026981428226957,1.548576218895993,0.0010203667871747,-0.0435107588696904,-0.0049973739166325,0.9990399386251486,0.1456344661668243,-0.0042150031278667,0.051369113370971,0.0010117752062692,0.2111488415511148,-0.0184336566536129,1677.4312292415686,1716.3326956531591,1717.3217732200687,1682.856473583228,0.0976249795562469,-0.0558110015068434,9.590581133152332
12.01,0.9703452460564538,0.0025036740058506,1.5490968896691784,0.0005853700401008,-0.0422881282839813,-0.0049952168259269,0.9990927981709286,0.1342125769450001,-0.0046482397468049,0.0498307478542087,-0.001015085311294,0.2538896595413438,-0.0202871816144522,1688.0831999006768,1715.8022343986363,1708.7446875878145,1682.5473472800654,0.0942904279567458,-0.0767093443214311,9.604051159161404
12.02,0.9713766428426917,0.0023272965456473,1.5495577627867518,7.247131226862268e-05,-0.0409057195335436,-0.0049950472665936,0.9991505223739596,0.1213754989248183,-0.0050061142288759,0.0467093599127071,-0.0158023994677444,0.3045556562507884,-0.0207912228568662,1695.866622352455,1714.4680584993816,1708.5491114827958,1684.6398513728504,0.0435528783594326,-0.0561887847218106,9.66302882451243
12.03,0.9724080844649926,0.0021894948091919,1.5499388477615466,-0.0003449468824089,-0.0394587388153952,-0.0049961002539148,0.9992086508457578,0.109677485625362,-0.0053103760336985,0.0437504267870081,-0.0295081687777329,0.3431387742419809,-0.0196164474515283,1685.1539175240275,1705.7145533782527,1718.834359883752,1693.1964521077152,0.0788658074104918,-0.0829839487890752,9.687622461923509
12.04,0.9734030574120928,0.0020965150984498,1.550218630724125,-0.0004840384338138,-0.0380308180236459,-0.0049974505002926,0.9992639531553932,0.1009839660814619,-0.0055615938552752,0.0419298802402253,-0.0204846331733749,0.3558660278921173,-0.016349260024287,1663.9050498428016,1698.3212330038868,1727.342587993724,1701.555909012022,0.140251698370858,-0.0867703235985287,9.68747014282608
12.05,0.9743278755791436,0.0020410122582675,1.5503820669035018,-0.0002590847078339,-0.0366442338513369,-0.0049985687013285,0.9993158396180364,0.0949945518629949,-0.005653715491986,0.0410086597941422,0.0092722490358171,0.3459171083607676,-0.0104993576366153,1669.8270369515228,1719.432625666977,1714.6262784164255,1692.4312071542572,0.1634031155580861,-0.0795540498609538,9.729444386555516
12.06,0.975164878598479,0.0020091706339353,1.5504310015383973,0.0002027532467201,-0.0352535451642174,-0.0049994372288668,0.9993658749786636,0.0897583735808587,-0.0053966370533037,0.0409037593850893,0.0028064625526325,0.3310170488709369,-0.0006164545347554,1729.466434645498,1782.2793667720846,1675.3578392989116,1658.6133954722952,0.1634031155580861,-0.0795540498609538,9.729444386555516
12.07,0.9759142890091482,0.0019907335811003,1.5503896780163025,0.0004818223470689,-0.0337834022532355,-0.0050002904850918,0.9994165531321194,0.0836044703182422,-0.0047767288631184,0.0419572148908925,-0.1451390724394726,0.3297350747050019,0.0147591433650348,1813.9031900107152,1855.7341992111012,1631.1877460904434,1621.1660812508194,0.158234537993805,-0.4191772225886902,9.862677898174956
12.08,0.9765872161654038,0.0019874199688475,1.5503030384385388,-0.0001273696582699,-0.0321769836545563,-0.0050012093795761,0.9994696660752672,0.0765278880060144,-0.004206137272641,0.0433708597943718,-0.5251781878897336,0.3487432694237337,0.033688844678793,1857.0660712532745,1886.4313155697776,1613.4648727132053,1615.4250414235255,0.13149287090788,-0.4904340056441695,9.896304118564077
12.09,0.9771960783249592,0.002016219700145,1.5502320830545548,-0.0024926063770862,-0.0304207566782678,-0.0050018387057101,0.9995215585899748,0.0697086715838171,-0.0042366267595485,0.0429779122021157,-1.1258881442880757,0.3796010235364558,0.0498426019782175,1826.632100803874,1855.6229785084256,1631.5294171800788,1653.8333323569775,0.13149287090788,-0.4904340056441695,9.896304118564077
12.1,0.977748180571867,0.0021063190934445,1.550247845428884,-0.0074245754447705,-0.028538704639715,-0.0050014263991834,0.999552601792885,0.0639213955706888,-0.0046245554001412,0.0400634226794757,-1.8005461099509632,0.4041451579356365,0.0571216024000098,1760.7569126323667,1799.8898605192664,1664.5434779618515,1708.5853047234457,0.2510915382110742,0.257134658246036,10.039405306245362
12.11,0.9782449365574644,0.0022911605733211,1.5504181720560768,-0.0154404982836994,-0.0265727765088712,-0.004999231406593,0.9995151255717464,0.0586664560758957,-0.0036204861230537,0.0374922123855939,-2.3511603413778013,0.4050149188851918,0.0552050147887814,1723.0721049942958,1770.5837831746196,1686.2221502636255,1738.3060173269018,0.2116772421788879,0.1080889586678534,10.067518845190094
12.12,0.9786854914682392,0.0025994935211164,1.5507852108180362,-0.0266065947350287,-0.0245676505564146,-0.004995137634681,0.9993315607258456,0.0528232939504801,0.0012045815425043,0.039073956218863,-2.680900879847893,0.3780532313812804,0.0495568755121709,1734.3144633788131,1783.2556446615515,1692.5456977062672,1731.9947991921383,0.2116772421788879,0.1080889586678534,10.067518845190094
12.13,0.9790711835491436,0.0030499929479704,1.5513464423112528,-0.0405228567177459,-0.0225658328220263,-0.0049901188726214,0.998911297356336,0.0460056208346861,0.0106717845682455,0.0448275524024477,-2.8615271342148603,0.3383320774063328,0.0462669830605509,1764.112203872603,1812.679654786092,1701.4476318186153,1719.4717823736216,0.2062327590657062,0.4523185304199919,10.1905075973784
12.14,0.9794075709611332,0.0036520296303358,1.5520577705519805,-0.0564617724348037,-0.0206073911321521,-0.0049861177651429,0.9981796142548088,0.0391489123413477,0.0227741227973089,0.050644554752293,-3.0327191031280925,0.3100828671374619,0.0474266974229185,1780.96332334546,1829.3754318306533,1727.0862017102154,1733.955345348426,0.0996602468332843,0.0276494746280206,10.236035188384902
12.15,0.97970298698077,0.0044110454288378,1.5528616485485651,-0.0736012583558149,-0.018726532605243,-0.0049850369022232,0.9970994539924836,0.0336087850960367,0.0350250579283052,0.0532190400944164,-3.24538647553997,0.3049475117984398,0.0508619864999271,1786.6183875619445,1829.7681786637536,1761.5356400268493,1772.8488366890856,0.1040478673759237,0.0997787393829825,10.411212034175543
12.16,0.9799647851887864,0.0053338806761263,1.5537218774441472,-0.091213370131497,-0.0169476330750794,-0.0049870457979456,0.9956746598244912,0.0297170534966988,0.0485621455470631,0.053906657462874,-3.4264865475068764,0.31065878139467,0.0531093162839153,1797.810669309167,1829.636690425619,1787.2508328457006,1806.6487332789457,0.2532898897440661,0.726476459116165,10.988527292690476
12.17,0.9801956362967552,0.0064307443105008,1.5546419267090184,-0.1086923106821221,-0.0152899336809195,-0.004989064583082,0.9939453248349228,0.0265196263916191,0.0684849716228927,0.0568141874011222,-3.487404268712781,0.305996664566791,0.0521026721167982,1816.3146796837964,1838.6362951634824,1802.056034203063,1820.2819141345292,0.2532898897440661,0.726476459116165,10.988527292690476
12.18,0.9803924538020348,0.0077154666502281,1.5556566757701595,-0.1254822893388177,-0.013777065203523,-0.0049846844361432,0.9919876715250744,0.0230011705479301,0.0983195075218124,0.0640291670345575,-3.4296425761268887,0.2868067589677416,0.0477110954747898,1831.129535565775,1850.6082721299967,1821.4044675608209,1828.754375614304,0.1947223902128296,0.269570755764291,11.221593042633764
12.19,0.9805492265002153,0.0092084782617858,1.556802626654742,-0.141111679971397,-0.0124323321561732,-0.0049665558065542,0.989903159009117,0.0192108427697788,0.1343699343571645,0.073758154180669,-3.331745904541892,0.2705891577236662,0.0412201444594858,1838.858210785278,1856.814297854956,1855.8519559450572,1850.1608354382888,0.1150829039953456,0.2774531687594113,11.378397617435128
12.2,0.9806622932421744,0.0109433086763182,1.5580791606077062,-0.1554273396714603,-0.0112524993154989,-0.0049312521407471,0.9877709279454076,0.0159490110640141,0.1676472566223022,0.0826772108958814,-3.263619175330725,0.2723484132418953,0.0349716993557917,1848.435484286764,1860.611343011336,1895.747745780573,1878.7386460218293,0.1159692334448909,0.2509709531454578,11.53396482367063
12.21,0.980734528848436,0.0129705647380696,1.5594163637088736,-0.1688386787568559,-0.0101827053995722,-0.0048849888525658,0.9855789922427806,0.0136082309566831,0.1930794532158288,0.0890546011097584,-3.240746093333488,0.2830982011168012,0.0312820787488037,1867.468019856692,1874.180958080486,1923.7406084622216,1895.4706793720543,0.269785967519138,0.5420057934536522,12.037550696370603
12.22,0.9807755394229808,0.015351526696112,1.5606673210919897,-0.182258274461261,-0.0091238814797789,-0.0048469815985524,0.9831964111745576,0.0116882368500588,0.2165458273384889,0.0934731817188236,-3.242419446687176,0.2809144058390989,0.0300941431857802,1890.55014484037,1900.9290279311765,1937.8820992937317,1898.7081414905667,0.269785967519138,0.5420057934536522,12.037550696370603
12.23,0.9807976376368168,0.0181409878881301,1.5616411292287824,-0.1966367259222629,-0.0079774611343822,-0.004846830492073,0.9804319794695618,0.0094414330497903,0.2512012386176213,0.0973566505826271,-3.235706778327779,0.2606535505069544,0.0277882807378874,1905.0433866801327,1926.7890191660777,1952.7813944593,1908.8964257381344,0.2389899885684897,0.5083524215494091,12.171830351141478
12.24,0.9808098302058412,0.0213704944713381,1.5621801194253002,-0.2123536719333988,-0.0066984127302203,-0.0049144597616731,0.9771575601552438,0.0067291398815833,0.3057762320705797,0.1014816078188961,-3.177276337013491,0.240830715134152,0.0198604895618003,1909.8683451523436,1936.797067876358,1975.8061549147856,1938.012167172292,0.17337426674465,0.4836617411605957,12.373029144064452
12.25,0.980812946301775,0.0250473195132707,1.56225986443807,-0.2289020501718006,-0.0053203573698507,-0.0050660475211075,0.973421738193224,0.0041270725180631,0.3766100319441635,0.1055781313771095,-3.026752110878798,0.2359436583842755,0.0057931835677015,1921.9321875038268,1937.9465612982303,1994.283485374432,1968.9256536627072,0.1169306509933039,0.221652349055291,12.69588287340099
12.26,0.9807984262833984,0.0291748728078386,1.5620658120988726,-0.2451108715617423,-0.0039395188892709,-0.0052944288586051,0.9694725936591634,0.0023043884625873,0.4511716647211983,0.1085187396737311,-2.7894538332819447,0.2328279743868148,-0.0092608139795275,1954.5922086435455,1952.242673859568,1996.477732146915,1980.8633859859192,0.1960689541056261,0.3892966945301497,13.049909254280806
12.27,0.9807517448040896,0.0337832652897214,1.5619958093438857,-0.2597556323162363,-0.0026724459837814,-0.0055722445326847,0.965654606784084,0.0014088339858164,0.5187463985966654,0.1092581005757096,-2.5365166100308363,0.2082068561089262,-0.0187904019381558,1994.77080754324,1984.311967517916,1994.5921015803751,1985.791192040647,0.3211606578641856,0.2525893746215581,13.394731195353216
12.28,0.9806594954678604,0.0389482985319816,1.5625624790325874,-0.2721509373879309,-0.0016114574663011,-0.005867304529726,0.9622353377533276,0.0010234158397547,0.5780414328942227,0.1092809858659752,-2.3462123848783785,0.165794721988651,-0.0212617132757392,2014.857153057089,2011.7997585427368,2009.3889875602215,2013.8089444976288,0.2292254802674627,-0.0218339246523866,13.372191037187228
12.29,0.9805173515298202,0.0447815162938953,1.564214019821339,-0.2823887938755506,-0.0007932146017323,-0.0061582224615852,0.9592799467309951,0.000626473006841,0.636116218080175,0.1143374607366425,-2.215396273619284,0.1373406620453648,-0.0214262051357421,2006.4284921050464,2017.25207482811,2034.8186569257343,2059.1400533876085,0.2014145008796017,0.4575577541235107,13.711031794018163
12.3,0.9803351490912136,0.0513905056098371,1.567138458363666,-0.2911619581234798,-0.0001872244385987,-0.006437272966238,0.9566521000894048,5.941029161791568e-05,0.7010923958349978,0.131017957149803,-2.065215227091436,0.1407822076164503,-0.0246658817480942,1989.8095945148837,2015.5926578116112,2036.902341391802,2068.4027350211363,0.2014145008796017,0.4575577541235107,13.711031794018163
12.31,0.9801360701696308,0.0588276465647694,1.5711423291868305,-0.2993601385580064,0.0002926060009024,-0.0067006991346316,0.95411661889696,-0.0004142765894661,0.7760265382887457,0.158985031962411,-1.8627893077118816,0.1554143011288026,-0.0305929115367175,1986.9078008028405,2032.8786156476172,1995.675342045791,2003.2667644852424,0.2027243507023352,-0.1400921968681663,13.717929755254945
12.32,0.9799496565624348,0.0670550463933938,1.5756748120216086,-0.3076967210209375,0.0007569844616768,-0.0069405537376944,0.951458871187453,-0.0004631597489428,0.8591810303699559,0.1873485478173363,-1.7076424267561303,0.1537213905063467,-0.0333356730529675,1991.9586013925957,2061.643181928123,1936.0393230024367,1900.1047816615096,0.2273465868308787,-0.0655619334085733,12.3734483487201
12.33,0.9798018784439576,0.0759472337211194,1.5799979297400424,-0.3165161157444545,0.0013035007904426,-0.0071497175151728,0.9485592922422856,-8.310272178523762e-05,0.9473249249397132,0.2014550700439114,-1.7423849691823858,0.1443987241268899,-0.0281761871308882,1975.9639559462107,2057.1787714890093,1903.1400428592128,1840.5939589912668,0.2273465868308787,-0.0655619334085733,12.3734483487201
12.34,0.9797071522986168,0.0853371804530025,1.583423114261502,-0.3257779545476172,0.0019864257503828,-0.0073348583769655,0.9454157700694964,0.0003757223457642,1.035796856339294,0.1946058234095222,-1.9619853839969776,0.1608013171482019,-0.0170989066379772,1921.6888205117923,1989.607545421216,1911.3588504730844,1862.842580631931,0.1960457919315423,-0.5014423929118426,12.36399330516467
12.35,0.9796656783669868,0.0950934026046621,1.5855043270064932,-0.3351426150738064,0.0028017401749847,-0.007520533950588,0.942133228042924,0.000581458463389,1.117649090942828,0.1726980749426886,-2.1448697701784267,0.2083187743678254,-0.0075924319763645,1848.89477039982,1888.5473384559907,1932.6619139654945,1923.381937034954,0.1163119189046995,-0.0861170587902329,11.71887164132307
12.36,0.9796661778291258,0.1051979117215543,1.586118307546834,-0.344090823689303,0.0036896528046172,-0.0077352609955396,0.938897255961657,0.0005835150278868,1.1877397128370453,0.1473484515382232,-2.0150156218304653,0.2452673309738829,-0.0061210546105923,1796.9682033912145,1818.322453592948,1935.5871651001207,1952.7747836113792,0.2606979174132997,0.336726079232112,11.494672521630244
12.37,0.979691614303248,0.1157849372969158,1.5854350971158209,-0.3520342485417871,0.0045562074913496,-0.0079891003038726,0.9359419336172782,0.0007804548083926,1.248287764611705,0.1256218728235154,-1.4899566006304792,0.2272988593688477,-0.0121480704670575,1784.616994622072,1810.8648268395584,1919.561770720392,1930.200476207693,0.2606979174132997,0.336726079232112,11.494672521630244
12.38,0.9797249727752712,0.1271140880840241,1.5838311536766156,-0.3584004555843076,0.0053124154901174,-0.0082623977597594,0.9335162689861816,0.0015624996586303,1.3081737042788375,0.1069007805939638,-0.758908437463002,0.16070809284537,-0.0180160877045431,1795.878958829455,1838.890676563352,1905.772826113776,1892.8835687293224,0.2284353819610303,-0.3375780886725161,11.046717004903156
12.39,0.9797531484067254,0.1394855785525006,1.581798694476498,-0.3627012693955005,0.0059173309888565,-0.0085163414592634,0.9318477591865584,0.0029906495333986,1.376399897565808,0.0878175423499621,-0.1031821526600394,0.098516330072336,-0.0154055505845664,1804.30237812604,1855.204460539837,1907.8613923543376,1885.061705373669,0.2284353819610303,-0.3375780886725161,11.046717004903156
12.4,0.979768437796716,0.1531347996739521,1.5798745196844206,-0.3645908439104022,0.0063989995054863,-0.0087164611295489,0.931105038460971,0.004755771051984,1.4559317860613228,0.0677318926643968,0.3528839912670157,0.0841414984556212,-0.0027916808263608,1800.2552700733631,1842.363736787714,1918.4372342342,1910.3411746554352,0.2172621275966451,-0.3889994224340354,11.109234922952984
12.41,0.9797682522575532,0.1681507840521542,1.578580425694904,-0.3638993902797359,0.0068331757447396,-0.0088491673466832,0.931371157863796,0.0064295167120734,1.542193440601464,0.0494808116800667,0.7053174837048536,0.1082314880491399,0.0135299104620548,1792.7524002314742,1819.837272510428,1915.479194865241,1930.566555474865,0.2336339141509913,-0.6923294564656723,10.70008976663133
12.42,0.9797541366174016,0.1844471952229003,1.5783541275100146,-0.3606329863310504,0.0072890170185481,-0.0089190462286662,0.9326366763189312,0.0078366144598787,1.6270949526737384,0.0368916524755882,1.1105461549278326,0.124466338597502,0.0257818935179703,1792.3113203699677,1815.102907657184,1878.6308336865288,1904.7082004512508,0.2336339141509913,-0.6923294564656723,10.70008976663133
12.43,0.9797309913148974,0.2017866276056445,1.5794590198783,-0.3549567132353221,0.0077802854073212,-0.0089321137247705,0.934807689438082,0.0092257615194321,1.7057736802070709,0.0321185289615523,1.5956521695169077,0.1012016516474434,0.0315341633299514,1795.8594131200512,1833.8553932247364,1808.0915324134628,1829.0084985603007,0.2596697350708113,-0.6612705293173224,10.891846491382658
12.44,0.9797068158661474,0.2198383370001533,1.5818913628284916,-0.3471885855892133,0.0082598132964781,-0.008881402708296,0.9377168987529242,0.0110001540056912,1.7799648620023978,0.0337253997286513,2.0299335948487256,0.0510411014657282,0.0344682153696681,1786.16647908513,1852.1160164170765,1730.222277273261,1740.0538374566972,0.1424997114718021,-1.2319611370246832,9.762411523040369
12.45,0.9796926775215588,0.238249473119163,1.5853364159409185,-0.3378076463667172,0.0086609585862824,-0.0087486084937235,0.94113465758199,0.0132064566181031,1.853885861703999,0.0365946053587974,2.261692292662411,0.012694042280309,0.039505479234591,1745.9109372477524,1835.3123210383528,1677.2497250735853,1679.421878748152,0.1424997114718021,-1.2319611370246832,9.762411523040369
12.46,0.979702291335793,0.2567244531236327,1.5892247694624615,-0.3274365602103462,0.0089520595648349,-0.0085226870496973,0.944792317640558,0.0153625155945509,1.9267245350737885,0.0349496797659426,2.268369585290859,0.011844727435426,0.0478751030551463,1675.45395403384,1770.4998000658147,1659.240690943496,1659.2328891470306,0.1374151024729435,-1.040288067382105,9.183293382146449
12.47,0.9797507634731676,0.2751131150476165,1.5928914641027838,-0.316742639730333,0.0091616433755069,-0.008222142568983,0.948431632137444,0.0169430632191717,1.9917133606508823,0.0262411058150583,2.1825418727655275,0.0415823914803266,0.0565741266989117,1597.054343985827,1680.7457588891473,1659.1649373576292,1661.3367036782688,0.1683275592883281,-0.9621858507884772,8.75449199767905
12.48,0.9798526378770552,0.2934883875448451,1.5957779788424729,-0.3062530874956886,0.0093578861185084,-0.0079021144194501,0.9518713321423504,0.018023820720934,2.044301907904759,0.0115286514932943,2.189994716792132,0.0745508543549864,0.0616858029240108,1538.64724126106,1604.8865795879196,1652.35058245532,1660.291135057162,0.1614993053499362,-0.9889739132490862,8.14431215078255
12.49,0.9800200029041318,0.3121682564474841,1.59759198079418,-0.2961583454517674,0.0096007915546941,-0.0076363507901491,0.9550600742191062,0.0192522074754219,2.0885191683561635,-0.0078896275468284,2.401210377633877,0.0873519471932699,0.0617052529834947,1512.6206825941545,1565.3507627861638,1626.26017848511,1642.172363545647,0.1614993053499362,-0.9889739132490862,8.14431215078255
12.5,0.980261390958109,0.3316446517695965,1.5983665625098469,-0.2861893207973656,0.0099021517242724,-0.007482623769133,0.9580927044886114,0.0211340272623721,2.1326222517507243,-0.0329643052951266,2.7985558357673934,0.0733539056057926,0.0582985059076223,1511.1544206469418,1558.2395631418522,1585.7208636931716,1608.9661339871625,0.1694648614907123,-0.8977728399271308,7.969355038189045
12.51,0.9805811916261652,0.3524220563672169,1.5984109871211205,-0.275606225055464,0.0102178591807927,-0.0074527296518585,0.9611874223506957,0.0235229836847986,2.180320512116625,-0.0646504699968344,3.2815943244798857,0.0390565012069223,0.0551372900917914,1519.7449944493983,1568.2097007416344,1545.2956837478455,1572.795049841819,0.1445935214141009,-1.3026414793910863,7.691302715784554
12.52,0.980978154086428,0.3748026428213493,1.5981837462536752,-0.2633197773531726,0.0104721132069043,-0.0075046205190454,0.9646225740519048,0.0258636941849559,2.2282904246044404,-0.0984831792874882,3.745281189110523,-0.0043732793613685,0.0563486895167861,1530.405035010927,1583.499164065649,1516.0118977220686,1544.675974088723,0.1445935214141009,-1.3026414793910863,7.691302715784554
12.53,0.9814419064664528,0.3986727180333655,1.5981340917630915,-0.2481861785314418,0.010594824081559,-0.0075600694195671,0.968624909776231,0.0277936870005139,2.2710903626268157,-0.1231051902169062,4.119501113547149,-0.0451407020390808,0.0645738568323602,1540.0730821079935,1596.6188393354996,1497.2158351465778,1525.5604489714217,0.1016906036184715,-1.2179035959233349,7.740503247739952
12.54,0.9819486649247988,0.423364798644221,1.5985570365613266,-0.2294948378421114,0.0105528350760059,-0.0075388053788854,0.9732234704779478,0.0294744770175687,2.307486388336128,-0.1291303339479461,4.371599803148516,-0.0727186989735132,0.0783434803745983,1541.7967834920826,1599.9696877183392,1481.2626348837923,1508.5587490669118,0.0563758294865214,-1.7281616786620662,7.725284791795938
12.55,0.9824598939596938,0.4476870650475713,1.5994968036684158,-0.2075521728343114,0.0103645916042578,-0.007394278048305,0.9781410917882846,0.0314245227937375,2.342179134012735,-0.1224043316515541,4.508603449168401,-0.082374583186509,0.0907489883620431,1528.1763975489107,1589.501571589658,1465.0442290362168,1490.2951726658666,0.0563758294865214,-1.7281616786620662,7.725284791795938
12.56,0.982928577014612,0.4702061949310062,1.600716174982756,-0.1840604783564098,0.0100940217410638,-0.0071354320602433,0.9828371872500624,0.0340147760993445,2.380454852509955,-0.12382388626116,4.574764220783219,-0.0792944384921663,0.0924302715129596,1508.0212233941113,1573.8579147005985,1455.7159652220744,1478.4320331226772,0.0664992443761665,-1.7099671576396045,7.664992287431954
12.57,0.9833154770039924,0.4898141383591904,1.6017263447173675,-0.1618293349070007,0.009822034686904,-0.0068229351212937,0.9867462903677406,0.0370482648911431,2.4207889150070034,-0.1493018141149075,4.624186118168937,-0.0759343586012174,0.0786546624157861,1508.770081202484,1573.0957780486672,1463.5450463625918,1483.8910677078622,0.0980836347120601,-1.3826315681445107,7.72689638881433
12.58,0.9836120705409432,0.5064702766667503,1.601857660241794,-0.1435453906898619,0.0096016046395866,-0.0065396572519082,0.9895755468295826,0.0398156072210025,2.4547642816619875,-0.1912483922278068,4.688941315967087,-0.0837491682977818,0.0551279638071784,1547.4304072263249,1599.1475229564085,1484.232419774691,1500.77064463652,0.097142129840904,-1.05726136964323,7.778109028483087
12.59,0.9838602313224726,0.5218135001212209,1.6003635687837594,-0.1299847831876707,0.0094157098711754,-0.0063507027129585,0.9914509413593432,0.0415764583626112,2.475713479550264,-0.2267203975310292,4.7722857617035865,-0.1068768122432858,0.0357753269668321,1602.809367360807,1638.1165859197968,1490.554741437562,1499.39021582048,0.085755574331073,-1.0654969930975322,8.020223075156405
12.6,0.9841558584349466,0.5392273382017349,1.5965777126732976,-0.1187241368147082,0.0091637817833185,-0.006275719499903,0.9928651568998624,0.0420978043908427,2.4862320464608203,-0.2447252707899363,4.852956267119213,-0.1411341897242124,0.0319016053981092,1638.3401522740214,1666.4748519879863,1461.4514676471003,1460.1540669096244,0.085755574331073,-1.0654969930975322,8.020223075156405
12.61,0.9846277773745185,0.5630708010683869,1.5901426166266208,-0.1044274236608261,0.008691531202619,-0.0062872011651459,0.9944746560744648,0.0419894130553682,2.495505405887042,-0.2585154579709511,4.875642972018025,-0.1753647734833798,0.0417823415397719,1660.6049805719874,1693.9517962220943,1433.6714061705109,1425.58014387815,0.1391062752056743,-1.2040656948340895,8.613006129268815
12.62,0.9853939744463106,0.5971627790110308,1.581268424231549,-0.080999318451273,0.0078574870599258,-0.0063311974621264,0.9966630755908578,0.0426237929051162,2.508588140783452,-0.2852392952870132,4.756009499277361,-0.1938314358744742,0.0514001430409091,1730.1743370268246,1772.0779351842243,1499.375800950704,1490.910594421859,0.1391062752056743,-1.2040656948340895,8.613006129268815
12.63,0.9865104314818404,0.6430586019880744,1.570895285966518,-0.0447511820905536,0.0066104517156691,-0.0063564350270933,0.9989560697865344,0.0453743785134546,2.5184323711857544,-0.3155618727052912,4.448224619011704,-0.1824550185019935,0.0464530056624225,1887.0850255848072,1932.6921715322835,1711.124067638487,1703.4860986705075,0.1391062752056743,-1.2040656948340895,8.613006129268815
12.64,0.9879363510685728,0.6989268990500495,1.560603900922633,0.0031138655509974,0.0050406132458511,-0.0063387796717418,0.9999623572573664,0.050451347858771,2.509743292921135,-0.3111950128910111,4.033775304290085,-0.139286431205202,0.0243376808492994,2079.4826772611277,2124.994833019557,1994.1720704264144,1980.9208595916305,0.0052591428514674,-6.7974480174133065,16.231681228636806
12.65,0.9895359772491596,0.7596908126608701,1.552208915664975,0.0563620950105863,0.0033693732329068,-0.0062947984215175,0.998384864209623,0.0564434220942419,2.4724101656870023,-0.2379486206409846,3.708621382372376,-0.0822543813688609,-0.0046681646107781,2200.9358713429056,2247.0486252853443,2195.7241083738736,2172.5289578164243,0.0826223699575039,-5.134852214297847,15.97401633144912
12.66,0.9911200351184284,0.8185079352656646,1.5471568126694046,0.1063451136718481,0.0018644660649612,-0.006273207083865,0.9943077428227628,0.0612988151612793,2.4114176318279403,-0.0998675862266937,3.6360753348287433,-0.0432382655594528,-0.0268684914496836,2197.076486872075,2244.7851760797257,2227.396580567708,2202.3698801848227,0.1192244333460949,-3.464084466048706,16.41732730448758
12.67,0.9925083345629994,0.8689496562612398,1.5460077788186413,0.1458566148152407,0.0007295496786291,-0.0063335698102684,0.989285197284061,0.0638805706764206,2.3434105793611204,0.060956800162781,3.8074594672655806,-0.046334259479913,-0.035656055882272,2109.666031837962,2157.9057262009874,2130.238786957115,2118.4324165469416,0.1192244333460949,-3.464084466048706,16.41732730448758
12.68,0.9935844157908345,0.9069017358918108,1.5482718875772443,0.1718358889891324,2.7426819438148654e-05,-0.0065117987222977,0.9851040670814856,0.0645371718568738,2.2847998679677577,0.1950403640325909,4.060969445745379,-0.0875760460961146,-0.0342938247306353,2020.6470834851264,2069.332918974809,2006.091705887576,2012.187390869149,0.0317482459509965,-2.814704947224145,13.816599400903646
12.69,0.9943205074971914,0.9314574963403024,1.5526798273642186,0.1856882847464843,-0.0003213140641941,-0.0067959356517141,0.9825851479255112,0.0643555019348939,2.2432376019914733,0.2758759416885425,4.231607660650401,-0.1380853626217889,-0.0309338389496975,1977.914869216606,2030.20337588032,1921.7556784493293,1933.4259631769776,0.0317482459509965,-2.814704947224145,13.816599400903646
12.7,0.9947689836809396,0.9446522265045612,1.5577320238151038,0.191728487683453,-0.000478146088308,-0.0071254779689564,0.9814220223485144,0.0641593415853478,2.216994205250296,0.3086783622715137,4.276999355723362,-0.1682385329583566,-0.0322053438053979,1974.418899078183,2034.317314262368,1881.7075181327011,1883.1494210746837,0.0675047894291448,-3.014524617536761,12.7884101017198
12.71,0.995031448470315,0.9503767673817708,1.562248895325953,0.1949620223856358,-0.0006027278245872,-0.0074172004961892,0.9807825608580484,0.0641890680681878,2.198819004696924,0.3179483572049708,4.278397555092194,-0.16755785505059,-0.0399706247653749,1977.2448851190543,2046.5229748457125,1859.6349683160784,1847.7312639075567,0.0675047894291448,-3.014524617536761,12.7884101017198
12.72,0.9952216190373824,0.9530062782163544,1.5656940463130318,0.1992179192528174,-0.0007859816881735,-0.0076039551406543,0.9799253965213794,0.0643694244630045,2.180500706662654,0.3274665487118401,4.349004972903833,-0.1447054406995899,-0.0512623440310169,1965.0993674025956,2043.1314830877757,1835.6193763480412,1819.598174312617,0.0675047894291448,-3.014524617536761,12.7884101017198
12.73,0.995435002430734,0.956222148147103,1.5681916642407578,0.2062047251489608,-0.001029810557375,-0.0076645990458618,0.978478310816302,0.0645781356273574,2.156148377328932,0.3477855973427592,4.545811798724632,-0.1156136898093993,-0.0605303216989381,1941.7375548400876,2026.458476881434,1809.8132708818391,1798.7914100846028,0.0461105918009428,-3.151706581618349,11.88534787007967
12.74,0.9957315280456982,0.9623072576602308,1.5703015003333975,0.2156263127343742,-0.0012782913654371,-0.007630326561363,0.9764453068883734,0.0646638556445372,2.123103797105177,0.3770015303373282,4.845599141261449,-0.0936558869122712,-0.0637912708193902,1922.906788064688,2011.1564936597124,1792.9608425091,1788.3633899893991,0.0461105918009428,-3.151706581618349,11.88534787007967
12.75,0.9961304024603892,0.9719657441411635,1.5726877821274614,0.2261034303758379,-0.001475902667868,-0.0075680787034641,0.9740727820180236,0.0644487023998829,2.081885779566983,0.408486076514566,5.175815826048903,-0.0858841610778965,-0.0619089383479236,1917.9249367402708,2006.754221518336,1789.482002643599,1787.6476314103256,0.0440381625871635,-2.607869683888108,12.016403409847443
12.76,0.996612234533664,0.984546418465454,1.5758197886315457,0.2363939210078018,-0.0016150561463238,-0.0075524775189615,0.9716266082130146,0.063966859448767,2.037815224472687,0.4367732129083087,5.456069065269837,-0.0923238344155171,-0.0593054888435644,1923.929665958933,2012.8331286519983,1791.8226373232333,1788.786657202948,0.0440381625871635,-2.607869683888108,12.016403409847443
12.77,0.9971238065246496,0.9984846065983672,1.579797603489726,0.2463649549805168,-0.0017475735332788,-0.0076395344152417,0.9691454444293242,0.0637211083344054,2.0018775133363382,0.4599519975978745,5.621694109498224,-0.1064847032025796,-0.0593592638191373,1930.4974893593253,2020.9694068605131,1790.9346675645584,1783.8745399889226,0.0416644898852805,-1.9858936017528888,12.134717352658017
12.78,0.9975851748404622,1.0118103797397164,1.584335464660922,0.2573150476625311,-0.0019602175867379,-0.007851739571279,0.966293678950218,0.0643766368465708,1.983099188459181,0.4805087175038842,5.636331160862638,-0.1182933217928582,-0.0620754957046108,1924.5354529239512,2015.7563168785648,1788.0933892582557,1776.1798323636388,0.0416644898852805,-1.9858936017528888,12.134717352658017
12.79,0.9979032656739756,1.0226439672484051,1.588881507837956,0.2714918720333965,-0.0023323492734808,-0.0081779851793279,0.9624031609076702,0.0657434112479991,1.9721110318108728,0.5020891396611206,5.512946246162124,-0.1198674278109029,-0.0660841211283691,1896.798920678604,1983.106259182397,1791.0123525830677,1777.3539786374286,0.0865594010662728,-1.9794406858436444,11.429558415678793
12.8,0.9979958336689044,1.029647679581548,1.592822744233231,0.2909702662540468,-0.0028957968896873,-0.0085838230274461,0.9566892058023108,0.0660074453088514,1.9331902399544696,0.5202888022417037,5.332251177493528,-0.1104048377884519,-0.0708299529459965,1855.6294848384184,1932.380270159976,1796.3502578498033,1786.763350561149,0.0865594010662728,-1.9794406858436444,11.429558415678793
12.81,0.9978226642186572,1.0323924638230568,1.5957155403558316,0.3164034584276958,-0.0036106463846073,-0.009022019026999,0.9485749405821108,0.0626125897538192,1.8248658307529573,0.5174402836359563,5.207711557437573,-0.0942820913585866,-0.075251996136918,1835.1513550235136,1908.91554036172,1781.4335542379072,1778.9116238570773,-0.0125006015392067,-2.169400456701755,11.00475531347805
12.82,0.9974111136007626,1.0315391962974203,1.5974748920648345,0.3463473624666442,-0.0043662912862048,-0.0094373920621408,0.938048706434729,0.0546671544098835,1.6396471568530977,0.4750702377211783,5.1712232785597605,-0.0717918900547524,-0.0754832905843043,1873.1996557118505,1961.2174852465023,1725.0203124023824,1727.8900065857647,0.0016782722533114,-1.720952495523358,10.895771125884307
12.83,0.9968589878345684,1.0287034365173036,1.5984437271142946,0.3776147384905107,-0.0050128515874165,-0.0097711651122295,0.9258976751920568,0.0444493614562862,1.4209869591839868,0.3968604848815616,5.0634407079123065,-0.0332563915949225,-0.0669586957713058,1965.5000201821088,2077.964049702088,1643.3125133475285,1652.1325979387022,0.1156405115319986,-1.529612416104312,10.875163424275158
12.84,0.9963066374883324,1.025962535708555,1.5992809373506216,0.406477961774917,-0.0054148530945154,-0.0099738993352836,0.9135900980687802,0.0358888190292546,1.2320163762090424,0.3136865489160926,4.587319641666828,0.0303993794159672,-0.0505684549431427,2049.66340103532,2173.188677416058,1595.577533307484,1618.732708871917,0.0410690912205353,-1.808626291666564,10.80122175788178
12.85,0.9958889813269723,1.0251676637082778,1.600690578465234,0.4300104365109514,-0.0055021799604109,-0.0100254968512264,0.9027514829233072,0.0313522621236099,1.1062774616852626,0.2586255140215832,3.564790900331669,0.1072471621039554,-0.0349858750832407,2056.655203001128,2163.360044664776,1634.1050013070037,1679.7669602041926,0.0698479616989918,-1.875315967817758,11.054928040434918
12.86,0.9956918931738497,1.0273712893522675,1.6031217889411051,0.4468989268628748,-0.0052914817436129,-0.0099482807544601,0.8945134884951698,0.0301627673222245,1.0306041833192063,0.2385538182853743,2.1863196880014204,0.1622448797713984,-0.0299051752100838,1983.3704393329992,2059.846304744504,1742.7022499864297,1804.86479556978,0.123511633402557,-1.6271492498871298,11.442763257671029
12.87,0.9957335482677744,1.0326164996828886,1.606594516071369,0.4575186934865081,-0.0048691080841147,-0.0097994639389031,0.8891326714295084,0.0300113008401328,0.9681334422432912,0.233766537798613,0.9635671839537918,0.1663146547292781,-0.0365351451180109,1899.2711139974597,1961.1266711686835,1840.1683252062865,1899.3269174588336,0.2092885307381748,-0.8884445414525786,11.826933850485704
12.88,0.9959745347268864,1.040113863737264,1.6107178678592875,0.4634453463403574,-0.0043486133322694,-0.0096425263531046,0.8860623692512182,0.0291808475892601,0.8891916649475614,0.2211656145995255,0.3560696029565427,0.1273736567670491,-0.0464894123445277,1873.7936016830984,1948.055627497291,1856.2209161216092,1897.1483203040136,0.05532662284042,-0.3647927919666029,12.043834093835496
12.89,0.9963454425239954,1.0486450084440224,1.614854402888123,0.466689935817661,-0.0038266147562897,-0.0095138451529078,0.8843615479974357,0.0274285488267176,0.7857258955208891,0.1929862159505879,0.396861779969045,0.0849911341878205,-0.0504686710302892,1907.703116746438,2005.8459778563447,1795.79984047651,1821.287359402629,0.05532662284042,-0.3647927919666029,12.043834093835496
12.9,0.9967758599903802,1.0569876855941434,1.6183366762599731,0.4689348845382787,-0.0033569835679613,-0.0094089495921591,0.8831762431089097,0.0254390051154072,0.6689830131687666,0.1564490936465473,0.6778409264758476,0.072620509745064,-0.0464728881686928,1943.5575143456024,2055.42186601942,1721.376706247448,1747.032791895504,0.0248083709322981,-0.7211784661123977,11.691734841367534
12.91,0.9972132454425964,1.064220640933572,1.6206621626917666,0.4710224199091051,-0.0029508252723501,-0.0093002788755122,0.8820672748640096,0.0239333280418701,0.556572101050652,0.1217000508980899,0.7025483139874934,0.0885831041998404,-0.0389372014375385,1933.332117024589,2042.2183454840367,1683.109598451682,1722.0233897936982,0.1022203059943647,-0.8982440057532077,11.360080404260827
12.92,0.9976287130878534,1.069855720469798,1.6216266407882225,0.4728511885748557,-0.0025967603994082,-0.0091708350313139,0.8810907479275916,0.0232005102369406,0.4569463959190677,0.0919959295737354,0.2591265862361885,0.1036064414725131,-0.0322142193872519,1880.410077210997,1978.497356790096,1678.9050008254192,1732.0768096536294,0.0695535570563348,-0.4683956097674651,10.736082285058703
12.93,0.9980136433353356,1.0738120981097938,1.6213724277104726,0.473650152795509,-0.0022867455578367,-0.0090332991944353,0.8806637854807069,0.0231048095939788,0.3647409047531235,0.0636435548599866,-0.5033600320177748,0.0923420004981981,-0.0274844338400856,1817.806078111511,1909.0555368014843,1676.9081961601803,1734.5807148731255,0.0695535570563348,-0.4683956097674651,10.736082285058703
12.94,0.9983728862417066,1.0762875317698977,1.6203370485870927,0.472434355957277,-0.0020293540061657,-0.0089195033710921,0.8813183893991794,0.023264958235156,0.2711385970526183,0.0325466476957879,-1.2831387191589074,0.0559336382403102,-0.0247340008300282,1766.253989192324,1859.8986852476528,1658.3474898504826,1708.7732595034804,0.063745220271899,-0.3081429843861443,10.410514388067774
12.95,0.9987181681407687,1.0775972239538572,1.6191128396173535,0.4684219020901,-0.0018403635363301,-0.0088526642910131,0.8834586379900858,0.0232206793232875,0.1749204529778024,-0.0012271385960218,-1.8756860708878655,0.0168710120062461,-0.0239259494257366,1724.7966388432992,1828.26493920731,1628.7745578398485,1668.1475014095236,0.0566219611355457,0.0788049426752772,9.742016953928337
12.96,0.999062586633802,1.0780409869151524,1.618263011567325,0.4612874838740417,-0.0017187357761767,-0.0088261055771076,0.8872051640003168,0.0226523926523667,0.0812802867507628,-0.0347227893652111,-2.270906242914513,-0.0038902457536959,-0.0231542394124646,1688.3437990805796,1804.2480108580887,1598.4550356767254,1633.597180895862,0.0566219611355457,0.0788049426752772,9.742016953928337
12.97,0.9994160726856152,1.077830661719082,1.618155577731829,0.4512325750230239,-0.0016299066761661,-0.0088027751052277,0.8923614838129025,0.0216387834424804,-0.0065632798542415,-0.0660957341335557,-2.586610961763372,-0.0031618756112162,-0.0181122865397725,1658.133590770515,1783.136351577945,1568.7880260326635,1608.6669026030172,0.0024019437897616,-0.0180003787509503,9.31415419526276
12.98,0.9997821282853138,1.0770779885847563,1.618863250334287,0.438896716284119,-0.0015140239231679,-0.0087341671809922,0.8984937921267081,0.0206759080189376,-0.0913936343429916,-0.0969624801343547,-2.9481140014449108,0.007663395017743,-0.005405167973919,1636.2496522145343,1759.5383215518452,1538.9899771646433,1583.818987367149,0.0573606711771794,0.3938180728003422,8.777855099911251
12.99,1.00015666299665,1.0758205569339012,1.6201518607995138,0.4251336924382659,-0.0013178899852922,-0.0085863314114084,0.9050888805154363,0.020300993448136,-0.1775253013294469,-0.1305786046558874,-3.40706452636854,0.0166030715611078,0.0135830609918399,1618.0686360749958,1723.8199068182585,1513.6223594826631,1555.0000572807764,0.0573606711771794,0.3938180728003422,8.777855099911251
13.0,1.000529719396871,1.0740551399148297,1.6215543845326472,0.41067474867388,-0.0010310737072415,-0.0083570217635405,0.9117430273250788,0.0206171637934151,-0.2625029078968557,-0.166829626579424,-3.920091723580288,0.0198393803992458,0.0325106788931477,1594.033065776173,1671.451769876349,1496.787238395625,1529.0892599791612,0.131214358031932,0.1060464230590518,8.350141881698935
13.01,1.000890187023438,1.0717559438789206,1.622503796607191,0.3957490891603643,-0.0007016757655208,-0.0080728014374921,0.9183229257493318,0.0211830628537362,-0.335647929004195,-0.2003986180694585,-4.385758588294859,0.0191897036681728,0.0442888359922481,1559.2887907747026,1612.3804676758186,1484.2172537160104,1512.0441765525495,0.1013651461895878,0.1650126232335966,8.001978597660177
13.02,1.0012320656789802,1.0688762257807145,1.6224833350663277,0.3798491690095994,-0.0004194314374984,-0.0077683159146468,0.9250157221084604,0.0213907123456646,-0.3890408087659611,-0.2269759917376499,-4.728608834803798,0.0148181068292879,0.0464091430422389,1518.3657913910451,1564.349600458514,1469.3899153085672,1499.7807482294916,0.0626003287575612,0.7520179828963296,7.753226731389969
13.03,1.0015590814060649,1.0653504183691622,1.621154815268376,0.3618889813384096,-0.000275483068205,-0.007464467095153,0.9321912738413252,0.0209912969217702,-0.4293099778418054,-0.2510255659901313,-4.964708232952023,0.0028835075314717,0.0422873779710944,1478.5818088346882,1535.8467999611914,1459.3474861441437,1487.9282077811229,0.0626003287575612,0.7520179828963296,7.753226731389969
13.04,1.0018842897547966,1.0611136008578843,1.6184369362686757,0.3408131521810137,-0.0003228291007535,-0.007163795615851,0.9401037023191576,0.0202781278147,-0.4733086512620825,-0.2834349925260563,-5.173046659435415,-0.019062982541211,0.0368831505753723,1445.7965544973813,1521.275081152106,1477.659848329774,1488.4800927357378,0.0596271092299832,0.7774213579200664,7.484516108352939
13.05,1.0022238483702834,1.0561356089343237,1.614514255642551,0.3163328990063998,-0.0005585156790372,-0.00686547021096,0.9486232394292402,0.0197508384128108,-0.5304183850095343,-0.3293627480226768,-5.394317503622542,-0.0458194910463788,0.0316969736265595,1432.1562019634289,1515.25719811905,1542.7852918473725,1525.6181424357562,0.0545950009498932,0.8226049936078814,7.5527134545448416
13.06,1.0025880020154403,1.0504486727872877,1.6097683070862665,0.28926358122879,-0.0009331539371732,-0.006583699122989,0.9572263915627708,0.0196249723160273,-0.5928958930270269,-0.380629260705519,-5.567477734791996,-0.0662985875761466,0.0254135916070014,1457.876161037687,1525.138709932367,1642.3531657403482,1607.3711135920837,0.0378554983104274,0.547583379359307,7.930017247143736
13.07,1.0029743820661978,1.044150590848985,1.6046490553324415,0.2611924316817635,-0.0013773402823212,-0.006351127624287,0.9652648754325488,0.0197214084757785,-0.6462836872371016,-0.4226344775387526,-5.576201587710046,-0.0728034121850608,0.0186939100248345,1531.3843399845407,1563.4405119534108,1736.9126896134803,1706.9341840784227,0.0472043775569317,0.8078063631001995,8.601605781630214
13.08,1.0033672283182988,1.0373859530370733,1.5995389130712068,0.2337310191122475,-0.0018268268837445,-0.0062040264142592,0.9722797866172772,0.0197788125188791,-0.6864371857439209,-0.4478159109928615,-5.362230531637751,-0.0673176277712859,0.0155318136003381,1631.1321864120243,1631.4347378633531,1796.6609234496668,1783.7619080521777,0.0315929401445889,1.384814688027788,10.016589927817527
13.09,1.0037425396415798,1.0303207038354467,1.5946683776340973,0.2078994491903574,-0.0022338005257546,-0.0061616576213817,0.978128244729143,0.0197085196458519,-0.7219646786742898,-0.4601814692809973,-4.998552691722777,-0.0572518522459987,0.0185464763318263,1720.57368699047,1715.3235205989563,1832.267151780056,1826.3853631574036,0.0315929401445889,1.384814688027788,10.016589927817527
13.1,1.0040763608133414,1.0231170433617869,1.5901066839162228,0.1839650076175294,-0.0025665046944015,-0.0062136274013797,0.9829098025050176,0.0194993689889109,-0.7606911666564263,-0.4677068861099253,-4.649529277182083,-0.0464835660204929,0.0247435223071027,1782.0579895028643,1796.068316045562,1881.3265326526832,1865.6587380766352,0.1208220666114583,0.7525061117728233,10.840104300977195
13.11,1.004352808628867,1.0159043446429974,1.585805191907721,0.1616187448171072,-0.0028083291347481,-0.0063197704867152,0.986829040468616,0.0190379007305519,-0.7991798873819856,-0.473408604073936,-4.440684824892487,-0.0344592686453025,0.0283205481953853,1827.2912056294235,1860.6512662399664,1963.3011923903807,1936.9670283356063,0.0899098128089625,0.7828097852390887,11.80900915834155
13.12,1.00456918189547,1.008749914483507,1.5816567806687591,0.1402240326518202,-0.0029610112228298,-0.0064197519262808,0.9900945610721256,0.0181773930219897,-0.828387812659787,-0.4740407935650892,-4.352965991431178,-0.0251949090274967,0.027616730016536,1875.7605055642407,1909.779033292112,2055.88857987495,2032.8927049472904,0.0759771488771155,0.9541607632549782,12.75945571906628
13.13,1.0047364059795625,1.0016503823193477,1.5775508227443775,0.1190586761659473,-0.0030454896100185,-0.0064490124753936,0.99286160508942,0.0169645213268364,-0.8461285624460337,-0.4643630599959351,-4.2550338188717,-0.0303620922274165,0.0272368074417243,1932.4643340718308,1957.5122478272028,2119.9639763157884,2105.764305573136,0.0497324977486103,1.6798816700698436,14.276014077092071
13.14,1.0048743593163878,0.9945589134634985,1.573418605408562,0.0976142872441517,-0.0030935113243275,-0.0063591238908506,0.9951991974759844,0.0156979432926447,-0.8594078254140689,-0.4409529433024381,-4.052763669257252,-0.0540024667744813,0.0320336806885126,1987.2096961674847,2014.8366959427108,2141.559548576177,2122.502126158145,0.0497324977486103,1.6798816700698436,14.276014077092071
13.15,1.0050039054764062,0.9874314984112296,1.5692623917010662,0.0759009511590527,-0.003132686868934,-0.0061384852793459,0.9970915458896478,0.014698229681355,-0.8749649647132467,-0.4036656057970018,-3.793942871428887,-0.0761760126635674,0.0401481861530749,2026.3785393830456,2069.8779230121245,2143.1146563014954,2106.147976978658,0.1749491291549425,0.9534903557869974,14.85009674647708
13.16,1.0051396350531112,0.9802526989408792,1.5651571643552462,0.0545417192618535,-0.0031754125563062,-0.0058238495926845,0.9984894593289306,0.0139927826475533,-0.8913653246760369,-0.3557937958420297,-3.6044650255701502,-0.0665719372601082,0.0443045852999993,2042.5542030925783,2096.1235230454813,2156.1009273034283,2108.773759546836,0.0297661248531478,0.8796444800583244,15.183807157712923
13.17,1.00528724202128,0.973017817166938,1.5612237456522762,0.0345063691467036,-0.0032203717251652,-0.0054912537343957,0.9993842033105624,0.0132607554554155,-0.901782967615066,-0.303334554189251,-3.5325063776638648,-0.0220475637453079,0.0404074471045588,2039.951113482328,2087.377161616211,2188.118768225622,2146.864523476901,-0.0469167245726907,0.880130517900571,15.506224593643534
13.18,1.0054463956992896,0.9656903255899872,1.5575887312363323,0.0165897204403459,-0.0032651199183472,-0.0052237913093195,0.9998434038248124,0.0121886866538425,-0.9023634367281704,-0.2530765805467223,-3.4931765059176056,0.0205239995495867,0.0326621177237663,2032.8046008348092,2071.4397942187447,2217.361058660177,2182.005405687752,0.1518484278335711,0.9697492529731284,15.478721006511572
13.19,1.005615954376048,0.9581796153101872,1.5543528791031975,0.0009277613564533,-0.003316696716332,-0.0050702386943858,0.999981215554242,0.0109058453696517,-0.8960669978461884,-0.2095700977863171,-3.3786527273610107,0.0211301636471906,0.0287785940917963,2031.4678003077504,2076.182412091068,2216.4553525116025,2170.639298083327,0.1097676566965054,0.4122459901273085,15.503944009872692
13.2,1.0057967824077971,0.950372621415241,1.551581204519249,-0.0131730419434658,-0.0033869301115969,-0.0050196074250923,0.9998948960824195,0.0099400022089096,-0.8889959461608514,-0.1721981126763672,-3.190975262353316,-0.0181526015818664,0.0317148940044256,2028.6670920390104,2090.892413359977,2179.6387537925493,2115.445569744203,0.1455066653366307,0.9305011462499578,15.135102227050538
13.21,1.005989807207078,0.9422140702733226,1.549313849208368,-0.0269732995427774,-0.0034712221454878,-0.0050040477615615,0.9996176025033736,0.0096443501947662,-0.8840770152036577,-0.1351108199332489,-3.0362273046123045,-0.0550056657185387,0.0377820688180027,2007.3194500072984,2077.546015150555,2126.408410592002,2055.3661854239795,0.1455066653366307,0.9305011462499578,15.135102227050538
13.22,1.0061912295926916,0.933789674615704,1.5475840683762443,-0.0417064593434583,-0.0035372706781301,-0.004935983307725,0.999111452758884,0.0097457791345731,-0.8781009349885036,-0.0915888118312146,-2.996864504801572,-0.0526560990213697,0.0415721349923328,1962.852098531583,2018.6685985201711,2080.2875755782943,2017.3570611382167,0.0115789727789676,1.1229808739685636,14.153734838557286
13.23,1.006389280410474,0.925352356038666,1.5464245198791604,-0.0579566031053957,-0.0035406957090023,-0.0047542295224899,0.9983015040217196,0.0095672143807382,-0.8642318161608618,-0.0397915784091325,-3.037297580892485,-0.0164094297852737,0.0407182909211717,1907.983153311616,1937.92139684394,2046.1913557342016,1993.371995405,0.1022550680419117,1.1308666696698175,13.2347235873134
13.24,1.0065656521209168,0.9172596479824612,1.5458525182475125,-0.0753482618754414,-0.0034656942821577,-0.0044585201825705,0.9971412888820088,0.0086707142629626,-0.8377058180950533,0.0151567442206817,-3.04390681749718,0.0157139148209889,0.0363614727695574,1854.4397414126925,1869.5072413013563,2010.3299301892075,1960.4353839236728,0.1022550680419117,1.1308666696698175,13.2347235873134
13.25,1.006701087443874,0.9098446689890706,1.545844266249954,-0.0927295180076683,-0.0033563825016865,-0.0041121134424364,0.9956771875008508,0.0072032397929472,-0.8001065542541288,0.0643001534845143,-2.9425895557057884,0.0130617610133625,0.0309915570957968,1803.7509349464176,1823.445775162814,1962.7567961139137,1911.323328337059,0.0236254656248206,0.753217458696632,12.64366780303044
13.26,1.006781869711074,0.903282579990344,1.5463183244594236,-0.1087557092767471,-0.0033043337993375,-0.0038093130962891,0.994055715848759,0.0056368166203558,-0.7586716588334738,0.1007922477476288,-2.762656813034993,-0.0190619033230558,0.0263362382087423,1760.0580665304915,1790.6483516430458,1915.101980764622,1862.824471432863,-0.0225678206668354,0.8069933550174104,11.520528539721088
13.27,1.0068041412188615,0.8975144425074297,1.5471397685579202,-0.1225658073622051,-0.0033915347515675,-0.0036252823830412,0.9924479722813296,0.0043010610886758,-0.7215440941645531,0.1244882663146931,-2.5937306028377805,-0.0470160040425582,0.0224113605187867,1735.0120310920202,1766.6448403137597,1888.2997485063693,1836.203479684113,0.0492894601486161,0.7746590882524962,11.130627736215336
13.28,1.0067750460953593,0.8922603744224255,1.548141454010044,-0.13419483013547,-0.003626399681214,-0.0035760437349576,0.9909418795779448,0.0032344604358207,-0.6931669366701523,0.1410017847373766,-2.4977046724209773,-0.0406482706667453,0.0182558280867249,1729.3042875737506,1752.611606724944,1884.046065094084,1831.833082546977,0.0492894601486161,0.7746590882524962,11.130627736215336
13.29,1.0067113224212214,0.8871163269254936,1.5491536670778747,-0.1445155611847064,-0.0039193444384466,-0.0036092047858153,0.9894881833329068,0.0023501515927871,-0.6718779533808348,0.1552447579304051,-2.4582776124308703,0.0019668805558159,0.0136736245188545,1722.5173852411913,1740.2093187357464,1879.4615476316933,1827.7281043619755,0.0798761290584512,0.1828129273923475,11.15587733859085
13.3,1.0066361293574515,0.8816997801419055,1.5500366572803497,-0.1547543569938555,-0.0041179734879458,-0.0036285276244795,0.9879377333987448,0.0015342785270639,-0.6493341927473639,0.165938801500548,-2.393524291352423,0.056017039144734,0.0098227421755773,1695.071219253623,1714.113506636333,1855.2707667836548,1805.581090351988,0.0798761290584512,0.1828129273923475,11.15587733859085
13.31,1.0065742601369672,0.8757949821902706,1.550711246159924,-0.1658241339700523,-0.0040822140591017,-0.0035405995065578,0.9861405357638392,0.00059144967247,-0.614022451984216,0.1674434478846118,-2.2145320547122864,0.0912395779487001,0.0080365302947658,1653.4364259954104,1671.576383982922,1820.8575495779205,1772.5427329896452,0.1569881887050671,0.8172029258441245,9.84167340764257
13.32,1.0065456873379102,0.8694455184815408,1.5511789315919862,-0.1778024734269213,-0.003754443788904,-0.0033037996498102,0.9840534891473018,-0.0006694011863782,-0.5605899370141992,0.1570162945387337,-1.8952086592444035,0.0937512058231292,0.0086108208680943,1621.584788018699,1627.8904929642122,1802.11355683072,1750.970074806119,0.1569881887050671,0.8172029258441245,9.84167340764257
13.33,1.0065584052500585,0.8629527851132348,1.5515218450247377,-0.1898447809103449,-0.0031839652985451,-0.002957125756271,0.981804500363154,-0.0021500152150303,-0.4972619278923318,0.1391762386432385,-1.496870183917171,0.0738660013505766,0.0103571826564223,1612.0510432260055,1599.7594203944868,1808.4661245475625,1750.7006160598849,0.1176853647195177,0.4482514423561494,9.941133739944176
13.34,1.0066033607164016,0.856773655525677,1.5518791170360855,-0.2006087527562324,-0.0024951147745896,-0.0026112220939585,0.979664781565116,-0.0033672363354081,-0.4404921457217728,0.1221787281435593,-1.1126615602198584,0.0559385682073815,0.0105876127957123,1617.53532524009,1591.0793359398522,1822.426078048299,1760.0037458724296,0.0976218164686401,0.3072886140712416,9.94670613443021
13.35,1.0066550182287848,0.8513618305058914,1.552406128515271,-0.208936497038912,-0.0018241502608644,-0.0024000222457714,0.977924563846391,-0.0038153305473475,-0.4005504870408206,0.110944421275807,-0.786324434395119,0.0573724812784653,0.0065162225838209,1628.0621248574794,1596.7886891699716,1821.8696565681216,1762.5714634452174,0.0976218164686401,0.3072886140712416,9.94670613443021
13.36,1.0066790893365976,0.8470268777572127,1.5532294958190516,-0.2143675086629568,-0.00126648205726,-0.0024141286186225,0.9767492714283684,-0.0035053299503596,-0.3740646829242184,0.104588968053793,-0.5000261146252347,0.0735876573089079,-0.0017459903390209,1642.2029684566835,1612.3861669094465,1803.316838735484,1754.153653675568,0.1697866122310127,0.3107954124216294,9.952901460078104
13.37,1.006645075466941,0.8438655730192046,1.5544098427920232,-0.217219172962466,-0.000860054002582,-0.0026511051334502,0.9761188774151366,-0.0031424645883467,-0.3496993029401623,0.1002065192247008,-0.2334109278626794,0.0833281383908564,-0.009987749493536,1658.8091605091638,1633.6369388124513,1779.902667732678,1740.125709583846,0.13956841056026,0.2074267277950467,9.866567245373131
13.38,1.00653842622313,0.8417733559498055,1.5559196286475327,-0.2182933653453591,-0.0005984372407392,-0.0030109331264973,0.9758783647569886,-0.0036754480529234,-0.317581158725959,0.0969461077839841,-0.0035953190649306,0.0700820038375923,-0.0131020758763111,1668.8200272572426,1651.040404638525,1763.2477887054938,1724.7114870403802,0.1277304678229028,0.078874780943337,9.751674415843718
13.39,1.0063670545330177,0.8405102856166135,1.5576402717488087,-0.2184531434321582,-0.0004496812570756,-0.0033399965043775,0.975841619493003,-0.0054981191653288,-0.2741795248014046,0.0955873130467911,0.1594407153913537,0.0388395838907161,-0.0096718216556942,1661.7117685176868,1653.0027212103118,1753.7295741634628,1709.040900767549,0.1277304678229028,0.078874780943337,9.751674415843718
13.4,1.0061593191532194,0.839788322828286,1.559382607247832,-0.2182893811757268,-0.0003666269597282,-0.003500065322529,0.9758777388552976,-0.0080179321318844,-0.2229102560345919,0.0954813251604711,0.2562358224897144,0.0125449862613205,-0.0029249808924206,1636.711977025841,1636.737473401247,1746.413016864214,1695.9685238367529,0.0871560759622252,-0.00987176355917,9.576849993750926
13.41,1.0059543022427682,0.8393519106331537,1.5609317934183176,-0.2179790783425133,-0.0002933606001034,-0.0034267379532182,0.9759473821940948,-0.0101048929401396,-0.1711998272777052,0.0934004468160156,0.3310861138405978,0.0128241230653139,0.0024381036045382,1605.5974695231205,1611.748563978804,1739.316133384296,1689.240158503079,0.0766568475121203,0.006095533712076,9.391829078954656
13.42,1.0057887352638015,0.8390318378687349,1.562107513891656,-0.217330367941295,-0.0001780650313712,-0.0031502675181579,0.9760930054446194,-0.0110399929701481,-0.1243750111955399,0.0856472402004103,0.4525619775352426,0.042617977343591,0.0037666075348018,1586.333967154745,1591.1166025596835,1732.9196184742086,1687.6353440930002,0.0766568475121203,0.006095533712076,9.391829078954656
13.43,1.005686151033826,0.8387630756396657,1.5628180403289875,-0.2159470609550665,7.745989265701052e-06,-0.0027725708440663,0.9764011366522384,-0.0109974445387663,-0.0818942913964884,0.0710642442151851,0.6723582079846063,0.0842308631444063,0.0014036687054036,1591.9411260590368,1582.855844981658,1726.1484864596378,1685.1017914917084,0.0762014789153027,-0.0923075834728188,9.323532832609352
13.44,1.0056518772443406,0.8385694998207707,1.5630840667366206,-0.2134260515864265,0.0002559248295819,-0.0024155411486294,0.9769562017652936,-0.0106537849666067,-0.0404118013279025,0.0520200365058456,0.9805055413175452,0.1125005309710971,-0.0025642116098261,1619.585496412937,1589.5999749001642,1718.039648447887,1677.8136491338164,0.1610595722861829,-0.1888790805833275,9.218481545416957
13.45,1.005674041766377,0.8385278139472923,1.5630198281615686,-0.2095152635924225,0.000527920851466,-0.0021685171417324,0.97780282938575,-0.010486359713074,0.0012138499834841,0.0324996604460119,1.299074674457817,0.1117038269074681,-0.0060129458204126,1649.702101564706,1610.47618126422,1712.2004810079552,1668.1179347562236,0.1577312611802775,-0.1970343543375614,9.206679287808244
13.46,1.005728412911498,0.8387270291851364,1.5627782456956405,-0.2041952148707824,0.000781272561761,-0.002060332049861,0.9789277087042249,-0.0104867200439266,0.0416736693831736,0.0152082374634233,1.5377176191697464,0.0841702305066569,-0.0078368137336391,1661.810679914095,1639.5044840594276,1714.5514190911144,1660.9504677951625,0.1577312611802775,-0.1970343543375614,9.206679287808244
13.47,1.005784641852988,0.8392382976433352,1.5624833999346015,-0.197679786210531,0.0009992956202636,-0.0020644452254918,0.9802639652654448,-0.010393994395568,0.0800741413118602,0.0005232022866474,1.664443131822784,0.0467047784543773,-0.0077603144093823,1654.7602190734774,1665.798361366447,1725.001519531774,1658.7253190807494,0.0849858830238609,-0.4882525037672454,9.295619910923191
13.48,1.0058125086872447,0.8401030649656089,1.5621795811082837,-0.1903437419519696,0.0012009991892965,-0.0021263192673982,0.981714467789409,-0.0100509740071736,0.1168089856602108,-0.0122795926484151,1.7205986275291707,0.0190400064307853,-0.0053382839412148,1647.9276889046369,1681.0290391900376,1734.928042068954,1660.6684271260797,0.0994458379718956,-0.3334740402421268,9.410326674770369
13.49,1.0057878019656965,0.8413377779302185,1.5618183616617056,-0.1825919296052048,0.0014225221479242,-0.0021937950526021,0.9831853085441492,-0.0095466888367702,0.1521435703463098,-0.0237547201603909,1.7707491246111626,0.0115404108221106,-0.0001501514824999,1659.526116301199,1687.4731351965163,1736.468311525018,1665.43227875195,0.0994458379718956,-0.3334740402421268,9.410326674770369
13.5,1.0056976522828205,0.8429458823289379,1.5612877243703294,-0.1747071914081262,0.0016845150954019,-0.0022359342954187,0.9846164533852784,-0.0091237158486979,0.1852633283279143,-0.0343435356606694,1.84395965931775,0.0194016122522926,0.006320941442759,1687.6254494881537,1695.5778558361994,1733.340475185717,1673.0369221627973,0.1220019614122628,-0.5685950885579234,9.67063334651766
13.51,1.005544434484585,0.8449267056432141,1.560469409126002,-0.1667350124882532,0.0019713805524617,-0.0022462791149342,0.9859972127239496,-0.0089799949803305,0.2152129873077141,-0.0447444683299248,1.9209189789715744,0.0281729502023652,0.0103007250887443,1716.547059652031,1713.0359235881187,1738.7085267404073,1684.9680439000497,0.1178970971078092,-0.4580326818682065,9.837351650364754
13.52,1.005346468969331,0.8472756929826776,1.5592999260637528,-0.1584636784810112,0.0022380340659213,-0.0022349649586644,0.987359741298692,-0.0090886426429309,0.2428667756922716,-0.0554615950558635,1.9690407704217696,0.0273404765740311,0.0089260558595119,1737.156326464629,1738.752984975874,1760.5041204347835,1702.4884963756049,0.1178970971078092,-0.4580326818682065,9.837351650364754
13.53,1.005133896068377,0.8499779802746001,1.5578101568897562,-0.1495326344104267,0.0024372515496473,-0.0022173001555583,0.9887513006975928,-0.0091798100144906,0.2711283412329855,-0.0659401028236711,1.9820874908348896,0.0190994430806016,0.0036251694653277,1753.5923190256276,1767.074455353348,1790.8176424171215,1723.4895849924744,0.0631188740666212,-0.7180256153951414,10.278342800251073
13.54,1.0049400332321046,0.8530032445248306,1.5561277109841964,-0.139636857526284,0.0025460244011381,-0.002204973001972,0.9901970530525696,-0.0089620740922722,0.3020161360956724,-0.0744023396063509,1.9826780517452136,0.0123951329470973,-0.0009699317807145,1772.564898521171,1793.7746853370554,1813.056516310808,1741.941015783968,0.0805777703503502,-0.6858994226908028,10.575398511686348
13.55,1.0047913206155104,0.8563093381210198,1.5544416820959843,-0.1287218980098707,0.0025739894380856,-0.0022024850685189,0.9916749450352328,-0.0083937381736374,0.3340385480036476,-0.0787547336295218,1.9903806999505365,0.0100182191818468,-0.0018460435914529,1793.9368520236562,1816.1869946557276,1819.822993620792,1753.547104396309,0.0942801615731482,-0.7111704120177069,10.88735529099259
13.56,1.0047002341244735,0.8598539360748076,1.5529443421144808,-0.1170616883883357,0.0025529192612212,-0.0022081528071283,0.9931189091826308,-0.007702343899052,0.3635673207137664,-0.0777890103888987,1.9960411168883845,0.0061381190587359,-0.0007730938208736,1812.094295503286,1830.880540867129,1820.2714661987536,1761.288070371785,0.0942801615731482,-0.7111704120177069,10.88735529099259
13.57,1.0046639348752984,0.8636044813358337,1.5517719779959422,-0.1051884035300372,0.0025180068763638,-0.0022173562309736,0.9944466515281336,-0.0071500017827998,0.3883764953907089,-0.0717012780358664,1.973681285902063,-0.0031639322748394,-0.0021165144432359,1821.5953702270183,1835.5610098375853,1827.7706001601584,1771.1302242541797,0.1087910303748222,-0.5901781609034196,10.91926076738726
13.58,1.0046682608285975,0.8675370056863041,1.5509658715447487,-0.0937195061529825,0.0024928078829267,-0.0022257155562143,0.9955930324512936,-0.006830682433021,0.4090759532319586,-0.0617505947805553,1.9165240750815316,-0.0122442554143083,-0.007491001917337,1821.622936261859,1833.3730736119987,1843.281510870089,1782.1408110585378,0.1049093977255856,-0.5803243437032857,10.986183157515365
13.59,1.0046943741924554,0.8716242193879398,1.5504666006578482,-0.0831562617000003,0.0024839963294683,-0.0022308659161032,0.9965309273372204,-0.0066689468870713,0.4276954875275014,-0.0495517671095469,1.8534644687219048,-0.0118435523849042,-0.013222070812718,1817.585969586612,1831.2966463595687,1854.8483494998015,1786.0072407387051,0.0817965686965813,-0.5116566425730933,11.113157458506576
13.6,1.0047250366922755,0.8758232056602877,1.5501425436220568,-0.073728099051859,0.0024855250558866,-0.0022326485737469,0.9972727835731516,-0.0065356577543285,0.4456065516740576,-0.0366033006981253,1.823236345654519,-0.0001699439541938,-0.0139180179572364,1816.270788960181,1831.9045349967976,1852.5066029211405,1778.5458159360817,0.0473002400329087,-0.4826354179903742,11.028008831910414
13.61,1.0047485503988736,0.8800750463838373,1.549840064335461,-0.0653358267284168,0.0024877243498239,-0.0022322892535508,0.9978577342777688,-0.0063426452105045,0.4624305581438941,-0.0243068694585147,1.834491467665936,0.0144729620997932,-0.0086529450479821,1817.1949427629029,1829.6196912508287,1839.0191837705,1767.0756409535734,0.1070479602770549,-0.4632007503458717,11.027998382080929
13.62,1.0047598579149597,0.8843214103459616,1.54943504690285,-0.0576067618204338,0.0024859046344968,-0.0022313310492954,0.9983337630434324,-0.0060569649642025,0.4764404274115777,-0.0140107008908459,1.858333246541348,0.0211792111069743,-0.0027889655474389,1812.3333392813347,1818.4333055284487,1824.2516907061383,1761.7167549798482,0.1085170320496159,-0.5662653022161107,10.896667026084684
13.63,1.0047594236374169,0.8885304515008545,1.5488679500025284,-0.0500415437386302,0.0024842649624236,-0.0022308727980042,0.998741555926462,-0.0056623884429053,0.4862045138556847,-0.0063953115232178,1.8606270269896337,0.0155478600970351,-0.0027374944670383,1797.3857766695292,1801.449710007488,1812.883505810576,1761.6423038593111,0.1149054165757375,-0.6776815526082378,10.648113345311272
13.64,1.004751028347907,0.8927149938449271,1.548154211231853,-0.0422102672251738,0.0024932577428446,-0.0022312999376665,0.9991031469809288,-0.0051541214064764,0.4920838207803724,-0.000606226105058,1.834885983171244,0.0025947300684216,-0.0089005710995342,1779.6610640570366,1788.9371785811848,1801.7856562293225,1756.0004568751942,0.1149054165757375,-0.6776815526082378,10.648113345311272
13.65,1.0047395441429132,0.896929557181451,1.5473712397837385,-0.0339218758834193,0.0025213301739675,-0.0022324081993889,0.9994188139035282,-0.0045871838692818,0.4959933088492606,0.0054207204503469,1.799731217220992,-0.0082097793806428,-0.0149297867139081,1770.6348283751768,1786.6882774285395,1788.083761077652,1739.297929039721,0.0941988870266734,-0.6810287261045955,10.456447280984268
13.66,1.0047293413313187,0.901247975854612,1.5466292789219862,-0.0252693840215819,0.0025647025532904,-0.0022337037504917,0.9996748927023916,-0.0040684329475416,0.4996802902398652,0.0130124689299109,1.768702639384214,-0.0112168378772273,-0.0149621083849968,1772.4096435110705,1789.2454195781866,1774.6917434998377,1719.6678111098115,0.0952279781816892,-0.5359860116413045,10.331339651932671
13.669999999999998,1.0047234823707802,0.9057348911965136,1.546037768248094,-0.0165146735907539,0.0026008202903115,-0.0022346882960383,0.9998577436106738,-0.0036402953480329,0.5034316351805815,0.0211058343834601,1.7308713869690402,-0.0085700760562972,-0.010754128680036,1775.54840699033,1786.786400655823,1765.617457423626,1707.541831407017,0.1143057386644683,-0.6968647629077165,10.236924420763591
13.68,1.0047234920745045,0.9104221070874456,1.5456798941564078,-0.0079049487382559,0.0025910575183031,-0.0022350199027293,0.9999629007580316,-0.003206632734725,0.506302762812832,0.0272473573556945,1.665945041216748,-0.006340179516836,-0.0096158781733148,1770.628571473267,1777.2185327787731,1758.8673605318268,1701.0757581235362,0.1143057386644683,-0.6968647629077165,10.236924420763591
13.69,1.0047293637156651,0.9152940017478328,1.5456011562634482,0.0004319044260384,0.0024949011753258,-0.0022345369209248,0.9999942978694636,-0.0026365348530024,0.5071551792888491,0.0306727907537833,1.574920981293319,-0.0076981550233782,-0.0149233120906319,1758.62835214062,1767.8574138982626,1748.332983002455,1690.7626123969994,0.0682923071288977,-0.6263121082208529,10.118418629409586
13.7,1.0047395615149526,0.920286241430412,1.5458072249066743,0.0084636484431453,0.0022920160098024,-0.0022339666434129,0.9999590605173184,-0.0019335007737089,0.5054730730425033,0.0337528867817639,1.485833314665205,-0.0105764377108643,-0.0209674501567241,1747.7421498723786,1764.7202029595458,1732.919261121028,1676.695086442193,0.1286239020117717,-0.6050651802546001,9.925146557888944
13.71,1.004751019073684,0.925303030821688,1.546264668771787,0.0161728919905433,0.0019972122125487,-0.0022331348416874,0.9998647217583082,-0.0012642530180034,0.5016472397363019,0.0393858767866374,1.4235704489000514,-0.0111422107087994,-0.0194074817725125,1742.439979685042,1764.4309288936183,1719.8861589703993,1670.800227928999,0.1286239020117717,-0.6050651802546001,9.925146557888944
13.72,1.0047593722684012,0.9302503191031612,1.5469069035752865,0.0235175809538784,0.001662381775067,-0.0022326502203571,0.9997195482463596,-0.0008194630180864,0.4966463445846589,0.04709020446341,1.3800003327306185,-0.0084214396732096,-0.0102698156278655,1740.0015814995477,1760.1790669869397,1716.7471236854235,1678.6264309693318,0.1541647309328246,-0.5355305542282766,9.88295650892608
13.73,1.0047597657510412,0.9350707949681806,1.547651838896295,0.030451356283218,0.0013552404618952,-0.0022329442734671,0.9995328369711896,-0.0006496937011594,0.4911209380383761,0.0529157414962477,1.3229152890613451,-0.0057529002656186,-0.0037802871691471,1737.3394812153556,1753.1232060170632,1721.9688427902956,1688.1927036702828,0.1067243666662128,-0.5454490987997155,9.750978978865572
13.739999999999998,1.0047484426144624,0.9397629358420632,1.5484275585055003,0.0369550769647469,0.0011304643615604,-0.0022340749452254,0.9993137911817268,-0.0006210169424231,0.4847110973949002,0.0537543501588127,1.233872629071629,-0.0080039676839122,-0.0092589952627932,1735.861499244052,1751.9626720336057,1726.2415995631486,1684.536578524078,0.1067243666662128,-0.5454490987997155,9.750978978865572
13.75,1.004724961611326,0.9443745715248084,1.5491902782629678,0.04303722462826,0.0010107369761277,-0.0022355021379226,0.9990704570936192,-0.0005321906478017,0.4765442922186474,0.0507977783175104,1.1289831969028636,-0.0160920729500021,-0.0233256312172448,1737.7706211428906,1759.9450833603178,1722.306697892772,1670.5891353080997,0.1063587968561457,-0.5499247728401241,9.765840423980316
13.759999999999998,1.004694391273368,0.9489756403356724,1.5499224331806485,0.0487072693860078,0.0009874644102012,-0.0022360772565912,0.9988101054662494,-0.0002945807462557,0.4665971769157457,0.0479573943690785,1.038907239822065,-0.0232337632098497,-0.0320838544194412,1741.849133650831,1767.88752195504,1712.0602402539105,1665.014439966732,0.1063587968561457,-0.5499247728401241,9.765840423980316
13.77,1.0046684170406752,0.9536249212505948,1.5506156652228693,0.0539606120673692,0.0010352501727994,-0.0022344434093966,0.9985400281736556,1.140234602334152e-05,0.4561813737671627,0.0475704644280187,0.9743186248260176,-0.0187418873017464,-0.0258135632020216,1745.1674955964806,1764.600314081479,1704.4037994933649,1679.2142634065208,0.0672273151143227,-0.4438630175522968,9.79336880985557
13.78,1.0046642343037535,0.9583446938506892,1.5512545322442897,0.058795028844952,0.0011264308813284,-0.0022298674949206,0.9982669499825916,0.0002830366015068,0.4465118113665207,0.048632320525845,0.9174105408723624,0.0004639803888826,-0.0094227627672144,1745.933192073574,1751.0992393698289,1706.8535523963692,1703.1142900117216,0.1141410399249335,-0.4861740182881378,9.775191206469898
13.79,1.0047006115651491,0.9631088058034152,1.5518117371352027,0.0632341858664164,0.0012365966685719,-0.0022232156573616,0.9979954738768264,0.0005827999133342,0.4368272210975513,0.0488367782409243,0.8450308098039284,0.0214859916795962,0.0029632768008705,1743.0953620967068,1739.0446952740238,1718.6392524367593,1716.4631135835948,0.1141410399249335,-0.4861740182881378,9.775191206469898
13.8,1.004791634149026,0.9678431955082302,1.552254208343229,0.0673225794476784,0.0013425228347177,-0.0022174616392981,0.9977278941639488,0.0011228945070982,0.4247261188021644,0.0471347415570974,0.7536391857208653,0.0235926614244234,0.0024208698946628,1736.0104029838003,1736.5556663718137,1731.4467358152046,1710.0922197739842,0.0934416554220935,-0.4097342109516202,9.899134029272856
13.81,1.0049400901837184,0.9724379743042852,1.5525544724834033,0.0710920796871909,0.0014209437319136,-0.0022170154627232,0.9974662811178626,0.0020257812998961,0.409018330877223,0.0440500702203084,0.6605955391326519,2.0744125632616347e-05,-0.0072564698322864,1726.6929894599416,1741.365946796829,1737.0665232233323,1693.0630274418309,0.0934416554220935,-0.4097342109516202,9.899134029272856
13.82,1.0051335187885515,0.97677164506332,1.5527034453482662,0.0745363772415651,0.0014541094982345,-0.0022255161506577,0.9972147517516644,0.0031211617442188,0.3918044807633605,0.0404970268741478,0.5850953084379805,-0.0302749652607314,-0.0157795928868372,1720.621687447769,1747.5818452485769,1734.0149252676983,1681.7926109873565,0.0385447385307183,-0.2922969855518473,9.872575897478272
13.829999999999998,1.005345591087353,0.9807445601495222,1.5527213095184138,0.0776216351739408,0.0014379484111851,-0.0022426127287883,0.9969793301495468,0.004033113436791,0.3765967807745858,0.0371185189829573,0.5296682515636709,-0.0398234198370704,-0.0180169727136276,1722.2761294497363,1752.847234979928,1726.9046109112044,1685.0962606074563,0.0434734165974536,-0.3094375646227594,9.898606743969056
13.84,1.0055431978961429,0.984311006024961,1.5526610288345657,0.0803208366396852,0.0013821085753888,-0.0022613820615056,0.9967655386943104,0.0044920274372349,0.3640845617482922,0.0344356559488285,0.4785993280432992,-0.0235929159807692,-0.0178860862732107,1729.5150573784142,1757.2529767065685,1721.4006239621808,1697.9080585293095,0.0793909850644505,-0.3262259885601226,9.89618293141242
13.85,1.0056964574902438,0.9874946661867828,1.5525999752919937,0.0826337177148388,0.0012981318268626,-0.0022687425477962,0.996576558201946,0.0045417444715026,0.3508917339614114,0.032793549629682,0.4134997873668725,-0.0065770092403387,-0.021320835297247,1734.7970623911149,1760.1979269875385,1720.6149934313064,1706.9036346147095,0.0793909850644505,-0.3262259885601226,9.89618293141242
13.86,1.0057872597920854,0.9903779194483489,1.5526212153621683,0.0845726218451409,0.0011861297719771,-0.0022507097649314,0.9964140700712516,0.0044363097429042,0.3334079269452153,0.0320097961097901,0.3301869784588967,-0.0154660877585644,-0.0282547386811599,1733.2348326969131,1761.0564567448428,1723.989867364788,1703.214552118765,0.1281463161435379,-0.2975508005161205,9.94021971783678
13.87,1.0058132596938418,0.9930696199800392,1.552791160890826,0.0861347375456599,0.0010343324857956,-0.0022021318904623,0.99628052663865,0.0043745898527986,0.3118868723825549,0.0316098327665311,0.2383435557009133,-0.04610514159976,-0.0333428992222282,1727.4939761151638,1760.1446031604246,1728.0185045161525,1691.440050547379,0.0652054659895127,-0.2760415323466785,9.928123241364643
13.88,1.005787055325524,0.9956669505681546,1.553139773218696,0.087294704850028,0.0008340157163511,-0.0021370884640927,0.9961798892649,0.0043654973419236,0.2895137928917412,0.0315644983224477,0.14571200647341,-0.0659996961236239,-0.0328159537107277,1723.3900938089948,1756.8460945827917,1729.249764852471,1685.0684690029586,0.0132354819810693,-0.2253477834368005,9.93757937903476
13.89,1.005732243516111,0.9982267983758608,1.55364755322881,0.0880247537558562,0.0005967351147753,-0.0020931227118141,0.99611590965647,0.0043285811751676,0.2683664090548865,0.032318221905884,0.0505284048664794,-0.0505820105251168,-0.0282234813150136,1723.0595807286309,1749.099966693342,1727.2596169832527,1691.4382609049446,0.0132354819810693,-0.2253477834368005,9.93757937903476
13.9,1.00567818851621,1.0007554312992502,1.55424487243814,0.0883190765147818,0.0003569161025091,-0.0021224542744763,0.9960899098587058,0.0042786622058501,0.2481520946286101,0.0339408374860597,-0.0462370531668559,-0.0119923270777203,-0.0238807444779679,1724.3231047866082,1737.5273978113737,1724.3116083999364,1702.970513184771,0.0949300251553213,-0.2057061692516377,9.834444607518812
13.91,1.0056544241424403,1.0032184145539362,1.5548289059454008,0.0881996550853898,0.0001554111963623,-0.002268390649006,0.9961002214104973,0.0043738141300013,0.2285534916370013,0.0357630816175997,-0.129880611244641,0.0123174040586243,-0.0222220059439924,1723.9865170174676,1728.1612191655324,1722.9869776949265,1705.8226537289777,0.1129724223244639,-0.1788267651927111,9.84280938736217
13.919999999999998,1.0056848370585028,1.0055653072797606,1.555295274648931,0.0877033810097721,1.7936380472092338e-05,-0.0025349612237217,0.9961434086562714,0.0047603856808158,0.2106962321994475,0.0370372342767364,-0.1835979972446988,-0.0014735685965007,-0.0217077463168214,1719.4028298807675,1726.7843138042342,1724.4214651607072,1695.7139574497628,0.1524071059265393,-0.1105260061329398,9.755254193106984
13.93,1.0057818820897868,1.0077563051563907,1.5555712707314675,0.0868655646247077,-5.3000794463929154e-05,-0.0028676015607286,0.9962159142147023,0.0053829070392237,0.1954766320359184,0.0374356850288835,-0.2095204691834201,-0.0386640150756034,-0.0187034835861141,1709.8372245309292,1730.8896518939853,1727.1280807555802,1681.6379065015158,0.0904180110931344,-0.1123198162440988,9.782076922527692
13.94,1.0059420322255,1.0097768714118316,1.5556366949619205,0.0857124898669699,-6.996010758666451e-05,-0.0031637173426434,0.996314887512459,0.0059943675217849,0.1815671683820167,0.0367149697502116,-0.2305834564755677,-0.0609543434314096,-0.0115642427344894,1699.36973192142,1731.7227192777964,1727.4957913705416,1674.4405172094662,0.0732769356750606,-0.1044470127261743,9.702040250809654
13.95,1.006144680417994,1.0116345975018315,1.5555272073528943,0.0842653582474723,-5.173258915117704e-05,-0.0033173907732183,0.9964378262800054,0.0063792220435291,0.166345754807645,0.0345621354628052,-0.2698143721866978,-0.0464882424186251,-0.0030681995207299,1695.5471364071009,1725.0180204311755,1723.971935566403,1675.7762186216887,0.0732769356750606,-0.1044470127261743,9.702040250809654
13.96,1.006356535711226,1.0133443447645802,1.5553231339963631,0.0825490945203538,-2.704283430611865e-05,-0.0032778255399567,0.9965816083604416,0.0065284583896639,0.1488738812517442,0.0312190467587953,-0.3307050462680038,-0.0138410442666207,0.0015259291501482,1700.97344858702,1715.8298222474998,1721.0467894536034,1679.305610459881,0.1053987710558399,-0.0763249426507981,9.652911757510749
13.97,1.006541410714845,1.0149141911683432,1.555128273587046,0.0805968997167779,-4.423240703800905e-05,-0.0030851339169678,0.9967420026005988,0.0065568321570607,0.1310775101995231,0.0277142737848766,-0.3976030238882383,-0.0020598882801019,-0.0008168712384381,1708.13179148708,1711.4273257702384,1725.6825980558372,1679.586326412341,0.1314206737328926,-0.1008197882542176,9.644568400551265
13.98,1.006672140436969,1.0163413697338286,1.5550430001265778,0.0784488994137166,-0.0001673761149529,-0.0028560940662046,0.9969140308435316,0.0064901952061868,0.1154586604972525,0.0249557231474077,-0.4508207701424399,-0.025445002781835,-0.0080659868583511,1707.5805676906143,1712.4682325762833,1737.6874711476123,1677.9866932635523,0.1597276157101012,-0.0848064886490331,9.74879466418093
13.989999999999998,1.0067396758285052,1.01761781481939,1.5551375037726254,0.0761536818174545,-0.0004475926631762,-0.002723820185177,0.9970922711615272,0.0062267281711808,0.1022320724067813,0.0230499283814093,-0.4795959944585473,-0.055352770784133,-0.0148923587823616,1700.349738247277,1713.3461609756469,1746.3933494005305,1680.4887069677266,-0.0042162399699605,-0.005740761421769,9.820040258730044
14.0,1.006755675299322,1.0187379248497372,1.5554314591309597,0.0737775835307247,-0.0008799522534865,-0.0027673907890062,0.9972704925949728,0.0057409395833788,0.0894546926206289,0.0219880071090923,-0.4858088136286816,-0.0549105375159184,-0.0171204686187077,1695.8439831633782,1710.0956129291253,1741.2664691906375,1688.9625896541995,-0.0042162399699605,-0.005740761421769,9.820040258730044
14.009999999999998,1.0067480371737414,1.0197022674294125,1.5558845792212983,0.0714070144103127,-0.0013737084918805,-0.0029754327345217,0.9974418770124036,0.0052550941480517,0.0756248694432637,0.0223541150842604,-0.4823501905424705,-0.0268901649327848,-0.0146337407245556,1696.7696603960849,1705.8740077100072,1726.015354584071,1694.772123011618,0.07,-0.0244821550787806,9.746620291166714
14.02,1.0067515146746615,1.0205170462503008,1.5564017680987077,0.0691207840535298,-0.0017637243934347,-0.0032633799827686,0.9976014017828853,0.0051160417393275,0.0612752546235697,0.0244472761465255,-0.4879061172978824,-0.0119390578243526,-0.0106752507524631,1694.9765210988226,1706.9103247443918,1716.8727477687914,1686.939476269552,0.09,-0.0248917133477399,9.673238790534771
14.03,1.0067967781650249,1.021192797144432,1.5568562892253923,0.0669343095030293,-0.0018733494998172,-0.0035267318171363,0.9977493928515788,0.0054801463719893,0.0480401086049018,0.0268620938410158,-0.515859983805529,-0.0321188725878357,-0.0090276096097999,1688.9191984511,1711.7878581896066,1721.8952128876922,1672.1491921836391,0.09,-0.0248917133477399,9.673238790534771
14.04,1.006901346100639,1.0217441002696512,1.5571291659677118,0.0647558742805128,-0.0016144845717599,-0.0036928126393719,0.9978929969293022,0.0061364258621637,0.0369372208590162,0.0268412357630359,-0.5620254524447439,-0.048711974617082,-0.0115302323739436,1697.562560275442,1707.059097636093,1725.2911204038603,1679.9501837552891,0.0749999999999999,-0.0139971892782253,9.646614072035446
14.05,1.0070651243019442,1.022188879419514,1.5571531285725586,0.0624025765523489,-0.0010900982956311,-0.0037436363905831,0.9980434435994804,0.0066293148874662,0.027679605424231,0.0226723665591988,-0.6042847559963975,-0.0032941824579633,-0.0168229342949245,1741.6165169814694,1680.236857368344,1702.4921707579194,1733.7787718254865,0.0749999999999999,-0.0139971892782253,9.646614072035446
14.06,1.0072717523908483,1.0225454716928415,1.556942805135879,0.0596852171389639,-0.0006522634614292,-0.003707425767159,0.9982101504200568,0.0065703101515377,0.0190107237040682,0.0157911302394545,-0.6195990179385189,0.0771929214650136,-0.0202031869603079,1809.060644247406,1639.8554423691169,1654.102872174975,1815.413578898288,0.135,0.0661358264919185,9.836249840694077
14.07,1.0074944636447785,1.0228279175536168,1.5565963198732509,0.0565181748517186,-0.0008711225824313,-0.0036339406678607,0.9983945770746652,0.0059295916347161,0.0094614413031086,0.0101014470388653,-0.6045535738334776,0.0283877985296656,-0.0152598403883528,1854.845315912038,1615.0870001850112,1614.484129190976,1873.314729235988,0.3900000000000001,0.0265718628609619,10.180883442619512
14.079999999999998,1.0077028142899531,1.0230417598356996,1.5562660824854084,0.0529855391241906,-0.0024003306297005,-0.0035705708217106,0.9985860113583578,0.0050785230745917,-0.0017136000811095,0.0088382183637662,-0.5781713832572378,-0.3463233707004955,0.0023388050759839,1844.2098260714615,1628.162256456738,1617.543373993111,1873.424308588554,0.5020000000000001,0.0845447063748088,10.268766232061378
14.09,1.007866493586097,1.0231823495460184,1.5561102911274352,0.0493167532495556,-0.0057840699128247,-0.0035479068773031,0.998760138742509,0.0043836588955617,-0.0138456580712208,0.0122332713601935,-0.5632272186816738,-1.0736300242472865,0.0313722603525026,1787.7765501277986,1671.0135424261562,1660.0597495301604,1831.030386934642,0.119,0.00859063920264,10.223913204689197
14.1,1.0079551841699792,1.0232363085164673,1.5562430002305332,0.0457788697653049,-0.0113040134665268,-0.0035745637149917,0.9988812426193654,0.00351199039643,-0.0252149427269621,0.0182897656811212,-0.5668416979707718,-1.9256880656905784,0.0656442451589882,1728.333206529151,1713.9911343025494,1706.8877506603408,1788.6321558686514,-0.0285251069845771,-0.0139160734247517,10.19611211772762
14.11,1.0079369989370766,1.0231860010431306,1.5566988661939591,0.0425453850544213,-0.0189535734118211,-0.0036370582574645,0.9989081159309526,0.0012322149383294,-0.03452641889241,0.0250823217256547,-0.5807669950881736,-2.578860165727419,0.0985876460479074,1701.6709820658484,1732.789871880467,1726.6017568975362,1775.5328121948069,-0.0980837976830523,-0.0032249264634182,10.152120231980184
14.12,1.00777939081815,1.0230164796827257,1.5574239122579343,0.0396191928456535,-0.028543669202389,-0.0037020703728468,0.9988002168510368,-0.0035657762478711,-0.0420044416482657,0.0317017719080012,-0.5953866144499352,-2.8681055624552245,0.127128122779136,1713.410113831866,1724.4349699916525,1714.925491517521,1793.1180090370594,-0.0980837976830523,-0.0032249264634182,10.152120231980184
14.13,1.0074545658660743,1.0227233639908273,1.5582966324324563,0.036851335277321,-0.0398641369563609,-0.0037222248220578,0.9985183897732566,-0.0104178811916937,-0.048742835767492,0.0375959740372151,-0.6063681273163113,-2.882840197123998,0.1508992089706488,1743.657729376684,1705.8376930689396,1690.4571547897092,1824.5840577028928,-0.5477788761321984,0.1082564795575452,10.149341447285988
14.14,1.0069477430291525,1.0223187393146198,1.5591723821010195,0.0340329160785235,-0.052805778239652,-0.0036482121139938,0.9980180363881548,-0.0176383977997876,-0.0552749970197764,0.0421706762215541,-0.6091789906605465,-2.8436049726742025,0.1690493883912069,1767.7106351706625,1701.962592604917,1677.9016695556172,1849.19546645794,-0.0945351307417279,-0.0316270313224665,10.201460093341804
14.15,1.0062634751845692,1.0218319084072287,1.559932655904768,0.0310018225986949,-0.0673587304388757,-0.0034468653060369,0.997241098004281,-0.0252457566192371,-0.0613437136938467,0.045430600401501,-0.5964311136180147,-2.9145811255659497,0.1801075018499587,1775.1436723360448,1727.5652009467774,1693.3265177841658,1854.1117020952397,-0.0945351307417279,-0.0316270313224665,10.201460093341804
14.16,1.0054243214917988,1.0213034378297026,1.560518763405336,0.0277192950527677,-0.0834375770600676,-0.0031180895654746,0.9961225270686256,-0.0373320089509479,-0.066820181188277,0.0484497098428929,-0.5666154389143556,-3.1105382107046555,0.1854600168435596,1772.1924627497538,1773.754397925762,1736.199647780628,1841.604291117016,-0.5098391861038345,0.0971322494226054,10.52287183265743
14.169999999999998,1.004457897633362,1.0207735311302106,1.5609397699151064,0.0242949959432808,-0.1006119016202201,-0.0026993038421659,0.9946254129989072,-0.0596081444003553,-0.0720587342972769,0.0525459943434787,-0.5320793838100177,-3.3322916754338547,0.1905852011011444,1769.8927058071529,1815.840852302052,1790.5865157168428,1826.66253172986,-0.7150251961188525,0.0995201723393875,10.740517169127042
14.18,1.0033727713215392,1.0202680573621612,1.5612594075917143,0.0209461178169818,-0.117993803943078,-0.0022505533991328,0.9927908427200752,-0.092785085584589,-0.0772025462602133,0.0578532371819311,-0.5109668291773382,-3.468297760343299,0.2003435627800985,1775.035054239834,1837.6461724928292,1835.630847639649,1824.8795272223829,-0.7114189393426642,0.0687788532610976,10.933621522541772
14.19,1.0021305498786346,1.0197871529002722,1.561574240440586,0.017891385990863,-0.1345218394355564,-0.0018252835636699,0.9907474155212884,-0.1288915291262587,-0.0816991208900678,0.0629704864127196,-0.5087634413484745,-3.4748575676283706,0.2133642235365073,1789.5771856599492,1845.5754408111216,1860.246556941848,1838.975765934551,-0.3177800408329934,-0.0294912457674448,11.065240945780229
14.2,1.000628628362091,1.0193019423980698,1.5619923498298414,0.0152239727265203,-0.1495699124710152,-0.0014415990496453,0.9886328912847352,-0.1569116597737458,-0.0848702145454876,0.0664079607932711,-0.5116899277990055,-3.38547603392301,0.2232010812184094,1811.101167186884,1857.5966366081816,1871.467204333026,1857.3459080002349,-0.2852046666172807,-0.0461606874125627,11.434415620624314
14.21,0.9987099292540662,1.0187633217063112,1.5626147973467914,0.0128438833536137,-0.1634413710664384,-0.001070095838192,0.9864688579875284,-0.1743758036745671,-0.0867945307150689,0.0686954183149635,-0.5013612306468282,-3.2658601674687926,0.2256153950971661,1834.4193170701644,1881.4675791760533,1886.6378830047247,1869.714917683951,-0.2852046666172807,-0.0461606874125627,11.434415620624314
14.22,0.9962064019769524,1.0181218656656428,1.5635181505157634,0.0105095109321954,-0.1772781857530471,-0.0006476824712759,0.9841044535736492,-0.192966503834346,-0.0883487193217836,0.0728668093770466,-0.4735403353665372,-3.1639146054095244,0.2233345495883878,1857.103809257073,1907.626650353291,1914.9373467911496,1881.449661649088,-0.5645035539102286,-0.0449050181042608,11.9850824007627
14.23,0.993002710370858,1.0173515129577626,1.564737296944983,0.0079881286348895,-0.1923330287603495,-0.0001135450749212,0.981297194002051,-0.2304261055253934,-0.0903323681998172,0.0820244463147404,-0.4395032225568676,-3.088103093108866,0.2228627058260544,1881.0440026492104,1924.5779747051472,1948.636651671412,1903.9805429571277,-0.5645035539102286,-0.0449050181042608,11.9850824007627
14.239999999999998,0.989087779185712,1.0164658767452217,1.5662516664843864,0.0052066259054498,-0.2090827864020255,0.0005525248996276,0.97788392674861,-0.2953326061081996,-0.0926393787130714,0.095895553427637,-0.4111040824286711,-3.018871180103217,0.227498032611296,1906.562783980292,1935.840098177118,1973.6842859724256,1933.94373678825,-0.5906271770746372,-0.191710643178376,12.525799282404812
14.25,0.9845615724590512,1.0155179952070956,1.5679802170533743,0.0022968467005781,-0.2268288026585106,0.0013146937346266,0.9739310501057684,-0.3795478613584201,-0.0943354941882904,0.1104002098270999,-0.3890589360182305,-2.9368488826747945,0.2344820785582956,1929.7335918208448,1953.635937478784,1985.3627895239972,1954.7012361944237,-0.2008261878320381,-0.1361320830980819,12.70989041472554
14.259999999999998,0.9795876543642856,1.0145819487080354,1.5697871923334867,-0.0004934489316279,-0.244067694362921,0.0020990890771412,0.9697557996225472,-0.4649834612410967,-0.094558946439792,0.1213621812840924,-0.3668613320239932,-2.8413232775296207,0.2387330303863364,1947.486302734723,1977.2718938237956,1991.0650709815056,1959.6038128079651,-0.1977273862501443,0.0531247625703878,12.773929046163854
14.27,0.9743135183640153,1.0137243423022828,1.5714950283063962,-0.0029553855309782,-0.2593426008311548,0.0028321668639877,0.9657767132838472,-0.5367626969090865,-0.0933268929724501,0.1281930915912162,-0.3426676964261213,-2.744759494299052,0.2380360019588216,1961.0735229768236,1988.5939730388232,1999.7312861715968,1961.295514015488,-0.2207231261313804,0.1779077147109801,13.141664633627553
14.28,0.9687976768438836,1.0129793466539232,1.572901187674575,-0.0050324931865034,-0.2719888219505416,0.0034750125115015,0.9622809771757568,-0.5916596955830614,-0.0914134950322505,0.1332300968601554,-0.3230922234931912,-2.6543380178520373,0.2334488584849998,1972.7485819427784,1974.144469007121,2012.1540099514311,1972.780449443935,-0.1256959552107339,-0.0811721164128459,13.089949897935467
14.29,0.9629762653284368,1.01233888593795,1.573802445039063,-0.0068276138113918,-0.2823491710191717,0.0040358141267959,0.959278917478521,-0.6385706033305307,-0.089480113905298,0.1381878021241677,-0.3138635090753193,-2.5598676202591752,0.2252225885475337,1981.8566952586,1945.6884977928423,2022.972451646111,1987.6091621806029,-0.43709625881172,-0.0371554384287284,12.933774645092129
14.3,0.956680777154725,1.0117612199274224,1.5740324426325916,-0.0085141689518763,-0.2914248450863907,0.0045565252476685,0.956544984133574,-0.6924588222005609,-0.0874789466914674,0.142493809772718,-0.3088700848029211,-2.436192367408253,0.2106918361389362,1985.9735492403847,1931.0435404783768,2029.1325700963005,1986.797991778575,-0.43709625881172,-0.0371554384287284,12.933774645092129
14.31,0.9496943283189306,1.011192042296443,1.5735098543223711,-0.0102193480912617,-0.3002478674896237,0.0050816944000866,0.953792933174988,-0.7638283769780145,-0.0849459190338632,0.1447743104091276,-0.2922609497891543,-2.255883046782728,0.1878776972854262,1984.9786689176285,1944.0644341028049,2032.0720520312016,1963.4002394815525,-0.2630879658220504,0.081013740735892,12.94461047124059
14.32,0.9418169524561272,1.010587197915748,1.5722833412911337,-0.01195561969954,-0.3093658638357222,0.0056262161999287,0.950851287606032,-0.8505020000846282,-0.081698942508354,0.1446151656444793,-0.2538405220103466,-2.0051635370246776,0.160030015532046,1982.0163413175064,1968.4895249159715,2032.564604540627,1932.793891748892,-0.2270992489778374,-0.0610102253373837,12.86800145242524
14.329999999999998,0.9329118457521066,1.0099271631330886,1.5705559627828758,-0.0136356142192669,-0.3186967232246528,0.0061611604320829,0.9477386289124564,-0.9403911181310948,-0.0781220452713595,0.1425750015318692,-0.2017405685672634,-1.6996108531041771,0.1341469508259136,1979.287322382589,1974.2630408747427,2028.5474669475973,1915.6045275774425,-0.2270992489778374,-0.0610102253373837,12.86800145242524
14.34,0.922923955038792,1.0092191646096766,1.5686750045889972,-0.0151431901815465,-0.3277381941769053,0.0066274456726928,0.9446239658364816,-1.0236507044279937,-0.0748334086049693,0.1390382088110086,-0.1571556320257279,-1.3901477264300215,0.1144408972369316,1973.8521151647224,1948.583878624503,2019.7289234208013,1914.2458414738733,0.1057084133359183,-0.0854844225390029,12.65821172286801
14.35,0.911880213284034,1.0084892504988865,1.5670796181245386,-0.0164004798236423,-0.3359078570423387,0.0069691371462337,0.9417262696591908,-1.101383828367804,-0.0721278633124655,0.1328909525765388,-0.1347002406090727,-1.1386066382658948,0.0987302197252957,1958.408704916622,1910.6113424214004,2012.605014327292,1909.4882323611816,0.0471299664992015,0.0779953400898492,12.38734617055978
14.36,0.8998790990986039,1.0077700349849312,1.5662126826025924,-0.0173903451822161,-0.3427770809653188,0.0071648270729435,0.939228467366888,-1.1815654721526776,-0.0697035616474251,0.1215296250480292,-0.1285739677243313,-0.961940923538696,0.0820077397979401,1927.142826925694,1895.857826089152,2018.4366304079356,1880.123634106048,0.0471299664992015,0.0779953400898492,12.38734617055978
14.37,0.8870636024047546,1.0070894918805062,1.566422940187928,-0.0181391995216533,-0.348105973004457,0.0072375917158732,0.9372517368698168,-1.2677766591488062,-0.0669375917082027,0.1043100553318114,-0.1189310599263459,-0.7898696411078622,0.0623525064597536,1885.375278542611,1920.059959043146,2039.351705004864,1828.0765398945675,0.1659874369184235,-0.0359511215868675,11.953013800868044
14.38,0.8735713870236912,1.0064639235101718,1.5678894466079258,-0.0186924293969901,-0.3517461293561499,0.007239176967914,0.9358807872175988,-1.3546737341106172,-0.0634847087337787,0.0868643397733301,-0.0909949872724908,-0.4933235150230582,0.0422142282699022,1853.9649578581668,1953.4426967736708,2052.5798193041046,1783.7952787843726,0.2379462099286149,0.0072795688246138,11.745737491752418
14.39,0.8594782161601904,1.0058961722427604,1.5705861167537158,-0.0191060606501349,-0.353542638362061,0.0072201155233014,0.9351953973572884,-1.4346725220096914,-0.0596377742189241,0.0788068444671264,-0.0484802265761121,0.0088144286661233,0.0248775851044997,1853.327939293384,1940.9000819763469,2021.80529188476,1778.4897063035332,0.2379462099286149,0.0072795688246138,11.745737491752418
14.4,0.8447699024788975,1.0053789049150883,1.5742910774698415,-0.0194521491743332,-0.3533244791734565,0.0072038009828027,0.9352708332674046,-1.5063197910056554,-0.0560551197464855,0.0844336050732075,-0.0116659128061742,0.6425156987139301,0.011191783709381,1876.787688224373,1859.6526041990696,1938.5804530502307,1807.9764880236044,0.2761161436848081,-0.096904989477453,11.627529186990287
14.41,0.8293658639249606,1.0049015906003524,1.5786418705763767,-0.0198188406069711,-0.3509950058587416,0.0071778480209993,0.9361400525119116,-1.5753180147158794,-0.0530159497864747,0.0972535431879449,-0.0022058104595553,1.1902428897927435,-0.0007442464087467,1889.432658700228,1748.619410965305,1842.24082523638,1832.7405691461825,1.0835117886897914,-0.0800125726525706,10.574922286621677
14.419999999999998,0.8131829443800612,1.004458101027734,1.5832247304511795,-0.0202890041210031,-0.3466740053385795,0.0071057158632486,0.9377393023310664,-1.6485013577317362,-0.0499608042180977,0.1053065273388352,-0.0233285306705983,1.4489218246105784,-0.0138392030652389,1861.1499373332736,1668.505691803037,1782.074914603341,1816.6748675666972,1.0835117886897914,-0.0800125726525706,10.574922286621677
14.43,0.7962002452256414,1.004050743285234,1.5876654347258687,-0.0208989160357729,-0.3407958479845591,0.0069511347851294,0.939879304501495,-1.726193613694704,-0.0459945684543858,0.1006155625537202,-0.050987211285003,1.397811447393838,-0.0292001232406599,1795.3922789652777,1641.90860152931,1766.8133797905236,1758.130923766406,0.994866536702922,-0.0267040484747821,9.878751538734225
14.44,0.778481333397921,1.0036878311023856,1.5916872898682577,-0.0215998503480228,-0.3340534135312045,0.0067011778177279,0.9422827906679332,-1.8004323821562784,-0.040923547504188,0.0833862403102874,-0.0495774662345406,1.2104138359732546,-0.0440884895404776,1720.705330534928,1644.3877092642952,1765.476084024603,1681.9809981645374,0.7562977529425918,0.0197794450486152,9.34275917695343
14.45,0.7601371361579959,1.003375982505568,1.5951232218327431,-0.0222534541437825,-0.3271520864316387,0.0063744280827176,0.9446881299078096,-1.8629012477616107,-0.0355694152553744,0.059923767539833,-0.002676263087262,1.108510391819863,-0.0538822456951785,1659.1486299042483,1642.7672020173377,1749.985395300671,1610.635426192767,0.6450372150650523,-0.0372108766574332,8.722240008044924
14.46,0.7412591929178869,1.003112432619208,1.5978912484845489,-0.0226746249560073,-0.3204871690508853,0.0060103322111725,0.94696236026759,-1.9144682764309335,-0.0309358499030974,0.0379517370113748,0.0724399531306031,1.2140520526582792,-0.0574544016817965,1610.1485500931894,1625.489563817539,1720.4314635054834,1549.059687821182,0.5847867067540955,-0.0812725153428965,8.423540995445652
14.47,0.7218766121146358,1.0028828772854128,1.59995394985248,-0.0227046663703012,-0.3139488053519569,0.0056487331829567,0.949151588291628,-1.9642143682879276,-0.027267027311324,0.0212777327745356,0.1426215990606558,1.5213358853090442,-0.0596710911799276,1564.4185320754402,1599.8914425498444,1690.8173880352667,1494.7879129087953,0.842389762992581,-0.1163938651321696,7.790373641325871
14.48,0.7019642238683008,1.0026662254837633,1.6012877060899786,-0.022278225520824,-0.3069788459642533,0.0053130650043679,0.9514407181418912,-2.01881719133641,-0.0240959573808849,0.005802380175669,0.1875298360976214,1.9590542787027805,-0.0669312104205286,1525.1270307569137,1575.19346520956,1666.158303047913,1454.3090522775728,0.842389762992581,-0.1163938651321696,7.790373641325871
14.489999999999998,0.6814819957648226,1.0024429699730633,1.601884039930331,-0.02145207828656,-0.2988176385043648,0.0050035097442888,0.9540559690846764,-2.0753483396780874,-0.0210432202419625,-0.0186368074870815,0.2085740210618255,2.4477427915177734,-0.0804192212438141,1508.9372873978946,1553.6133517775982,1640.6517141836607,1443.1572378081105,0.6699498688859387,-0.1700387967552002,7.610129768727847
14.5,0.660406655321601,1.0022025367672314,1.601783281326959,-0.0203844105251319,-0.2887724642740222,0.0046986903051179,0.9571691919373856,-2.1260797134670897,-0.018247438254147,-0.0593077960215615,0.2160019472353275,2.9256535043640417,-0.0948332259279869,1527.2987173923746,1533.285597889084,1610.920486334987,1468.8902328336526,0.737630734925669,-0.0911181943435963,7.352446738987817
14.509999999999998,0.6387403433200913,1.001946908861167,1.6011088232895074,-0.0192764970079319,-0.276400992510161,0.0043645936505882,0.960839142793822,-2.1690630698936397,-0.01596737249057,-0.1119186847985499,0.2152352902073614,3.363013898007611,-0.103518969978495,1570.861362347685,1514.5154887242625,1582.6996919168776,1518.012611909951,1.1580663921968326,-0.163723791256722,7.591891107460695
14.52,0.6165112166067593,1.0016901015215247,1.6000605232792426,-0.0183036728113381,-0.2616105131014778,0.0039703370643202,0.9649917882655752,-2.2107388236916736,-0.0140658010448545,-0.1618027530747465,0.20603971724074,3.754603639556074,-0.1039910981469726,1615.1435103617607,1501.617877231544,1565.003901841708,1564.7550425749994,1.1580663921968326,-0.163723791256722,7.591891107460695
14.53,0.5937759042026085,1.0014539223380226,1.5988553883138303,-0.0175621605030661,-0.2446740252835468,0.0035046490382109,0.9694399977848704,-2.257053444010056,-0.0121238236001295,-0.1951518088643907,0.1895578575051504,4.085479681056,-0.0990200940681985,1642.024732434926,1499.7249305570351,1561.9105898348062,1593.4949043972215,1.1688184622778528,-0.1429711881882387,7.994991378212141
14.54,0.5706102635386804,1.0012609432518136,1.5976465597039011,-0.0170464696816344,-0.22611034424535,0.0029820011616621,0.9739479646088464,-2.3052842439387837,-0.0099228994590107,-0.2100338419714273,0.1723540686534723,4.3181805524386885,-0.0937006831570669,1654.0188209579565,1510.6092574267832,1569.9102649151089,1609.4605715698272,1.260425177011129,-0.1823088192687999,8.425858117941061
14.55,0.5470828949051655,1.001126881490258,1.59646638200429,-0.0166614513404685,-0.2064372547973457,0.0024334330908818,0.9783149463615268,-2.3476494535515977,-0.0075603398666102,-0.2168540816102123,0.1632941143233756,4.431213914375707,-0.0913786369492948,1666.733638194727,1531.2953101462142,1580.9522743434436,1627.645985389011,1.2988692195668583,-0.1366392061731872,8.551679976115697
14.56,0.5232403568959966,1.0010554585144675,1.5952160834595477,-0.0162672373478255,-0.1859634079749457,0.0018898023206899,0.9824201832874782,-2.38123578347964,-0.0051334809317471,-0.2280784948440076,0.1667333737185022,4.457196312225159,-0.0911155968689034,1690.6526911464762,1556.9679810408093,1589.4120729628714,1656.5894659120204,1.8216567260700527,-0.2129662354557701,9.098860227029512
14.57,0.4991342097929301,1.0010377363462415,1.593691204338235,-0.0157445724821804,-0.1648045942336506,0.001370711113565,0.9861996123036544,-2.4108530677705837,-0.0025727047553482,-0.2472210056060817,0.17821209714149,4.46307724111095,-0.0884687546237883,1724.7765724406347,1585.4361167439347,1598.4493186683194,1695.96629072415,1.8216567260700527,-0.2129662354557701,9.098860227029512
14.579999999999998,0.4748698721521164,1.0010555990069463,1.5916195528284267,-0.0150516173675343,-0.1430973307918475,0.0008852438554065,0.9895937646722448,-2.442043212540727,0.0001369381551751,-0.2673825718487113,0.1872306543535312,4.494467437225038,-0.0792084525316378,1767.1309975539657,1617.178215108173,1617.436567412161,1745.655908702411,1.5057637756316349,-0.1192518146059215,9.641591272855782
14.59,0.450616799085289,1.0010873903870958,1.588701492569595,-0.0142393868889133,-0.1211670311024854,0.0004393326081246,0.9925298974951318,-2.4742064339299503,0.002777081362102,-0.2801335831950866,0.1860136556521032,4.546965480041491,-0.0633108539037174,1823.7296650057613,1651.240433433357,1651.166652809211,1810.3388987539388,1.6926557014506758,-0.1233481670819449,10.20329192085202
14.6,0.4265477971229396,1.0011135875011827,1.5846605993277507,-0.0134154637559737,-0.0994621766002654,4.0194795877270624e-05,0.9949509028804024,-2.5020423738713804,0.0051012192222934,-0.2853824988083531,0.1760793835130997,4.583928583496749,-0.0462870169426751,1900.318425821525,1686.8707542912948,1696.5645703527978,1893.1749846818616,1.7559009553911007,-0.1736712367472419,10.84004459458001
14.61,0.4027460423091593,1.0011212080644898,1.57931382356106,-0.0126805800785003,-0.078329700413825,-0.0003072148007873,0.9968468119731434,-2.521996260342681,0.0071178345955624,-0.2917914532643937,0.1652066749940768,4.569216476051514,-0.0360208866920827,1988.118515827841,1732.8084690217072,1753.6520675721636,1988.0561040092011,2.3437995345789293,-0.2756972173194584,12.219260819794703
14.62,0.3791506769702573,1.0011065268705754,1.5726499116686288,-0.0120794282609458,-0.0578571304241642,-0.000608510161132,0.9982516063535052,-2.535236873370529,0.0090226041752975,-0.3074776180491348,0.1585904028069482,4.487696777237451,-0.0360761066807249,2067.061961071442,1805.4311013989727,1829.5480576763996,2080.886345840595,2.3437995345789293,-0.2756972173194584,12.219260819794703
14.63,0.3555746544360268,1.001076109173866,1.5648827446930924,-0.01159158652835,-0.0378897141669126,-0.0008833167776989,0.999214303557338,-2.5447281193687568,0.0109176501445228,-0.3315697428035459,0.1550842167557656,4.354759628748931,-0.0413504297340221,2125.8580024496,1904.3505891886412,1919.143045279987,2158.5123069656624,2.190419838648102,-0.1740536543102175,13.942069369070651
14.64,0.3317745334500206,1.0010461504010262,1.5564489184225687,-0.0111579399931305,-0.0181452180139382,-0.0011560630620057,0.9997724315845746,-2.55130220615098,0.0127701443088858,-0.3547496202133252,0.1516041730191977,4.214681068357956,-0.042345683413923,2172.5562189766256,1995.2026934215137,1991.0443218144137,2216.6216342586827,2.5886038111389422,-0.2516945804301406,15.671066901881288
14.65,0.3075378823819052,1.0010399564700811,1.5479475169779506,-0.0107188014693895,0.0016683327948951,-0.0014383355257364,0.9999401257833694,-2.553328914476204,0.0146429404164098,-0.3651838572703799,0.1480462721131074,4.1145603499537655,-0.0350391177043381,2221.187385839477,2036.7517389207835,2015.2789120870225,2259.806200053252,2.5886038111389422,-0.2516945804301406,15.671066901881288
14.66,0.2827673802177987,1.001083510221649,1.5400466073004797,-0.0102404410366713,0.0217393756571806,-0.0017183184020356,0.9997097480245352,-2.549086483528571,0.0167766190412289,-0.3532405928064931,0.1468558062955913,4.064091512867172,-0.0248121880332978,2271.351230222787,2030.188028149528,2006.3138839888277,2293.5357352278456,2.984581570952212,-0.1985440756245569,16.59164921074656
14.669999999999998,0.2575401827508231,1.001199663079292,1.533385946780856,-0.0097150848873865,0.0420477680377169,-0.0019681069030586,0.9990664286642282,-2.538174526375301,0.0193376215592259,-0.3150934975068744,0.1499589311382877,4.026605231726441,-0.0187276848990171,2306.5800726625616,2025.3653971695976,2016.2535014067196,2317.4079231658807,2.984581570952212,-0.1985440756245569,16.59164921074656
14.68,0.2321117207191098,1.0014023480083567,1.528497467996301,-0.0091456682916704,0.0623594693922687,-0.002163623433384,0.9980095049959452,-2.5206537508188016,0.0221839007075532,-0.2556107703107201,0.1572255357872336,3.965305578716713,-0.0153100623781738,2314.2540599312724,2066.641150837417,2074.585511747868,2329.5803834033136,2.467287234519385,-0.2684630604458186,16.933704544595482
14.69,0.2068489456145037,1.0016926282493337,1.525754857093861,-0.0085257843541013,0.0823823782014487,-0.0022979089845627,0.996561676153222,-2.4959500158540284,0.0249859373536996,-0.1857682984227288,0.1662641705693894,3.8973943583631634,-0.0056642810158333,2301.407019445394,2140.704292704362,2149.5622645711937,2334.972234448846,2.8141161217840773,-0.2433111815368906,17.82361862187794
14.7,0.1821161675193973,1.0020577622575282,1.5253498552479705,-0.0078361904117278,0.101991138092681,-0.0023763814640241,0.994751604513171,-2.463697078180437,0.0275213981101291,-0.1139946712782322,0.1726835269112341,3.883469726704925,0.013860809206035,2283.682023481938,2190.7195303544427,2182.6986923945374,2339.274244997975,2.8141161217840773,-0.2433111815368906,17.82361862187794
14.71,0.1581594566575343,1.00247321745151,1.5272813162962493,-0.0070600218717554,0.1213405549459416,-0.0023995391773564,0.9925829275321622,-2.425325990264968,0.0297763443991831,-0.0395157425270151,0.1724018655702925,3.95610395898341,0.0341006761657876,2260.7956949033764,2179.071735458944,2151.854223543675,2332.1048530624616,2.070876402185786,-0.2544714033572395,17.886005968573404
14.72,0.1350295874620388,1.0029069300587548,1.531346522122335,-0.0062038979775919,0.1407672594771467,-0.0023501771933344,0.9900204881598852,-2.383059535295997,0.03184644903494,0.0453776353147989,0.1662530074242142,4.080258919137991,0.0443207720143966,2213.474308265248,2121.7923339076424,2084.896869514882,2289.5969082133934,3.181867771929128,-0.1808837325760294,17.293235971712992
14.73,0.1125711099310476,1.0033253136839888,1.537142909308535,-0.0053090889960905,0.1605374460177103,-0.0021990112564721,0.9870130223809797,-2.336480597125673,0.0338380189202182,0.1453292717347366,0.1627952469298732,4.205139082153846,0.0518508726287857,2129.756311062906,2059.269323862309,2016.641160546054,2208.038080895586,3.181867771929128,-0.1808837325760294,17.293235971712992
14.739999999999998,0.0904951677026117,1.0037004022454397,1.5441029977350609,-0.0044451292703851,0.1806062738667752,-0.0019280220743136,0.9835435411798552,-2.281462178587002,0.0357847218219823,0.2523980183957316,0.1748322967299556,4.341859397284416,0.0827016877990038,2027.978844861892,2009.740551514052,1951.637460532074,2125.927376442708,2.324818199736732,-0.1426588364089193,15.054722782258972
14.75,0.0685311329134687,1.00401656185353,1.551574226611905,-0.0036847913746225,0.2005756476641484,-0.0015543612214361,0.9796700545784924,-2.214374870742331,0.0375527224051623,0.347242645441742,0.2105219700283509,4.559176850793768,0.1526750377961952,1947.5500264563427,1962.268931681723,1874.4242395824608,2089.21466443584,2.324818199736732,-0.1426588364089193,15.054722782258972
14.760000000000002,0.0466207758283584,1.0042746162143366,1.5589231806743065,-0.0030606782691829,0.2199484757153231,-0.0011307011451968,0.9755060337045378,-2.138284930799728,0.038875728339097,0.4125758546128258,0.2656523173479791,4.893239016714418,0.2371055170493871,1919.2394969245088,1904.153671107597,1782.1034284339046,2094.877870063789,2.5510598265462736,-0.2387314947286525,13.405128448877557
14.77,0.0250989289807568,1.0044921857168283,1.565625882730222,-0.0025092092110464,0.2385857893539679,-0.0007086260244395,0.9711179242690544,-2.0645858814380045,0.0395836907872433,0.4472179797870114,0.3242093811393991,5.273487947181144,0.2830492211475791,1941.809837658389,1842.5533897476068,1694.586427097498,2095.759739566773,2.5510598265462736,-0.2387314947286525,13.405128448877557
14.78,0.0047980108184633,1.004700816064584,1.571326139625995,-0.0018232254797491,0.2570859445392277,-0.000276736836171,0.9663867840497132,-2.0059205794907515,0.039793805135797,0.4675844874334168,0.3691532503908148,5.54742609535468,0.2708790011053114,1973.0014748713256,1805.4003952717928,1635.432203275751,2070.6366674930614,2.614274702554642,-0.1857860088860347,12.461190473409236
14.79,-0.0129892985556236,1.004941106593049,1.5758795346959165,-0.0006505330302921,0.2767626111678163,0.0002919164484767,0.960938056615064,-1.9636133662122688,0.0398016300770212,0.49396307620137,0.3979719232825841,5.5898942039972095,0.2681834273691356,1945.1711317228544,1826.8768104644644,1609.0975623284492,2063.0061012477654,2.614274702554642,-0.1857860088860347,12.461190473409236
14.8,-0.0267490226466649,1.0052560286662546,1.5794097996280525,0.0014280065403908,0.2990901347498865,0.0012454890159435,0.9542229827717034,-1.91966266691046,0.0397561920508355,0.5305140144888622,0.4317885391926661,5.408781708886465,0.398432998797222,1824.7669211674863,1915.5739227873632,1594.5998939702145,2124.37242953256,2.614274702554642,-0.1857860088860347,12.461190473409236
14.81,-0.0352036034901919,1.0056818148555482,1.5823696724692606,0.0047424833470043,0.3248643735660346,0.0028949120526815,0.94574429267295,-1.841487388074912,0.039494396497223,0.5562679631389107,0.5035421743489112,5.147095291670992,0.7201958073545748,1677.5550242498048,2022.262678249739,1557.8473260260776,2228.177798408101,2.07612693583013,-0.2205057454154252,12.491247020160134
14.82,-0.0378909572658912,1.0062369584491293,1.5855352062327104,0.0093502193891078,0.353598940493568,0.0055038223300845,0.9353342026350584,-1.6996598935052682,0.0387588756934039,0.5413313392576868,0.6168079220964829,4.9531569800488295,1.1266712022867194,1638.6361835923517,2055.0734046529096,1481.8286448302615,2274.06199809816,1.838346153803932,-0.1902162864072084,12.566979511373436
14.829999999999998,-0.0356066939940195,1.0069125557926335,1.589819465988174,0.0149043670201509,0.3835305353665635,0.0091626743350375,0.9233624606210694,-1.4917096528326068,0.0375686066026921,0.4786015402648054,0.6997451700081501,4.824521968963957,1.3904648392542065,1770.9376543130356,1952.8911894914609,1402.4380609659834,2195.4325349031187,1.838346153803932,-0.1902162864072084,12.566979511373436
14.84,-0.0303929188711572,1.0076694335812302,1.5958440082833376,0.0206575576925611,0.4121853038341517,0.0136978214782339,0.9107628178071812,-1.254842136095771,0.0362660562518384,0.3970933134537135,0.622275649546092,4.586470893535128,1.3391234159358256,1969.1544515626292,1748.2703540885768,1403.5933945983538,2041.0468494423176,2.4568375516982885,-0.5411451776445018,11.101965837516223
14.85,-0.024952452914332,1.0084466205914275,1.603381521997178,0.0256551533215632,0.4371941259412286,0.0186666633356644,0.8988073570184242,-1.0468348957428235,0.0351072591121394,0.3372917233497223,0.3149719587829425,4.041432531694352,0.996365333631822,2056.052874852898,1547.7577862875237,1539.6323809872365,1920.638887334752,1.8893301629080013,-0.5940469729630106,10.617412709579463
14.86,-0.0217295904504719,1.0091801661389863,1.6109704410822492,0.0290858351182839,0.4570372102868794,0.0234557742351793,0.8886623820460091,-0.90250254494172,0.0339126937376191,0.3139220426305721,-0.1033717179652625,3.155439425951376,0.5495214014301835,1975.9034290522752,1446.4098543422203,1754.6102527206451,1880.530637326003,1.5724832730703766,0.0765892124021513,11.057914019586038
14.87,-0.0221199833132187,1.009823797543123,1.616022436707811,0.0306294039974762,0.4714549138194918,0.0274425064679962,0.8809307649781388,-0.8090032704393669,0.0323357228360452,0.3068404639340624,-0.3591848022765341,2.12287820791226,0.1869438415962521,1848.78724692527,1459.705308105869,1911.6921840575897,1868.06045308004,1.5724832730703766,0.0765892124021513,11.057914019586038
14.88,-0.0261669998276472,1.0103601408706142,1.6155398154905982,0.0305875110813897,0.4813599776574085,0.0301564828353967,0.8754699096019826,-0.7271797261284572,0.0304346284869021,0.2835826862459849,-0.2498232641914913,1.25006295923568,-0.0270850936281155,1827.829617093821,1527.2065137737727,1917.0960106575824,1820.4183391798451,0.7674392794051492,0.2348973852218307,11.042161199101471
14.89,-0.032797700534332,1.010796983082158,1.607255529720408,0.0296940431198843,0.488288316372944,0.0313985227297999,0.8716116776794907,-0.631590250796074,0.0286932756963985,0.2223614249222838,0.1417383499447223,0.7196006311582213,-0.1424998618106362,1942.3920128803009,1570.191441134466,1797.2960045045716,1752.5180341442085,0.6490007368067303,0.0715757033179018,10.639327474912072
14.9,-0.040393704667292,1.0111530392790034,1.5907701368246818,0.0287136885023218,0.4936276549280246,0.0312904761361885,0.8686358088900211,-0.5258877440956145,0.0274098052288064,0.1180620967176369,0.4833127595067708,0.4180023252806183,-0.2307232788734844,2094.050408124468,1548.6382223104574,1656.2402423848775,1735.7873823418813,0.7641969720778108,-0.2954471422674186,10.195144220171343
14.91,-0.0474040953912677,1.011443695338698,1.5681840764615955,0.0280799396166667,0.4979435755715061,0.0302253541319113,0.8662275339111477,-0.4274374183295962,0.0263032453368835,-0.0159933677940547,0.475499804100466,0.0150182423074628,-0.3154195160003237,2173.3704656376967,1479.3438773192006,1582.8656164154374,1806.8712976989557,0.8389803347482334,-0.5095999543036182,10.241878835476406
14.919999999999998,-0.0527706130292531,1.0116752411810632,1.5438452562041622,0.0277810267343659,0.5006804332654048,0.0287111113407978,0.8647097723423318,-0.3464861450481836,0.0248340707731281,-0.1441653580655656,0.1088835165059383,-0.7476408526655365,-0.3758503801589974,2154.294032056385,1417.102294683662,1602.6527132392423,1920.6351147313117,1.3640136024570713,-0.2762035983529468,10.455164176648257
14.93,-0.0560713582883436,1.0118490138059584,1.5231590533209936,0.0275142859020914,0.500374396029764,0.0271679712304731,0.8649452752679601,-0.2788950403320014,0.0227731059696323,-0.2237422096557533,-0.3480241297255052,-1.8432485757929045,-0.3931209793060721,2087.5976293538706,1422.6685095787748,1690.3013824070542,1993.856937203416,0.4244302035721916,-0.0329136726872461,10.90496067432368
14.94,-0.0574186345058426,1.0119703248492278,1.51087303107881,0.0269543781021361,0.4952964557053632,0.0257868997524149,0.8679227605426599,-0.2114288340173364,0.0203650180847621,-0.2445319997288453,-0.5917200541520129,-3.0171228208464123,-0.3792401505083325,2033.8592879048424,1529.2628075807988,1804.6613358902464,1982.8870096380065,0.4681167877188912,-0.079036919268091,11.561606927004068
14.95,-0.0572217958634201,1.0120549330721014,1.509594693703943,0.0259477691452961,0.4842426979813329,0.0245262233491495,0.8742048885109083,-0.1308272445084106,0.0179941336394882,-0.2460155883663167,-0.5141573221661296,-3.995754482229321,-0.3631687085363922,2013.712993487223,1711.5730673313403,1910.966843224616,1915.4877297440084,0.4681167877188912,-0.079036919268091,11.561606927004068
14.96,-0.0559385069160558,1.012128383205845,1.519194320864105,0.0245454479576679,0.467129397706355,0.0232320731222873,0.8835428215777072,-0.0309509686522222,0.0157592149847856,-0.2746129989872167,-0.2437625267287695,-4.623546942791152,-0.3612772226485397,2006.437238570704,1884.8752250845223,1985.3339991676628,1854.612834517614,-0.922046427523739,0.0203753738584816,11.93210708909918
14.97,-0.0539032882447514,1.0122182806495752,1.537204795128011,0.0229100787726236,0.44514028672678,0.0217909318839345,0.8949024576517052,0.0851243075919606,0.0133897143923948,-0.3271885764626893,-0.0132133325799548,-4.878688381202949,-0.3683840465738577,1980.187217218875,1960.3661761208143,2012.9298213464715,1837.353739695915,-1.044420030516631,-0.2873480125869067,12.86398070410625
14.98,-0.0512658018082526,1.0123435709219242,1.559823526115853,0.0211969493010832,0.4203523706201311,0.0202157644252629,0.9068880287681966,0.2088682433960557,0.0105769768058686,-0.3556645484195157,0.0182948363713545,-4.848034452538051,-0.371376916495168,1922.1742745863564,1915.125912483682,1986.470386619059,1847.6950775927992,-1.35288926008029,-0.1231050170182916,12.30545893011896
14.989999999999998,-0.0480201461110991,1.0125064672764628,1.5830187435778706,0.0194948513847334,0.3949926206870288,0.0186260906579926,0.9182885434976744,0.3310181762427334,0.0073970640188892,-0.3262113771474214,-0.1354533666959384,-4.685260565045934,-0.3638083218402256,1843.8512211314296,1798.8856518574703,1906.7404825677868,1842.0165323222736,-1.35288926008029,-0.1231050170182916,12.30545893011896
15.0,-0.0440804758867593,1.0126913961129187,1.6034311017235208,0.0178486856906224,0.3706572997460826,0.0171558054977474,0.9284396958886364,0.4426322167303039,0.0043813440390273,-0.2567815815476247,-0.3241340419106712,-4.53930654720224,-0.3482288372733686,1763.3823071666309,1675.4712338239312,1786.6140977081773,1794.054491582874,-0.5982734292654355,0.035580535280293,11.39869812151564
15.010000000000002,-0.0393610731056196,1.0128716763403756,1.6189414532446724,0.0163177759194213,0.3478385855097684,0.0158602846042577,0.9372782404344396,0.5363894488257364,0.00208365115118,-0.1943080725653145,-0.3942928650176008,-4.49702450631605,-0.3298562907452858,1690.870515389791,1574.0303398540034,1651.739307146353,1713.8068998640192,-0.8652707348633877,0.001103596477175,9.111324924156955
15.02,-0.0338373490308294,1.0130204300809726,1.628852380699762,0.0150042264025128,0.3259536478971087,0.0146826640079806,0.945152639519278,0.6114761205915838,0.0005477661621639,-0.1690771946082032,-0.3061276407689043,-4.58825810734276,-0.3109079503092555,1628.5443250302674,1492.8143139046244,1530.0806676674954,1629.5959572833742,-0.8652707348633877,0.001103596477175,9.111324924156955
15.03,-0.0275793250867047,1.0131202018653855,1.633691946716772,0.0140226830269288,0.3038419665938524,0.0134960440216178,0.952523637760698,0.67503960580238,-0.0007218964602835,-0.177451884721565,-0.1409579779512924,-4.824372243522741,-0.2907607705111831,1573.5965654272495,1428.676942968587,1440.6720610266943,1558.8965914271676,-0.7815576355568075,-0.1157892734602356,7.548800006792762
15.04,-0.0207527535630953,1.013167286867257,1.6347466803598178,0.0134346153407091,0.2804599690185522,0.0121897172393772,0.9596942886577912,0.7348876609575882,-0.0022349940343434,-0.1991740212487356,-0.0129388141096338,-5.205498581752579,-0.2699190758968897,1516.739356916157,1393.0324584330228,1394.8919424575283,1496.9028165284171,-0.7815576355568075,-0.1157892734602356,7.548800006792762
15.05,-0.0135837117920079,1.0131702632660824,1.633515215082035,0.0131954357438705,0.2553882638512025,0.0107400985257505,0.9666888669299214,0.7913174604495263,-0.0040381545059004,-0.2202397717165927,0.0199271324170232,-5.684580102657476,-0.2517543449715357,1448.1635199884188,1402.945690522439,1400.992627374897,1431.8077286466323,-0.4307912133185425,-0.161879053668986,7.030798620257218
15.06,-0.006292505032999,1.013144970656129,1.6312727356419194,0.0131525140423935,0.2289000779411545,0.0092207859890451,0.9733173905764976,0.8382404487024298,-0.005792666925533,-0.2393849156809746,-0.026360261196074,-6.142083549342701,-0.2391432833910629,1374.0431023907204,1461.078719612711,1457.2034456755923,1370.15109075795,-0.5649823459219805,-0.2140660869376893,6.766839273643175
15.07,0.0009788479087659,1.0131088752682011,1.628848947897592,0.0130993966481722,0.2016493972556867,0.0077527412275521,0.9793394822007998,0.8716623193609326,-0.0072326380498988,-0.2609106236834778,-0.1025977986932554,-6.420767150144382,-0.2302532969762176,1321.368439739219,1545.9852595448083,1541.569881940507,1339.9071943628096,-1.3247414519345606,-0.0876509034961808,7.028800838033657
15.079999999999998,0.0082104496103938,1.013076869907752,1.6266134167702946,0.0128575048936371,0.1742694535627826,0.0064362215945326,0.9845930210876092,0.8947746670763261,-0.0084314032291959,-0.2868114981503011,-0.1679190031054292,-6.404569642757216,-0.2197751776474967,1316.012852704528,1622.546508156962,1617.9647765153077,1360.778319410104,-1.3247414519345606,-0.0876509034961808,7.028800838033657
15.09,0.0154962076532964,1.0130591284659078,1.6245930235175443,0.0123414805923441,0.1471346742469659,0.0053083808113971,0.989025225453926,0.9142229322536748,-0.0096308700276095,-0.3149196112688668,-0.201123231959516,-6.083997562752179,-0.2049693819294879,1358.1828990406598,1665.055739154068,1659.7579276042134,1418.787515962018,-1.4392790181859612,-0.016036634887963,8.016080903424761
15.1,0.0229879125237202,1.0130605045231582,1.6226336253339624,0.0115756265488507,0.1203319909403768,0.0043423122199757,0.9926567186852214,0.933227666168157,-0.0109528222921462,-0.3415315137240541,-0.1958418192992435,-5.566931306542658,-0.1887890427885821,1427.4540755821583,1678.1775875910032,1671.803144922416,1483.9151794182726,-1.4392790181859612,-0.016036634887963,8.016080903424761
15.11,0.0308182304027289,1.0130805340174267,1.6205430932917415,0.0106580841239113,0.0937734504782843,0.0034766069771584,0.9955304407360585,0.9496942230376012,-0.0123595895460831,-0.3638269458863293,-0.1600251929466714,-5.024740547685733,-0.1756816703606616,1507.507858032719,1698.3753433948882,1689.4088221892346,1547.3625307301809,-0.8312716675772341,-0.0540146129107149,8.7751912920674
15.12,0.039032923947331,1.0131133756277424,1.618186307262012,0.009699229367272,0.0674107516247401,0.0026543564828104,0.9976746312835316,0.9599630125397156,-0.0137934227319523,-0.3794395578370137,-0.1168691384657332,-4.594191734307084,-0.1654261933152018,1594.3020960752729,1763.7556003939017,1748.42544593078,1623.21498290161,-0.8312716675772341,-0.0540146129107149,8.7751912920674
15.13,0.0475560842675967,1.0131477072997672,1.615525707709461,0.008772891779081,0.041494129462061,0.001850854512425,0.999098517628563,0.962723456622111,-0.0152080066582789,-0.3854483742069799,-0.0942483344225875,-4.2999183212845145,-0.1532622804339079,1682.2710057320032,1872.6249968011468,1848.9218530847647,1715.1392091440125,-1.2027656735995136,-0.0522976998660983,10.373698305864668
15.14,0.0562036757412712,1.0131672537894458,1.612614805917791,0.0079042362414228,0.0166954946303289,0.0010761286719771,0.9998287980727348,0.9594741599698052,-0.0164876827269022,-0.3802309276733384,-0.1049182450835029,-4.067646926563161,-0.1366804844978141,1758.6913771789516,1979.8287462109129,1952.2707893638703,1803.0411581877177,-1.4131954138756653,-0.0218677878892588,12.148582708207307
15.15,0.0647451109910063,1.0131528252938449,1.6095635897382148,0.0070890039505865,-0.0060956843365839,0.0003536163869141,0.9999562308475848,0.9527846945589414,-0.0174986959644622,-0.3663035346144377,-0.1356094699375644,-3.817467516593642,-0.1202964364401267,1817.6466878519516,2043.1754752164552,2019.7851062863976,1867.8621176720649,-0.8742111454575717,-0.0573609293509621,12.199103487266669
15.16,0.0729869498539085,1.0130862601213493,1.606500245074415,0.006320624879698,-0.0262511671607743,-0.0003071331850004,0.9996353493114546,0.9446276057355578,-0.018294893295233,-0.3488821743564966,-0.1580495349350851,-3.541736992220318,-0.1116798554076466,1866.7902716365288,2064.074080180896,2047.7613931264475,1911.1156645979872,-0.8422350960515521,-0.0303958689492187,12.910238736376252
15.169999999999998,0.0808347306187396,1.012955577995658,1.6035464699252775,0.0056039479669192,-0.0437992727710809,-0.00092128715419,0.999024209267167,0.935044084782794,-0.019180913170438,-0.3302902437580716,-0.1534494810298994,-3.294085886873315,-0.1122113246721882,1911.6436430414967,2073.54885340168,2059.214435067181,1942.4209723004765,-1.2720921460202343,-0.1515081031150473,13.873536585269964
15.18,0.0883001591945972,1.0127595072537667,1.6008093639639718,0.0049561543591093,-0.0594151875020401,-0.0015140251902158,0.9982199055096976,0.9212965529807134,-0.020468934212838,-0.3069531099536721,-0.1276926772082708,-3.11724798636378,-0.1142067110642411,1942.4490790291943,2090.5788776884738,2071.849989632116,1963.0204647033484,-1.2720921460202343,-0.1515081031150473,13.873536585269964
15.19,0.0954568792624451,1.0125092601459236,1.5983825100255296,0.0043931620240918,-0.0739996689273624,-0.0020925289732198,0.9972463940514236,0.8992219441674868,-0.0221788422785899,-0.2732106426230689,-0.1033445077617638,-2.995934434660753,-0.108549784549447,1945.5375202680364,2107.4561283985067,2084.4747741406195,1969.955599790272,-1.2095252106723615,-0.1521128735753512,14.18497024933576
15.2,0.1023797623166317,1.0122265955170042,1.5963456962307536,0.0039140932736805,-0.0881785256655796,-0.0026285997586816,0.9960935287153504,0.8673325126061617,-0.0240260696438605,-0.2280793089307061,-0.0968459740420834,-2.879151971359996,-0.0940404388643887,1922.869963749721,2108.6790322266206,2088.039474688376,1965.439512945711,-1.2095252106723615,-0.1521128735753512,14.18497024933576
15.21,0.1091061344089932,1.011939071911897,1.594755374557394,0.0034917161641794,-0.1020842977078588,-0.0030691720717277,0.9947648889373388,0.8299816403656428,-0.025688098039143,-0.1779056741450759,-0.1031092472844239,-2.7360531953451126,-0.0773232446074751,1892.746461705524,2090.9111709023,2078.1436393312483,1954.565274802584,-0.7073825350201095,-0.0679549356983634,14.162256456227684
15.22,0.1156334102495041,1.0116742015481717,1.5936269203964857,0.003074941531546,-0.1155227727765269,-0.0033704207781542,0.993294354140996,0.7944604362632555,-0.0270254844171236,-0.1319454308656386,-0.1032324456191238,-2.581094768520357,-0.0641115813453925,1871.007343283812,2063.741286654886,2055.657660488845,1940.1885412027664,-0.6477657641171164,-0.0883022668408766,13.994894812059451
15.23,0.1219374739373428,1.0114535227160033,1.5929210550103354,0.0026039354600708,-0.1283133041074155,-0.0035322341875509,0.991723973104816,0.7630833095924758,-0.028046615157313,-0.0948288899225041,-0.0881845918240119,-2.447347378560933,-0.0533711629826497,1855.811075323668,2037.5444646304677,2022.515753763984,1923.6430329636385,-0.5428090864401205,-0.1087440339512562,13.593249474899592
15.239999999999998,0.1279847281174877,1.0112871453295882,1.5925489580556265,0.0020336969749994,-0.1404806431838579,-0.0036082696264579,0.9900747614991336,0.7295132199522825,-0.028745062350103,-0.0638767577273001,-0.0720310409367116,-2.3460845754566995,-0.0415213568558186,1833.282576004598,2013.8858304662456,1982.6173183244136,1903.730566575806,-0.5428090864401205,-0.1087440339512562,13.593249474899592
15.25,0.1337271858883492,1.0111702431104796,1.5923981378301244,0.0013572851761841,-0.15215804614476,-0.0036830581049125,0.9883483808118244,0.6858000517026358,-0.0290612083743996,-0.0345398067625447,-0.0766130203945032,-2.2593962664922604,-0.029838388658785,1795.1337076088448,1986.8054565148689,1944.452768999012,1872.6031320448828,-0.7809231322480827,-0.1466080547481985,12.421147215772898
15.260000000000002,0.1390957734009652,1.0110837347264705,1.5923644959163714,0.000615449884375,-0.1633588866724196,-0.0038291202177065,0.986559087538575,0.6326551823790535,-0.0290111234081332,-0.0071310226133672,-0.1029611181144136,-2.1638670478769626,-0.0241803788621703,1746.9520079387687,1951.291943673512,1915.0255915600503,1821.7978143563123,-0.2234656550709886,-0.1463052169214555,12.443668707443369
15.27,0.1440119361782246,1.0110000791447955,1.5923713394878327,-0.00011832927398,-0.1738808976188589,-0.0040697053893658,0.9847582733541702,0.5795271565476606,-0.0287716860825004,0.0137337153413364,-0.1244204975807898,-2.0454657496326414,-0.0269469065586075,1701.515351967643,1909.0157511250252,1889.147888485485,1757.7254826369035,-0.4123323596359309,-0.0219405602184572,11.480797715886922
15.28,0.1484162981113003,1.0108922715735045,1.592368090520592,-0.0007747688815992,-0.1834288743971713,-0.0043695265931166,0.983022967690948,0.5340491290533178,-0.0285508074491379,0.0254180107787911,-0.1133181448560343,-1.8912625727078307,-0.0319946957524273,1668.1464895620834,1866.009882051842,1852.789488093824,1702.5602402664765,-0.6189230539134258,-0.028224971314118,10.641786084132155
15.29,0.1522925878054195,1.0107420682666457,1.59231897065921,-0.0013270142377337,-0.191809308808879,-0.0046583037251782,0.9814202607924278,0.4945640380741621,-0.0283811475155934,0.0303762266172517,-0.0725484177224048,-1.687140141196129,-0.0300048599888274,1647.010957095883,1827.0689622101029,1803.60453547238,1671.9231870332624,-0.6189230539134258,-0.028224971314118,10.641786084132155
15.3,0.1556687768190889,1.0105438196086762,1.5921991860945588,-0.0018029977401652,-0.1990156569658382,-0.0048707540892116,0.9799825474140892,0.4542148130331331,-0.0281259254952322,0.0325684272460817,-0.0356436005424324,-1.4386888049427835,-0.0187356041326532,1630.2291025980196,1794.7848141998295,1762.420375742544,1657.907770437788,-0.369129958735289,-0.1286306112064308,9.933520425082172
15.31,0.1585974569442984,1.010302952005088,1.5920074838550708,-0.00226042676898,-0.2051637809800844,-0.0049775787803469,0.9787123873509844,0.4094214525139996,-0.0277064178343108,0.0325927125267657,-0.0332661825275659,-1.1838289558639072,-0.0062041644235342,1609.2392355492389,1772.6565742115863,1753.9416565410977,1641.9401953818742,-0.369129958735289,-0.1286306112064308,9.933520425082172
15.32,0.1611309219612819,1.010031286685403,1.591786754252662,-0.0027413864682485,-0.2103615775612579,-0.0049917219342191,0.9776070653377572,0.3619438348386298,-0.0272169439199912,0.0276345255467906,-0.061415672138845,-0.961978498098918,-0.0027414761900176,1583.675632570973,1764.606083256765,1776.5434221505277,1618.978405333115,-0.2632879282746172,-0.0658963217633059,9.49830389794425
15.329999999999998,0.1633041010640686,1.009742544881357,1.5916306167580851,-0.0032397171409717,-0.214609642805244,-0.0049525448672906,0.9766819736982912,0.3141696499425992,-0.026735281847059,0.0157797236234564,-0.0854658621448384,-0.761494770850171,-0.0101651508567079,1563.390352699177,1769.177050870097,1800.4632724423773,1600.3158608769563,-0.2632879282746172,-0.0658963217633059,9.49830389794425
15.34,0.1651287717649983,1.0094499117815814,1.591654766422371,-0.0037033812092294,-0.2177797224718343,-0.0049021742031324,0.97597860946631,0.2654930926804968,-0.0261252918457458,-0.0007816131651465,-0.0753738631123374,-0.5115005273432482,-0.0195268284182084,1559.8788863330662,1776.484739696793,1797.5971954514,1596.0708386085623,-0.2357255818434502,-0.0767687899313138,9.55041632804859
15.35,0.1665960465611214,1.009165438203183,1.5919330436922676,-0.0040670168984794,-0.2196691034506199,-0.0048678162846545,0.9755538164178166,0.214445183212188,-0.0251995107821102,-0.0173135495520133,-0.0347467878808632,-0.1489358733836034,-0.0201143501984415,1573.8423392694017,1774.527268433107,1766.9852860767646,1604.272600499762,-0.2357255818434502,-0.0767687899313138,9.55041632804859
15.36,0.1676837921462531,1.0089002412245636,1.592429224950093,-0.0042899684312327,-0.2200975980487506,-0.004856336444549,0.975456333979316,0.1627021773160336,-0.0240513421757868,-0.0306322997554522,0.0049316623585533,0.2995892718594929,-0.0102940554518688,1592.2471828082896,1759.652736230103,1730.9573745696875,1616.9014975005955,-0.1071337186079137,-0.0752389227175945,9.487401488655657
15.37,0.1683674738750361,1.0086644691656732,1.5929695482371515,-0.0043756365747614,-0.2189974835834205,-0.0048597399423515,0.9757035097386848,0.1144278891023256,-0.0230286370542147,-0.0409986009412421,0.016621228300858,0.719098766261664,0.0016076008729995,1601.153839993057,1739.438956074459,1712.106998513255,1628.8400895519808,0.0948593962328971,-0.1001454440838858,9.360887690869689
15.38,0.1686326990976767,1.008465978875708,1.593280816176343,-0.0043645650343071,-0.2164518562575885,-0.0048659285933613,0.9762714106403144,0.0713521389189928,-0.022321117709297,-0.0505917054051933,0.0024918778242117,1.0029376109768926,0.0069919519523958,1601.6064474329985,1724.9771454584773,1715.45765540949,1638.7321124708476,0.2705629344673275,-0.0880644853532304,9.401252694243034
15.39,0.1684856545233062,1.0083074010510449,1.5930798999152913,-0.0043111522222024,-0.2126648177472106,-0.0048685037010621,0.9771035702169834,0.0309299551449162,-0.0217389749906851,-0.0613105413819336,-0.0127221384556033,1.1429079645550293,0.0058185910070319,1608.27384190066,1721.800259860279,1729.4784864348517,1646.085130248407,0.2705629344673275,-0.0880644853532304,9.401252694243034
15.4,0.1679570044184214,1.0081831676957878,1.5921739985397143,-0.0042602850195597,-0.2078827685517412,-0.0048711245553762,0.9781323410747552,-0.0094561111672634,-0.0209997117542084,-0.0740485369469791,-0.0089506418677965,1.2202234989133265,0.0049165948856387,1631.0003468210257,1727.8656412091725,1740.6311561835305,1650.9936439670423,0.1656741649067488,-0.0786986506804804,9.506337746449132
15.41,0.1670972599098592,1.0080793038487057,1.590530458266323,-0.0042350764395845,-0.2023123334746013,-0.0048846529451844,0.9792997110268222,-0.0487537597257868,-0.0201038853936985,-0.0889408977789741,0.0121225416331688,1.321449945303177,0.0089872896706426,1663.1305043238738,1737.614324413392,1745.1988813575128,1655.8116735440008,0.3857189376768666,-0.1001731165810799,9.663027193583378
15.419999999999998,0.1659652128890877,1.007977452587278,1.588291028601296,-0.0042375663018274,-0.1960864337688511,-0.0049182655803067,0.9805651249087606,-0.084531831806853,-0.0192819961187734,-0.1054522574113816,0.0342805883976224,1.4726557779537188,0.0154267744269449,1691.4884905497202,1746.9710376289909,1748.6552973080602,1665.5421859754567,0.3857189376768666,-0.1001731165810799,9.663027193583378
15.43,0.1646130229033878,1.00786153248874,1.5857265348787868,-0.0042574492115294,-0.1893025975423978,-0.0049685138828256,0.9818969979380262,-0.1174605390288203,-0.0186285027618845,-0.1221986454242178,0.0443607820147766,1.642183667827494,0.0182433983591091,1712.6430958513909,1755.572860344793,1757.1207870213557,1685.204985343947,0.3031381625207294,-0.0930450809141495,9.829044562084416
15.44,0.1630714854517348,1.0077232289142577,1.5831485477441571,-0.0042820293069117,-0.1820972475785086,-0.0050123010639348,0.9832584266038052,-0.1512862760268232,-0.0179509868819415,-0.1370326356505726,0.0408695655821635,1.7864779746237955,0.015211777441523,1733.1940147493783,1764.9104386927777,1770.9857110883663,1714.8528609776197,0.3031381625207294,-0.0930450809141495,9.829044562084416
15.45,0.1613383811414553,1.0075630192762806,1.580809461098879,-0.0043026080669689,-0.174669748225024,-0.0050096667179829,0.984604930852067,-0.1881681581080346,-0.0170313662562847,-0.1477412622074072,0.0301918971708356,1.885889952166318,0.0097091789583401,1757.0224565295523,1775.0107824372071,1785.7109023240944,1747.0894907663296,0.6046463987025876,-0.0793517557712747,10.3362735193827
15.46,0.1593728989799872,1.0073865044141814,1.5788264072903164,-0.0043159712126135,-0.1671915840150503,-0.0049187508787354,0.9859027094581002,-0.2252870661969582,-0.0159483779075912,-0.1531840434757124,0.0195868052822748,1.9460957943939543,0.0061468484071569,1779.996414866886,1784.2182203499954,1797.246631551909,1771.9896395627936,0.4364627858108365,-0.0776478928788965,10.57141952518363
15.47,0.1570998851135085,1.007199350899822,1.577156751839318,-0.0043224532848885,-0.1596403616092608,-0.004718300396253,0.9871545010707468,-0.2572550948646136,-0.0150522207173386,-0.1540846492786353,0.0140889994297141,1.9819253907241272,0.0052666127746272,1797.5376451747563,1791.8117363596134,1805.5227719384395,1785.5385220774197,0.4364627858108365,-0.0776478928788965,10.57141952518363
15.48,0.1544272683695045,1.007005145784671,1.5756353131074756,-0.0043232247357083,-0.1517050474115574,-0.0044256472731393,0.9884064457316916,-0.2821118189621011,-0.0146074006568184,-0.1524694571879865,0.016230254311338,2.007643562556746,0.0045427179194224,1810.0961834643012,1798.6145279059642,1812.5262817173425,1792.340294855254,0.7199113209428742,-0.0617955339922596,10.895080695343973
15.489999999999998,0.1512758455948002,1.0068077352825346,1.5740593978292765,-0.0043190021494208,-0.1428985586279995,-0.0040966613546766,0.9897194377843744,-0.3044143465750698,-0.0144794478498699,-0.1497990477397632,0.0250302602950315,2.034623094491086,0.0021325516702959,1818.6116659106228,1804.5694447573871,1818.8357218991823,1800.8081539760844,0.7206280212894072,-0.0862672153962519,11.077881417427264
15.5,0.1476125590077059,1.006615388162159,1.5722858285459824,-0.0043109310945583,-0.1328603063184034,-0.0038037165585667,0.9911180992285532,-0.3318035816275644,-0.0141873198858414,-0.1455721012800961,0.0353580251150837,2.066213327486185,-0.0009419190107151,1821.052650285864,1807.9725665221572,1823.8668275519228,1816.259851801389,0.7206280212894072,-0.0862672153962519,11.077881417427264
15.510000000000002,0.1434709362918491,1.0064421062032791,1.5702966482838228,-0.0043026972488081,-0.1216526152511736,-0.0036034117557262,0.992556871631371,-0.3678752213622268,-0.0132979549715775,-0.1381354559638276,0.041277473055735,2.0929884667615064,-0.002598183681542,1818.0134797516523,1808.5778190864253,1828.3049972325089,1835.7773763861576,0.4629671320848985,-0.1444934994894838,11.134661909519949
15.52,0.1389430424232768,1.006303410906502,1.568203906644026,-0.004301717078435,-0.1098097384347541,-0.0035138047806764,0.9939371055308436,-0.4080266916241282,-0.0118105986836983,-0.126975295574272,0.0414614665488249,2.1003101022819632,-0.0025700458439835,1816.9365802680525,1809.5829442733047,1833.735545297597,1848.5970106463944,0.8957664472479572,-0.0977441601254757,11.305822016432336
15.53,0.1341414490898293,1.0062083443472334,1.5661939532273057,-0.0043171762123319,-0.0980536472842329,-0.00351328988387,0.9951655646363587,-0.4427729926348852,-0.0101486833644591,-0.1138131498236358,0.03982396735719,2.085612977003829,-0.0025977280252956,1824.5662990535184,1813.654574061445,1839.466121956631,1845.5999686521327,0.4233855856872319,-0.0976887848989206,11.333347451800694
15.54,0.1291519598778662,1.0061525927784754,1.5644428243801167,-0.0043541129770375,-0.0868551216794692,-0.0035578925904969,0.996205084778502,-0.4659157242215088,-0.0087539847848156,-0.1010366504458431,0.0402902339317415,2.064922955755704,-0.004016722207768,1836.9989713483196,1817.739485680755,1841.2562156065824,1830.2637743233272,0.5526789036018644,-0.1774448748244096,11.272731567016576
15.55,0.1240098772827201,1.006117219677213,1.563047755556097,-0.0044054576480629,-0.0761744909951012,-0.0036042474280451,0.9970782558380388,-0.4796211773706784,-0.0077248252116357,-0.0891910890856086,0.0431883562370954,2.056451124110516,-0.0061254373153639,1842.7918132584853,1815.6298776095375,1834.8565099073708,1816.0007029867456,0.5526789036018644,-0.1774448748244096,11.272731567016576
15.56,0.1187181064447728,1.0060743130336125,1.5620057779047378,-0.0044467221460316,-0.0655945066046267,-0.0036264804485993,0.9978298632557594,-0.4913961063713938,-0.0068810356403445,-0.0766164347599863,0.0477027730802044,2.0581849533669105,-0.0072150202523996,1835.6992211534805,1806.083478790076,1821.3351059630304,1810.76265251178,0.8448630860202532,-0.0699545257341659,11.161204179939984
15.57,0.1132909299477322,1.0059973644936726,1.5612393371703313,-0.0044389083497176,-0.0547333677998056,-0.0036217958575667,0.9984845703047796,-0.5065073570304508,-0.0060913728573658,-0.0618209947484761,0.0548842362784067,2.048096059438638,-0.0065100992363823,1820.360576366328,1794.2241566182468,1807.187835716209,1809.4994913628595,0.776410213680097,-0.12606715278774,11.0059178467396
15.579999999999998,0.1077829868442633,1.0058720290027463,1.5606446159569418,-0.0043423686679649,-0.0435910040564196,-0.0036056324593869,0.9990335167622116,-0.5237828689213626,-0.005415205625213,-0.0457557254316192,0.0651774501716365,2.010316002703889,-0.0047748708886683,1806.5621426879145,1783.5230423923165,1797.2968973308264,1805.6253647537992,0.6336848402749383,-0.1446203435482371,10.93532236724358
15.59,0.1022739726197092,1.005702517625055,1.560135325952777,-0.0041376680875481,-0.0325580932576316,-0.0036002255878981,0.9994547956971044,-0.5381864117945963,-0.0049500191872445,-0.031236335975301,0.0739823495492005,1.9565048715198683,-0.0034145851546171,1801.715242297867,1770.812213859051,1789.6159811113191,1803.8839355685336,0.5708660036237627,-0.1420865993513689,10.843595107725635
15.6,0.0968177282608671,1.005510444398445,1.5596675219325224,-0.0038421201410674,-0.0221195649406326,-0.003620982176025,0.9997413922848948,-0.5462480876764445,-0.0046606709468352,-0.0201681987892619,0.0734083133369924,1.9131924630005663,-0.003057745376506,1806.6091449828616,1752.3944735260843,1779.882096111308,1812.6066069032504,0.5261539630675333,-0.0825621508624155,10.752930355698084
15.61,0.0913956692373694,1.005326355599361,1.5592442482163826,-0.0035091691203037,-0.0125205520001453,-0.003665009739084,0.9999087404425012,-0.5487127165530752,-0.0043939014447087,-0.0117188616557251,0.0607774785619718,1.8876276798411205,-0.0029987106061701,1813.626399357144,1731.9350698324552,1769.6436960019996,1825.2218060179184,0.8380107243751034,-0.134287245283339,10.574609393149544
15.62,0.0859133542465606,1.0051779642086172,1.558904134659956,-0.0032071630205132,-0.0036415888282326,-0.0037062141209174,0.9999813582827712,-0.5488833236520542,-0.0040112244142864,-0.0034577153765388,0.0444525894044757,1.856055482109912,-0.002467476403888,1811.2873857355928,1718.1048297637276,1764.5943973295014,1821.9126533826277,0.8380107243751034,-0.134287245283339,10.574609393149544
15.63,0.080249942007825,1.005080746850924,1.558698660132123,-0.0029898584000917,0.0048769941187157,-0.0037013509802064,0.999976787568609,-0.5492547737712281,-0.0034762605550157,0.0059162993855602,0.0383357777746401,1.7934504207492794,-0.0020856077089587,1795.9840765716976,1715.19619472596,1764.7238911918091,1794.4720342670612,0.6291075303317626,-0.0811274946166894,10.531169001634964
15.64,0.07433821821921,1.005034765527114,1.5586650167673652,-0.0028762799530575,0.0133959411420271,-0.0036061388603999,0.9998996307315402,-0.5496395386796774,-0.0028194004759174,0.0154676679128508,0.0482931443357135,1.7090888693694883,-0.0028066129285813,1777.895620148901,1718.3902334008424,1761.3656571502008,1760.1693011464913,0.6066006366799039,-0.0987428106293894,10.399261050720312
15.65,0.0682373077588356,1.0050279026020466,1.558804784430928,-0.0028523621224374,0.0220647295403228,-0.0033985790130818,0.9997466986198688,-0.5481187230428248,-0.0020560319373179,0.0236094232657641,0.0643782966999341,1.640231862922886,-0.0035692286041591,1769.9753040183473,1717.489275896291,1747.1694241607283,1743.454271974317,0.6066006366799039,-0.0987428106293894,10.399261050720312
15.66,0.0621615538425436,1.005042809686697,1.5590772222886629,-0.0028876426753607,0.0307247944189834,-0.0030967668789278,0.9995189135592124,-0.543673418676212,-0.0011969391055173,0.0300125377461746,0.069234280938364,1.607493095190367,-0.0017441695277395,1771.5141863012182,1705.2349402568257,1725.9472649203865,1748.9684203418867,0.6667864045870407,-0.1549606793001861,10.1252034475673
15.669999999999998,0.0564412987234958,1.0050640456507962,1.5594088665355124,-0.0029520459836171,0.0389618087271115,-0.0027575786808234,0.9992325348211204,-0.5375639072164642,-0.0003417320692663,0.0354022604843934,0.0560412050619335,1.586394971136809,0.0034181207388061,1768.3164457528028,1684.8884384851533,1708.6604681752185,1759.6601120578268,0.5659737826108384,-0.1748286649070613,10.158681059636828
15.68,0.0514163321988967,1.005082700944075,1.5597142322107038,-0.0030224841619248,0.0463109889584621,-0.0024539973152226,0.9989194836363724,-0.5315064340537856,0.0003178663885576,0.0398827953201855,0.0368181888929261,1.532621215635739,0.0089040444919141,1751.2782282846058,1669.3700344793176,1701.1277271960637,1759.2193145201927,0.4296825909850614,-0.1444152438024966,10.067651891303248
15.689999999999998,0.0472974586764145,1.0050973174645683,1.559920222380187,-0.0030779099234863,0.0525205749352798,-0.0022428178355892,0.9986125802567916,-0.5247805142124462,0.0006538618725818,0.0422346182578925,0.0310337610146154,1.4321787731978688,0.010369652694846,1730.3469748193872,1668.5967728148942,1699.7600173761737,1749.2220381557463,0.5223679892500048,-0.1394318759938435,9.989969312858962
15.7,0.0440543302358142,1.005111389479806,1.5599874099743911,-0.0030905904232566,0.0577100054141058,-0.0021425183998021,0.9983263059445272,-0.5146954146170554,0.0007480487677277,0.0412493758590475,0.0463777524417793,1.3170113789622293,0.0060772075471832,1725.4017832683671,1677.7230353169564,1698.794895797803,1742.6284766693154,0.4932985136299543,-0.1441585200280422,9.864304872298597
15.71,0.041379431652656,1.0051288038877293,1.5599216400184563,-0.0030238323293294,0.0623284143789395,-0.0021329185409307,0.9980488344051852,-0.5007447080900711,0.0008493755992625,0.0376849709987799,0.0713805504616355,1.2303508792643765,-0.0019299125871424,1744.147232070893,1682.6388167544617,1697.0135885747586,1746.3180705908126,0.4932985136299543,-0.1441585200280422,9.864304872298597
15.72,0.0387469122551599,1.0051491311556475,1.55977075076374,-0.0028414946885654,0.0669630857705119,-0.0021725821911537,0.9977490420635085,-0.4866557931279443,0.0011780036365661,0.0343948319867896,0.0857389567998791,1.1828539754363103,-0.0099287179695232,1773.235138900579,1676.5101454386163,1695.7436520176325,1755.491000810848,0.5161299756518374,-0.1209362836994566,9.994943014325724
15.73,0.0355529435162822,1.0051647060197637,1.559606578597624,-0.0025254129233122,0.0721141079193639,-0.0022206666284666,0.997390719010502,-0.4757127418517301,0.001737886918306,0.0337899363660406,0.0775876202356029,1.1403010846226949,-0.0152453780725957,1792.5006411263548,1665.2042542439249,1694.019040249933,1763.0804054572309,0.5161299756518374,-0.1209362836994566,9.994943014325724
15.739999999999998,0.031301025808068,1.0051609460193398,1.559499966022149,-0.0020898927822914,0.0780096380527663,-0.0022516175742411,0.9969478717251642,-0.4637881300076272,0.0022564005636089,0.0349925450056979,0.0529483677302879,1.0447045340764425,-0.0174609211539508,1793.9210039943473,1657.2424056053906,1689.4409273952883,1767.9089355510075,0.377381620235691,-0.0932629180328288,10.001439233276797
15.75,0.025777443085931,1.0051203567851006,1.5594997232407874,-0.0015836692584222,0.0844867378767372,-0.0022585803046355,0.996420785576874,-0.4399931418886335,0.0023209861159701,0.0342136011658052,0.029916918232357,0.8508500334567082,-0.017819070389486,1783.1359924926912,1655.7338235854995,1682.9333037685085,1771.2194407305929,0.3633327377757613,-0.1573865830161597,10.041158130477124
15.759999999999998,0.0191511173411997,1.0050292665352385,1.5596222056998423,-0.0010777361063287,0.0909749202579758,-0.0022481133138439,0.9958500631899704,-0.397189449345035,0.0016966741099885,0.0286187075114708,0.0226182577102515,0.5616630323275694,-0.0178077896727277,1766.9659064771577,1661.1218411664224,1679.283895095981,1769.870423188803,0.3633327377757613,-0.1573865830161597,10.041158130477124
15.77,0.0119450119831104,1.0048848483536623,1.5598511249712703,-0.0006443942483813,0.0966405126289077,-0.0022316787525117,0.9953166409162564,-0.3411916247657385,0.0005838628753336,0.0196060893090365,0.0296326327590213,0.2383956874968766,-0.0182992053535318,1747.6383274798918,1674.4072171450648,1681.9563959281982,1758.2243757036576,-0.0276921386237551,-0.1291869915136806,10.048093435213572
15.78,0.0048759539712053,1.0046991053334855,1.5601439915600923,-0.0003351431370212,0.1006893556171766,-0.0022186676103997,0.9949153827630318,-0.2869129057046823,-0.0004887050579764,0.0118265651200972,0.0381192617931307,-0.0356278823772907,-0.0197240614909709,1728.4037531172162,1693.5370864998918,1689.2803478767985,1736.5731628113383,0.0543126324774205,-0.11761486252063,9.975606861648451
15.79,-0.001372823992615,1.0044971342111646,1.5604429590683526,-0.0001656081105857,0.102698173335143,-0.0022132045466144,0.994710088162985,-0.245497709405413,-0.0010758213172976,0.0092207942629741,0.0385605026440967,-0.2146211404675804,-0.022165040089183,1715.4396739451704,1710.4890379034498,1696.9905133366033,1714.1752782902208,0.0543126324774205,-0.11761486252063,9.975606861648451
15.8,-0.0063458886893697,1.0043095741401111,1.560689859798691,-0.0001144322361836,0.1027842237026661,-0.0022145087383495,0.994701204490148,-0.2173408906530639,-0.0011117692506263,0.0122698346122067,0.0334173886597149,-0.3141334547371383,-0.0245001382665189,1710.7871276373348,1716.3953931647306,1703.066446968488,1702.2686552259124,0.0216507294595971,-0.0809485301492236,9.782679033755558
15.81,-0.009901591599669,1.0041624917855827,1.560844787694445,-0.0001367183030243,0.1015169407180805,-0.0022192042879444,0.9948313259983704,-0.1966920351932702,-0.00083863895312,0.018369619524884,0.0310806225891652,-0.3777141604059652,-0.0240472137412631,1709.1562075279348,1709.482350943027,1708.148042508691,1704.3441616186642,0.0488694408869472,-0.0809899995252701,9.782580584581162
15.82,-0.0121790341298399,1.0040695344773274,1.5609043434088152,-0.0001843392957897,0.099644186904137,-0.0022238181792584,0.9950206312775344,-0.1793518402122339,-0.0005409753956614,0.0239836528039213,0.0345370274316351,-0.4305926268045562,-0.0186629288651262,1704.5083529804767,1696.0553186103778,1711.6598986455672,1713.2375740326647,0.0367020759013034,-0.0822249966086621,9.655912666530144
15.829999999999998,-0.0134891730274353,1.0040296280092031,1.560911500196579,-0.0002226261384134,0.0978006660985913,-0.0022263422047659,0.9952035086095012,-0.164928852676416,-0.0003690713562404,0.0267534781448844,0.0387235799811448,-0.4685498502472894,-0.0098604600491115,1696.178947691307,1683.6844641528978,1710.1783698858728,1717.8529252501935,0.0635602842601381,-0.0822658765595555,9.655772875949324
15.84,-0.0141903754194859,1.0040302069603624,1.5609482948825064,-0.000237162596989,0.0963349439867828,-0.00222657551966,0.99534645459881,-0.1543121533180069,-0.0003282728806402,0.02661897084818,0.0374844027407322,-0.4804552010204735,-0.0028985862742179,1687.539347696904,1675.3470954181105,1701.447007919089,1713.392925289098,0.0635602842601381,-0.0822658765595555,9.655772875949324
15.849999999999998,-0.014594161449956,1.0040534692247487,1.5611090478339211,-0.0002308904376697,0.0952938391898834,-0.0022255686518995,0.9954466724773527,-0.1471782934153673,-0.0003529618607658,0.0254977057045738,0.0298081770862484,-0.4704247794674764,-0.0027996075656528,1681.9020244343378,1670.5218986164518,1688.7400665208304,1704.9052667663937,0.0997508973654304,-0.09958972192771,9.536719673024956
15.86,-0.0149193316764816,1.004082613015454,1.5614630964795602,-0.000215847864187,0.0945193425204253,-0.0022247075478992,0.99552051609976,-0.1417416295018588,-0.0003803942298205,0.0257297248265163,0.0189249549167378,-0.4575257276100515,-0.0100818294370692,1680.2182653464135,1668.5845512631106,1678.8340539762307,1700.2955504780316,0.0997508973654304,-0.09958972192771,9.536719673024956
15.87,-0.0152889388622422,1.0041059569263426,1.5620239033955756,-0.0002044395774277,0.0937820039121301,-0.0022248984195532,0.9955902489346242,-0.1359806399426802,-0.0003846296379156,0.0283509506255848,0.0081538874571139,-0.4596171759928369,-0.020152369599913,1680.2808566227936,1668.2955844849132,1675.725522231983,1700.6955909144872,0.0997508973654304,-0.09958972192771,9.536719673024956
15.88,-0.0157526554094768,1.0041182634057966,1.5627398045437524,-0.0002034359501685,0.0928876167569351,-0.002226123787328,0.9956740900716028,-0.1288501613947446,-0.0003704729307056,0.032418790181389,-0.0003031464390611,-0.4805745344572651,-0.02680236114131,1678.1719324303465,1666.2401765313705,1677.892970196595,1699.3633916443353,0.1527771304686163,-0.0996706449012739,9.536016746370091
15.89,-0.0163163814519477,1.0041197525648848,1.563511226369284,-0.0002117770724357,0.0917263826936922,-0.0022274715761967,0.9957817352405994,-0.1204077720902794,-0.0003538592694296,0.0358296197324307,-0.0037440295612702,-0.5110852684241282,-0.0270984898587151,1672.5173681924018,1659.7698310400751,1680.981801879353,1690.0860312643908,0.1527771304686163,-0.0996706449012739,9.536016746370091
15.9,-0.0169664923133064,1.0041138877988809,1.5642259972012045,-0.0002218845109639,0.0902678999144474,-0.0022276204869724,0.9959150037625024,-0.110920382157015,-0.0003502686608606,0.0369023807265838,0.000911560796612,-0.5387798230373182,-0.0233364592588115,1666.7663360601755,1651.3572405959922,1681.264286513975,1674.560360294044,0.0964350201495509,-0.0708959400347562,9.345887033806656
15.91,-0.0176832953897384,1.0041050431291052,1.564796409388599,-0.0002236635505015,0.0885280077329739,-0.0022256498584975,0.9960711763243398,-0.100210946102233,-0.0003680004479464,0.0353857404784358,0.0135986965644845,-0.5578519079658133,-0.0198407717380539,1664.817270800181,1646.8837172657245,1677.5075737967054,1660.3753740872205,0.0964350201495509,-0.0708959400347562,9.345887033806656
15.919999999999998,-0.0184445109235406,1.004096816483314,1.5651832951121147,-0.0002101131103704,0.0865349712531777,-0.0022218884234588,0.9962463138273217,-0.0880397642002223,-0.0003965230206129,0.0320988512994654,0.0280768137623523,-0.571733469282637,-0.0183706902229234,1665.0199230066376,1648.9381757222595,1672.194008972715,1653.6193986852072,0.1483734286832849,-0.070974837424592,9.345206166490566
15.93,-0.0192234593127241,1.004091276260839,1.5654005572081855,-0.0001828580752653,0.0843085216692496,-0.0022183555100796,0.9964372125907888,-0.0746683191812253,-0.000401502566599,0.0277407127855989,0.0346710519054102,-0.5889093936657551,-0.0178060101051108,1662.1311675924617,1654.4734213280387,1670.6035684012409,1654.7362749511303,0.1484294649932538,-0.0952076928024596,9.221637599973937
15.939999999999998,-0.0199871774471831,1.0040890186003295,1.565501683507819,-0.0001550086292168,0.0818532911250718,-0.0022183066911428,0.9966419085206798,-0.0606483186102444,-0.0003525134491691,0.0222831305382897,0.0287894940989048,-0.6163861059744041,-0.0174778861942579,1655.6123146629093,1660.120893666529,1675.837661853081,1659.124062114679,0.0645220236633674,-0.0787852982896545,9.258785850279494
15.95,-0.0206975301311162,1.0040896789010332,1.5655543256092412,-0.0001483565990208,0.0791643398042723,-0.0022246381189338,0.996859085467406,-0.0464182564885186,-0.0002781493552323,0.0156584971437201,0.0175476824079699,-0.6550541381788939,-0.0184537434838238,1651.8606191870824,1666.771910166811,1684.3487750931156,1660.087124858828,0.0645220236633674,-0.0787852982896545,9.258785850279494
15.96,-0.0213157406334637,1.0040925031246073,1.5656115378232545,-0.0001832353370965,0.0762383830033109,-0.0022375032420108,0.9970870919639336,-0.0324661443832751,-0.0002840797288394,0.008657715731371,0.0156294131842156,-0.6988179179279096,-0.021139893063002,1656.4970922015195,1676.4444759041571,1689.1015413926543,1654.511315793396,0.0634273727737833,-0.0625205533656408,9.300913568294776
15.97,-0.0218091054188537,1.0040966982750477,1.5656904130943512,-0.0002630571848498,0.0730803954658809,-0.0022522923215759,0.9973234749963356,-0.0193898077653644,-0.0004682228971377,0.0025478275747169,0.0308306201554636,-0.7377820787695714,-0.0235583852477852,1667.5910631200204,1687.0830702011378,1688.2243418971002,1648.5328135066472,-0.0578921053518475,-0.0925489437744365,9.495176123339904
15.98,-0.0221575997483686,1.0041014724518926,1.5657680602041264,-0.0003607436559314,0.0697022113511405,-0.0022596775380862,0.9975652186469812,-0.0072954615065634,-0.0007822430950712,-0.0021260295789507,0.0524684380966425,-0.7635305037601939,-0.0231925474092346,1678.1441380574067,1694.1959759333597,1688.0423393827011,1654.275284021117,-0.0578921053518475,-0.0925489437744365,9.495176123339904
15.989999999999998,-0.0223574533132153,1.0041058648490078,1.5657975945064704,-0.0004181885187105,0.0661211859821517,-0.0022491512066576,0.9978089773105502,0.0044766546681184,-0.0010123787648565,-0.0057573411319866,0.058235013842269,-0.7728704399616356,-0.0196621864526416,1683.1858620768742,1697.01273423045,1695.3167493667834,1676.055283363822,-0.0765717780872554,-0.1271652951768463,9.547695980004974
16.0,-0.0224197029887751,1.004108590783162,1.565735731806441,-0.0003685914016382,0.0623645690824322,-0.0022159969634577,0.9980509075297708,0.0165670654460038,-0.0009698684505724,-0.0087297438653204,0.0384207580860536,-0.7684143847795959,-0.0147099863623396,1683.809494454591,1699.8898849882517,1707.7501590581303,1700.8276951251876,-0.0765717780872554,-0.1271652951768463,9.547695980004974
16.009999999999998,-0.022364336233409,1.0041081449131188,1.5655672455439478,-0.0001819884602411,0.0584736385701219,-0.002169178264305,0.9982865796644912,0.0287636069906108,-0.0007095597865317,-0.0110033361626541,0.0124592718212658,-0.7566625460020315,-0.0103437630055292,1685.413439742464,1706.91110006234,1715.8327022544818,1708.5462021068256,0.0582048513533588,-0.1057904683267707,9.754184814129273
16.02,-0.0222128575314747,1.0041033039951075,1.5653151189245544,8.262007692124179e-05,0.0545018497856731,-0.0021353537689122,0.9985113829136574,0.0402380777801837,-0.0005019091953392,-0.0128617029928359,0.0123284378188156,-0.7442901558217985,-0.007952580625324,1690.3693955196873,1715.7530284588977,1716.6919592091967,1696.1830378390944,-0.0672735894605949,-0.0632146583829019,9.80404990742227
16.03,-0.0219821590885406,1.00409396837613,1.5650341796935812,0.0002531116031852,0.0505112007350019,-0.0021539782153032,0.9987211397145216,0.0503988157824565,-0.0005700674876493,-0.0152403536989794,0.0430833459236132,-0.7345387622884272,-0.0084431160663339,1690.9142718937087,1716.6132186386037,1723.7164975396672,1688.0103800284282,-0.0672735894605949,-0.0632146583829019,9.80404990742227
16.04,-0.0216810874393764,1.004082034596155,1.5647920791049377,9.014294431914006e-05,0.0465690540283918,-0.0022618346098079,0.9989125082735464,0.0592737335172901,-0.0008990153444712,-0.0185906957726038,0.0673205810858384,-0.7267985129650042,-0.0116675355779359,1674.7507528454066,1699.618015226963,1755.1982982167565,1713.8797601845872,0.0058561893618763,-0.0882881353658254,9.76598660178785
16.05,-0.0213098856759386,1.004071788290979,1.564643426499253,-0.0005718513442289,0.0427357986766681,-0.0024722305494656,0.9990831860128654,0.0672509015711344,-0.0013019187569142,-0.021858027669642,0.048136224198046,-0.7194177714815936,-0.0154770922953325,1644.3443367257446,1668.9288898019936,1809.619407949368,1774.271086070851,-0.0570825807810699,-0.1184546659570626,9.969367290213777
16.06,-0.0208623212972231,1.004069251116702,1.5646058644464962,-0.0016144916240313,0.0390378262213417,-0.0027610332596451,0.9992326146779076,0.0746598844059138,-0.0015864227578289,-0.0233813573822836,0.0223465534217911,-0.711982709731543,-0.0163784410504671,1624.9008954706442,1648.236259018017,1858.202101032393,1833.061566499151,-0.0570825807810699,-0.1184546659570626,9.969367290213777
16.07,-0.0203299214298923,1.0040800929311788,1.5646504570702544,-0.0024536856441193,0.035440840590713,-0.00307209096756,0.9993640420297654,0.0815097129955955,-0.0016170462826611,-0.0225399685177526,0.1221177750865795,-0.7043831680025592,-0.0120925347338061,1639.6470492139674,1660.9381697103136,1870.1442511945752,1851.5043993307736,0.0069254308458798,0.127002869358226,10.48652481834103
16.08,-0.0197070777776322,1.0041061497347914,1.5647146628484778,-0.0020276296749166,0.031848554946006,-0.0033436615056097,0.9994850565133472,0.0876041596219543,-0.0013543844229728,-0.0196738589201069,0.4887432882054419,-0.6944236663720363,-0.0038909100583442,1677.7248726399116,1700.6536184584686,1844.1540198612788,1826.5901937313567,-0.0578415582317655,0.0003844161127028,10.621066678185649
16.09,-0.018995650465916,1.004141176288416,1.5647322901814134,0.000946788795099,0.028141900897246,-0.0035408500102951,0.9995972185765984,0.0929828933528903,-0.0010779041584176,-0.0146671884868676,1.1312364481642527,-0.6782313984659563,0.0036260779392135,1702.110834227309,1733.3245458989634,1808.3375658952325,1789.1494644967163,-0.0578415582317655,0.0003844161127028,10.621066678185649
16.099999999999998,-0.0182079738407212,1.0041669914007354,1.5646629319314482,0.0074917922703454,0.024251770685927,-0.0036719148239529,0.9996710667558109,0.0980252157473006,-0.0017093570439567,-0.0069419756261445,1.8730408337412177,-0.6547173515279942,0.0056303274200221,1693.3037849724565,1735.8820099808022,1789.7756768799077,1767.6189736304505,-0.1536522176066705,-0.7627825941311113,10.437590171405231
16.11,-0.0173668580920588,1.0041513481721036,1.5645053844092196,0.017874535805532,0.0202296336706501,-0.0037774775109973,0.9996284277445004,0.1028881441574434,-0.0048176009117445,0.0026881492507598,2.4702599974758424,-0.6287175450234614,0.0007354304442573,1671.7452714379688,1722.523517472532,1791.3608524629883,1764.193790197748,-0.1536522176066705,-0.7627825941311113,10.437590171405231
16.12,-0.0165009590430599,1.0040484491333137,1.5642923631409826,0.031392061897377,0.0162646650160812,-0.0039021895865031,0.9993671857921776,0.1070793142992567,-0.0119430784462731,0.0113364031807393,2.800268512753632,-0.6058564025970643,-0.0081103973488793,1672.0479451260558,1724.7750198550723,1798.0982218694137,1765.1076678263933,0.0736826671117841,-0.055196670254269,10.339002855607506
16.13,-0.0156356534809123,1.0038021017938663,1.5640743474724463,0.0466148266266828,0.0126205618974906,-0.0040711541177439,0.9988249121142831,0.1099167184497948,-0.0233512899121561,0.0164278112804436,2.932113489250641,-0.5821704489496211,-0.0164799508039803,1705.433041822976,1753.458768853991,1797.6786361398465,1760.8164229579895,-0.0267508677998418,-0.7012476166073521,10.24794089987713
16.14,-0.0147828437714736,1.003350659862964,1.5639020180860623,0.062006796068039,0.0095194254222655,-0.0042884620035822,0.9980211154452848,0.111321154322782,-0.0371243520365236,0.0184143560365273,3.0224897649893,-0.5433744547993649,-0.0221409862780714,1752.9297649286575,1789.4173396155638,1791.285646825475,1751.497072757804,-0.0667574720611238,-0.7729495349929516,10.561155556679305
16.15,-0.013934887868124,1.002632969218361,1.5638139562718032,0.0766064325102649,0.0070389169633553,-0.0045556477494164,0.9970261552334604,0.1118980116322249,-0.0501727874808309,0.02008145989688,3.162662732977029,-0.4814523105707847,-0.0260328835125843,1789.534631216234,1809.6834691425163,1788.6184449619875,1742.190148267663,-0.0667574720611238,-0.7729495349929516,10.561155556679305
16.16,-0.0130665265698659,1.0015957623806222,1.5638338747860208,0.0904084389935711,0.0050808952114048,-0.0048886496552975,0.995879811908618,0.1122695929903052,-0.0616233334150198,0.0234313948633611,3.324218703507418,-0.4109220057951327,-0.0303257086992166,1808.2334093002448,1814.1494017165612,1797.7493420547787,1740.296057794256,0.065930098202504,-0.2821719717148534,10.560189312537425
16.169999999999998,-0.0121454914923589,1.0002039548587864,1.563977754443012,0.1042340009473543,0.0034257689296641,-0.0053113307012445,0.9945327178730368,0.1125383633624162,-0.0755038634347204,0.0283591642967002,3.4272735973165105,-0.3596921177601497,-0.0358833673061215,1819.212819567697,1820.8716780252528,1821.5234381703708,1755.1595573487111,0.065930098202504,-0.2821719717148534,10.560189312537425
16.18,-0.011148677676566,0.9984533863617066,1.5642644458947257,0.1191386375920835,0.0018398808784399,-0.0058262770469797,0.9928588290219448,0.1124373231588506,-0.0982404031679029,0.0341351325644786,3.434356743758279,-0.3399546234753061,-0.0413407444195486,1831.997342156608,1839.790647038592,1859.667200391193,1792.7557832360658,0.0542814985484667,-0.7804153909055631,11.175922051117444
16.189999999999998,-0.0100770365862475,0.9963798367212188,1.5647193246781712,0.1356889271610892,0.0001756985622857,-0.0063895605956584,0.990730870464468,0.1118264116242725,-0.132205743193555,0.0408031395638519,3.3723358371540817,-0.3340127728895243,-0.0447987569896137,1846.9705299229004,1862.308413877512,1907.4901260548315,1846.677320958696,-0.0310324362868919,-0.93966677659331,11.365751021950324
16.2,-0.0089611159331528,0.9940533501569396,1.5653651815375096,0.1535582564306395,-0.0015886133854291,-0.0069182705168167,0.9881141005585082,0.1108775898972068,-0.1733341611134957,0.0489068704936129,3.2862395970378278,-0.3140507831259096,-0.0466640113105739,1862.7523608725655,1878.6102508981596,1952.3891478837984,1897.0021213592663,0.0431031685367534,-0.8335333185779321,11.997931117479489
16.21,-0.0078530856371902,0.9915501388717264,1.5662043510885078,0.1716776429256008,-0.0033804030994872,-0.0073324932186861,0.9851200913277492,0.1097801701522748,-0.2167386291911447,0.0588366495460613,3.1993056192413296,-0.2730722100380585,-0.049876241787121,1881.2110966041516,1892.9947380684616,1979.6063727702908,1924.295019470832,0.0431031685367534,-0.8335333185779321,11.997931117479489
16.22,-0.0068082906037301,0.988906101850005,1.5672029121574036,0.188778147204826,-0.0050964571732418,-0.0076019787533171,0.9819771113326564,0.1084060450430282,-0.2628320062554138,0.0706286122250066,3.116908331546913,-0.2303354191490206,-0.0564455211834552,1902.2531924309071,1914.392777311252,1985.853635807253,1926.9680909007875,0.0313948030028703,-0.8887151182032973,12.413320472827618
16.23,-0.0058644902237975,0.9860689433381572,1.568287824034977,0.2039539637544303,-0.0066514539206082,-0.0077624898805407,0.9789271078994866,0.1064089894184133,-0.3147708328424721,0.0835934565040465,3.04609836052192,-0.2054900904885597,-0.0646704284162061,1921.5307985858544,1939.9623689222656,1983.570180233538,1922.1191238116824,0.0313948030028703,-0.8887151182032973,12.413320472827618
16.24,-0.0050273388719324,0.9828730186316632,1.5693622305836272,0.2169883113915377,-0.0079930986974233,-0.0078915203534475,0.9761095773524474,0.1037023935292103,-0.3700072160427202,0.0959983454586997,2.9974953835518914,-0.1943971452878999,-0.0708439589844748,1936.4387769438567,1956.8926269910892,1988.833094928944,1928.3384335410065,0.0820065189155366,-0.0054889188855078,12.740700494820718
16.25,-0.004267993489534,0.9790593395149728,1.5703350598852448,0.2283893444084998,-0.0090988029576857,-0.0080632758675064,0.9734939664567404,0.10073233829566,-0.4186399291528146,0.1059690260047698,2.971497681692196,-0.17721210603333,-0.0731072939318329,1948.8381554163243,1958.2189766204613,2005.9958980179624,1949.0286555246207,0.0054312068563586,-0.7116749876523354,12.869984901702184
16.259999999999998,-0.0035348365835377,0.974350461171348,1.5711526458368523,0.2391708378443565,-0.009974484179302,-0.0083137004143766,0.9708906747804334,0.0980475465250302,-0.4550880839042466,0.1132511055962457,2.9478849209351994,-0.1463120576399423,-0.0727715997359347,1960.3368525295712,1952.5129665171223,2024.107129364112,1971.0397824713352,0.1803671845219503,-0.8210172692149271,12.822385599353131
16.27,-0.0027762082359196,0.9685652932290216,1.5718185795771733,0.2504179486749862,-0.0106588121593208,-0.0086333845768091,0.9680406527494148,0.0955003507175897,-0.4915187782909538,0.1196536757710658,2.89022483837279,-0.1161479250536385,-0.0721720276462751,1969.6332062982228,1957.0600021634823,2028.1470911136864,1977.3861846525128,0.1803671845219503,-0.8210172692149271,12.822385599353131
16.28,-0.0019652775976204,0.9617279268648992,1.5723949824006969,0.2627461762887357,-0.0112194129196436,-0.0089841057510463,0.9647579268724572,0.0921334080619858,-0.5527408492837993,0.1270769676561051,2.764674925015706,-0.1039432717619568,-0.0718752621020455,1975.0848522751317,1979.735558748348,2014.802990391342,1963.32364355998,0.1443480757448665,-0.8051048979302555,12.965145608609935
16.29,-0.0011148515159668,0.9541050514215766,1.5729875986162545,0.2759122905009249,-0.0117307789851218,-0.0093229139449391,0.9610660123272026,0.087212231570671,-0.6506351098571834,0.1351707725331512,2.564214365260154,-0.1085430581304672,-0.070199585219213,1975.622234923676,2006.701935397,1996.61769700728,1943.0987990843505,0.0141252679892195,-0.5882032881576684,12.891776711714517
16.3,-0.0002731335227854,0.946124580343582,1.5737209251677662,0.2888795859280862,-0.0122439092884787,-0.0096217199685702,0.9572387863141564,0.0813364529601105,-0.7651770452812063,0.1416686966798394,2.322990253158502,-0.1130063044043467,-0.0654747242213729,1969.06586010867,2012.319587213304,1989.945318905868,1939.3678436140956,0.0284331970124588,-0.317561427957906,12.764895992090224
16.31,0.0004984071640571,0.9381928555283856,1.5747074448765457,0.3003894748612505,-0.0127700730326281,-0.0098781586915309,0.953679983332034,0.0761407484812437,-0.8582671104425665,0.1451492143632392,2.1036598159074367,-0.1041885774766634,-0.0584924605128666,1954.319080420856,1986.2336466037184,1999.530099175728,1960.908431094144,0.1095949825032576,-0.2017864428826401,12.719612020316458
16.32,0.0011530415263923,0.9305023147275604,1.5760137115173278,0.3096915471325117,-0.013288549305759,-0.0101147566831987,0.9506904079611088,0.0726510613956513,-0.9098041471310404,0.1465826279189576,1.9547723979771263,-0.0845740543301883,-0.0520664646625891,1936.4170526591115,1948.738881482496,2013.123975531954,1989.064670489906,0.0906625254946576,-0.4235538966476513,12.48772274592952
16.33,0.0016773303193734,0.9229414928311273,1.577630594957086,0.3169294265032186,-0.0137659078509757,-0.0103640383418903,0.9482925841250828,0.0700952962237782,-0.937544548430092,0.1477164932324164,1.8677435660725457,-0.0655528734119823,-0.0478199536470782,1924.612756594115,1932.2784417512912,2009.5732379525784,1991.573890894285,0.0906625254946576,-0.4235538966476513,12.48772274592952
16.34,0.0020913593525448,0.9151575651683976,1.579461121094137,0.322942326674716,-0.0141696846279337,-0.0106453794206544,0.9462526880154456,0.0666437112664443,-0.9789760861242476,0.1486882726136171,1.7770923444079023,-0.0535906784837638,-0.0439102298421593,1921.9607236266445,1945.5873630617143,1976.639150297616,1955.4062542412144,0.0906625254946576,-0.4235538966476513,12.48772274592952
16.349999999999998,0.0024328477621386,0.9067230997557898,1.581338270494098,0.3286777151947418,-0.0144742271809177,-0.0109485201851765,0.9442677513224912,0.0613596883216335,-1.0550307634446892,0.1479082460526828,1.6108902098549984,-0.0445471819618768,-0.0367650228749784,1919.660270084882,1962.9111184319668,1924.64473670756,1902.2341218438617,0.0864557665660761,0.0167644600856622,12.22499598320611
16.36,0.002735728145032,0.8973012677912902,1.583073458883518,0.3346475307113888,-0.014667850590003,-0.01123556311088,0.9421622187656544,0.0551762611597914,-1.1536726628021587,0.1438640237259451,1.3486216065676877,-0.0296517048761848,-0.0252918091750038,1906.8656798127704,1954.9968532810983,1878.4246300331877,1864.0758980132368,0.1263582393553159,-0.1061945398503976,11.61467860472915
16.37,0.0030152528054686,0.8867270276541422,1.584519712068617,0.3407454764812829,-0.0147639579565898,-0.0114584885043045,0.9399698127302792,0.0498470689906234,-1.2470439763909973,0.1361665436472179,1.0355173765939778,-0.0064458873001523,-0.0126577362250787,1886.0564901410576,1925.7983839006213,1852.9678829612296,1847.4445094083492,0.1493484302438543,-0.1131813406379658,11.40936612816922
16.38,0.0032663310486884,0.8749940726227771,1.585622767499884,0.3464311128665044,-0.0148061224490654,-0.0115782799635591,0.9378870967281636,0.0461189006320819,-1.319978606531953,0.1247952915880408,0.734961847645886,0.0159232282029965,-0.0030839417843713,1872.0065869181249,1906.872528563659,1841.6736198191315,1832.183334930041,0.1331284674681661,0.0037843379312167,11.125868423904535
16.39,0.0034736229963114,0.8621938106563161,1.5864363528774177,0.3510572507649052,-0.0148560732430731,-0.0115753604403688,0.9361645767726198,0.0430720707267397,-1.3804587206841723,0.1094743885008,0.4547008266003012,0.0247129896992744,0.0028929496815661,1870.9104829615085,1913.8679846142213,1829.851392833914,1803.8099995924365,0.056183630364718,0.0897641931674879,10.50939005962782
16.4,0.0036259395678089,0.8484576692790209,1.5870931936057655,0.3541111025430751,-0.0149653522072672,-0.0114519238593334,0.93501348585406,0.0391801451820933,-1.445649710772646,0.0908672624421541,0.1274232286852817,0.0190029899651494,0.0090280607752587,1866.3432408283995,1921.7787145581551,1812.8430941047495,1773.6534964134248,0.056183630364718,0.0897641931674879,10.50939005962782
16.41,0.003726601997046,0.8339221105450138,1.5877439829245374,0.3552873266072028,-0.0151447100909214,-0.0112311154464468,0.9345669667575444,0.0338765377594572,-1.5220411374053124,0.0717959989896375,-0.3110973178546607,0.0142914034421645,0.0191213541839782,1835.3785514904075,1893.6943593387095,1797.0298194076624,1762.300666489316,0.0111890616468759,0.0509396207207908,10.3730678382068
16.419999999999998,0.0037950394627476,0.8187077411994403,1.5884946781878655,0.3544574974242749,-0.0153505395282745,-0.0109530889506945,0.9348819568792358,0.027997749980233,-1.6012598626910783,0.0555856524542376,-0.8222635170654453,0.0277047580925829,0.0330515289181238,1778.2007486747502,1827.3585854114797,1787.0103303376543,1771.080952062352,0.0375028889301645,0.1909456089152605,10.185408823599468
16.43,0.0038601282762368,0.8029056785153484,1.5893768437659983,0.3516395570337811,-0.0155007064454523,-0.0106632624923182,0.9359463899507268,0.0227842326926897,-1.672913653419405,0.0426972601911754,-1.2690553844032706,0.0594872201563487,0.0474478982344891,1722.6834355255523,1761.0228859452804,1776.293262289272,1777.031440884408,0.1499222899172809,0.6967180124523606,9.67207576553298
16.439999999999998,0.0039496340467039,0.7865786071808952,1.5903674790630478,0.3470039012812984,-0.0155140649133604,-0.0103928426367983,0.9376777672032912,0.0187113007192225,-1.736102308490744,0.0299615171057806,-1.537511173699032,0.0923488674308686,0.0592900015238285,1695.991628522616,1733.3477335310045,1752.5328078869936,1756.1514962775163,0.1499222899172809,0.6967180124523606,9.67207576553298
16.45,0.0040812220278859,0.7697774222052254,1.5914421863157584,0.3408677985163185,-0.0153496983446984,-0.0101426629525847,0.9399311980584512,0.0153768898647034,-1.796919682034441,0.0134458679413228,-1.6490301821630384,0.108801618145309,0.0675804924278616,1697.3857626581996,1745.7969074625807,1712.5648059592277,1708.3761725485465,0.111386781708214,0.5789056811674005,9.42678161268589
16.46,0.004258873739341,0.7525529615290316,1.5926224008912435,0.3336172927643442,-0.0150206805568148,-0.0098845453073253,0.9425370957624254,0.0122434871689741,-1.859495666256119,-0.0084484134265811,-1.7460695237246255,0.1066521447090933,0.0719852810948185,1702.621257018901,1765.383727119661,1669.6526695643447,1657.094262036192,0.1289378499542527,0.6365999447249138,8.716882178699297
16.47,0.0044750615379797,0.7349409398171077,1.593980554836349,0.3255625843257459,-0.0145765707964683,-0.0095822357550452,0.9453595654717268,0.0092172846084213,-1.9225901684772555,-0.0340389845362142,-1.9682282746984476,0.0978543359757714,0.071951500338314,1690.1989151997195,1757.910990601874,1641.745638905401,1625.7409663102765,0.1289378499542527,0.6365999447249138,8.716882178699297
16.48,0.0047156585087844,0.7169216352630496,1.5955932565502262,0.3167998420297434,-0.0140710511334952,-0.0092174489872768,0.948343241787537,0.0065572268827683,-1.982306604167606,-0.0591565147535963,-2.3416103311079373,0.0954870126683008,0.0682299253708102,1658.6832575626452,1716.2519014243971,1633.589944324499,1618.8523293592264,0.0972213021524766,0.5381904685175263,8.51917859738277
16.49,0.0049638117542978,0.6983795091909131,1.597465743563274,0.3071547281876134,-0.0135375961818535,-0.0088027871629087,0.9515225784918478,0.0044169651421782,-2.0358002829241566,-0.0795386486338295,-2.780614831118976,0.1037906298188398,0.0640430089290956,1621.363585132866,1660.1047216651234,1634.7440343038056,1624.6644044972652,0.1311120237685714,0.962966276470139,8.20145704150821
16.5,0.0052014919422601,0.6790976281839723,1.5994726675412223,0.2962388192664923,-0.0129862249266827,-0.0083746838099553,0.9549888923923836,0.002596001695317,-2.083458007190538,-0.0944053998647332,-3.179875668824561,0.1187349667481036,0.063168373238291,1590.2366407070413,1612.9545680190402,1634.2404744576852,1629.5574155262657,0.1311120237685714,0.962966276470139,8.20145704150821
16.509999999999998,0.0054105280062928,0.6588117047084838,1.6013563902986527,0.2836010193305472,-0.0124183454554891,-0.0079732591382006,0.9588288031080094,0.0007387066305472,-2.12859324538377,-0.1080605315377428,-3.491053707517616,0.1338213197059861,0.0666198262213089,1567.8144706685464,1582.518726260106,1631.8974241404503,1627.784981760598,0.142060152043197,1.15121825778462,8.086798490889011
16.52,0.0055753668712129,0.6373154972605823,1.60279187304294,0.268915786881255,-0.0118445807066501,-0.0076219185879398,0.9630606999722072,-0.0013301951417874,-2.174933005684494,-0.126762238010096,-3.724047633578975,0.1434291945077244,0.0715809776049806,1552.0160525468036,1563.2600481866048,1634.5459798294355,1622.3366192056756,0.142060152043197,1.15121825778462,8.086798490889011
16.53,0.0056873664114268,0.6145724183599677,1.6034849283806292,0.2521330183722848,-0.0112898230718388,-0.0073178353318612,0.9675990544784258,-0.0035308743141566,-2.224056503446852,-0.1530995713955124,-3.9059489555397455,0.1436481677920956,0.0736288933684145,1543.979472325915,1552.118414712995,1646.376259990067,1620.930463163079,0.1712524507137015,1.2615906916466706,8.211878116544046
16.54,0.005748065732755,0.5907762004440326,1.603249964620861,0.233530297324984,-0.0107808234707519,-0.0070373781270373,0.972264289885057,-0.0056755676371221,-2.274293727010648,-0.183232333216754,-4.053448854718749,0.1343104081745913,0.0701329975464275,1547.326283919518,1554.352102942549,1666.0225901664971,1630.1134986528823,0.1712524507137015,1.2615906916466706,8.211878116544046
16.55,0.0057690090012482,0.5663227963372276,1.6020312673264554,0.2136424027425421,-0.0103258288404946,-0.0067509737740093,0.9768340316360056,-0.0075796714719413,-2.32142791902156,-0.2099703815271732,-4.172760453919944,0.1205224343621077,0.0620946458614269,1560.250025206671,1572.0456969884235,1690.0805641534532,1650.6345989314625,0.1428312360249715,1.0034667061333908,8.368710679895523
16.56,0.005767786040976,0.5416956583010083,1.5998712592749027,0.1930932127396998,-0.0099033681017242,-0.006437669031575,0.9811093164941116,-0.0091158034518286,-2.361637377874125,-0.2295928663387348,-4.269244131011761,0.1090016138764221,0.0530898198174086,1573.9146760737638,1594.0177918939337,1717.1226014063905,1679.0242273947472,0.1713808450492958,1.0927767185089805,8.741519058237817
16.57,0.0057619102972293,0.5173105184593298,1.5968577688971903,0.172418663854103,-0.0094726206069617,-0.0060943752334058,0.9849593557117556,-0.0103080722517824,-2.394986044793622,-0.2462248329184942,-4.34882891892383,0.1019111329657251,0.0461681348141238,1584.9216539022796,1607.5596000885407,1750.9663406748427,1714.9444658761026,0.1296761691025806,1.6496656403697745,9.410453772387934
16.58,0.0057628526331757,0.4933845257738584,1.5930832210420216,0.1519754085569774,-0.0090012614955947,-0.0057397125103976,0.988326620194825,-0.0113608206832726,-2.4251182326546776,-0.2681957757316928,-4.409120610670124,0.0966294972738119,0.0414048157621468,1607.1565777316307,1620.2356939499523,1800.1278434758335,1764.0169616710923,0.1296761691025806,1.6496656403697745,9.410453772387934
16.59,0.0057722146413284,0.469869626672121,1.5886291353587048,0.131922557258928,-0.0084891698316657,-0.005410654411944,0.991208907193972,-0.0124874782218715,-2.454501287524842,-0.2986831475034865,-4.4356091994764135,0.0918143471983918,0.0363877358884997,1660.258299458358,1656.7097764635828,1868.1905194792555,1828.6803052090968,0.1592688891388496,1.3801293615528745,9.982817496199765
16.599999999999998,0.005781239565531,0.4464539350535506,1.5835703084197958,0.1121736627958049,-0.0079661011694161,-0.0051492171314212,0.9936433445507826,-0.0137089830749315,-2.481294192980372,-0.3311904418408223,-4.416616760885878,0.0899657834616822,0.0288674718200438,1741.6337782386354,1726.6564779174164,1944.339811451582,1898.9685780281477,0.170653199197018,1.4341098695951895,10.874046788736637
16.61,0.0057739386809244,0.4226345106983012,1.577990239821417,0.0923217847196121,-0.0074639484278407,-0.0049835251672465,0.9956887776895748,-0.0148947541759655,-2.5023039370537963,-0.3559744796548544,-4.36247827627692,0.0920963800092459,0.0186488542476135,1820.208074637588,1807.5016424956389,2011.8891049877352,1961.3174393473537,0.2155998549419783,2.0993560403140554,12.554357464826545
16.62,0.0057331151199379,0.3978781982930604,1.5720061292165703,0.0717208995659143,-0.0069888554090867,-0.0049148581780008,0.9973881454251484,-0.0159828802613719,-2.517691001510409,-0.3691112101026279,-4.299757807050052,0.0934112114403376,0.0075816167392784,1867.9567516260213,1869.9236913815987,2067.591320297618,2016.2362490170644,0.2155998549419783,2.0993560403140554,12.554357464826545
16.63,0.0056475161750426,0.3718481704942119,1.565797811714281,0.049839507963228,-0.0065182274959572,-0.004918954955725,0.9987238557471418,-0.0170643591419517,-2.530689575690093,-0.3723661928562246,-4.242607946654708,0.0886847692688539,-0.001125729896158,1892.4683490657849,1911.753437525968,2122.404771922545,2075.553154438135,0.2541745029362725,2.2095721939676283,13.433753770179136
16.64,0.005517447270697,0.3445949492417886,1.5596197829820118,0.0266863468403228,-0.0060228295063794,-0.0049591195129287,0.9996134110498476,-0.018241909930527,-2.5429650730333164,-0.3659292708420181,-4.180346890234761,0.0814687533417533,-0.0041526036761605,1927.9599006017816,1954.5244579030343,2180.90159108949,2140.1563287373933,0.2449996270342704,1.7520295551917735,14.293095420397488
16.65,0.005355981943417,0.316592316674234,1.5537751606569812,0.0029440908709813,-0.0054920265836127,-0.0050016413875473,0.999968076268627,-0.0194927923869126,-2.5519048285182806,-0.3459756023493698,-4.103957205470204,0.0830625853405223,-0.0007258409929361,1993.52533601535,2010.8563774270372,2232.581110194204,2194.677301986558,0.2278429038402071,1.9138220629312264,15.302566718649109
16.66,0.0051841737598411,0.2885871604608603,1.5485567145048298,-0.0203312572436205,-0.004943014566149,-0.0050265639777158,0.9997684433109852,-0.0207001600666991,-2.552990346686862,-0.3102581480357561,-4.0376375655788594,0.0984914181932263,0.0052596529298501,2067.4347229149357,2066.8036032892705,2269.488007488236,2229.71527632111,0.1812181023605286,1.902019424438824,15.999097676573337
16.669999999999998,0.005021654887841,0.2613467427088174,1.544186209203868,-0.0422326979204641,-0.0044076427380745,-0.0050274837796568,0.9990854299401516,-0.0217572873306481,-2.544271629189709,-0.262872350680446,-4.021672808669135,0.1156538297197218,0.0069045754721969,2109.229632140348,2099.4623909306893,2298.798093418671,2254.042296778612,0.2302572073247764,1.6911062194856477,16.49326129875447
16.68,0.0048772814719567,0.2354255104585623,1.540781733579171,-0.062410583100133,-0.0039161864318291,-0.0050093598906544,0.9980303046072392,-0.0226166943782131,-2.528200592099878,-0.2114679524080261,-4.055003592087559,0.1145992895844482,-0.0008188775289925,2106.837589876601,2106.2096198239637,2325.641591192013,2274.4825400093177,0.285777865323252,1.7155746032570136,16.80359259171832
16.689999999999998,0.0047453732749762,0.2110306858403703,1.538362193351724,-0.0811873213063325,-0.0034835261940487,-0.0049821531149293,0.9966803208926608,-0.0232963641619897,-2.5088162038662105,-0.1600734606545608,-4.080535173700469,0.0894175846749876,-0.0167203810329324,2091.375054140316,2107.957962123407,2334.453165448543,2277.91583630655,0.3067899643123162,1.8126492020512452,17.027723014079136
16.7,0.0046102270547059,0.1880042408020739,1.5368830061032317,-0.0993732546385309,-0.0031063846628554,-0.0049564737400516,0.9950330346299746,-0.0238755605954356,-2.4865327256656617,-0.1049561778307545,-4.059669334078661,0.055867091079214,-0.0326727892911368,2096.3607539217764,2119.8224648538444,2306.840946094856,2250.275024027308,0.233790026339449,1.9525194749141843,17.232788702928058
16.71,0.0044566850470625,0.1659007323160172,1.5362924917024317,-0.1178918868570881,-0.0027695725380462,-0.0049409285825143,0.9930102817725376,-0.024441128451087,-2.45613130444971,-0.0387770029466578,-4.049929184335848,0.0347440977717379,-0.0383025392025664,2111.6696888066217,2126.5500678180288,2255.506630553317,2206.3425700963458,0.280601443240414,2.2104832518367723,16.355779764948554
16.72,0.0042808859034372,0.1441228203147042,1.5365942099599583,-0.1373634379432077,-0.0024566912157816,-0.0049400640219484,0.990505348977052,-0.0249867169466144,-2.412006133193872,0.0382603837292378,-4.159514388402494,0.0329343491437485,-0.0296818415453231,2096.6659360959598,2099.7531491467944,2220.125789768178,2181.5050212436818,0.280601443240414,2.2104832518367723,16.355779764948554
16.73,0.0040951328634735,0.1220680357384995,1.537891615075596,-0.1578345690646066,-0.0021578160566667,-0.0049519374866184,0.987450794193404,-0.0253814539974404,-2.356254711714405,0.1120607163360551,-4.401075687829058,0.0436979670051944,-0.0145302377101219,2039.7131635389628,2040.6674561238144,2222.6468705441584,2190.8776650788222,0.3109050117584195,1.4333220731441454,15.894398580770565
16.74,0.0039241666575197,0.0992531692401699,1.540384910947937,-0.1788159030770981,-0.0018689308933899,-0.0049659476451108,0.9838682428394686,-0.0254926565242901,-2.298573783261645,0.1659640635790074,-4.6224937715681085,0.0577744180183937,-0.0066091035038795,1984.058709929468,1992.4587782286965,2238.8043873541637,2208.417159797935,0.2598028998788609,1.564822566536436,15.591404267883409
16.75,0.0037949578746787,0.0754256204319188,1.5443016970561152,-0.1996180306415481,-0.0015869676614373,-0.00496341851542,0.9798599327725735,-0.0253484499261615,-2.244747404898792,0.2019342201634657,-4.630778143007404,0.066463240507198,-0.0131406212531859,1980.1450950694416,1997.9963777193173,2222.399697078086,2192.086927660826,0.1932700792820041,1.8207913395490236,15.523218196958307
16.759999999999998,0.0037252440660037,0.0507039915653643,1.5497847430698253,-0.219763184177626,-0.0013092878896733,-0.0049238854438456,0.975539944849758,-0.0251268801313682,-2.1872719409022547,0.2443982653648913,-4.403750631020147,0.0602724510581067,-0.0278343326634695,2021.7963473781952,2047.8856284790295,2153.897329908385,2125.788627527496,0.2377181188039557,2.1409302084237227,15.056700378062622
16.77,0.0037156838672984,0.0257522747509177,1.5568125237532386,-0.2392202695659978,-0.0010386577120066,-0.0048378071502602,0.9709527174074468,-0.024959183283535,-2.113615177554576,0.3163357381601516,-4.165853616740871,0.0381139481082848,-0.0364581841588654,2047.520199730204,2081.1337175364124,2059.8285624598498,2034.728343888434,0.2377181188039557,2.1409302084237227,15.056700378062622
16.78,0.0037478974327748,0.0018933962173745,1.5652334897746656,-0.2583992670704348,-0.0007840467088582,-0.0047217253510156,0.966026350239956,-0.0248019601900943,-2.025607257600512,0.4141949989461818,-4.221744800760977,0.0184682070770419,-0.0294872677988522,2007.0531507796625,2042.425734574108,1983.649358772181,1960.9779995815045,0.2064403099001368,1.006597617150338,14.51660617884551
16.79,0.0037882151779119,-0.0189930347559266,1.5749122162032911,-0.2780117088956917,-0.0005501034903663,-0.0046270298202329,0.960566383805976,-0.0245449747940064,-1.9433495096140156,0.5113686456705344,-4.676982411826225,0.0275380194178948,-0.0105206214963566,1914.188614853356,1936.519405583984,1941.1817227157185,1923.843086805568,0.1351393950527301,0.8553898083035234,13.108167101309595
16.8,0.0037957353704742,-0.0348818313102407,1.585859709327169,-0.2988731531358355,-0.000322905237449,-0.0046323041241243,0.9542815495572324,-0.0241699782875643,-1.8807087697487608,0.582143816125731,-5.3083832621182605,0.0680298990931358,0.0067531859317796,1826.2792123345685,1822.5132158131428,1912.9804167499103,1906.2338415461656,0.1868588075658195,1.126625770237368,12.35072535910228
16.81,0.0037327919470717,-0.0442512687700097,1.5981657983693258,-0.3216146207484838,-6.814533146296075e-05,-0.0048150282300982,0.9468584089398826,-0.023723171768094,-1.817865476885736,0.6153242962366899,-5.730749657215848,0.1074753675410581,0.0100909210061599,1778.070706830874,1753.417343610938,1882.283357279507,1882.7912935092943,0.2332138345375825,2.043086665478911,11.407101642434093
16.82,0.0035753887626729,-0.0467351563750367,1.611641678028464,-0.3463250687029604,0.0002516080237676,-0.0052111767768363,0.9381000624229232,-0.0231961805289388,-1.7103582387695218,0.6096358862070361,-5.716905996838978,0.1079263670132982,-0.0020911753679318,1748.6175849341423,1726.5199089029736,1863.84270358286,1854.303554516196,0.2332138345375825,2.043086665478911,11.407101642434093
16.83,0.0033205099172921,-0.0434727068537222,1.6252743219386674,-0.3723456421325048,0.0006515798801492,-0.0057847902842339,0.9280758775175444,-0.0225526067298421,-1.5349108437503125,0.5699280618894933,-5.362282896956602,0.0664326302012493,-0.0214771742626823,1697.3489674446903,1699.4465050490355,1880.046920220807,1843.4282259440663,0.2051801756763758,1.3540952722177044,10.897390548446316
16.84,0.0029872853204051,-0.0369261261340442,1.6367825685171111,-0.3984702828134597,0.0011094304376605,-0.0064313380439748,0.9171580238811792,-0.0218642677349612,-1.321737466686161,0.5134715940449965,-4.948468304589172,0.0193946198876073,-0.0374551718543836,1619.1660951879408,1646.8690037791607,1921.3795820423788,1860.694766587152,0.1629595700524148,1.6489342052127594,10.581990437602355
16.849999999999998,0.0026107497989402,-0.030164184686777,1.6426461549846123,-0.4235099362526026,0.001569706188645,-0.0070195182900604,0.9058629014816608,-0.0213136779527236,-1.1318393178492645,0.4705021832026157,-4.666275194178647,0.0057964639474365,-0.043397962496113,1548.7850779208154,1584.9186343604567,1952.376618506058,1889.1205401262816,0.1629595700524148,1.6489342052127594,10.581990437602355
16.86,0.0022301806790627,-0.0258981190702107,1.638883225854316,-0.4468255128237523,0.001965448273984,-0.0074470794968683,0.8945879716997319,-0.0209974256139683,-1.0029185725171772,0.4623326193586931,-4.455494258593156,0.0300757252778959,-0.0382085753391422,1517.934968719606,1543.4436244114722,1952.6899364497613,1904.472989169465,0.1175514794378862,1.2331395409019563,10.609461494272278
16.87,0.0018768627189824,-0.0257029562524427,1.6225512496851708,-0.4684102087042934,0.0022466277274069,-0.0076749032255734,0.8834749147009965,-0.0207502647846537,-0.9238144372299776,0.4680223197531215,-4.0638170206237705,0.061828556280083,-0.0252035394966936,1526.428553487419,1534.848221048622,1935.033321624048,1900.910204006236,0.1477486006015212,1.2021839254320987,10.20429058761818
16.88,0.0015664318448213,-0.0297345559286879,1.5935090347686942,-0.4884199038822733,0.0024019458006316,-0.0077224043238097,0.8725712536059512,-0.0202347145427147,-0.8599162742255193,0.4188471799442924,-3.264256695339873,0.0680542174051778,-0.0101920855863699,1552.6665942584718,1552.092849173568,1925.7874523072287,1894.2688977452297,0.1477486006015212,1.2021839254320987,10.20429058761818
16.89,0.0012981999221099,-0.0369682435582225,1.5556040834596678,-0.5064574986017898,0.0024620365704591,-0.0076370072968392,0.8622275897960421,-0.0192633086688495,-0.7936159533922842,0.2507409178489568,-2.0842211770825223,0.0435853694806538,0.0015035333435946,1575.7305926929942,1579.453520439287,1941.8563768083095,1906.077774897009,0.132842444384163,1.3728539410257845,11.08358235579454
16.9,0.0010600097723206,-0.0457588200125595,1.5164132795606768,-0.5211640286751186,0.0024810493717104,-0.0074641416498983,0.8534202869621542,-0.018022168674511,-0.7321295990452394,-0.0167090895515689,-0.8334201345495409,0.0123627292030728,0.0082776550104676,1588.4172025137846,1602.8888698616256,1981.313485265458,1943.063963596594,0.1894531460171304,1.1910551559249822,10.691790305515198
16.91,0.0008351219585935,-0.0544545549286185,1.485172582758652,-0.5305339845011522,0.0025063943655331,-0.0072350294559641,0.8476290837538474,-0.0169258481893524,-0.6783828471230087,-0.2635610075171282,0.1727129354318677,0.0013378267431399,0.0128423404841577,1603.6581558674643,1624.957696241414,2022.855758197354,1986.116124233518,0.1940316384570507,-0.0300243818675509,11.016217232601726
16.919999999999998,0.0006083491438664,-0.061849180279542,1.4695179815789252,-0.5328511711538394,0.0025538261895936,-0.0069705613542712,0.8461764110669722,-0.0162492005390715,-0.6085195761594766,-0.3600405193476084,0.9372980645766584,0.0125849133043505,0.0191890247061315,1647.467883790085,1669.401599402576,2038.240152045094,2002.9422251377096,0.1940316384570507,-0.0300243818675509,11.016217232601726
16.93,0.000370257818585,-0.067363559465564,1.472575458528706,-0.5276552658788902,0.0026025937353164,-0.0066880451769202,0.8494282882903289,-0.0159346784804152,-0.4914125065747834,-0.2810456423457353,1.7448814709494886,0.0210888734373734,0.0290598219088565,1731.9857993026833,1754.799875709747,2014.8602511636968,1978.2793097215197,0.2045726306870915,0.1334554639616323,12.36977843835582
16.939999999999998,0.0001189534619623,-0.0709707491160517,1.4919637233101009,-0.5161207399009116,0.0026158190626867,-0.006401477693669,0.8564879219335811,-0.0157281086475081,-0.3286063850956895,-0.1191962131203155,2.7715950156989257,0.0025985255017849,0.0412857278324894,1833.319027495267,1861.4164140917044,1963.165467411388,1927.241587141724,0.163982098199052,-0.4131404844008033,12.141444512401293
16.95,-0.0001407032588882,-0.07296978595373,1.521183469448993,-0.5006047377022361,0.0025776813330148,-0.0061182083501035,0.865650518209055,-0.0154056818567696,-0.1633092269048761,0.0083080732139914,3.824341716724126,-0.0364866976734148,0.0534471071441808,1902.878103629205,1936.132330371932,1901.082508157856,1874.083585070228,0.0808331273651783,-1.0012015271398305,12.173407884552022
16.96,-0.0003997360216514,-0.0737386623749834,1.552488679308545,-0.4836021288108797,0.0025246887741334,-0.0058405028294988,0.8752648144892364,-0.0148418310446864,-0.043169068032774,0.0481210618424896,4.521702845148769,-0.0616511146340559,0.0632945084925031,1901.784508812641,1933.72378416844,1839.6833524668243,1825.7758212161052,0.107769922481834,-0.6590833043875177,12.142443462408458
16.97,-0.0006482797544424,-0.0735605828709073,1.5797057576447724,-0.4667094935541916,0.0025443483420959,-0.0055728380441129,0.884389460811264,-0.0139827286338714,0.0243601574724686,0.0217408487281032,4.662828306596797,-0.0442480121986055,0.0689887202368436,1826.6352322418013,1851.202766899069,1783.83023622237,1774.5591265598846,0.107769922481834,-0.6590833043875177,12.142443462408458
16.98,-0.0008786492305906,-0.0725581456365321,1.5998052787862536,-0.450212855954915,0.0027326588074717,-0.0053252053771247,0.8929012034354373,-0.012916140292959,0.0766264717254331,-0.0158890883521839,4.364087778977792,0.0107164922534335,0.0689745319338157,1710.9474309418017,1727.668108056484,1736.7363654573703,1719.7130675028698,0.1088339183806872,-1.2115062333705424,10.013140774043588
16.99,-0.001087967712866,-0.0707215273736061,1.612867994949886,-0.4334611343918119,0.0031335097154413,-0.0051049503891338,0.9011523542499078,-0.0119744426716792,0.1563020887475819,-0.0213209682323319,3.908724376317706,0.0708325104512908,0.0626347156236612,1602.068824262405,1614.553840247539,1699.1307526598484,1673.2859957916717,0.1088339183806872,-1.2115062333705424,10.013140774043588
17.0,-0.0012795348114576,-0.0679901939194655,1.6208924580328916,-0.4155951376524159,0.0037009244730869,-0.0049042442133282,0.9095289622141836,-0.0116159957308144,0.27072533368451,0.012134418596148,3.5591498984354466,0.1046245956386347,0.0519384386767712,1523.6530889527533,1536.116412974268,1664.793298735271,1641.552819107561,0.1403356872389301,-0.7927220840801228,8.39157276965402
17.009999999999998,-0.001461834488667,-0.0643419891601988,1.6262964966679485,-0.3960315647509022,0.0043119061238259,-0.0046992160103845,0.9182147486048234,-0.0120652468431584,0.391708359171241,0.0573527938740835,3.490048416754938,0.1020126329845123,0.0420639313515959,1454.9170299844418,1470.3805642337609,1620.3774064262166,1611.5854595455726,0.1191960881618085,-0.1292859441385703,8.428266333791019
17.02,-0.0016453769281387,-0.0598545568556619,1.6308360368768824,-0.3744956160502662,0.0048232620337446,-0.0044673879167763,0.9272053775446336,-0.0130465986604864,0.4894033792946082,0.0796034073625007,3.7865853644191976,0.0734364953188265,0.0386305752486285,1357.732509770819,1376.7871581797872,1556.8832276421351,1565.0439853569546,0.1191960881618085,-0.1292859441385703,8.428266333791019
17.03,-0.0018391914042858,-0.0547224406811537,1.6352158636973104,-0.350875085235268,0.0051369442789453,-0.0042107645496878,0.9363987162670212,-0.0139152573755782,0.5577998369282944,0.0628161260616859,4.424050190582756,0.0367970101080875,0.0433156431893194,1230.1094478111625,1250.5451583047443,1480.9159683600342,1498.3597530683628,0.1161232381750626,-0.7615401765286314,6.483090084920037
17.04,-0.0020485551459341,-0.0492286501484013,1.6392642575672258,-0.3252152942380492,0.0052368896095148,-0.0039625070537206,0.9456171984046852,-0.0140976054407104,0.6086581595259716,0.0149994773554198,5.254094172769237,0.0065027918256975,0.0527439514810667,1121.8922821529177,1141.0750141628205,1403.5458853957914,1418.133904711236,0.1129376778571322,-0.462216299247089,5.823659834651279
17.05,-0.0022736903627386,-0.0436810025536501,1.642373477570732,-0.2978563199523574,0.0051839888294006,-0.0037663684233333,0.9545892066188236,-0.0134753142042411,0.6521381216407626,-0.0453740095047899,6.060790070022378,-0.0104830758783088,0.0619070500840581,1092.4096417426435,1110.2289639111327,1320.4150714603534,1324.7034675530383,0.1135161817523111,-0.1552751242473524,5.83989866422101
17.06,-0.0025082930069986,-0.0383336506678765,1.6439313041885155,-0.2694963035802994,0.0050816358029713,-0.0036414591786811,0.9629811312321604,-0.0124386822104723,0.6893024942481769,-0.1048150437165683,6.662041245807719,-0.0144810638729561,0.0679180237488974,1161.5262181565568,1180.133777306928,1223.004186563673,1219.8781353785414,0.1014618461120447,-0.726033746295083,4.871856940543746
17.07,-0.0027382700606064,-0.0333183627686971,1.643582871261171,-0.2410468509025142,0.0050336697559606,-0.0035597304638644,0.9704938980528388,-0.0116050615691,0.7175460721935124,-0.1597350041246861,6.961962094389232,-0.0110786311975347,0.0702131861794834,1299.8130663205725,1320.9832574322284,1133.9583550752332,1131.0927404594438,0.0868764234888424,-0.9008240060878954,4.851823130865092
17.08,-0.0029430077524646,-0.0286050558808652,1.6412907325103143,-0.2133390357792919,0.005110728863336,-0.0034562444009471,0.9769587456171772,-0.0114059796389205,0.7364365930875791,-0.2120956649557071,6.923294604632108,-0.0071170788747438,0.0681615438263541,1451.0523907594202,1474.1295329107722,1110.724436944788,1109.1899895835895,0.1361793924896708,-1.0454387361450062,5.085397447410447
17.09,-0.0031009624002005,-0.0240032126843955,1.637253820877454,-0.186848464368134,0.0053320074319056,-0.0032689740858521,0.9823688385064148,-0.0118303254822742,0.7484261605204288,-0.2639456011048879,6.53589738693844,-0.0058910716611074,0.0600098992594813,1564.836846765186,1585.9289833751643,1198.6093966096178,1190.72738699212,0.068472836806899,-1.72870629014753,6.1146608318960745
17.099999999999998,-0.0031982760361149,-0.0192095310433324,1.631779213476286,-0.1615991379857424,0.0056647219604724,-0.002983554572448,0.9868357147618284,-0.0124992441117442,0.7570119875804765,-0.3156601211035433,5.849467554580762,-0.005096447031601,0.0449351087582223,1626.057322390977,1639.007221542157,1381.5996678312338,1362.0640528154277,0.068472836806899,-1.72870629014753,6.1146608318960745
17.11,-0.0032363880413795,-0.0138970719678579,1.6251829513954033,-0.1372996712139985,0.0060412661535137,-0.0026534642652974,0.9905075782219858,-0.0129515647944878,0.7652716466593021,-0.3667931736401977,5.02226318185811,2.3015557366223944e-05,0.0255089325363944,1663.8177404538742,1664.039878226128,1585.610121316896,1562.075217989545,0.1681413217122873,-1.3680234008145151,8.568625493441568
17.12,-0.0032346578758868,-0.0078243665193382,1.6177532794739995,-0.1136275463766021,0.006388182852178,-0.0023807479711319,0.99350002710789,-0.0128642583602438,0.7753028486765903,-0.4164035713881842,4.281301631393297,0.0102319767342664,0.0070071627485439,1726.2810244644195,1715.1607125722308,1735.9781370824846,1724.35500203765,0.1681413217122873,-1.3680234008145151,8.568625493441568
17.13,-0.0032263488084076,-0.0009273173050394,1.6097653990306815,-0.0905012593137098,0.00665279458385,-0.0022672161938059,0.9958715389635292,-0.0121205999899438,0.7877925946495921,-0.4614594739051066,3.788543997784097,0.0183804496897335,-0.0060081096195014,1837.4358426891768,1822.657954573052,1815.4938740334492,1822.640624824535,0.1516010489248646,-1.2253082595954037,10.030112907990226
17.14,-0.0032489671281374,0.0066459769724447,1.601508117378723,-0.068192147589738,0.0068126863237587,-0.0023638728160715,0.9976461448917964,-0.0108281724401327,0.8013619468325692,-0.495571107664621,3.535110659984745,0.0134398974530578,-0.0123238075825106,1974.6525250708828,1966.1172423184316,1866.051667742014,1879.4590157746293,0.2436739772927336,-0.9142509056418866,11.6346762400345
17.15,-0.0033318080295287,0.014579108322793,1.5932830182936404,-0.0472104918558069,0.0068655476475024,-0.0026458812316562,0.9988578642763648,-0.0092892357963687,0.8127418977988734,-0.511744500347156,3.373461396296216,-0.0084846150638648,-0.0140186146813811,2089.754774323297,2095.440578604322,1935.980808884093,1935.4241402479877,0.2533884771572487,-1.242254637340789,12.7111489029021
17.16,-0.0034846471354068,0.0224953415165825,1.5853671531288984,-0.0280409759110809,0.0068124345746085,-0.0030247484992218,0.9995789840235924,-0.0078126221792977,0.8186596528870501,-0.5077668492415356,3.162020387105985,-0.0359765004373875,-0.0145304432404392,2153.866101991878,2176.979632198231,2031.07319992566,2011.69998267082,0.188805637558628,-1.318115524286939,13.895165243060616
17.169999999999998,-0.0036918166709352,0.0300815932827259,1.5779661161655831,-0.0109103493513453,0.0066516989983734,-0.0033890139456282,0.999912613062733,-0.0064365485772108,0.817976977502102,-0.4874275170583568,2.883887221014991,-0.0484212705238375,-0.0163184161699041,2181.2159512484536,2216.4094700789155,2116.8987746628563,2096.669910129489,0.2083492496231851,-1.253259227442183,15.025263276066498
17.18,-0.0039148052518309,0.0371749794481559,1.571192509443581,0.0042696459561904,0.006390280994727,-0.0036501980455886,0.9999638045881688,-0.0048742856606914,0.8117037895578072,-0.4553341586244842,2.6269136968150297,-0.0356958297916773,-0.0194993982103183,2207.524855150673,2240.6871192766903,2162.407262216073,2163.2441720988654,0.1740020442527771,-1.0243346912142894,15.966597802445918
17.189999999999998,-0.0041035332910197,0.043784161856799,1.5650817233249017,0.0177929347402045,0.0060615003276802,-0.0037703154228766,0.999816210315036,-0.0028404868109006,0.8010604832126161,-0.4123229956558021,2.462646596446272,-0.0124053265667812,-0.0224518148022666,2247.154335262581,2266.916096613774,2173.541638238215,2197.018061517845,0.1490619277008358,-1.0279675203733798,16.700753084662608
17.2,-0.0042125539099033,0.0500516763633988,1.5596307382789505,0.0299935954627136,0.0057288861642508,-0.0037616122628477,0.9995265951277736,-0.0004265581424046,0.7863220582598016,-0.3578290681918894,2.370919107366726,-0.0058016950194333,-0.0237987919562215,2278.306869444736,2290.419588925176,2179.769371935611,2205.5436978258226,0.2352190300249609,-1.125563757499946,17.08324102481191
17.21,-0.0042159929266231,0.0561830227093221,1.5548375116799755,0.0411547092413378,0.0054678393466969,-0.0036698654605635,0.9991310848570576,0.0019459091733185,0.7679046819026389,-0.2953891531431841,2.2858417174432604,-0.0249232361642467,-0.0239044967922056,2272.833550460365,2295.10745345124,2192.4778571404804,2201.35757298318,0.2186571005281274,-1.1066741632528625,17.144808181046447
17.22,-0.0041156208583581,0.0623695235153008,1.5507236145870145,0.0515289682440069,0.0053282392288898,-0.0035540434471901,0.998650962085154,0.0039506010057321,0.7477323363949266,-0.2326535116836622,2.1825341072028066,-0.0482324272379555,-0.0245663422195705,2231.5744853685983,2270.7013513405814,2190.2763036477554,2185.276190546836,0.1906750585480369,-0.9394004683842916,17.085984623607356
17.23,-0.0039392619645127,0.0687239865341424,1.5473310682018155,0.0614140406685814,0.0053033952893221,-0.0034729483123387,0.9980922443527868,0.0056541604913175,0.7281225604902914,-0.1746674118065518,2.0911789549091657,-0.050189761369141,-0.0272390961864329,2180.336186333913,2223.114890294745,2151.60553126969,2153.2376128097694,0.1532089263369197,-0.8585641188156901,16.771228518950927
17.24,-0.0037301765466638,0.075240977631216,1.5446964583027276,0.0711719335555551,0.0053247703519739,-0.0034768887989794,0.997443789864342,0.0073880226329017,0.7086941215354801,-0.118714489011461,2.041165639514029,-0.0355883258720672,-0.0315526453355635,2135.5371405366395,2169.7655906300524,2088.1864773909674,2110.904436494643,0.2467806612355616,-1.1550313013142284,15.467939774718696
17.25,-0.0035313359658133,0.0817915498061726,1.5428193726382629,0.0811300038488605,0.0052877244788426,-0.0035980956846135,0.9966830068546187,0.0093709504539761,0.6852486822394273,-0.0582515733411706,2.025714692143556,-0.0358056323052487,-0.0355702610083447,2088.1515203389763,2123.1653831811864,2030.32742423144,2068.296631146264,0.2467806612355616,-1.1550313013142284,15.467939774718696
17.259999999999998,-0.0033708650924711,0.0881608123859022,1.5416454428156043,0.0914253176897363,0.0050975223256507,-0.0038378461327784,0.9957914929785912,0.0114313868415042,0.6532458841765588,0.0075440353120291,2.025849930211624,-0.0690439274273423,-0.0372605468699119,2025.0650896745176,2081.1777215509487,1986.3328394611156,2023.0075468025684,0.2636935609376533,-0.7335711302084338,14.541793503517532
17.27,-0.0032547336871593,0.0941239628255444,1.541071713241712,0.1019335321208251,0.0047147851691355,-0.0041575544652121,0.9947713508998188,0.0130870637387676,0.6129839535132972,0.0700839782103398,2.0399283787118643,-0.1135086930524034,-0.0357889615463188,1953.0728883415768,2035.0023727355983,1935.2993835014315,1962.325114183612,0.1423139406741267,-0.6533718580400709,13.63675962586094
17.28,-0.0031693338628147,0.0995312363396924,1.5409665283777816,0.1123610068053785,0.0041777765809916,-0.004485916595641,0.9936485429390102,0.0139851937994052,0.5706298108395222,0.1184345182778127,2.0675978419895817,-0.1269345818977108,-0.0321499724314016,1891.6854902380296,1981.697576765145,1860.823350223004,1884.2683593537845,0.092184138433933,-0.6552170832657773,12.785789250355958
17.29,-0.0030916909671339,0.1043567794129452,1.5411914121573664,0.1224296010732723,0.003587907612648,-0.0047466962777988,0.9924593636892388,0.0143138569388417,0.5330862526430241,0.1486698332861674,2.0751432227185997,-0.09051461201554,-0.0289404418449168,1849.7746424647248,1925.4632071555725,1776.5788331268868,1806.586958898788,0.072757340902217,-0.7291569498271322,11.874480067268784
17.3,-0.0030015740544228,0.1086833709126585,1.5416179027774768,0.1320026258969714,0.0030633606533711,-0.0048954765309564,0.9912325443039824,0.014683455895264,0.5014671121998517,0.1650869774169756,2.0022767437258318,-0.0291075498644997,-0.0288271638412751,1819.7183050758492,1871.3637489479056,1712.0457724780565,1749.7312977205384,0.1647194575725804,-0.8842405767850576,10.543694391377429
17.31,-0.0028893123105913,0.1126353736814637,1.542138986692405,0.1410623380389826,0.0026841970866519,-0.0049434891558123,0.989984734118634,0.0155058638459692,0.470190608347642,0.1737604648727377,1.8162595373886783,0.0110385916301265,-0.0325018915476644,1791.0195597009097,1823.3150564910104,1680.6276970308616,1716.1948952520402,0.1647194575725804,-0.8842405767850576,10.543694391377429
17.32,-0.0027557295208627,0.1163036447951002,1.542676955752157,0.1495841218779422,0.0024583491053626,-0.0049529026623212,0.9887335413330016,0.0165524396450275,0.4331414441160017,0.1770751251655282,1.5534265282959612,0.0013768147508623,-0.0381629353760816,1761.2070873894452,1787.62317554802,1668.811099337187,1692.0829643125317,0.1506115936517195,-0.5141164486987941,10.222338569091471
17.33,-0.0026052468004852,0.1197058302486348,1.543187740331037,0.1574338083932613,0.0023261962141507,-0.0050051494689424,0.987514118007819,0.0172387091441038,0.3904556897689861,0.1745587747561965,1.2948461524699288,-0.0493375821821938,-0.0430301896973782,1733.9602312115337,1772.4985491424236,1654.4055055603958,1666.100971623219,0.1767254985568509,-0.4518005996082861,9.828671263830804
17.34,-0.0024375357814439,0.1227976015628597,1.5436598087564342,0.1643750395187242,0.0021984915922652,-0.0051589584987828,0.9863819737632802,0.0172967022117161,0.3486357501601251,0.1669136546114866,1.0955890988445,-0.1064567124454023,-0.0449086452004155,1712.681411599595,1778.43654312819,1629.796169371556,1640.8672546167495,0.1152904147849998,-0.3913862397189973,9.50346112570138
17.349999999999998,-0.0022440957030502,0.1255177527326697,1.544106755547352,0.1701651424760948,0.0020031367098567,-0.005420209211689,0.985398616328191,0.0170216000459412,0.3140241011991777,0.1570998939911653,0.9388728027488876,-0.1360835058998172,-0.0424207949458426,1698.2488167971387,1790.92600563435,1606.2001560667532,1626.0822446814195,0.0936220671406392,-0.4552259606464282,9.395892652079304
17.36,-0.0020126183463048,0.1278346522645621,1.5445558051628272,0.1746529313444796,0.001713894571301,-0.0057400245230732,0.9846118363378806,0.0168860565579455,0.2864028357917338,0.1474215778110569,0.7576137983617705,-0.12499638768711,-0.0351705252720486,1690.0849250900744,1789.678329042384,1598.3857191329855,1626.396898808464,0.1046492476914369,-0.4362050503388417,9.252185956038526
17.37,-0.0017363700731429,0.1297680541908606,1.5450351856727025,0.1778149605026991,0.0013497675613709,-0.006041944105773,0.9840444669121292,0.0170900047780642,0.2589233008010503,0.1371808828459396,0.4981205814898554,-0.0842986020995039,-0.0249335206367229,1685.9853692603986,1767.3746731025567,1608.349165805855,1637.7381087345625,0.1046492476914369,-0.4362050503388417,9.252185956038526
17.38,-0.0014221400511409,0.1313784731432203,1.54556091528937,0.1797283136962606,0.0009543115307018,-0.0062611455556374,0.9836958984369774,0.0175045162232445,0.2243781191322768,0.1241348601616054,0.1688613787360205,-0.0406641571511139,-0.0160716367117551,1681.929739632506,1736.7815488619317,1624.7665767652957,1651.7426143571242,0.125574995001797,-0.180278590861465,9.199436210247196
17.39,-0.0010910794635119,0.1327345011729418,1.5461235945085128,0.1805153824327516,0.0005724211404198,-0.0063719282519185,0.983551354820656,0.0178798810340997,0.1820697577418334,0.1077602010944885,-0.1620245429171483,-0.0218163590393196,-0.0129540105762137,1675.5855422660345,1718.9375297890529,1636.5736195363638,1661.3574898612972,0.125574995001797,-0.180278590861465,9.199436210247196
17.4,-0.0007712969831831,0.1338787505103255,1.5466805758025706,0.1802918175449649,0.0002345839857481,-0.0063901643548539,0.9835923806619308,0.0180350328196771,0.1389016428796424,0.0904949674748108,-0.4156145659803916,-0.0407192323091489,-0.015833769317286,1669.793872016559,1724.8794158980277,1643.4095586165272,1664.1359274917563,0.1480432861432332,-0.1358428326443221,9.3126688068645
17.41,-0.0004862272698276,0.1348111614444253,1.5471613467350078,0.1791285041729126,-5.0871259691521645e-05,-0.006355319056951,0.983805156687326,0.0179601348036578,0.1030845083112145,0.0756655361224729,-0.5615280052867878,-0.0854581956883272,-0.0197167101804376,1669.5937843552213,1746.7141183438036,1651.404873202007,1663.224698549157,0.1377254301872955,-0.1238587617239845,9.365139019209694
17.419999999999998,-0.0002451677234221,0.1354960536500197,1.547487911217138,0.1770341295417456,-0.0002975105533694,-0.0063071424628669,0.9841844585334704,0.0178177723373643,0.0758502542918708,0.0641976234487581,-0.6426300021359429,-0.1242632953977126,-0.0186009085587142,1676.2269880738118,1764.815516241263,1662.7414846688505,1666.1265171720495,0.1180054163153254,-0.052261012981011,9.444411514982946
17.43,-4.060488219092922e-05,0.1358852552087661,1.547601968343917,0.1739730496244576,-0.0005308876495407,-0.0062704187076646,0.9847303072475732,0.0177958007803982,0.0499911356105817,0.053683406691138,-0.7393122734982563,-0.1270552314668307,-0.0114086080470794,1686.538272437261,1765.3019289582248,1673.974073341149,1680.3424056834886,0.1180054163153254,-0.052261012981011,9.444411514982946
17.439999999999998,0.0001474677057299,0.1359429940705164,1.5474861232804538,0.1699220600214526,-0.0007732371766601,-0.0062526450135438,0.9854373648551537,0.0179231235803904,0.0178411465134781,0.0412081612442256,-0.8976873630230169,-0.0893535285092674,-0.0030055147832726,1696.8271873813285,1751.8308991554177,1683.2770218248002,1706.1820545857786,0.0740790713840138,0.0099449593089553,9.62668357873402
17.45,0.0003437310986012,0.1356612066717742,1.5471701819409502,0.1649368376426158,-0.0010340652782139,-0.0062513042902049,0.9862837783782744,0.0180640234689242,-0.020262943789335,0.0268757188986513,-1.0897716183760298,-0.0374863966414536,0.0012338859991905,1704.726493916672,1739.7203379550824,1694.2282144807043,1732.7683671944924,0.1390168619537458,-0.0010695585480076,9.72071014402945
17.46,0.0005701420889479,0.1350617066733833,1.5467214267619032,0.1591858224194693,-0.0013133384687157,-0.0062632992028982,0.987227896772472,0.01809286970875,-0.0575253630937668,0.0137841067345966,-1.248199560272711,-0.0073928643030553,0.0010150847334514,1709.3870479963416,1739.6214161784324,1710.7396063928186,1745.6500934858195,0.1837595088479482,0.0306822436418254,9.958621267973449
17.47,0.0008407191382353,0.1341878438827621,1.5462243330763628,0.1529373690296519,-0.0016100148598152,-0.0062896522693347,0.9882145562987676,0.0180305714834965,-0.0896877376357555,0.004637576555224,-1.3357829724762045,-0.014360268861893,0.000247952410059,1712.4833620225322,1749.6778017128522,1731.2191175281048,1742.1197211798524,0.1525466230849006,0.2151250867708034,10.165800907991816
17.48,0.0011585232809179,0.1330897546526443,1.5457578814360473,0.1465139153892178,-0.0019226447161585,-0.0063324351243174,0.9891864719556231,0.0180081108509982,-0.119028236457281,-0.0006802212241407,-1.373095230287131,-0.0418428866747295,0.0014100467625104,1717.2254096467907,1762.3677126627042,1750.1186678647286,1736.1797168521714,0.1525466230849006,0.2151250867708034,10.165800907991816
17.49,0.0015150311679703,0.1318058310719769,1.545377401171658,0.1402156019318684,-0.0022398527225634,-0.0063860423563304,0.9900978671311682,0.0181127394992321,-0.1488220811225142,-0.004054345303046,-1.404013879163438,-0.0594317541944029,0.002941294331978,1724.4504511877485,1773.6433816103952,1763.685337202711,1744.3413125086086,0.1035531346542021,0.1046875777467435,10.29917642801932
17.5,0.0018926243561614,0.1303432699651484,1.5451044647381118,0.1342033019180795,-0.0025337653796892,-0.0064291316909424,0.9909297250829576,0.0182569082159573,-0.1775190581030539,-0.0066697355023781,-1.4502523065561832,-0.0513745859609173,0.0028500124720282,1731.1121625882902,1783.518926152008,1772.0226948539023,1767.686234692614,0.1088444170222062,0.0595707508303404,10.370858749140718
17.509999999999998,0.0022698308224273,0.1286648465297633,1.5449252749528275,0.128376696777755,-0.0027694172435806,-0.006424686999691,0.9917008003674896,0.0182160648094557,-0.2011794467305598,-0.0081955718099814,-1.5030859588131535,-0.0281523600473151,0.0026722087732729,1733.7032644065566,1791.617675161563,1776.9209387345322,1791.0879042946492,0.0726113730298592,0.3061108041776954,10.488757728166496
17.52,0.0026269462847529,0.1266929730319474,1.5447966748590451,0.1223487987637303,-0.0029267996624228,-0.0063323292186531,0.9924626476051756,0.0178505848290914,-0.2198619309058455,-0.0079061773361711,-1.5456681383188071,-0.0123386254747583,0.0056406104765913,1732.2795975101665,1795.600141687602,1780.3693763525614,1799.9949539315403,0.0726113730298592,0.3061108041776954,10.488757728166496
17.53,0.0029491175846197,0.1243376884423535,1.5446584731402917,0.1155946281400877,-0.0030180395410885,-0.0061295867595446,0.9932729743371862,0.0172874045576412,-0.238491529899367,-0.0058668861519176,-1.5712611124269968,-0.0157331716312946,0.0118391766138957,1730.742569677882,1793.9074244305252,1784.4617672668935,1795.1086672482732,0.1481962165378501,0.3279698213947712,10.512240455476569
17.54,0.0032259514806529,0.121541302036484,1.5444497012512617,0.1077228734628632,-0.0030851639625447,-0.0058307409826255,0.994159075176514,0.0168244492670685,-0.2614500617167592,-0.0028625285823496,-1.5831121055232744,-0.0310742735428425,0.0174882798034966,1733.4006925876602,1789.031707511142,1789.8086801972197,1788.6917700139093,0.1026746858174969,0.3512863690676349,10.53137165481779
17.55,0.0034495874092183,0.1183189840216957,1.5441250653866057,0.0987125472255486,-0.0031793621503825,-0.0054895120809906,0.9950957692270996,0.0166302787014424,-0.2883774224568297,0.0005645193068286,-1.587631347869158,-0.0435000793909233,0.019179962584541,1740.6893325013232,1786.4618864011434,1793.8230841205968,1788.5927987153595,0.1081138584512012,0.3335835844458759,10.58046269318592
17.56,0.0036141087412596,0.1147730748858217,1.5436678485163546,0.0889794887925685,-0.0033355022299408,-0.0051802593767713,0.9960144024620712,0.016545932612764,-0.3155354754609146,0.0046704540321595,-1.591520325867951,-0.0459369036808768,0.0173033056704241,1747.6871478902865,1788.0547941600116,1793.225936389987,1790.612259554718,0.1081138584512012,0.3335835844458759,10.58046269318592
17.57,0.0037172864465925,0.1110704282151725,1.5430970584806836,0.079245114989067,-0.0035568148149776,-0.0049672611339815,0.9968364395102982,0.0161928493955757,-0.3395285305925634,0.0098767198112741,-1.5998116174006969,-0.0420010171753089,0.0149165669263772,1747.3828084961,1787.6153838270243,1788.9994073413052,1787.429070578564,0.1358505826647252,0.2836050074935508,10.71631354407915
17.58,0.0037631701973597,0.1073890837386098,1.542468014505584,0.0702641121968028,-0.003815967064546,-0.0048798234997626,0.9975091880555128,0.015311411321958,-0.3589525882699778,0.0156474091729385,-1.611179715920325,-0.037729190580131,0.0142185350861088,1736.565041755352,1777.9972307979174,1786.4770530954952,1779.53173877801,0.1446423954425198,0.1785497100637503,10.50804478076568
17.59,0.0037634411367321,0.1038551631259635,1.5418655589244834,0.0625052249785906,-0.0040688253145893,-0.0049047378608651,0.9980242908153344,0.0140329884739407,-0.3736618286154185,0.0204124190030505,-1.61686531065648,-0.0352921212097519,0.0147749592096551,1719.082576867259,1762.8736581243388,1789.254250713575,1773.324628081448,0.1539385928778285,0.2355886077026496,10.4391880073904
17.599999999999998,0.0037366082011456,0.1004976297059629,1.5413888440634649,0.0559087134839957,-0.0042729529021223,-0.0049946819266774,0.9984142480866908,0.0127911825348218,-0.3838291239887076,0.0230144147280526,-1.608637739514991,-0.034145227289691,0.01493656193575,1703.0190734238731,1754.7290819444577,1794.6941479771187,1772.0934378394363,0.1070413371034995,0.2845365560096382,10.51777041185751
17.61,0.0037053515298691,0.09724386410098,1.5411287213170886,0.0498588454159116,-0.0044033130276548,-0.0050843302821409,0.9987336261254824,0.0118997988517915,-0.3901021333340106,0.024283353279636,-1.5871066816836668,-0.0333319548893135,0.0142274043543696,1694.404822691005,1758.236574434164,1796.8679795382932,1773.2398499599935,0.0718990353578686,0.2701861404274952,10.350384892086648
17.62,0.0036927103706679,0.0939629053658692,1.5411434150538132,0.0434526263833924,-0.0044592427981729,-0.0051081392133359,0.9990324776141312,0.0112263070860303,-0.3942338063651716,0.0268800065226891,-1.558213205806168,-0.0307317430962377,0.0136514908823474,1693.466999458265,1761.8524532790484,1793.0706820389362,1772.4228020225466,0.0718990353578686,0.2701861404274952,10.350384892086648
17.63,0.0037177641111631,0.0905396006009608,1.5414415682373015,0.0359877676477011,-0.0044603501696729,-0.0050182279818222,0.9993296769555188,0.0103531661495974,-0.3986209186474143,0.0331644853646421,-1.5225092743979132,-0.0230308682171653,0.0136573473785959,1695.689512743946,1751.0658700587082,1786.1470097559531,1767.3459818326337,0.0718990353578686,0.2701861404274952,10.350384892086648
17.64,0.0037915825020103,0.0869410676464917,1.5419796820781126,0.0274055839252417,-0.0044347937145486,-0.0048008020309482,0.9996030306448084,0.0090610289252719,-0.4044924778919065,0.0430075179130919,-1.473494392009685,-0.0089321464495727,0.0126561698828111,1695.1004897171215,1726.2649409859057,1780.4518536353426,1758.91885848191,0.1137763053926144,0.3830624064596921,10.107143896333351
17.65,0.0039146598263829,0.0832335429528295,1.542674212499312,0.0183791978133954,-0.0044070552095575,-0.0044850425376961,0.9998113158719254,0.0075707382797033,-0.4107410500968834,0.0537765416007922,-1.4085566702164856,0.0081773009922026,0.0086225471834885,1687.5792084131242,1701.9913825564297,1776.7336999967374,1750.505630556443,0.1537716408773973,0.2200979428828345,10.106482159193703
17.66,0.0040773276141958,0.0795346234112988,1.5434227293469494,0.009945647509099,-0.0043908707296032,-0.0041359575838906,0.9999323468138857,0.0062998005861362,-0.4151224335063123,0.0624659903494029,-1.3379955632714866,0.0215556149370994,0.0022847855534905,1673.779483865348,1690.265643696325,1772.210634533927,1744.845213041568,0.153955601468823,0.0798667996989797,10.108560205250903
17.669999999999998,0.0042639235374811,0.0759294179355101,1.5441276230966796,0.0029093137172156,-0.0043887281362813,-0.003829434666125,0.9999788049699748,0.0054732280652031,-0.4166631383944314,0.0676808394318139,-1.279614568082163,0.024905681378818,-0.002701291241942,1659.6445854478773,1690.2406724711218,1765.1338591670778,1740.9152544341923,0.1266903724138266,0.2183451862069133,9.88007367104608
17.68,0.004459401404974,0.0724051673080582,1.5447176183565845,-0.0025945645572361,-0.0043960509030242,-0.0036210783211542,0.9999804151897218,0.0050050651585784,-0.4165822596889856,0.0697488151723757,-1.2440321214932926,0.0159443994626467,-0.0040022286019434,1652.0711654468084,1694.1960507266754,1757.1458985841566,1735.224111291191,0.1266903724138266,0.2183451862069133,9.88007367104608
17.689999999999998,0.0046547990919509,0.0688459563871201,1.545162540909761,-0.0071244720286129,-0.0044058552417396,-0.0035260615596856,0.9999586977609524,0.0046647606516555,-0.4167790508292538,0.0695904773051576,-1.226216200405425,-0.0012254427394747,-0.0036950137744395,1652.6928382172282,1697.3964496119615,1750.9075172453754,1727.0176872915015,0.1479080759061749,0.3621838481876482,9.7411267909464
17.7,0.0048479227662115,0.0650887265307515,1.545476149631609,-0.011581726559097,-0.004412621491077,-0.0035211043658791,0.9999169936577392,0.0042661011821335,-0.4175604348162732,0.0679917440997632,-1.2108025941763545,-0.0168399428756503,-0.0049160017369644,1656.611870578045,1698.5809516584368,1747.8262758634537,1721.1176657274457,0.1479080759061749,0.3621838481876482,9.7411267909464
17.71,0.0050387291194062,0.0610049430869546,1.5457046198835034,-0.0167347351663645,-0.004414173201152,-0.0035632849691091,0.9998438711689396,0.0037201897266062,-0.4170059929582239,0.0658177701907925,-1.1840163941349136,-0.0218821690621756,-0.0065584486951161,1657.5876960639296,1695.090729675935,1748.685962807295,1723.9808012716353,0.0829994714769263,0.2250034513002065,9.761291637418562
17.72,0.0052230285044434,0.056562382607384,1.5459049469544153,-0.0228810380483418,-0.0044111997349531,-0.0036117875812912,0.9997219385435114,0.0030071668991511,-0.4127404310267776,0.0643232891797794,-1.1402384175468163,-0.0166354711319297,-0.0045844485609941,1653.754321994313,1683.9179948275785,1753.372235275075,1735.683970820687,0.0829994714769263,0.2250034513002065,9.761291637418562
17.73,0.0053897795870785,0.0518395352140217,1.5461230543684956,-0.0297852154099281,-0.0044060590062299,-0.003641966624247,0.9995399760220328,0.0021507216956983,-0.4043251930817293,0.0645695404570269,-1.0787590412976809,-0.0108863871965363,0.0015366740007858,1648.3177603030838,1668.1319601951573,1758.1922698703409,1746.1990800984488,0.1233077791592777,0.3002683165852023,9.643385607023808
17.74,0.0055248062949285,0.0469944841902922,1.5463805500922323,-0.0368661960079743,-0.0044015120334781,-0.0036479911677947,0.9993038589158758,0.0011853425522835,-0.3935900849646669,0.0659367653799825,-0.9974592902140712,-0.012085557075971,0.0072513624644828,1645.710196843585,1657.3846349655928,1757.227853804384,1743.2561345818567,0.1301635046046118,0.1966292356354418,9.800954900511606
17.75,0.0056190227639613,0.0422115775529117,1.5466728758997856,-0.0434918292190165,-0.0043997337741191,-0.0036370308503151,0.9990374743424264,0.0001261123089577,-0.3826234740991017,0.0652506741937633,-0.8947573198077171,-0.0146852880415055,0.008699018141784,1647.7963429657557,1658.9587583314571,1750.7950127977947,1727.1822295018426,0.1301635046046118,0.1966292356354418,9.800954900511606
17.759999999999998,0.0056759129171923,0.0376521290612394,1.54697591748543,-0.0492184954140613,-0.004401599382027,-0.0036206035028935,0.9987717741618106,-0.0009663249518931,-0.3721249160157138,0.0587866849454111,-0.7799665510922039,-0.0058339104280713,0.0070038840932798,1653.6186163060695,1670.3966223904226,1749.2346607626491,1714.4441225859357,0.0703723026395758,0.2243570131822168,9.662715894910558
17.77,0.0057134277471563,0.0334229415562888,1.547255925397709,-0.0538882920436323,-0.0044061996025881,-0.0036077805100858,0.9985307312774472,-0.0018593885853751,-0.3619782336010973,0.0467582908913672,-0.6749437842385397,0.0178588963685851,0.0052530746727173,1661.6665745900896,1683.59735799128,1760.4637110127703,1719.9305536015354,0.0677336771032349,0.1366933430694563,9.54831203695431
17.78,0.0057587513443232,0.0295632124742027,1.547478074180788,-0.0575972375931192,-0.0044107500561359,-0.0036023075409976,0.9983236583823726,-0.002208622151593,-0.3524421295382874,0.0351748748010243,-0.5967151761868976,0.043132774061224,0.0038689632657099,1671.2014936278465,1694.529735161401,1775.4064059369343,1737.5915371471374,0.1568045316472145,0.2035071634758967,9.928445707630624
17.79,0.0058380263636513,0.026047102542488,1.5476131236532396,-0.060594850434972,-0.0044112750981629,-0.0036032157328005,0.9981461924934416,-0.0018951426399252,-0.3437398470838378,0.0309263030614383,-0.5402448322632989,0.0514684898948275,0.0014278248267079,1681.4203599710063,1705.252451416984,1776.790086320356,1747.015082324748,0.1568045316472145,0.2035071634758967,9.928445707630624
17.8,0.0059654414332001,0.0228009602976533,1.5476476767577814,-0.0631664055195648,-0.0044043622505477,-0.0036072017874691,0.9979867709053905,-0.0012837290736312,-0.3346891022452667,0.0345899428015291,-0.4855415207976792,0.0360221088864862,-0.0017263524736774,1690.2313660087923,1716.6292568374367,1763.6842170598052,1739.187765260317,0.0989912256820853,0.1022018324438036,9.961503621380814
17.81,0.0061365755247382,0.019731609916059,1.5476015481468832,-0.0655314050741278,-0.0043897261284083,-0.0036110216321209,0.9978343177984512,-0.0010039075285869,-0.3227826113170217,0.0399621430956017,-0.4202166192389627,0.0070477434345588,-0.0037640648141948,1694.840693705179,1723.796155115066,1754.856720288347,1726.4913483429011,0.0989912256820853,0.1022018324438036,9.961503621380814
17.82,0.0063293589711603,0.0167565572696967,1.5475420488584082,-0.0677819523009091,-0.004372436829893,-0.0036128669642877,0.997684036121028,-0.0014208854664742,-0.3064393324057716,0.0413139797340786,-0.3478198913165357,-0.016726286463226,-0.0047713583092697,1694.566843679956,1721.8332262635793,1763.1282989915592,1724.4630745950897,0.1165442259058443,0.1022107944596006,9.881559276399852
17.83,0.0065125699213133,0.0138256905341349,1.547575550553408,-0.0698744627171598,-0.0043629679750856,-0.0036125559693905,0.9975397101919324,-0.0023793494683708,-0.2871027322920341,0.0394926032259766,-0.2746972435465311,-0.0214483100776725,-0.0070615628239183,1692.736498324505,1713.364429982007,1777.6805056002045,1731.962489902477,0.136251086801787,0.1187228810857305,10.0138538193321
17.84,0.0066578997779353,0.0109296210549404,1.547808866405865,-0.0716744667222444,-0.0043734077188763,-0.003610945282959,0.99741195360752,-0.0034714167472237,-0.2683286065724187,0.0400504232502568,-0.1980019551933142,-0.0070696331462851,-0.0115689030109264,1693.6517610608512,1706.6064902007256,1778.8762679127108,1735.1359700946982,0.1153087751205669,0.1261262178452877,10.207139586566468
17.849999999999998,0.0067498583236445,0.008097847176448,1.5482986368806768,-0.0730357838519804,-0.0044097502675896,-0.0036091348634361,0.9973130413893332,-0.00445904471677,-0.2524469922881865,0.0466862468702099,-0.1129248636531858,0.0131188243338154,-0.0159423414678228,1696.9671704296609,1705.9891908354844,1762.3290842139206,1725.8009813004287,0.1410136962202065,-0.0163560369299013,9.96339081807164
17.86,0.0067894513009396,0.0053924446530472,1.549019942234053,-0.0738786655172417,-0.0044629309292388,-0.003607892168746,0.9972507248144828,-0.0053781827929637,-0.2386342204772409,0.0576194310483026,-0.0281588886553874,0.0231083242061421,-0.0173878996587934,1696.855198267739,1707.5378044894303,1740.574217502885,1708.925313895422,0.1410136962202065,-0.0163560369299013,9.96339081807164
17.87,0.0067911454483628,0.0028974085353785,1.5498734855890757,-0.0742323389288275,-0.0045039313071022,-0.003607454931518,0.99722427804825,-0.0063145173936881,-0.2244317488991105,0.0675642551782677,0.034548072022659,0.0180023976688491,-0.0165018522608373,1687.702577538474,1704.0669790949923,1726.3292757334991,1694.140734842876,0.1402214426106666,-0.0158682314635036,9.820893035888458
17.88,0.0067755246168237,0.0006988691319304,1.5507265747147774,-0.0742261824748751,-0.0044887912721958,-0.0036076447757768,0.9972248038869136,-0.0072143650037014,-0.2084158757769094,0.0720619350987929,0.0617625493995677,0.0080023099412378,-0.0169209141538371,1670.22421231688,1692.7100021157137,1721.691685952639,1686.5850307088645,0.1402214426106666,-0.0158682314635036,9.820893035888458
17.89,0.0067609982580988,-0.0011435432161123,1.5514653974096173,-0.0740352299467132,-0.004375826919141,-0.0036081171183938,0.997239498995287,-0.0079469673627856,-0.1910679340223364,0.070258036979756,0.0678055009338863,0.0069055429769538,-0.0208759116151596,1652.2234354474654,1676.6519352939508,1721.2617970250126,1685.829833539258,0.123946679128444,0.0033864050213792,9.59045120779487
17.9,0.0067573673748993,-0.0026232713321435,1.5520324116277544,-0.0738029754100522,-0.0041497266906899,-0.0036085825495551,0.9972576791988113,-0.0084681995119258,-0.1738640469788499,0.0647213657827867,0.0871716076116014,0.0169818976265798,-0.0261108749525736,1643.1439590672685,1661.859704325244,1719.2505129945298,1687.9421441205495,0.1203165119848016,0.0037707500138663,9.476343039088874
17.91,0.0067628817265249,-0.0037967148257533,1.5524321468431506,-0.0735771940055327,-0.0038390548313761,-0.0036089099882644,0.9972756058126412,-0.0088632524372593,-0.1581748011525269,0.0590089422670156,0.1441073357233958,0.0279582028569069,-0.028372875410227,1646.1784753143295,1653.7450488782542,1713.3370522730386,1687.652614531227,0.1008169851467474,-0.032241552785071,9.38331679279134
17.919999999999998,0.0067652355906579,-0.0047695247099012,1.5527068114793114,-0.073292760306408,-0.0035122281968046,-0.0036091073602947,0.997297753874851,-0.0092542609396853,-0.1445673589835139,0.0549299700316774,0.2307165695908079,0.0311008907882989,-0.0266050754258543,1654.9675019755657,1655.0733486092008,1705.729463658512,1683.1047831280634,0.090754195914467,0.0177818731146139,9.331155002303438
17.93,0.0067459473445917,-0.0056647561360863,1.5529000832839135,-0.0728104491097136,-0.0032478739821397,-0.0036092354801813,0.9973339777799042,-0.009687191987141,-0.1324978502563261,0.0517281636857694,0.3161344911019415,0.0300123900337205,-0.0242070478986581,1659.3693424497935,1664.5254232788511,1701.374235556303,1679.4292613846812,0.1069369830291677,-0.1547230564192487,9.38490597148277
17.939999999999998,0.0066867264276374,-0.0065864473016212,1.5530319874123877,-0.0719853466272783,-0.0030938009650479,-0.0036093303918385,0.9973943608225696,-0.0100815737438753,-0.1208158290321016,0.0477184978908943,0.3752677116861572,0.034393496131219,-0.0248850665738801,1655.6850079654196,1677.4828957740249,1702.953041164075,1683.454193993814,0.1069369830291677,-0.1547230564192487,9.38490597148277
17.95,0.006575756046838,-0.0075925370213229,1.5530973862764703,-0.0707212777661578,-0.0030395084262188,-0.0036093891563506,0.9974849545579958,-0.0102990218737098,-0.1089376803674681,0.0423632335973665,0.4071726094830035,0.0462291059100324,-0.0285200641144602,1650.5980340694314,1689.5427302257458,1707.8178950103743,1694.1088007005192,0.1364193741020565,-0.1005493598950859,9.56116047750974
17.96,0.0064115858092714,-0.0086855068122892,1.553084351348664,-0.0689858494584572,-0.0030200412989539,-0.0036094256225569,0.9976065376548626,-0.0103349273577578,-0.0972785156820795,0.0364495627906467,0.4284588033087502,0.0572362828843155,-0.0317159254429404,1653.842157452043,1699.287961468497,1712.0339163359638,1702.5170797785586,0.1364193741020565,-0.1005493598950859,9.56116047750974
17.97,0.0062030946586931,-0.0098215762109205,1.5529978488552392,-0.0667999614273166,-0.0029501531214417,-0.0036095485585214,0.9977554975589324,-0.0104610339882015,-0.0861675803839607,0.0306088252706955,0.4537863063783177,0.0594427066559631,-0.0315466316414882,1667.520273657973,1707.4566750777542,1715.9861048999803,1702.9758640246098,0.1506351639345405,-0.1642175185809853,9.633008541991307
17.98,0.005965972486007,-0.01093260477668,1.5528735203321495,-0.0642371000573931,-0.0027708220710542,-0.0036099845804602,0.9979242884771348,-0.0110678959559832,-0.0747724121183027,0.0245396549474757,0.4839451976865508,0.0534696513588787,-0.0280547046052919,1684.2014118477837,1714.4232081202906,1722.2444784791376,1699.8878013290846,0.1506351639345405,-0.1642175185809853,9.633008541991307
17.99,0.0057182531739647,-0.0119510378445612,1.5527732997681525,-0.0614452511450607,-0.0024832418908008,-0.0036109859477668,0.9981008342857536,-0.0122579356958959,-0.0619411275936562,0.0180305009070936,0.5095022616325443,0.0452759291341686,-0.0235547309257223,1695.2571042962695,1719.7975287189968,1729.5335231995757,1701.9971987783088,0.138705287232441,-0.1727379097330434,9.657265296859917
18.0,0.0054775353130636,-0.0128286968943426,1.552763541606606,-0.0586580157639528,-0.0021505877759018,-0.0036126289406858,0.9982692828445594,-0.0136326661417491,-0.0481594315322936,0.011977833486668,0.5227869014747631,0.0387811855525532,-0.0204559954344753,1699.3518508117477,1724.3066818327106,1733.9316960464191,1712.6443604190997,0.115,-0.1607318699856785,9.813154698774037
18.009999999999998,0.0052601142886539,-0.0135443263184681,1.5528834567401586,-0.0561453290140758,-0.0018645602805973,-0.0036145957022241,0.9984143228854296,-0.0145902103527971,-0.0357855982742418,0.0074676930936746,0.5261191781823494,0.0343497194799146,-0.0200789886602759,1701.855221558356,1729.65806832004,1734.4620689834878,1727.0437571263603,0.116,-0.2026768486183244,9.960364112377327
18.02,0.0050797561456275,-0.0140998071597569,1.553116037425078,-0.0540972871670345,-0.0016946010393352,-0.0036160980772784,0.9985276839843652,-0.0148550569675368,-0.0267323432046082,0.0042698803141664,0.5295963088483993,0.0322746932400966,-0.0228002115280498,1706.4135822598653,1734.5754206568922,1731.4482371585536,1736.4915044854972,0.116,-0.1474661952248309,9.96133449279593
18.03,0.0049442109520428,-0.0145088158528415,1.5533743722762008,-0.0524998970385927,-0.0016484112896145,-0.0036160999341814,0.9986130218319924,-0.014681810501813,-0.0203135687205839,0.0017204838084762,0.5412205755027508,0.0341109123847023,-0.0281162065944242,1710.4221984450555,1734.2500637829005,1722.388682379521,1735.3785470984867,0.116,-0.1474661952248309,9.96133449279593
18.04,0.0048506136575875,-0.0147840908720175,1.5535120099387136,-0.051082605638964,-0.0016647400185006,-0.0036138870193513,0.9986865052970408,-0.0145667814840114,-0.014022583368999,0.0014013330059302,0.5584437540722997,0.0395980761646417,-0.0341114089359458,1713.9104956284027,1730.2991198679235,1710.1994777244702,1729.8491493120084,0.111,-0.2274260936390142,10.092651341844329
18.05,0.004783405816082,-0.0149296574795456,1.5533577917684016,-0.0493757503294381,-0.0016406284374037,-0.0036098173241334,0.9987724029210168,-0.0148086532919822,-0.0062757106305727,0.0067725590135744,0.5695885423432931,0.0441066942742881,-0.0375598888495001,1729.1090502641405,1738.6109816972455,1713.5047470907366,1738.9026627335438,0.111,-0.2274260936390142,10.092651341844329
18.06,0.0047177384007597,-0.0149414945632284,1.552766802359263,-0.0468581056504353,-0.0014786686647388,-0.0036058320795284,0.9988939530545003,-0.0153117892138226,0.0024233385275474,0.0172469531199883,0.5666517749996959,0.0419008311376651,-0.0356795141333452,1762.945029494836,1769.7897385337303,1746.7792211016963,1770.8279806951125,0.111,-0.0596360053079785,10.095037260108104
18.07,0.004628107087826,-0.0148154880600369,1.551672941983096,-0.0431487379582384,-0.0011317489642065,-0.0036051774114091,0.9990615137481405,-0.0157236592807766,0.0112471179708278,0.022581008224217,0.5594498989460415,0.0333641311182349,-0.0284851071877586,1779.6008178271202,1790.7449387340666,1776.0314613977928,1787.081450064767,0.111,-0.0596360053079785,10.095037260108104
18.08,0.0044987154772451,-0.0145578017774377,1.550125451574849,-0.0381920907840676,-0.0006239064073717,-0.0036109695249061,0.9992636968495486,-0.0157317564535279,0.0208456241162238,0.0074799948903669,0.5735674936537287,0.0272870477992755,-0.0192950879722402,1705.0028538610338,1727.454214838839,1718.1501813150187,1710.96530699227,0.1139683040780817,-0.1408875141130955,10.131052519365038
18.09,0.0043306433222983,-0.0141915767055513,1.54829063591699,-0.0323588565197743,-3.676261323043306e-05,-0.0036238255152811,0.9994697448856956,-0.0152885670966975,0.0321743967993828,-0.0335470106390487,0.6269472310024637,0.0329268561271381,-0.0123902325654011,1504.82728617115,1540.418865554468,1523.9555429269265,1507.2959629050245,0.1139683040780817,-0.1408875141130955,10.131052519365038
18.1,0.0041420152772155,-0.013755522502964,1.5464045361718788,-0.0263625784609539,0.0005311386415705,-0.003639629441831,0.9996456799517316,-0.0146210352044955,0.0440157597207158,-0.0871309719976563,0.707495831917978,0.049638435041158,-0.0099583230673763,1250.5885748576932,1292.2662701448762,1259.0919863995005,1248.4020125356742,0.0555164219041005,-0.1861432510030222,4.059490804658262
18.11,0.0039607648692702,-0.0132943633969584,1.5446790411832063,-0.0209648172729183,0.001009665859968,-0.0036491670299558,0.999773044541386,-0.0140268422790652,0.0532433726901527,-0.1325483182918264,0.7798118466289459,0.0667958288776816,-0.011180654338185,1066.7293334844517,1102.2522193103796,1060.5097326242594,1061.081170030712,0.0216767233528649,-0.2132780206622923,3.849660785272784
18.12,0.0038135885387088,-0.0128461426289223,1.543189494926896,-0.0166081347807162,0.0013832716158845,-0.0036412407471501,0.9998544883054552,-0.013635056311595,0.0578894511688703,-0.1635435219147551,0.8163102677013515,0.0743892348924376,-0.0135877242569232,1007.7687834971002,1029.5209631086304,1001.7462236505036,1001.202409515583,0.0216767233528649,-0.2132780206622923,3.849660785272784
18.13,0.0037165761114949,-0.0124330381989934,1.541788215409287,-0.0132091306689302,0.0016883631268773,-0.0036095237419301,0.999904815287575,-0.0133833210104456,0.0589091995875138,-0.1933934466320854,0.8187872678304154,0.0719041411381165,-0.0149346076182056,1020.9354199661803,1033.1729416071073,1031.1139279350018,1012.230261710281,0.0216767233528649,-0.2132780206622923,3.849660785272784
18.14,0.0036714314451324,-0.0120590592813244,1.540081927797201,-0.0102380790202473,0.0019908066819495,-0.0035609538678288,0.9999392671729026,-0.0132467708257827,0.0586062532524798,-0.235836011377816,0.8106790680404825,0.0668473793312922,-0.0148152163637018,1026.9208161077604,1043.3479097185768,1047.2552975485005,1008.3593884048672,0.0794202919652871,-0.1499661821203046,3.3212067020202776
18.15,0.003667687028634,-0.0117133610606048,1.5374898134218598,-0.0070111505652228,0.0023597139503959,-0.0035209499283563,0.999966438651531,-0.0134009783690045,0.0582304720924551,-0.2871147081989436,0.8124901560287697,0.066604452560014,-0.0154274561339757,997.3411567628106,1029.5433587647617,1003.9734108383032,962.5075918064696,0.0794202919652871,-0.1499661821203046,3.3212067020202776
18.16,0.0036885409951587,-0.0113763034369686,1.533379441976254,-0.003014826946523,0.0028462273837629,-0.003530014870337,0.999985174291688,-0.014016672597588,0.0575272070781306,-0.3346730025900872,0.8211990711079029,0.0722583339823705,-0.0196311200307184,949.077621869954,994.93666227131,930.9028291165336,905.1271625137874,0.0729396147729782,-0.2440402572678316,2.8975890739594914
18.17,0.0037171848979784,-0.0110268044264085,1.5272622551075654,0.0018848472130002,0.0034671781226215,-0.0036293694677044,0.9999856267487632,-0.0148865351764096,0.0558591088528556,-0.3829057844311345,0.8054071366612103,0.0789748716127731,-0.0266419461496778,902.3329843793226,946.8026675770616,877.6238921360442,869.4076907075162,0.0648976277748535,-0.1958976277748536,2.9014325243647123
18.18,0.0037413112394738,-0.0106507106328692,1.519004826029306,0.0074050782745919,0.0041935064840399,-0.0038390491145895,0.9999564195608784,-0.0154206437334486,0.0530790579804046,-0.4594305731569442,0.7237553143970987,0.0814727010350311,-0.030697127529594,864.7825275538378,894.3152399657263,860.165830858955,859.3282608140435,0.1150435559251566,-0.1775762209788681,2.708577641878291
18.19,0.0037548928441258,-0.0102486970181494,1.5089750523675431,0.0129597405003469,0.004951049143414,-0.004140585579873,0.999895188402064,-0.0151414910325977,0.0495778268435013,-0.5853231602161165,0.5626440001332621,0.079281178613324,-0.0265124560123091,838.4802171198828,853.6297424864991,858.7057299608053,859.9340179088694,0.1150435559251566,-0.1775762209788681,2.708577641878291
18.2,0.0037575486860365,-0.0098399924439888,1.498029510719254,0.0178729563203402,0.005643580212517,-0.0044779931273309,0.9998143102658152,-0.014142353405402,0.0460115187885788,-0.7419892781854326,0.3614966639625684,0.0770533872121932,-0.0160078854084106,823.4997582809491,835.9217373057269,850.5008785212693,859.6591764723157,0.1004768338051685,-0.1022083472960704,2.7130460806465293
18.21,0.0037524919999511,-0.0094584208608216,1.4873060251698242,0.0216197479427003,0.0061938855351416,-0.0047794247582697,0.9997356547507203,-0.0129822047623732,0.0429889079494722,-0.8793737284972871,0.1908721268939163,0.0799320121859667,-0.0072794250873762,816.921006417892,836.6125776316004,833.7360845519498,858.1546519959379,0.0779025883031173,-0.098198244915731,2.0822471197077315
18.22,0.0037441677960471,-0.0091412677782288,1.477898165362879,0.0240040936848414,0.0065819574814119,-0.0049888606489518,0.9996777443714088,-0.0121646452042133,0.0407569406079694,-0.959749806417341,0.0982985825161445,0.0885691530665563,-0.0063785557699678,814.8095568888614,842.7931751095597,820.9334028601331,859.1504040016464,0.0779025883031173,-0.098198244915731,2.0822471197077315
18.23,0.0037364007100406,-0.0089162919790493,1.470563544865212,0.0251919072868298,0.0068515582582591,-0.0050880333113753,0.9996462053515272,-0.0117742653391666,0.0391103290647751,-0.9863505933855574,0.0782558428856143,0.0985208816411783,-0.0117741394214,814.3564555540327,845.1029823488857,818.381816834989,861.5488849318697,0.0778912084244467,-0.0924352645351203,2.0825113343318216
18.24,0.0037314278479216,-0.0087932806643542,1.4655853299688226,0.0255857452502528,0.0070763926802011,-0.0050969192690071,0.9996345910984624,-0.011565635360296,0.0376493121858388,-0.9893013198816696,0.0923232014959717,0.1044313315865907,-0.0172726924508899,813.0113098075313,839.8204599828349,818.8609163628739,858.9056970224419,0.0778912084244467,-0.0924352645351203,2.0825113343318216
18.25,0.0037297858028635,-0.0087630636896721,1.4628009169919731,0.0256213630951405,0.0073089911184892,-0.0050566413535897,0.9996322097552668,-0.0112978909541696,0.0361582188396121,-0.993365725125317,0.1073155280338862,0.1046439237241293,-0.018679203942631,808.071959059093,826.7063034252861,813.2731014592603,847.1666427615327,0.0778912084244467,-0.0924352645351203,2.0825113343318216
18.26,0.0037307702092558,-0.0088022833856272,1.4617241124360894,0.0256025369139389,0.0075498293121604,-0.0050078690060244,0.9996311476884592,-0.0109494206511591,0.0347780239840637,-1.0032201285671416,0.1119879284438825,0.1015006843734452,-0.0166449134320281,798.7314568689907,809.6478154584889,803.0226864663869,831.0854571110171,0.0774235052018713,-0.0025749660259495,2.208635358426606
18.27,0.0037331131332354,-0.0088799833721128,1.4616697792102884,0.025647253974091,0.0077582577798618,-0.0049761983162626,0.9996285636425796,-0.0106602653915077,0.0338224258194863,-1.012745599687763,0.1095410852430533,0.0976640640041821,-0.0141741247073752,788.1999317106631,796.2218383280699,796.8568437655546,820.318366604896,0.0774235052018713,-0.0025749660259495,2.208635358426606
18.28,0.0037355868213547,-0.0089628828073429,1.4618313885145948,0.0257408937201856,0.007894620345035,-0.0049686356862722,0.9996251267447768,-0.0105372565821389,0.0334190236419446,-1.0196283849132144,0.1060911917060257,0.0936620875478659,-0.0130405046907067,783.5237139301435,792.6893189928852,797.44259082186,818.821743333202,0.0774235052018713,-0.0025749660259495,2.208635358426606
18.29,0.0037373726635211,-0.0090185125428137,1.4613180627504634,0.0258360954804381,0.0079609286626207,-0.0049786788503626,0.999622094864884,-0.010550647073082,0.0333708366968226,-1.0281642947483751,0.1069648908246469,0.0899285873292422,-0.0130804809384395,791.6011545354839,798.7964042816477,795.9669288890487,820.559802123678,0.0774235052018713,-0.0025749660259495,2.208635358426606
18.3,0.0037381666974141,-0.0090173756772636,1.459190427972487,0.0259303075519434,0.0080108128857822,-0.0049946539890979,0.9996191772163536,-0.0105987423764046,0.0333637543892974,-1.0421421225307133,0.1170346226069065,0.0895132238080694,-0.0141579417991704,812.3925833233507,807.8227270959967,782.3151896096379,817.1012117736984,0.0774235052018713,-0.0025749660259495,2.208635358426606
18.31,0.0037380856503472,-0.0089358288965265,1.4545355542198262,0.0260810985656684,0.0081214101227358,-0.0050066951827952,0.9996143016176652,-0.0106231158662052,0.033202887058563,-1.0622666798000855,0.1376332465523368,0.0948030987336309,-0.0175897128774025,836.9946668830335,813.1058437087759,758.4651392390472,808.2045421884775,0.1377683235740919,-0.1083853621469034,1.7428589496548104
18.32,0.0037374761705679,-0.0087602821839734,1.4466021752923974,0.0263604974266067,0.0083432752476754,-0.0050102117323123,0.9996051278939904,-0.0106368607449532,0.0328015151532673,-1.0932781377814575,0.1595419205008957,0.0990139720383472,-0.0245807113410298,856.5258578341925,816.7327564409491,738.941399505673,803.1518939160576,0.1377683235740919,-0.1083853621469034,1.7428589496548104
18.33,0.0037367223521566,-0.0084913491776638,1.434983432079589,0.0267822734834306,0.0086574433865068,-0.0050060152256643,0.9995912656244196,-0.0106554954512294,0.0320582363715979,-1.1480522688877248,0.1595585550210035,0.0836414760254824,-0.0330271865172818,872.0185448238631,830.3737833673648,738.4269008669874,811.2981348630838,0.1377683235740919,-0.1083853621469034,1.7428589496548104
18.34,0.0037361122355687,-0.008145231522981,1.4197872211550835,0.0272492531366512,0.0089664851707438,-0.0049984578942825,0.9995759579771096,-0.0106242001461877,0.0308774769135094,-1.237608082603877,0.109553319605951,0.0312425401964696,-0.0373574524914794,891.511160888023,864.1001120458357,761.8018561829253,833.7026177206513,0.093290392848229,-0.0617096013362784,1.9476114355294645
18.35,0.0037357832727674,-0.0077502589985988,1.4017007790769798,0.0275569497853553,0.009128108494609,-0.0049929403627221,0.9995660872100316,-0.0104248630685406,0.029300340362403,-1.3567450372981829,-0.0028675636554144,-0.0547883066228653,-0.0337812930916373,920.2491634177892,916.7413434362484,808.099313191413,868.3475424532442,0.1234413728750991,-0.1458660276636513,2.13553060515094
18.36,0.0037357347716577,-0.0073390936256866,1.3818792268040423,0.0274597167441759,0.009014024516992,-0.0049935753206821,0.999569795223852,-0.0099633687518838,0.02753402341551,-1.4834354040511415,-0.1584742267068952,-0.1457592228838965,-0.025694499986703,958.7510875893624,981.2045941678298,880.8204624137272,922.294790569392,0.0986352851302693,-0.052317144718798,2.8829938246544584
18.37,0.0037358788450108,-0.0069398194989245,1.3616703517675128,0.0267718697261653,0.0085616040036058,-0.0050013284524582,0.999592393249349,-0.0092693822394852,0.0258372255646315,-1.593449882899931,-0.3131850327808402,-0.2083130212019363,-0.0212608089635788,1006.2172125187458,1054.0613714560827,985.4704988551524,1007.9564533314528,0.1066065437579748,-0.0523167682969726,2.8827100784995605
18.38,0.003736099837351,-0.0065698725359165,1.342273414540604,0.0254559170779926,0.0077935469752212,-0.0050129503351577,0.9996329962742329,-0.0085227566303337,0.0243781586550061,-1.6748351950781506,-0.4236018677536937,-0.2300503033060168,-0.0244036691966463,1060.7952448355095,1134.1149548657636,1113.436537107727,1121.485371053593,0.072936735840708,-0.0593826993801512,3.695245848881943
18.39,0.003736300585946,-0.0062350801321368,1.3244566837275351,0.0236530889964225,0.0068030927851069,-0.0050213202763152,0.9996844680458764,-0.0079517453861191,0.0231061165419663,-1.7308460350383372,-0.4675134279601231,-0.2212945769529834,-0.0304089624827006,1122.1262242224452,1218.6020927432994,1238.2995133611444,1235.4489592538607,0.0098504645681636,-0.0312190433836504,4.552184101700853
18.4,0.0037364259259328,-0.0059334792416467,1.3084180032483363,0.0216383689399114,0.0057198829062931,-0.0050179391061988,0.9997369074993104,-0.0076533460046861,0.021676920997529,-1.773747813350603,-0.4455856610494416,-0.1933062603975915,-0.0323346092031594,1196.3411619177964,1307.1230628499752,1336.5946851396209,1322.6072511111315,0.019157099905914,-0.0116078535237297,5.291664350595166
18.41,0.0037364644673231,-0.0056617063230517,1.293803260211968,0.0197196094176342,0.0046745017930788,-0.0049977149192645,0.9997821307079798,-0.0075062315120013,0.0196514169969523,-1.8162410256402288,-0.3746780067371892,-0.1447698307145585,-0.029872123771724,1288.8561468302028,1400.878661278889,1406.5958858022595,1381.1446960353726,0.019157099905914,-0.0116078535237297,5.291664350595166
18.42,0.0037364360695375,-0.0054208566988851,1.279840493097803,0.0181231273975919,0.0037718976034105,-0.0049647802693998,0.9998163211303748,-0.0072931291321252,0.0170100666829766,-1.8638272691909,-0.2846308394737709,-0.0763861048893137,-0.0289463832388697,1390.0439028241856,1492.9557059563217,1462.724714288766,1432.7103221518544,0.0100839461176732,-0.0771200942115322,7.006968795506334
18.43,0.0037363741718627,-0.0052186404310548,1.265528053160893,0.01690637030677,0.0030749935686954,-0.0049364649661355,0.9998401624115932,-0.0069122703813431,0.0144149847042332,-1.911631375210485,-0.2116856601837562,-0.009128148246642,-0.0332469937033505,1479.6727590400928,1569.1958774545828,1518.814240606842,1502.139294503715,0.0295562095056081,-0.1352774342542742,7.0060322110565005
18.44,0.0037363103787918,-0.0050661513351093,1.249841572748104,0.0159293327207612,0.002597719497045,-0.0049419667947387,0.99985753243984,-0.0064389289664879,0.0126285268382596,-1.9495026144657968,-0.1806091352972035,0.0291268659962288,-0.0395188558077298,1547.363155419186,1623.5065857136233,1579.379881348534,1597.1587010342516,0.0295562095056081,-0.1352774342542742,7.0060322110565005
18.45,0.0037362652787548,-0.0049706840876457,1.2319641870952809,0.0149099838948064,0.0023097893668505,-0.0050139942064971,0.9998736005693092,-0.0059821409088939,0.0115475999688673,-1.9718933556414775,-0.1893100346755384,0.0358164025656309,-0.0422670047194289,1599.8478007308936,1665.8668618719755,1641.4753498432356,1700.2277611306413,0.1438137270560572,0.2196911845621364,10.121028278363614
18.46,0.003736246069884,-0.0049286522661617,1.21153296863178,0.0135621761557785,0.002153529965643,-0.0051759103648222,0.999892314021116,-0.0055318602485886,0.0100848616242673,-1.9824137994945128,-0.2148632026523118,0.0354861482169021,-0.0408233496947355,1649.8082534589385,1713.3116077292862,1702.5285965803423,1783.8696983496943,0.1438137270560572,0.2196911845621364,10.121028278363614
18.47,0.0037362492331873,-0.0049226140105009,1.188817243386568,0.0117571183076562,0.0020635947763467,-0.0054315056113829,0.9999140015483794,-0.0049820419110228,0.0072641116627403,-1.9880256011827575,-0.2346243909916726,0.0416161601959718,-0.0401030670595596,1702.9747952580267,1774.4655209428656,1763.7237743606704,1836.3780376861648,0.1438137270560572,0.2196911845621364,10.121028278363614
18.48,0.003736265565845,-0.0049241034373431,1.164691334337438,0.0096089432230133,0.0019766682039395,-0.0057647467961275,0.9999352622481744,-0.0042738328539155,0.0033220288261907,-1.989425330406423,-0.2390080542259483,0.0313374416741376,-0.0451524521161792,1751.645844877181,1840.3978506247324,1821.745019580824,1865.0322336613365,0.2220030338592191,-0.0373034530405327,12.062895654089385
18.49,0.003736285138333,-0.0049013612795143,1.140344875736519,0.0074207409787696,0.0018301788505217,-0.0061495426375409,0.9999518819293508,-0.0034690657451744,-0.0004992897767216,-1.979203500656599,-0.2280786527644286,-0.0251016550171755,-0.0557304434402121,1779.3315052008495,1890.9469322639916,1862.943055563684,1877.9875503971637,0.2220030338592191,-0.0373034530405327,12.062895654089385
18.5,0.003736300657592,-0.0048293190470333,1.1168598917653436,0.0055250881366077,0.0015645780003406,-0.0065600409489902,0.999961994957564,-0.0027048082524219,-0.0031580308308558,-1.9515156558801947,-0.2046893566039368,-0.113777974590353,-0.0657652635353696,1777.9965683862763,1912.3644438217536,1874.2836314187268,1877.413181270948,0.1887136771720812,-0.0707745069341661,12.06331242127619
18.51,0.0037363087729189,-0.0046983378483884,1.094895125753557,0.0041243228211204,0.0011411435800149,-0.0069717202095807,0.9999665408752016,-0.0021344412463314,-0.0045799767186662,-1.9128980580216228,-0.1734792250088632,-0.1754023278991349,-0.0678264183241889,1760.731264151715,1908.1039557504696,1858.529898814606,1869.1393387188973,0.0443450381522567,-0.087541231755471,12.19833884454904
18.52,0.0037363096729267,-0.0045182002616851,1.074628855472539,0.0032196031941766,0.0005657925284261,-0.0073546402532868,0.9999676111258962,-0.0018885425059696,-0.0053488060688103,-1.8801117786405648,-0.1413372926054843,-0.1649382078506444,-0.0586660153622343,1751.9804002045555,1895.2749445923548,1835.639391063521,1864.7608475523252,-0.0314071152837689,-0.0551561155284922,11.999543102640589
18.53,0.0037363057268771,-0.0043151497072303,1.0559126986487448,0.0026450622711344,-0.0001054169532463,-0.0076692317024771,0.9999670871673434,-0.0019924342003452,-0.0059915340809653,-1.8650566578486385,-0.1157242555843444,-0.1047272120887168,-0.0410330458022906,1764.629029954452,1894.420833617436,1830.9164467178248,1870.6711307545788,0.0600026300875823,-0.0996450435203151,12.011644283185564
18.54,0.0037362999450174,-0.0041226282074326,1.0384705160306995,0.0021640707273452,-0.0007915671948544,-0.0078713800601324,0.9999663652319573,-0.0022897528815644,-0.0066458689564967,-1.862623302585611,-0.1048245021488743,-0.0645469665862869,-0.0206786691483523,1789.088593211754,1916.4061071527692,1858.6480350836928,1883.0678078354003,0.1373653287741252,-0.1148852663914111,11.801555328774128
18.55,0.0037362948045,-0.0039696298262242,1.0220115496665898,0.0015705606193348,-0.0014276828993516,-0.0079245838361847,0.9999663474497046,-0.0025265118372089,-0.0071795385079156,-1.8547374350990755,-0.118028947050562,-0.0854324178803761,-0.0021832804697592,1805.7988195551204,1951.3407353618225,1910.2223592234932,1896.2615224498409,0.1902008192538002,-0.1102590055028031,12.134990546191652
18.56,0.0037362916727284,-0.0038718938856019,1.0062363844364104,0.0007560742341411,-0.00199084302357,-0.0078139744268228,0.9999672028119048,-0.0025818009288656,-0.0074245015059185,-1.8267295429339967,-0.1575413521689481,-0.1313340523372475,0.0123905179975852,1807.7999356688028,1974.107860088674,1957.326395452348,1908.7131412498,0.1902008192538002,-0.1102590055028031,12.134990546191652
18.57,0.003736290788534,-0.0038292958430363,0.9907912916509448,-0.0002719871464911,-0.0024950821817932,-0.0075582967620091,0.9999682858660848,-0.0026010227395818,-0.0072982639632563,-1.7802896338416814,-0.2046418026555957,-0.1278731251807285,0.0219666873328761,1808.0755866130344,1967.482814368244,1971.923243590909,1917.815350371489,0.0947458269218565,-0.0726588206321176,12.125438608980923
18.58,0.0037362916021831,-0.0038292698943742,0.9752391651507776,-0.0014167581725271,-0.0029668096765547,-0.007214266430439,0.9999685721043908,-0.0028563577085435,-0.0068094934721269,-1.7311926851055677,-0.2227143281609612,-0.052500061036067,0.025186473380048,1822.29733722929,1939.1630655399456,1949.6650328367816,1917.935567370448,0.0002949923880969,0.0198642300162571,12.090235256662517
18.59,0.0037362932364072,-0.0038534916350791,0.9590933118626902,-0.0025463006357746,-0.0034246508078363,-0.0068653189939168,0.9999673272237593,-0.0034678072592165,-0.0060367382088885,-1.6949432119684782,-0.1874314307265045,0.0269934457467484,0.0214005980136465,1848.2230418046563,1914.9673108912252,1918.360779893524,1911.7584147971727,0.2814022201486437,0.016084037028467,12.027904852897214
18.6,0.0037362948802484,-0.003884526131115,0.94192500149426,-0.0035510447861532,-0.0038719276961412,-0.0065925457353082,0.999964467667512,-0.0042956909967694,-0.0050927135606121,-1.675152581283542,-0.1165801887523398,0.0221002311579414,0.0126651441340906,1868.5204048465305,1917.6488226594424,1919.6488861230496,1916.305082359646,0.2814022201486437,0.016084037028467,12.027904852897214
18.61,0.0037362960175833,-0.0039101805006393,0.9235099419183048,-0.0043787295898562,-0.0042902293065237,-0.0064394157455822,0.999960476511213,-0.0051394184699955,-0.0040087754139292,-1.6649094972985548,-0.0584980130634728,-0.0683619444571383,0.0042567347845074,1874.557218779426,1950.626112475021,1971.4530515738093,1946.138085537048,0.2482979922554213,-0.0505902542873691,12.028538140161215
18.62,0.0037362964797823,-0.0039248425756416,0.9039462960251718,-0.0050322768603055,-0.0046277277456546,-0.0063907594183245,0.9999562083009288,-0.0059981974249386,-0.0026396666470631,-1.655860631601457,-0.0406704783409335,-0.1391181428472913,0.0022799160502005,1883.380123028509,1997.2117553470428,2045.576930643657,1993.839078979484,0.003988176301107,-0.1356184103126547,13.086820234011547
18.63,0.003736296370671,-0.0039283634036381,0.8836845625348346,-0.0055370377345395,-0.0047987944434808,-0.0063801617711618,0.9999528020465712,-0.0070279237127841,-0.0008402324451606,-1.6433346241168183,-0.0365542569974308,-0.0825617336590169,0.0091813651967162,1925.923306365114,2035.9982435648265,2092.439574810904,2037.898565260244,0.003988176301107,-0.1356184103126547,13.086820234011547
18.64,0.0037362959340934,-0.0039237013516071,0.8634441955275088,-0.0059055524647036,-0.004716222332876,-0.0063233452807616,0.9999514473220456,-0.0082258504927601,0.0012014264068736,-1.625214555050695,0.0008581979464963,0.0897361176191615,0.0211274960183671,2012.236918687668,2061.2067409671736,2094.826691965488,2068.11353697614,0.0966046893769377,0.0172109711147265,13.61146650925475
18.65,0.0037362954264511,-0.0039145791875943,0.8440279620843657,-0.0061315130493012,-0.0043495246885986,-0.0061607679783592,0.9999527644447144,-0.0092935607563554,0.0029940896030689,-1.6009308011907095,0.072424450971042,0.2405145543528446,0.0311683554294856,2108.8671317964463,2087.213240464507,2090.187065283187,2093.7751199903228,0.1853497103258142,-0.1046074218630738,14.309098001211442
18.66,0.003736295032139,-0.0039040032512176,0.8260857322485803,-0.0062176545574436,-0.0037701328534267,-0.0058876380016093,0.9999562303365253,-0.0099146865789522,0.0042152219130495,-1.5725308508500175,0.1184353355530941,0.231646116614527,0.0356862949172504,2162.6893548946955,2128.532037298044,2130.32436895254,2128.3806290481925,0.3810373490245957,-0.2335098649809383,14.847625166931746
18.67,0.003736294832492,-0.0038939117869796,0.8099193224842426,-0.0062058556345154,-0.0031424682135938,-0.0055552548372175,0.999960374911458,-0.0101227673998226,0.0050141413632046,-1.542649266577334,0.082822800569311,0.0601705171723777,0.0364318344129102,2155.1836787644834,2176.7737351531787,2220.469174532388,2174.5798940362342,0.3229213960699095,-0.3317114771603616,15.601137292645696
18.68,0.0037362948182721,-0.0038856844707349,0.7954204714873597,-0.0061725156073642,-0.0026541340260186,-0.0052430095748784,0.9999636825776456,-0.0103159963910492,0.0057847499670455,-1.50849267070393,-0.0161841245599769,-0.131268760678952,0.035611210076433,2123.913913245905,2206.2873303139645,2307.481956333004,2222.9155493974645,-0.0968502390568132,-0.123225673624904,16.615740717183037
18.69,0.0037362949258132,-0.0038809093104859,0.7821740509095187,-0.0061871574271564,-0.0024230440283524,-0.0050182089341631,0.9999653321589212,-0.0108807794380371,0.0067900973654269,-1.460617539256334,-0.0922580951122636,-0.1840330887609843,0.0310301455574805,2120.0995625511105,2206.029377899606,2332.9646508056894,2258.2086716757485,-0.0968502390568132,-0.123225673624904,16.615740717183037
18.7,0.0037362950768632,-0.0038817370357285,0.7696706139507921,-0.0062701420963062,-0.0024398230952318,-0.0049076941136612,0.9999653229586728,-0.0117809335949102,0.0080695536562176,-1.3921737882243217,-0.0725181612996998,-0.0679937755854485,0.0184509396506307,2153.0586520429915,2194.899710258117,2292.6905162344137,2268.876510062719,0.1192552260739217,0.0495102248733385,16.8329141007963
18.71,0.0037362952083418,-0.0038903562232611,0.7575158476461585,-0.0063878294417774,-0.002581910767152,-0.0048947620517808,0.9999642847003436,-0.0125110842703321,0.0095384548204458,-1.3086816900233298,0.0275451328593591,0.099998223666319,-0.0015755138241794,2189.098156719081,2195.5148790819067,2237.1633735625005,2258.2651439066003,0.3514833322222828,-0.0603825599199518,16.82763923103082
18.72,0.0037362952864384,-0.0039075333569518,0.7455409147674016,-0.0064898885955495,-0.0026864418697958,-0.004937025733629,0.9999631443973338,-0.0125129314209556,0.0110213170979163,-1.2247285910408574,0.1153049282941188,0.1779805076648462,-0.0215413890774311,2198.0866833571176,2203.355934465489,2216.916087812589,2246.359894021596,0.2778005602023721,-0.2873141825281652,16.350301941718676
18.73,0.0037362953064056,-0.0039306627886863,0.7337919643383719,-0.0065554907839463,-0.0026318695625136,-0.0049904057125309,0.9999625966274998,-0.0117140599347421,0.0122556761841265,-1.1514878395355772,0.1129289909524877,0.1328387964505041,-0.0330204213460335,2183.8023326033936,2198.9659238739514,2235.9514583419304,2251.282301551637,0.2778005602023721,-0.2873141825281652,16.350301941718676
18.74,0.0037362952833659,-0.003952192950451,0.7224437537356452,-0.0066069278716209,-0.0023813388022165,-0.0050260874124079,0.9999627073920964,-0.0106514549266314,0.0130547743534096,-1.0906870650356173,0.0351022035941518,0.0504360094661421,-0.0344061667310453,2168.6535292498806,2184.161498437641,2259.704231870181,2268.376987551569,0.207895473786646,-0.0304634841970471,16.505503578631266
18.75,0.0037362952402983,-0.0039594396391442,0.7116953470704244,-0.0066792635904411,-0.0019753586710443,-0.0050353724080639,0.9999630645282466,-0.0100054056169499,0.0135712766892344,-1.038480133741637,-0.0318441739046626,0.0250223825981525,-0.0318843186338456,2164.6217701653727,2183.5712392385017,2259.1346109709584,2276.309906325734,0.207895473786646,-0.0304634841970471,16.505503578631266
18.76,0.003736295197988,-0.0039364950862382,0.7016838658120049,-0.0067756715477957,-0.001495266777835,-0.0050247922294934,0.9999633022843338,-0.0100149088257547,0.0143295795710568,-0.9893095107227652,-0.0235341458813577,0.0611920673661631,-0.0327876928226836,2165.667452681151,2207.0948247086108,2237.639333667133,2264.038136688888,0.3582476811870502,-0.1789871497523518,16.257199275251804
18.77,0.0037362951693501,-0.0038681448942376,0.692434803919545,-0.0068503538432995,-0.0010271889322042,-0.0050071936243296,0.9999634721064204,-0.0103848347091283,0.0158251019940064,-0.936018559752768,0.0407172941914834,0.0926590894673966,-0.0383248925467587,2159.940849554373,2229.851997359812,2216.0822935991555,2242.1924386789974,0.3582476811870502,-0.1789871497523518,16.257199275251804
18.78,0.0037362951582935,-0.0037446044222376,0.6838604101675072,-0.0068336044676831,-0.000640237704956,-0.0049939024100529,0.999963975793318,-0.0106967565753835,0.0179907819600347,-0.8723546627979606,0.0893718174636423,0.0747738763904818,-0.043076286926873,2142.540573951449,2219.813432086224,2203.211590658455,2226.115296228353,0.2035936248117503,-0.2568540647810589,16.211961435971944
18.79,0.0037362951618088,-0.0035650167606553,0.6758045537898489,-0.00667626863683,-0.0003754091324718,-0.0049904931973617,0.9999651901354962,-0.0107863863646287,0.0201327378976059,-0.7985473509228074,0.0807203174895224,0.0291163346501798,-0.0417513197177399,2118.7620580725315,2176.517440438515,2189.794520031637,2215.837521742473,0.0998245899553023,-0.2501710355266971,15.762720604652095
18.8,0.0037362951734483,-0.0033378217591556,0.668112769405996,-0.006378717144594,-0.0002397613675589,-0.0049961931621215,0.9999671457282798,-0.010726384317543,0.0215372274749942,-0.7214599171677651,0.0433241024597662,-7.698750985096238e-05,-0.0356176262030501,2098.7569367901788,2132.900966631328,2167.1266406886616,2197.574113913936,0.2043003081703176,-0.0856557999523394,15.450633271944422
18.81,0.0037362951865987,-0.0030777257678099,0.6606966742341945,-0.005987713720453,-0.0002074826155629,-0.0050056647911307,0.9999695233132684,-0.0105870524700571,0.0221732640208585,-0.6473074233483433,0.0327264820367982,-0.0010537064608009,-0.0306868009877427,2088.933975045992,2120.0248605145293,2140.863313065775,2163.695583803668,0.2043003081703176,-0.0856557999523394,15.450633271944422
18.82,0.0037362951966045,-0.0028010957601454,0.65356831947097,-0.0055706404438882,-0.0002309688203972,-0.00501186698022,0.9999718975090358,-0.0103247345357561,0.022705589444206,-0.5772669138977271,0.0598830687306671,0.0094600623105656,-0.0295794785521458,2086.621810732069,2135.3658758980127,2124.4594228087763,2127.957648018062,0.2192606527040814,-0.1422144164336232,15.161193621942642
18.83,0.0037362952015006,-0.0025222143889154,0.6468320021371783,-0.005186894636123,-0.0002595207735454,-0.0050092010164195,0.999973968000257,-0.0098849105056507,0.0237841101785017,-0.5113230166610672,0.0822795721412263,0.0219543359617735,-0.0274992719237458,2082.5550302817824,2148.3096835382767,2123.4195758104306,2114.704568305086,0.1428883391334693,-0.3039011682499476,14.73562381097509
18.84,0.0037362952016368,-0.0022514332498388,0.6406354656772272,-0.0048682181342114,-0.000258707797381,-0.004996438302246,0.999975634266538,-0.0093360651589132,0.0254216498324759,-0.4514875478507592,0.0681661620715346,0.037993448780586,-0.0179562314719258,2070.017592235984,2134.905400173144,2128.0433357066245,2128.5128515889146,0.1428310127804345,-0.2631189886757967,14.736408985763337
18.85,0.0037362951987188,-0.0019947055444607,0.6351028052918234,-0.0046097694915798,-0.0002235289196122,-0.0049786608831812,0.9999769562324258,-0.0088586780055396,0.0270980050207909,-0.3983824321260927,0.0444225800080162,0.0453023524880504,-0.0013412145904259,2052.0622793878592,2101.7213294825115,2121.842610670152,2141.5282385569244,0.1268767969278684,-0.1806163675499097,14.637820038594358
18.86,0.0037362951947781,-0.0017538325921116,0.630285383215087,-0.0043734213705593,-0.0001808998297411,-0.0049669208169658,0.9999780848390456,-0.0086031768753256,0.0283078545845367,-0.3488538966057843,0.0606448170624278,0.0181141039603725,0.0144664020737683,2037.965690771627,2072.7922889626875,2098.51868691027,2121.945688582631,0.1268767969278684,-0.1806163675499097,14.637820038594358
18.87,0.0037362951914192,-0.0015272079973996,0.6261551550858488,-0.0041058852262814,-0.0001795795241687,-0.0049742970179911,0.99997918269676,-0.008566316622902,0.028891699152152,-0.3002495874342369,0.1204802644520601,-0.0469610045240794,0.0221745441753171,2032.5872104841987,2060.086660291846,2069.8148033852785,2072.185269677253,0.0915208685507729,-0.3453533688529202,13.848794894045536
18.88,0.0037362951894758,-0.0013107679441821,0.6226336354895325,-0.0037658686065518,-0.0002690081167333,-0.0050082154921298,0.9999803316295054,-0.0086056360230904,0.0289805682901437,-0.253997638815878,0.1748740482641279,-0.1116452274718139,0.0217339391810546,2031.859622562862,2055.357105778009,2053.031952458886,2026.5087716496232,0.0915208685507729,-0.3453533688529202,13.848794894045536
18.89,0.003736295189034,-0.0010989291045746,0.6196298559251433,-0.0033433052962568,-0.000473731003778,-0.0050613508390046,0.9999814901368508,-0.0085704492340746,0.0288294530789982,-0.2122702974554605,0.1818146818412418,-0.1281881593426606,0.0184673122660357,2028.5886962961044,2046.6544404037263,2051.2285232106724,2010.423850969916,0.0933840162023308,-0.2780250843883396,13.489780899409327
18.9,0.0037362951896801,-0.0008861123082999,0.617067012372973,-0.0028558122373955,-0.0007755027049377,-0.0051060914934241,0.999982585229203,-0.0084172875832838,0.0286951700583067,-0.1738656454516361,0.1510997251983157,-0.088473842126504,0.0169925720696011,2019.492141718432,2031.4590771278465,2050.397823911906,2013.67162540724,0.0933840162023308,-0.2780250843883396,13.489780899409327
18.91,0.003736295190813,-0.0006696403398187,0.6148936699552596,-0.0023254904419205,-0.0011153465092221,-0.0050984056906441,0.9999836770446718,-0.0082067339792059,0.0287051687147523,-0.1361346890237945,0.1243470988287793,-0.0318578158927003,0.0184271073233209,2005.8248368138889,2012.9686435378644,2036.3626843331333,2006.2921929014133,0.11035382367414,-0.1276950805649803,13.40319
18.92,0.0037362951919008,-0.0004532096627726,0.6130832783430793,-0.0017571406541658,-0.0014180180038251,-0.004993952528459,0.999984980947117,-0.0080121140046585,0.0287507494893198,-0.0990294816712266,0.126015966710295,-0.0039129620684271,0.0214721285576003,1989.2679174927332,1992.5492961588388,2009.3275051462172,1972.7341726963607,0.1516359555912121,-0.2295812208608098,13.09219
18.93,0.0037362951926208,-0.0002483477765553,0.6116277369951235,-0.0011387957275471,-0.0016259174674916,-0.0047720875860721,0.9999866432691742,-0.0078515365765891,0.0285507351686195,-0.064637418338913,0.1447729941957014,-0.0144298578344805,0.0237250079405273,1969.241069672704,1969.785987875417,1980.1553647183475,1924.7928900456927,0.1036942577236473,-0.250713982288866,12.74419
18.94,0.0037362951928837,-7.18242165877559e-05,0.6105323881989693,-0.0004647534317642,-0.0017220405875609,-0.0044552066214561,0.9999884847909112,-0.0076994787517083,0.0278792484046016,-0.0336041937090525,0.1560644582472007,-0.0376280281495127,0.0224383644383309,1945.2181033549416,1946.1841968719957,1956.5402567338904,1885.4247837335831,0.1036942577236473,-0.250713982288866,12.74419
18.95,0.0037362951927753,6.017960995469883e-05,0.6098150793807271,0.0002417550798584,-0.0017298915034276,-0.0041085930621192,0.9999900341968002,-0.0075469049143486,0.0267285300853072,-0.0039802661228524,0.1498481501476698,-0.0459439821390788,0.0162454355476669,1919.5279751712344,1925.0335553820432,1936.324216452096,1865.702191723061,0.0799999999999999,-0.2189705118141439,12.110587532033936
18.96,0.0037362951924659,0.0001380346148164,0.6095002404907762,0.0009304191886266,-0.0016942926681942,-0.0038153238335534,0.9999908534564368,-0.0074576090610973,0.025239844587009,0.0264962911093801,0.1328763974940013,-0.0372013505480617,0.0071696575047313,1893.0166034322344,1906.836103678308,1913.229681771873,1856.48857100424,0.0799999999999999,-0.2189705118141439,12.110587532033936
18.97,0.0037362951921257,0.0001620035875305,0.6095958574081788,0.0015513000850811,-0.0016568887262647,-0.0036376777863527,0.9999908077018096,-0.0075652970864171,0.0235301093731026,0.0581228832014092,0.112925997889048,-0.0314457281554465,0.0001852317765382,1858.2408348991264,1886.344611343677,1885.610066450355,1837.679775398928,0.1139999999999999,-0.2438908257046438,11.76372015398348
18.98,0.003736295191872,0.0001423375383275,0.6100571121423145,0.0020862364893585,-0.0016391811831587,-0.0035868394991451,0.999990047592858,-0.0079711801446227,0.0216436496435207,0.0895907488493777,0.0904235344019342,-0.0473708209912242,-0.0005570681479095,1804.4973864612,1856.9044203856613,1857.252425855716,1795.1775925222123,0.074,-0.2155379053519023,11.378371690512507
18.99,0.0037362951917519,9.719836262997942e-05,0.6107607632587315,0.0025614932840503,-0.001638946630478,-0.0036173065651533,0.9999888337873136,-0.0086107068952961,0.0196370746294376,0.1201220839727509,0.0643744710920016,-0.0833545649826173,0.0041928218078101,1733.134877379869,1818.6870452616467,1830.8023255361095,1732.9935449536365,0.057,-0.2037109812329652,10.75525201993078
