t,x,y,z,qx,qy,qz,qw,vx,vy,vz,wx,wy,wz,m1_rads,m2_rads,m3_rads,m4_rads,ax_body,ay_body,az_body
3.9081493889045906e-17,0.0387784508323433,0.039599909723903,0.5723547289057316,0.0088401951735089,0.001104522886023,0.0008288655912956,0.9999599711790068,-0.0053842967572731,0.0172569693218169,0.0235434669548984,0.0623916221092292,0.0403157794430205,-0.038750905821517,1745.3252094148704,1689.4547985907504,1727.8742328890205,1694.7186460587827,0.0362221795115533,-0.0480368391211725,9.55891237180772
0.0100000000000002,0.0387519322224519,0.0395997128449542,0.5728519504544873,0.0094299641280698,0.0020664228036677,0.0008277964698692,0.9999530591114486,-0.0021335410831065,0.0132959874974354,0.0260294173652753,0.0749005858317935,0.0352058566507768,-0.0250404441154045,1755.7005698847745,1645.6161710589986,1715.8211839879857,1734.7700910871724,0.0074739044516375,-0.0425185267831814,9.648553645585045
0.02,0.038725273489911,0.039609526528151,0.5732034355815615,0.0101021384019716,0.0023065303545139,0.0008104429595891,0.9999459834909286,4.453639148660916e-05,0.0099416020448821,0.0242787118530912,0.1237057077754581,-0.095137226282028,-0.0187843246263052,1761.9291880577498,1622.4237970661663,1707.4906615619016,1755.0770036722186,0.0307364143413928,0.0137389335766012,9.665374875846132
0.0300000000000002,0.0387068711933612,0.0396320646470157,0.5733119525074133,0.0109112200114207,0.0015234683558926,0.0007759282294698,0.999939009268772,0.0009340639796718,0.0073033625009343,0.0188945545707599,0.2020862938980893,-0.3114730982809133,-0.0185678039715067,1751.1993426716945,1648.434815394544,1725.916506632443,1736.341111893482,0.100793484846697,0.0421436313032871,9.70094424496157
0.04,0.038714282327942,0.0396603452532939,0.5731545900372826,0.0118600937626702,9.142052031497102e-07,0.0007460483976731,0.9999293883004404,0.0010923449720173,0.0050580365402525,0.0145991455246313,0.2623892954083184,-0.3913113819741736,-0.0156260678526842,1713.2687004746444,1733.0904322791948,1789.2852544036327,1677.710137323783,0.0933986061192393,0.0127150871922753,9.76589627238753
0.0500000000000003,0.0387718086849517,0.0396772303398697,0.5727798594055185,0.0128881083146027,-0.0013874224021814,0.0007605104814093,0.9999156931196532,0.0011755479496324,0.0027667010648312,0.0149384786921349,0.2603131376897719,-0.0933615280646016,-0.0043656273648963,1661.5255600919622,1837.1581100316944,1874.4149262522883,1610.2099890403788,-0.0624006817816145,-0.0283878671352156,9.944999473102689
0.06,0.0389045423216472,0.0396588217920013,0.5722861365384192,0.0138862286513727,-0.0014121501922423,0.0008598330951506,0.9999022148053904,0.0014941503411965,2.795654596877701e-05,0.0190262231646144,0.1953322830347082,0.6236593101260309,0.010237061475803,1631.8031522837214,1895.0246360685735,1927.3036037525756,1577.3035723398586,-0.3934706978186592,-0.0590850866163784,10.435193753764118
0.0699999999999998,0.0391312752949593,0.0395813456394868,0.5717934976907171,0.0147367161235627,0.0011084316323843,0.0010624862031808,0.9998902298253932,0.0022161515348365,-0.0033424092366501,0.023908623795812,0.1091111517764678,1.5318243479348144,0.017211351429197,1650.7300671500752,1874.1988557334223,1914.826292865012,1598.5183331052713,-0.4484745209332716,-0.0917862208733999,10.468513646637303
0.0800000000000001,0.0394595738264781,0.0394296703734775,0.5714119974503807,0.0153572185826971,0.0068981964070606,0.0013490450587627,0.999857365228242,0.0038841190305644,-0.0069930690176743,0.0284505405214471,0.0488347573758044,2.289586610812361,0.0111037962870969,1708.0580454364926,1801.7754243701727,1854.5481057798931,1656.380932469369,-0.2248323587255096,-0.0587678030385929,10.306335856738608
0.0899999999999999,0.0398856586738702,0.0392042633367195,0.5712084334529418,0.015727064175147,0.0159955443826192,0.001665872950042,0.9997469814306262,0.0075973097182986,-0.0100766882102886,0.0334874950542949,0.0331441420240648,2.682096890087736,-0.0023093294297684,1764.6395849378205,1732.5637624345002,1793.6227530964402,1714.918373056784,-0.0629258183730718,-0.0059931551096492,10.232868150209594
0.1000000000000001,0.0403997882868588,0.0389231693127883,0.5711837748672751,0.015885173598441,0.0278173290654269,0.0019498976006441,0.9994848950148072,0.0145149706544884,-0.0119667593348891,0.0392858863365929,0.0476294570379678,2.7423719260659585,-0.0115460741035517,1785.9178247664074,1704.3542092508435,1768.83338936899,1745.417150392787,-0.0579624906413421,0.0233906594061841,10.188435465901092
0.1100000000000003,0.0409956501626634,0.0386172504228188,0.5712764767165183,0.0159036932651207,0.0414684558972017,0.0021599227108503,0.9990108980586316,0.0251362560712841,-0.0130049754918908,0.0447138686956391,0.0644677117303065,2.681322105085952,-0.0097761495625492,1769.2479781633435,1721.0732253923663,1784.4014698143262,1742.1019721427488,0.0356014227607349,0.0268906841619079,10.061914078638456
0.1200000000000001,0.0416803765052285,0.0383198915142925,0.5713923698811516,0.015852259197245,0.056117994556027,0.002293116047609,0.9982956566990288,0.0392779377210013,-0.0143552808430204,0.0487786350472452,0.0631130713609536,2.711246444490628,-0.000543026926614,1743.8525181806765,1760.1900291311476,1816.468177264501,1723.449970475585,0.0823105272163335,0.0004748066287276,10.107125657068286
0.1299999999999999,0.0424806026652505,0.038054908356944,0.5714437488027744,0.0157717984276206,0.0712418584260371,0.0023762050361917,0.997331540477884,0.0568562470921237,-0.0169944441762572,0.0515017811560897,0.0385942177938804,2.9009932587636937,0.0053053212172085,1743.2606648906335,1790.6344418787053,1837.010436079407,1716.2655345142068,-0.0896282813190831,-0.0039093177929958,10.326525138909126
0.1400000000000001,0.0434409145101439,0.0378273128607205,0.5713774238348752,0.0156701857993412,0.086635948161028,0.0024401507537781,0.9961138004402672,0.0783986375273323,-0.0207766179332802,0.0528866580750899,0.0005234469407995,3.156800699594992,-0.0009641961150937,1775.2470120256737,1794.5275718399594,1837.2941204807785,1733.3349782099554,-0.143901364959651,0.0396701955714583,10.43816756566238
0.1499999999999999,0.044614829069357,0.0376208737059575,0.5711840454848958,0.0155384713867744,0.10225467836173,0.0024978742773634,0.994633750324307,0.1045428401700094,-0.0244211178571912,0.0522184973120157,-0.0324747588497,3.3233160939098285,-0.0174588032392359,1820.6411767748425,1779.4012315163577,1829.246576402007,1767.6466616868709,-0.0131799339796518,-0.0906513903033148,10.59875995250748
0.1600000000000001,0.0460527525727211,0.0374040616685318,0.5708938230933106,0.0153738058822416,0.1180217911925381,0.002539171112084,0.99288874276349,0.1351869613735033,-0.0265815954352839,0.0494047574738694,-0.0440582120926881,3.310173266297445,-0.0320244334666701,1858.1041719792536,1770.0874452729695,1829.331896167539,1805.458202528424,0.0281086548629083,-0.0698543627293134,10.78551879455177
0.1699999999999999,0.0477927436926376,0.037142223874714,0.5705663268416973,0.0151907931506602,0.1337409285919673,0.0025413566164986,0.9908966370562372,0.1693198570457635,-0.0272164288817458,0.0464507085974843,-0.0334821424190916,3.148132910471682,-0.032832346754903,1881.2815979018055,1787.8070671491064,1847.2264208621116,1837.4410048065547,0.0601022554531529,0.0816163492447392,11.082852694434113
0.1800000000000002,0.0498577563330444,0.036810568527809,0.5702782514992142,0.0150109018503625,0.1491384644012692,0.0024832644705715,0.9886992589555428,0.2056194396263848,-0.027809974417571,0.0464561892210676,-0.0183044754530513,2.9525285180485947,-0.0201455766949518,1894.899685829528,1833.193718107632,1883.7748435928768,1859.9692109916607,0.16747841654281,0.0631442913146637,11.278526250116489
0.1899999999999999,0.0522594422372518,0.0364022398430976,0.5701106616206892,0.0148375323362976,0.1639789629962986,0.0023542270977384,0.9863494334887613,0.2432226342319365,-0.0299217260864776,0.0511915808899227,-0.0201726674871864,2.834896442548024,-0.0071192104612862,1906.8767957387315,1885.8900479472716,1929.329416259956,1876.195510884348,0.1849756155501896,0.0253977282153511,11.55236997386914
0.2000000000000002,0.0550057960427706,0.0359287178926806,0.5701363942360813,0.0146393651536792,0.1781596684945967,0.0021610557642387,0.983890314693552,0.2822599024745673,-0.0336137098814463,0.0603771637658173,-0.0453057926011823,2.825198621522823,-0.0077432935973,1925.3378833818424,1921.8864083405576,1966.4997421818955,1896.2046380947197,0.0190201708877459,0.0039448090912493,12.03749985701685
0.21,0.0581091603917097,0.0354136827598529,0.5704068823726226,0.0143604446626504,0.1917219080909755,0.0019374630100002,0.9813423122560913,0.3239885091790412,-0.0375843361581005,0.0728932011240199,-0.078602540054475,2.860786751508322,-0.0239389879557935,1953.5128300984184,1933.083963030475,1983.1765192757805,1927.4484939328167,-0.0036259193585976,-0.1062006323966853,12.309848128814886
0.2200000000000002,0.0615922932401391,0.0348838471819769,0.570939382102331,0.0139529082460978,0.2047826940202577,0.0017480281688833,0.9787064467851442,0.3702819128352728,-0.0406677568388755,0.0875569419136615,-0.0978215619028947,2.851664800323003,-0.0446575729759897,1984.8245511052648,1930.750333058249,1983.3191560764303,1963.526763823389,0.0011609700479651,-0.1532862701111397,12.540913189542618
0.23,0.0654916809120342,0.0343604065490939,0.5717113427023026,0.0134084696488104,0.2174417931786005,0.0016676095036235,0.9759797634169958,0.4225217324261007,-0.0428837666507394,0.1028951256820679,-0.0947250412594442,2.761843237388981,-0.056506998619388,2007.6549077793625,1932.8879254750948,1982.0123422214967,1988.560477384005,-0.0104473426064828,0.0536540238096459,12.909615209403476
0.2400000000000002,0.0698575451292705,0.0338535311758594,0.5726696174523984,0.0127648388310535,0.229725584054557,0.0017239433670745,0.9731702024515944,0.4806860301959594,-0.0451374123164565,0.1174071012586548,-0.0825252037743055,2.6299481961290234,-0.0548620021980037,2016.166174728903,1948.5820201784124,1990.8674162231089,1994.8052864115452,-0.0168788524778875,0.1264122328904154,13.034426083560977
0.25,0.0747498102116442,0.0333608276268653,0.5737530791153276,0.0120812197513901,0.2415924565565564,0.0018204757207209,0.9703008888651176,0.5434967112846942,-0.0481352982793394,0.1304604395390103,-0.081689120097559,2.5161578124313984,-0.0466606393587959,2014.4880636975893,1969.9599360427085,2008.5194397471817,1991.679918867942,0.0886170707673938,0.026859721424692,12.915885647768553
0.2600000000000003,0.0802303552758904,0.0328695363079735,0.574916902077054,0.0113999144025604,0.2529781041054786,0.0016932612372848,0.9674033562383346,0.6094277779790023,-0.0515624307504387,0.1423182113601916,-0.0983335317425706,2.437134212200523,-0.0438122359333011,2010.4325820071424,1978.9765298374805,2023.4568115293405,1993.646279110496,-0.0288927205462377,0.0485420560498557,13.100755387976449
0.2700000000000001,0.0863538393836889,0.0323615137430446,0.5761461594351219,0.0107226816552824,0.2638379338839099,0.000965320677676,0.96450693978736,0.6774751782272871,-0.05425440503666,0.1530671613290021,-0.1183495797003744,2.356962110754272,-0.0519245880505635,2007.202647890624,1966.5371438188724,2025.2491596021864,2001.6979307785575,-0.132340363302756,0.0463092399184394,13.195904701786803
0.2800000000000003,0.0931603204322095,0.0318195995748902,0.5774542403111285,0.0100195003696209,0.2741586657808609,-0.0006844672375136,0.961632033105284,0.7470447778310874,-0.0552380733567566,0.1620989868487506,-0.1240154843124271,2.2356675661304184,-0.062854068494557,2002.1639869358823,1943.888818314536,2012.437453725332,2003.41737128668,0.0410671293229709,0.0535401213542761,12.907925405052302
0.2900000000000001,0.1006720288766739,0.0312336370366043,0.5788694342212509,0.0092616400626083,0.283942483123957,-0.0033038784745408,0.9587908910121004,0.8174760146260752,-0.0546183100660813,0.1690000401412952,-0.1143743332128911,2.0730049863158366,-0.0585303968299013,1991.5661122541849,1930.9251000283325,1990.167016608652,1992.0070238551443,-0.034211421085879,0.1196182863315403,12.780010435063913
0.3000000000000003,0.1088950100031718,0.0306043118704397,0.5804165212081471,0.0084532097748538,0.2931862943267359,-0.0065241370335129,0.9559956985778896,0.8880379271922132,-0.053474644656885,0.1744035317103782,-0.1062102644197938,1.900360747413248,-0.0246516330759152,1973.915228720735,1935.3663319921388,1963.6808497410875,1977.1235227658617,-0.1120855445092594,-0.0432802843813791,12.629102172513925
0.3100000000000001,0.1178248789106411,0.0299434793076215,0.5821007248566462,0.007639023664736,0.3018736753120941,-0.0095973442771938,0.9532690178820684,0.9584076684262006,-0.0530208124256233,0.1792031493578892,-0.1155458345824724,1.742467753013488,0.0362855460538644,1950.2595956650653,1947.003025014661,1935.789914456632,1972.0864496725349,-0.086977976038848,-0.0936909862981682,12.382645287129511
0.3199999999999999,0.1274546744904177,0.0292708964921256,0.5839003559385469,0.0068852095318099,0.3099776832850412,-0.0116359696340173,0.950647691821538,1.0289049045955403,-0.0538365432337682,0.1828982008480331,-0.1414941764996727,1.5979025013951351,0.1030345701464796,1924.5253889423636,1949.5384221381505,1908.3726446366743,1975.9506439197132,-0.137354622960947,0.0355256367973214,12.25456170137396
0.3300000000000001,0.1377817811398236,0.0286086249669017,0.5857710609719643,0.0062467456581259,0.3174592585553754,-0.0119656372378792,0.9481758385719632,1.1000548881770762,-0.0556408333321284,0.183298969855943,-0.1686097622219388,1.4495158537627948,0.1471279493468497,1903.0043617666408,1934.243548603717,1884.1923191048356,1974.0917184547588,-0.1753352241612322,0.1154100951241987,11.975514844265016
0.3399999999999999,0.148810780331494,0.0279750152506676,0.5876588498401907,0.0057414150280684,0.3242521621705859,-0.010427242928128,0.9458957892316116,1.1718941008471218,-0.0576154500107375,0.1783092486417427,-0.181737380273962,1.2796706162119789,0.1505850958088937,1890.8231646031852,1903.4974304617408,1866.1038445593624,1954.7642499693864,-0.085534004154046,0.0207628686603727,11.558862448940138
0.3500000000000001,0.1605504931275405,0.0273801649545059,0.5895142101210952,0.0053419219903547,0.3302441597965235,-0.0074770885922688,0.9438508102109784,1.2437821655070518,-0.0590165207250128,0.167973318702249,-0.177454394469208,1.072759846118485,0.1160568205229321,1888.609262371268,1864.919696068692,1853.934342881748,1921.0177345170357,-0.055215054526573,-0.0251683574082727,11.20127411269089
0.3600000000000004,0.1730060159241349,0.0268243586996087,0.5912995339980998,0.0049858052648647,0.3352731851573604,-0.0040327338836194,0.9420991296661532,1.3149537975131975,-0.0596500512607826,0.1544832933918953,-0.1640938642506679,0.8136271207348217,0.06065281968109,1891.9797480390305,1824.564339885016,1844.069023112449,1885.7494832630864,-0.1518335088083882,0.0494565097043389,11.130116218411686
0.3700000000000001,0.1861691374901681,0.0263000256189335,0.5929873043904766,0.0045958545437576,0.3391464167472556,-0.0011297996396251,0.9407216961893052,1.3851706451407992,-0.0598980465174791,0.1400273213156596,-0.1527122629044035,0.4966983254352761,0.001666364970068,1892.2431907343373,1785.7923076458574,1833.272946850357,1857.89474072758,-0.1828718926129502,0.1354585232242477,10.783214274764184
0.3799999999999999,0.200011996781755,0.0257962511357627,0.5945530403622032,0.0041041932329844,0.3416735497686571,0.0004735677922318,0.9398096172735932,1.454634504551353,-0.0603309591474686,0.1248062254822427,-0.14665282455313,0.1396105789520824,-0.0491965729387513,1880.0816749012208,1751.9038527705293,1820.0341902326609,1836.7056716692232,-0.1414619399041372,0.124620149043853,10.38880722961548
0.3900000000000002,0.2144880979109736,0.025303757760002,0.5959697998818339,0.0034750481775298,0.3426991887991345,0.0005878969577112,0.9394385793726728,1.5231608727668824,-0.0611863770086753,0.1073566588444572,-0.1390248607640316,-0.222132245618765,-0.08133750855336,1853.9365517346728,1726.3622896489876,1801.613908235712,1818.5574512194837,-0.0917809314558608,0.0674781886889108,10.087339185869205
0.3999999999999999,0.2295414510257473,0.0248182438108323,0.5972084415976299,0.0027197825905003,0.3421226431262882,-0.0003534875397116,0.93965130494748,1.5895627957796783,-0.0620521762740744,0.0866036739507527,-0.1219784509893185,-0.5635182304440923,-0.0849721208412972,1823.980611380637,1709.6215725582565,1774.7003249871404,1803.4836836977036,-0.1621781839000453,0.0940824337458352,9.767538004452677
0.4100000000000002,0.2451202992990988,0.024340884527592,0.5982428484769459,0.0018968073227806,0.3398993173200789,-0.0015210111164018,0.9404586874140236,1.6521453584675312,-0.0620510078421003,0.063081750054979,-0.0988747160141169,-0.8910051140724429,-0.0606569948973564,1802.4592856253405,1697.4610297483148,1740.8234894090706,1791.690765928914,-0.2450685287613856,0.0933387635485996,9.502437190927914
0.42,0.261189485322854,0.0238760931701159,0.5990563116958988,0.0010940892352769,0.3360255905994048,-0.0020956693420679,0.9418498891018012,1.7101164209307858,-0.0605257732321871,0.0380131797252408,-0.0842930725749455,-1.2297483758003576,-0.0253232889552745,1789.6244027433586,1683.978626876842,1707.9261220281555,1778.0029959191666,-0.2350575843262827,0.0491597028300085,9.247585741790576
0.4300000000000002,0.2777362369597099,0.0234278247703502,0.5996456632333681,0.0004011827793437,0.3305183353184571,-0.0016459974195179,0.943798050306944,1.7645667667250002,-0.0576929912181438,0.0118240818442467,-0.0887030751018603,-1.5918548624238298,-0.003043436220303,1773.8076368068373,1666.55377594073,1686.0267671898405,1755.4100907745951,-0.2424460802735382,0.0078930337813565,9.112164012696311
0.44,0.2947670516020947,0.0229964164139881,0.6000212579742907,-0.0001174371176901,0.323404007876182,-0.0002823237629694,0.9462609334593912,1.8177540494748612,-0.0546001701167808,-0.015708531582025,-0.1035256384613592,-1.961552712942737,-0.0075279681263411,1747.022336118348,1647.968285857337,1681.9178933417388,1723.60282000925,-0.3293393623348839,0.0406820962146632,8.934984965156037
0.4500000000000002,0.3122972872252289,0.022577849008204,0.6002016860099889,-0.0004402676226445,0.3147245457275544,0.0014674128939777,0.949181812499799,1.8710905574498544,-0.0523722008378138,-0.0439975935955513,-0.1054180394846707,-2.309345170303561,-0.0328340749398309,1716.17181202084,1633.970284520497,1694.1818184084375,1690.7039849560265,-0.3461568646192603,-0.0049753204329217,8.733277771109972
0.46,0.3303389771218173,0.0221661193981808,0.6002035692981875,-0.0005969107875333,0.3045534429004038,0.0029624636186866,0.9524904555555032,1.9238109383730155,-0.0514156330561144,-0.0711561423887764,-0.0791801474077668,-2.6151890397373423,-0.0598844099791191,1694.979041078008,1628.6686924842393,1711.0096985894031,1666.1451303629112,-0.3894734338370478,0.0120665815843789,8.676540423351005
0.4700000000000002,0.3488939684116564,0.0217574368418955,0.600030379036243,-0.0006644180897544,0.2930069927323917,0.0037642431136851,0.956102657266626,1.9737011087014156,-0.051181795050007,-0.095364659158183,-0.0362319967752489,-2.8776511763709385,-0.072285860573948,1687.4589229271346,1631.7219179881963,1717.6795251020148,1652.7345914288564,-0.4187991601951144,0.0146908712520493,8.691191415325157
0.48,0.3679563769818557,0.0213535124144649,0.599667047684365,-0.0007452253420487,0.280238312494944,0.0038188904310515,0.9599225744428824,2.019118849855001,-0.0506004905807623,-0.1164045059229454,-0.0067740254068676,-3.105496600302483,-0.0686139249552282,1684.3624073870546,1639.582876588229,1710.5512759139124,1645.7495847928014,-0.4486686457789828,0.0333717275343237,8.707158519872957
0.4900000000000002,0.3875214897206356,0.020961668717234,0.5990848349977496,-0.0009246056750071,0.2664124858986448,0.003456803308048,0.9638524695058572,2.060439991192708,-0.0489153721696653,-0.135519034134423,-0.0110281163683058,-3.3045066381570574,-0.0616476390826291,1675.8169772538888,1648.89602201435,1701.5138554407024,1639.7058769815494,-0.5291649876206468,0.0272302676940873,8.745248972127538
0.5,0.4075925835681502,0.0205915824419955,0.5982541306453913,-0.0012211805741799,0.2516731078825148,0.0032553749120479,0.9678060539286492,2.0998713197871783,-0.0463229516508127,-0.1539086617923762,-0.0389790134222069,-3.473638651317488,-0.0649138810113175,1663.1245851392837,1658.0759616110238,1705.7248952507166,1634.927955332047,-0.611930730052801,-0.0156354860532915,8.789398966328296
0.5100000000000002,0.4281775198608624,0.0202503311029106,0.5971576846127574,-0.0015585025898658,0.2361159805296716,0.0038457753510516,0.9717160206666032,2.139856236770942,-0.0437496866782389,-0.1715937835922737,-0.060130680586924,-3.613148093033151,-0.0789682695982579,1656.0019669728306,1666.939376036968,1726.6669079243422,1635.5091769315557,-0.6817699487787077,0.0089641190994749,8.921086958303402
0.52,0.4492732868814022,0.019937760648915,0.5957974355159384,-0.0017846553004964,0.2197810941730616,0.0057026025303961,0.9755309149247556,2.1810762441507494,-0.0418221434117682,-0.1876595795755419,-0.0530220432156045,-3.7329647018062095,-0.0931282200586706,1661.100619045007,1676.910114756903,1755.3067721199411,1641.370718794433,-0.6687439194238625,0.0269325225186333,9.109554650232052
0.5300000000000002,0.4708442012271087,0.0196435769248154,0.5941928184483452,-0.0017440016826119,0.2026637464963278,0.0089171082021825,0.9792062344039246,2.221465883745423,-0.0401032357873626,-0.2013133394125306,-0.024225734740636,-3.8482045446378663,-0.1030787915646043,1677.2288021566765,1690.5097624336436,1782.0835103103973,1645.3863442686927,-0.7342978880483955,0.0111080415922365,9.309419132207966
0.54,0.4928038092280514,0.0193471181984404,0.5923725809048537,-0.0013700851796032,0.1847375680571412,0.0130037125804083,0.9827008991926588,2.2573874190483054,-0.0375879382388745,-0.212412623666244,0.0007711580675281,-3.964197825911579,-0.1234400697835315,1700.4694312290635,1708.801287848854,1807.3481631643272,1639.6661173630223,-0.7295287127530226,0.0433481575694011,9.480101608664556
0.5500000000000003,0.5150101352537038,0.0190205268655276,0.5903633414572456,-0.0007460749333767,0.165980265340864,0.0168807801838273,0.9859842971112448,2.286369351586328,-0.0340336622867094,-0.2207798432062923,0.0026587052054949,-4.067252914436864,-0.175489360152098,1728.226791847964,1730.857031319805,1839.710436173449,1624.0606344287935,-0.8364294670585695,0.0074244829533425,9.792092671119336
0.56,0.5372792070818948,0.0186353849370812,0.5881773424354604,-9.11365703501213e-05,0.1463960573378937,0.0191552428048351,0.989040576904271,2.308614379037885,-0.0306297242844979,-0.2253101316073477,-0.0171776142292903,-4.133299909097824,-0.2588193681161504,1757.3165160121357,1756.2944461606362,1883.4996844271363,1609.287207188218,-0.8631477788478348,-0.0330329531378637,10.09148687914606
0.5699999999999998,0.5594146317881145,0.0181716399918886,0.5858016211261583,0.0003260744499321,0.1260339805407515,0.0186650539487083,0.9918502634902095,2.3251377129169017,-0.0291965675216298,-0.2247963155663686,-0.0442349177681772,-4.150288797295516,-0.3384332118721592,1782.9674359172782,1785.5033156223642,1928.5326025612692,1612.4758439751497,-0.9610278302061396,-0.0003355531010321,10.569427541407974
0.5800000000000001,0.5812446367320371,0.0176260882485126,0.5831927468998528,0.0003020205666137,0.1050035475476591,0.0150232533401892,0.994358318537669,2.3347754712556386,-0.0306555089843942,-0.2202332341653233,-0.066589049139317,-4.134410275158693,-0.3649243843844675,1800.7539350659704,1818.333845318582,1957.3253769535283,1646.2137991313743,-1.0644241579578904,-0.0112324720085532,10.988839425509331
0.5899999999999999,0.6026548080546451,0.0170166268190102,0.5802833441839125,-0.0002179965906971,0.0834844893778258,0.0088544221972676,0.996469714400976,2.334698065774685,-0.0341486266246475,-0.2149061274039395,-0.0794825087016488,-4.117742647355824,-0.3107257371770241,1806.753685728352,1857.3414926605749,1965.861595670021,1706.7162016027162,-1.1353469538854943,0.0113069023621253,11.591184827460992
0.6000000000000001,0.6236053065143976,0.0163794169816858,0.5770041401794594,-0.001124872600589,0.0617207428498251,0.0015761947313474,0.9980915790516756,2.324394157074299,-0.0375764066744086,-0.2103959604639702,-0.0791038763741751,-4.110890368174488,-0.1912475263448236,1798.9461306459727,1909.6600622205,1972.451479407233,1772.3486250474307,-1.1336259853925827,0.0654737147415668,12.07033224787208
0.6100000000000003,0.6441262776760373,0.0157594119723612,0.5733179034469522,-0.0021976588288056,0.0399918384701024,-0.0051484476818265,0.9991843256566432,2.3074023232320635,-0.0391509607018605,-0.2038523105311941,-0.061146453423634,-4.08277662650435,-0.0560888439917239,1784.729448299232,1976.2859555439204,1998.6131231232505,1819.1137272909584,-1.2288638088143429,0.0828583803765233,12.258442304154624
0.6200000000000001,0.6642942414184498,0.0151981814746224,0.5692562617020117,-0.0031867266552775,0.0185661755731268,-0.0099649215135023,0.9997728953302556,2.287895372005983,-0.038596862634712,-0.1922322674000354,-0.0288753771398906,-3.994871695395672,0.0422009823763125,1784.1701625725696,2039.9928924085184,2041.69456696164,1842.3013135370804,-1.2029797132613225,-0.0210410168422766,12.729275252000484
0.6300000000000003,0.6842003934197477,0.0147236627786671,0.5649500307938022,-0.0038847140707164,-0.0023513505314831,-0.0121083270395293,0.9999163807856988,2.266787291967689,-0.0368967656503005,-0.1780324180223818,0.003354812825357,-3.860723987390855,0.0812474584281139,1814.9159477946228,2077.3164848620013,2076.394629693973,1860.50721683758,-1.3663553769677936,0.0313488571997859,13.527411392024842
0.6400000000000001,0.703922203803314,0.0143442738367677,0.5606412962739996,-0.0041634749168869,-0.0226627096308895,-0.0113918643894216,0.999669591662433,2.24239739501919,-0.0350656092118965,-0.1661486512297232,0.0212156438122561,-3.750320569936876,0.0792880533590301,1869.4727287574497,2088.803200538733,2089.790243371729,1891.8120904231905,-1.3271715968703743,0.0509946817850665,14.046252692123623
0.6499999999999999,0.7235030586950387,0.0140476317285626,0.5566605963841516,-0.0039855806775505,-0.0423837770026581,-0.0080974964455952,0.9990606393732891,2.213709773276409,-0.0334625556601482,-0.1547487009089543,0.0239365836347033,-3.7105489487882735,0.071644403833747,1916.50971414544,2104.8431565889696,2104.043458240316,1927.8843725306008,-1.279749881731579,-0.002589386971666,14.240544098150991
0.6600000000000001,0.7429390826649621,0.0138039261567953,0.5533606299210586,-0.0034147501982235,-0.0616046892733079,-0.0029483064735359,0.9980904313886396,2.1811772793228323,-0.03224790368963,-0.134213678875371,0.020957102953757,-3.691409486267452,0.0730697760379834,1935.449165595312,2148.239656094476,2148.307777624342,1943.400102231761,-1.2276910043978446,0.0542655814401519,14.353620794088563
0.6699999999999999,0.7621721574519708,0.0135744799003075,0.5510245872844314,-0.0026302253132727,-0.0804196749793356,0.002862256444897,0.9967535127999616,2.144744531877416,-0.0320427621888539,-0.0973598245226737,0.0140811430778114,-3.5939102806803342,0.0642024309777378,1944.7670361313408,2197.894895775804,2213.4082982263963,1932.9937321738928,-1.2814656588262778,0.0694988103168671,15.056812889078271
0.6800000000000002,0.7810894446015632,0.0133247667105238,0.5497892190999687,-0.0019231955291601,-0.0988727470366475,0.0077468085211834,0.9950680721287966,2.102846616390244,-0.0335826216980276,-0.0477833640229498,-0.0096987116961005,-3.409126432116876,0.0175054802470124,1979.5466189253611,2207.3492870755563,2256.0666241045383,1922.4721832961548,-1.4426786457146452,0.0802247727843351,15.433531222216477
0.69,0.7995291435875677,0.0130380029555256,0.549616319845598,-0.0016395159370652,-0.1169567652195113,0.0100503120551532,0.9930847991407754,2.053705612391985,-0.0363596780478262,0.0038928027791264,-0.0599921606862416,-3.2671701896633043,-0.065352543072041,2038.9765279838705,2162.601136919019,2252.1529758623283,1933.6741572767808,-1.453059767899228,0.074038955073659,15.428094150611871
0.7000000000000002,0.8172935421104953,0.0127230331109269,0.5503197625691751,-0.0020579516759951,-0.1346543913621209,0.0086043013058017,0.9908531302472808,1.9967478484564165,-0.0376905364642153,0.0504298995224767,-0.1197281852507318,-3.2983583353895787,-0.145048120845347,2075.042943052603,2106.5601447381914,2226.0718045499225,1953.282634181127,-1.1985431385263865,0.0243904192873612,15.43695512880174
0.71,0.8341757957996407,0.0124114813492504,0.5516350938853636,-0.003244262431715,-0.1519772516694232,0.0032880437455721,0.988373197989813,1.9330482273318932,-0.0338465057029897,0.0933668246806339,-0.1479605045158931,-3.461536968883961,-0.1725649292812582,2045.0127354781991,2093.332438282969,2215.550201539197,1953.2354540991792,-1.0420756357156715,-0.0062370836571692,15.280479797582773
0.7200000000000002,0.850009676444255,0.0121441878088256,0.5533155444250313,-0.0049605965482021,-0.1689776051511489,-0.0047281428855045,0.9855960664004918,1.865546502033506,-0.0231129371201392,0.1391060518189526,-0.1081151729573736,-3.570587441497726,-0.1256245829547692,1963.104911287145,2123.3528176699374,2219.8909790803723,1933.4873005412828,-1.1989123852095398,0.137490992508594,15.19161655505003
0.73,0.8647445585653413,0.011952791937042,0.5552400606641237,-0.0067008678133327,-0.1857446617341292,-0.013290621797609,0.9824853069537758,1.798244976883272,-0.008197863683782,0.1906031332853869,0.0071326452092102,-3.5104107286225776,-0.0247459103480618,1886.561066447108,2140.290238314956,2200.3461803076,1923.0692951916112,-1.372905243607132,0.1496148241654338,15.028942933971306
0.7400000000000002,0.8785319339315759,0.0118451563949514,0.5575108565671605,-0.0078623119076766,-0.2024008265325487,-0.0200661600318159,0.9790655946830044,1.732905040211667,0.004871808519601,0.2424081091378498,0.1712380574559825,-3.380961894905786,0.0787018982993226,1855.849154641178,2098.697654655239,2132.7958075814686,1934.9051615755216,-1.4000358297342004,0.1049127254498319,14.663736940889224
0.75,0.8917901263325299,0.0118011791668903,0.5605009872072908,-0.0079861181350699,-0.2190821776068852,-0.0234628995763345,0.9753915694302616,1.6656120887227623,0.0111885496456195,0.2836187051633728,0.3345500265375436,-3.383509676188063,0.1331515821065284,1860.1135091404008,2019.9818478183463,2046.6212613407552,1938.0213322986383,-1.1416897115974516,0.0897153635998467,14.10312760107015
0.7600000000000002,0.9051985735016076,0.0117797466514197,0.5648047735773559,-0.0069546148897975,-0.2358782107287798,-0.0231810245606701,0.9714812109019102,1.5888427962816436,0.0108358526036026,0.3072509062250309,0.4451571499332599,-3.57943804245394,0.1182652604168054,1859.9627174769107,1964.4475421226448,1998.0040026286224,1890.606216421029,-0.8586126130563789,0.0415562234496629,13.4519046501636
0.77,0.9195766986922576,0.0117322047864066,0.5710667089738184,-0.0050467996065234,-0.2527489966631664,-0.0201272853989352,0.9673093439443062,1.5005733296594652,0.0081573834392317,0.3190508852667003,0.4744829418115674,-3.8091583099068886,0.0569816677058292,1832.4611393752875,1956.3669480751048,2005.108690461013,1794.275527369331,-0.8444737927553678,-0.0057160168744251,12.916193391111811
0.7800000000000002,0.9356407801535596,0.0116162133539206,0.579720979396955,-0.0028195450230417,-0.2694924460242,-0.0158259305082921,0.9628683251749968,1.4123625307632992,0.0069539810449858,0.337339652224809,0.4290091893331555,-3.864143124069628,-0.0028147170851075,1788.6110292494925,1960.1550241996308,2024.1080355480287,1698.3698085760018,-0.9860292907935956,0.0467542171615434,12.555274813279665
0.79,0.9537034907741704,0.0114056392048208,0.5907380938385847,-0.0008624218834032,-0.2858301561061669,-0.011732450371096,0.9582080816279462,1.3444722905310524,0.0068131693804129,0.3804729229673211,0.3342704671244847,-3.7079137616797295,-0.0305422805948442,1755.7901486208043,1930.4039947856904,2000.3922216225508,1647.5737927547095,-1.0634140243075354,-0.0321618267383787,12.288579503177203
0.8000000000000003,0.9734501774371468,0.0110941436148914,0.6035042955538955,0.0004722932689668,-0.3015957442520146,-0.0088149654311679,0.953395028502136,1.3077004102122023,0.0046343026755714,0.4494301690102806,0.2119539855094608,-3.503401044200954,-0.0552474178847201,1754.4742058029744,1858.8472975279085,1937.7377504348904,1637.132273171138,-0.8899875197268727,-0.0515918710875178,11.699656821875934
0.81,0.9939333082709936,0.0106912611111532,0.6169210438676572,0.0012566285446692,-0.3169091619229269,-0.00749173539587,0.9484254730208204,1.2897911335118342,-0.0008039710858212,0.5220212157073545,0.0874663154178372,-3.443828131465009,-0.1706657554630924,1790.069461187115,1760.833450882422,1902.5644617769096,1625.201378144614,-0.7344570257695029,0.0134693365484502,11.0397540249034
0.8199999999999998,1.0138322421976562,0.0102117859965582,0.6297101570972526,0.0020120878084924,-0.3322045728207135,-0.0077661430075587,0.9431732398252424,1.2638195176200877,-0.0069965287882905,0.5682194098803302,0.0229745488100336,-3.590395151344641,-0.4738475268166157,1854.7690321794464,1640.2111069119146,1952.6425313299144,1580.5674743788195,-0.5244056041007381,0.0496673475710868,10.82950538173711
0.8300000000000001,1.0318727330459072,0.0096629031307893,0.6407975058313347,0.0035381831265664,-0.3480756716243749,-0.0093684651766343,0.9374129505952206,1.2111729240110627,-0.0106883457797684,0.5737486918531531,0.1136217445388517,-3.868733255287815,-0.960761945044443,1928.5065331723624,1498.144682799023,2066.18093679715,1509.034978161073,-0.3255857749058819,0.1124511393125026,10.804554538737184
0.8399999999999999,1.0472058649972344,0.009036157224424,0.6496013771315539,0.0065691738038882,-0.3650254852077485,-0.0118470003832767,0.9308989685708652,1.1342654739247169,-0.0117663632652125,0.5479650756461782,0.4029513288723353,-4.173434107086897,-1.466943076174634,1978.8523863679263,1377.1857168230888,2150.053989827988,1436.5316549325837,-0.4681220686878777,0.1196202300285342,10.959165179222154
0.8500000000000001,1.059585588370378,0.0083098481756175,0.6561080142633327,0.0113657509344264,-0.383254314518779,-0.0146638942618636,0.9234565069961412,1.0481687344240551,-0.0134500131563245,0.5101458779082593,0.7764744240299079,-4.429887897958268,-1.7343672668458103,1969.720813037265,1365.2148715998546,2119.9688134331623,1380.855716311677,-0.5205906619654082,0.1728352166367556,10.98514372808406
0.8600000000000003,1.0693113472255062,0.0074617831485365,0.6607329853183287,0.017424461874726,-0.4025748518349786,-0.0173347354411802,0.9150570385203348,0.9646188216897148,-0.0189218896620157,0.4721278093275329,0.9632362428614364,-4.564276286300374,-1.5801170583593394,1884.011867401304,1521.4945149051346,1970.164322337635,1351.4666260803665,-0.5642273591088687,0.0638707450595745,10.401226207099748
0.8700000000000001,1.077012651891356,0.0064859698665997,0.664063225751734,0.0234903713960185,-0.4224660957048048,-0.0195619322382452,0.9058630863649992,0.8851064368859851,-0.0283313366938526,0.4341853887336185,0.7052213475064802,-4.48227032041125,-1.0327799708510716,1741.8550670621944,1794.0953303694653,1771.952753362947,1370.252519963985,-0.6937154699874135,-0.174591138314813,9.979463389242037
0.8800000000000003,1.0833908920570907,0.0054039524025345,0.6666070127093772,0.027939614218554,-0.4422179772765222,-0.0212716752656989,0.8962199252204618,0.8051096648023013,-0.0389829884223365,0.3922033867186765,-0.0131964641950888,-4.1399224008838456,-0.3158365666773668,1588.2607709546464,2035.6067547431749,1617.9932124935162,1467.947445727641,-0.8596299448825899,-0.3585072679678374,9.65953087539842
0.8900000000000001,1.0890127527345264,0.0042642171874826,0.6686524981090275,0.029398865985746,-0.4610909679474835,-0.0225217699371576,0.8865797176988106,0.7210539268542435,-0.0478612870910086,0.344339842175695,-0.8840682029989348,-3.6249221167232255,0.3063828922354982,1458.5290706627666,2123.5181512987765,1565.1710284313483,1641.4120016904346,-0.9592980982428982,-0.4495173630631464,9.503128043708152
0.8999999999999999,1.0942034882037035,0.003129879531937,0.6702729179532763,0.0273131074746202,-0.4784195579057886,-0.0233464700485624,0.8773959557175888,0.6331937507989263,-0.0537100817309374,0.2914035511043396,-1.457647413469287,-3.1036678215938216,0.6875686846492917,1359.491587050721,2066.551500975852,1609.925877461695,1823.4739650924475,-0.819247200084654,-0.2689487957699731,9.935778259729195
0.91,1.0990425707926232,0.0020610655229771,0.6714440634654,0.0221756890766442,-0.4936230575571876,-0.0236531725907591,0.8690713683514497,0.5439255299774964,-0.057064897246466,0.234286940036288,-1.4647588917388674,-2.648995040525581,0.8448317365924708,1281.6704386269605,1984.31571116183,1703.6420128735958,1919.1731849885884,-0.5318269581587614,0.019658820361981,10.488023894588416
0.92,1.1034324423617814,0.0010999711784319,0.6721859567923956,0.0153058792083883,-0.5061411201120529,-0.0232441857340282,0.8620015106848343,0.4547266082393237,-0.0589971702854495,0.1736125427241347,-1.003094921578067,-2.136614342846112,0.8823702398092489,1219.8051164757553,1981.6369114814045,1793.1095187591982,1882.1825527372805,-0.4418223832057362,0.2037096924098065,10.59074026019979
0.9300000000000002,1.1071981157434576,0.0002632015293668,0.6726325835935667,0.008297995005445,-0.5153621355961858,-0.0219439024025797,0.8566513162424805,0.3648072193716696,-0.0601914060512234,0.1117992093240879,-0.4247298724547572,-1.3440489872962873,0.881661332910949,1180.1134726791277,2050.196049154669,1849.9615926093763,1751.1548994591924,-0.5725752067327514,0.2106039002765168,10.366753746758109
0.94,1.1101789005264504,-0.0004590812668422,0.6729817494418465,0.0024279429618361,-0.5206280801213629,-0.0197408801642726,0.8535518759468915,0.2724840474133317,-0.0608699517062265,0.0532345320330934,-0.0459917470568079,-0.1672954203255264,0.8544137337398353,1175.4474637555368,2095.047826058006,1865.9246137885189,1611.738317325524,-0.75401876322749,0.1251531767194396,10.185409085704798
0.9500000000000002,1.1122867713201994,-0.0011001918543165,0.6733608820581768,-0.0017091351964962,-0.5213566268042343,-0.0168503319980823,0.8531707993454446,0.177866446050763,-0.0610311750149855,0.0004915736271252,0.048966399950888,1.2512449908214085,0.7778679386632024,1214.8404341582698,2042.9544445346664,1835.820126729755,1528.948363373788,-0.8504492752121457,0.0810120151809269,10.008762022337605
0.96,1.1135224433048396,-0.0017114358470171,0.6737092301885412,-0.0042185100720849,-0.517237591105016,-0.0136588250308632,0.85572245209497,0.0841254254757703,-0.060722066464131,-0.0489686987841482,-0.0271012425006174,2.5967854673931683,0.6519503118283155,1289.7360505518195,1908.592893900529,1761.1653185162925,1511.265888149672,-0.6562890613284678,-0.0358797823768863,9.489401511438812
0.9700000000000002,1.11395610376133,-0.0023524093981494,0.6737674231257607,-0.0056580865978555,-0.5083929884556437,-0.0105870615175458,0.86104150275908,-0.0041651803566632,-0.0603715856593566,-0.1003779803345774,-0.1295244052343535,3.587121076791277,0.514024839600215,1368.7786645230872,1761.9067679452987,1665.1233045545073,1523.9449637319517,-0.4953200244926856,0.032481891388209,8.828835882276238
0.98,1.1136910114708958,-0.0030757649510806,0.6731834348209191,-0.0066960289196983,-0.4953899462147308,-0.0079494681191619,0.8686085253684166,-0.0840331597682758,-0.0607503911518303,-0.1559696594690338,-0.1934408495947145,4.140805967471287,0.4072624371899445,1415.463127509268,1655.3686656594978,1585.3019493766524,1525.937023401012,-0.1576829801305344,0.0303411569983519,8.348154912797748
0.9900000000000002,1.1128302178108729,-0.0039099330767535,0.6716607538849685,-0.0078340445005379,-0.4790701171517119,-0.0058776589213549,0.8777219968330592,-0.1554425730789911,-0.062242428866408,-0.2133686676602797,-0.2255568070356318,4.392288743037189,0.3460830765824955,1415.2373538015431,1592.763000896683,1544.4772899975562,1496.9789392764928,-0.0147920546641429,-0.0521553932328595,7.756772443882542
1.0,1.1114587524676962,-0.0048481828426444,0.6690602837010933,-0.0092816683227574,-0.4602669910041355,-0.0043273062762107,0.8877214777426178,-0.2200993608133475,-0.0642389920731825,-0.2693895224980612,-0.2434828337809038,4.570197373317034,0.3133956410625965,1381.4803497683674,1551.6906090986404,1534.7878199122888,1441.6693283093305,0.0381376770237453,-0.0130498411886222,7.367803909940613
1.0100000000000002,1.1096416746859796,-0.0058517008524681,0.6654171146499307,-0.0109820639003942,-0.4395580111370124,-0.0031446006509626,0.89814155933489,-0.2795916803691555,-0.0657038435355265,-0.3232327945141796,-0.2448283141594155,4.848729731107159,0.2841794620828812,1339.1697986838024,1515.1865939085897,1532.6499517192954,1380.147864527322,-0.0343028402002669,-0.0114738536312773,7.143984042670942
1.02,1.107430198383504,-0.0068670178716441,0.6608885483623148,-0.0127291533828419,-0.4171882362028004,-0.0021527573401531,0.9087284026946592,-0.334627816730041,-0.0664817364335695,-0.3756816968934869,-0.2201952930394128,5.26679947053465,0.2465595431473397,1312.9318742682751,1479.0261347864891,1521.1530790256174,1338.2413290960371,0.0559780853902993,0.0681149101913464,6.883725872597315
1.0300000000000002,1.1048668510863875,-0.0078492547190526,0.6556747521663003,-0.0142986526076159,-0.3932043706440892,-0.0012251365199165,0.91933909439363,-0.3853363560400898,-0.0676888734932395,-0.427225134898234,-0.175182737018616,5.731290069975476,0.2030495205183166,1326.4332969869915,1442.0998322583036,1495.660147015766,1338.4425480875811,-0.077330231763919,0.0119639767549741,6.695945913357987
1.04,1.101984470423887,-0.0087791686831024,0.6499518473970378,-0.0155393427333051,-0.3677122978793808,-0.0003235688931872,0.9298097064017206,-0.4317185051568971,-0.0704464854105951,-0.4776578235016724,-0.1317193117625517,6.07490304510665,0.1593415635584436,1394.713229515596,1402.801023009027,1460.1405377622611,1389.7780545843873,0.0074323139581213,-0.0053718248281148,6.631577785135844
1.0500000000000005,1.098799256835728,-0.0096664094223885,0.643840179578796,-0.0164090624373565,-0.3410988186607834,0.0005073112990082,0.9398840786040537,-0.4736568390995175,-0.0743738218624873,-0.5261023139089324,-0.1089855582991376,6.143736687655292,0.1173454628769775,1507.3162868938384,1367.6199429204848,1430.4161115459633,1481.823910746558,0.2180456361887524,0.0153673737822467,6.918854851813418
1.06,1.0953021924490691,-0.0105399264951492,0.6374076410971585,-0.016965426118626,-0.3140810345100678,0.00118271819808,0.949243846045558,-0.5107359436189486,-0.077797675156547,-0.5706421394507217,-0.1053517583372165,5.8893670217422525,0.078228802059805,1627.35676889196,1357.9415872039287,1435.9396577112902,1589.2532003847773,0.387588451817392,0.0384746932984496,7.306043946356564
1.0699999999999998,1.0914546697236571,-0.0114326619848525,0.6306928266334415,-0.0173293358368446,-0.2875465593459962,0.001632617427221,0.9576084820468488,-0.5428374808260528,-0.0795436189351521,-0.60854520006322,-0.1014448053872163,5.414611232705635,0.0468654071034342,1719.9473693548946,1400.4077694978128,1502.2903145945622,1686.391789890531,0.534718571327744,-0.0100011411551897,7.953378816751583
1.08,1.0871934058070276,-0.0123681739679424,0.6237318934768123,-0.0176393258340334,-0.2622681350669542,0.001838867773548,0.9648320569290462,-0.5716424283023825,-0.0800710874812047,-0.6373960114678153,-0.083061448605202,4.9222806364609095,0.0286987841831127,1783.660077308772,1503.9974480328874,1624.697039856509,1763.9589621789014,0.6265578218911076,0.0707372962311379,8.87177591392214
1.09,1.0824465985692335,-0.0133533496122742,0.6165795732486183,-0.0180107109905999,-0.2386499056447369,0.001838842338787,0.9709368957271242,-0.6012381546489095,-0.0804770687912518,-0.6560588006546821,-0.0597151230269382,4.583902497138926,0.0225964337842894,1847.1758806407229,1644.9969654903923,1765.00942830924,1834.3719749837403,0.5124005072084459,0.0539661721678642,9.94591830393625
1.1,1.0771576300375931,-0.0143775274872547,0.6093205391765356,-0.0185055668339415,-0.2166416056555904,0.0017010532982573,0.9760743133147182,-0.6361351245093866,-0.0806241331470859,-0.6645034544985888,-0.0558854191949597,4.429788387331155,0.0204327638324392,1933.2514021456284,1779.2360867334255,1881.382738324677,1917.0666839667892,0.4044301515426429,0.1175235487474679,11.09289055404916
1.1100000000000003,1.0713071806738312,-0.0154162637024497,0.6020698338702923,-0.0191151056338962,-0.1958519852357118,0.0014907624840169,0.9804460159759188,-0.6779126740252724,-0.0788920695021258,-0.662590250559128,-0.08127857129829,4.3578738801040044,0.0150137714579011,2033.6484448894037,1875.1830567605389,1960.7388418329413,2016.309374780869,0.3878778404818188,0.1305493729661926,12.56439571559975
1.12,1.0649240366615156,-0.0164376128605921,0.5949616899218144,-0.0197607627076132,-0.1757776446928183,0.0012442024752216,0.9842307574159932,-0.7237166926569526,-0.0741649326434679,-0.6490020408551133,-0.1128990617856171,4.247989250688213,0.0061354684049981,2122.952547607474,1936.3017311704416,2020.7196615684309,2115.4911227198727,0.5156956271709552,0.0828193510644643,13.873317185565462
1.1300000000000003,1.0580800928385037,-0.0174092008901853,0.5881283534245128,-0.0203241829896259,-0.1560164274714699,0.0009631618923959,0.9875448720255768,-0.7681505916797805,-0.0677858967550711,-0.6217512056557477,-0.1134654662018778,4.067501367778331,-0.0022847628496938,2187.9975305481667,1989.7912663801592,2082.565269071618,2193.0724186480547,0.5601255229462851,0.115496592827776,14.802625270933849
1.14,1.0508723804953783,-0.0183047098901762,0.5816767617092978,-0.0207050282687925,-0.136373502516416,0.0006311969058881,0.9904408973816962,-0.8066923758537999,-0.0629130526718669,-0.5801485713799288,-0.0722442620674764,3.875175715881122,-0.0084344844031994,2235.549988383814,2054.982035677765,2147.087912150481,2241.2740625660563,0.6742104228826693,0.0748727082685182,15.558905302087709
1.15,1.043400385408448,-0.0191084406598679,0.5756763883015266,-0.0208823376886296,-0.116847787174448,0.0002418410614383,0.9929302413150654,-0.8375395217774614,-0.0615757610343153,-0.5261226931265235,-0.0241986176565111,3.740362330220598,-0.0133533300323244,2276.471600547573,2124.012072771457,2198.612967430072,2269.9130667932523,0.604144368068551,0.1630289280465225,16.43900175519338
1.16,1.0357480441890174,-0.0198168158101794,0.570167447774715,-0.0209403596815515,-0.0975474826066473,-0.0001783701562808,0.9950105316817508,-0.8609676090344163,-0.0623757575240762,-0.4632446992821654,-0.0188227484390729,3.670670980458338,-0.0166747382911,2311.334205648458,2171.054868727773,2226.576071960165,2294.9211211468582,0.5633552340143373,0.0914607385834773,17.05769396517907
1.17,1.027975990790171,-0.0204365780345928,0.5651847175740705,-0.0210322757011003,-0.0785971116778981,-0.000567898496409,0.9966844108874297,-0.8779104557079764,-0.0612442400218342,-0.3946726130087629,-0.0649723717178069,3.615373327465604,-0.0148421811193415,2330.7492950213336,2178.4085742023685,2235.66548031628,2322.2960985132104,0.5845200403683748,0.0146724186129147,17.397474851789262
1.1800000000000002,1.0201234916711053,-0.0209806562622699,0.5607806719805146,-0.021294781300423,-0.060074456208472,-0.0008525883350206,0.9979663647106322,-0.8892457786564747,-0.0547759887636387,-0.322620364887632,-0.1135616656917678,3.526706446862069,-0.0048435851454765,2325.123764219561,2153.8507189545644,2234.957282715521,2340.6431603514,0.6267198889717729,0.0359068493945702,17.47917112151013
1.19,1.0122153740878048,-0.0214631848193296,0.5570333238947844,-0.0217663505601526,-0.0419861454200963,-0.0009800535573561,0.9988805879939204,-0.8954610325594767,-0.0432401256440182,-0.2496073374366603,-0.1053311932875387,3.4082764460099435,0.0111288311900695,2295.4972571973003,2122.4743133731045,2224.436978917028,2330.6522961619285,0.6409688964969974,0.0509182073877413,17.26679772934112
1.2000000000000002,1.004269013950019,-0.0218949654969758,0.5540353600468755,-0.0223652469733398,-0.024277844255781,-0.0009460031287424,0.9994545948086856,-0.8962087801332198,-0.030487225059523,-0.178835914313711,-0.0356963394785689,3.304410203727729,0.0253455462824615,2256.7539491975745,2101.4602861606986,2197.051768932156,2285.730176287043,0.5902380454025284,0.1134383638142987,17.117889658000323
1.21,0.9962989451657576,-0.0222807763036679,0.5518695439093654,-0.0229398762077865,-0.0068728226639918,-0.0007975170905276,0.999712903965279,-0.8903739320088627,-0.0207036530437367,-0.1123446373113157,0.0379110328631441,3.249127042630671,0.029320448540431,2225.656039661545,2084.2034447124315,2151.122950891334,2223.3449167743725,0.5827750269575984,0.0891596761919771,16.53032357687519
1.2200000000000002,0.9883198002447564,-0.0226201079991067,0.5505773435160288,-0.0233493630969244,0.0102762791908318,-0.0006128360233943,0.9996743618603852,-0.8772114454693702,-0.0149689657389101,-0.0497252128961486,0.0579907923283502,3.229849403017869,0.0205894104144378,2201.915098172842,2050.249072152319,2094.8835853944324,2170.5685084012625,0.547566436555067,0.0530173239542202,15.640148924387487
1.23,0.9803500208166218,-0.0229115889246237,0.5501305743135212,-0.0235156199272414,0.0271507024265181,-0.0004709599939704,0.999354608321725,-0.857753398573281,-0.0108271674584732,0.0097895558104254,0.0279297683721881,3.201130550503323,0.0059478415481135,2165.688858176112,1989.608422045245,2037.872563311846,2135.1089648203038,0.4849536126935874,0.013516802051137,14.950628954853295
1.2400000000000002,0.972417552674662,-0.0231585681802083,0.5504206856324043,-0.0234247955055575,0.043670120445991,-0.0004263584153242,0.998771253968724,-0.8349306299951212,-0.0051371017758004,0.0642737644973296,0.0029159535734382,3.1321810186672643,-0.0031272699671863,2099.99383333341,1914.7518274879017,1982.128915302568,2096.7293708904463,0.5716759232451609,0.0173670073678864,14.299625995176829
1.25,0.9645653069776016,-0.0233715277378392,0.5512762546614572,-0.0231012911009211,0.0597405124403937,-0.0004950459566948,0.9979464697328864,-0.8118756080293491,0.0027309610349151,0.1096534013775748,0.026147432690585,3.0368591415532267,0.0002926326683711,2013.584035231744,1848.0796454432957,1924.0737482545196,2034.561762927773,0.5842147408465466,0.0643747660029331,13.405510865393367
1.2600000000000002,0.9568520316187504,-0.0235644259911001,0.5525025026003748,-0.0225911583937737,0.0753110204489757,-0.0006503850724084,0.9969039405883692,-0.7897467759142489,0.0104561206133499,0.1434382169068542,0.085944062817083,2.953514077137219,0.0138558360980991,1935.326787572108,1800.957520572079,1862.259100596831,1956.925333948812,0.5321114571508172,0.0761270271291263,12.699112239405132
1.27,0.949346279394968,-0.0237462817788853,0.5539220822355967,-0.0219669827613882,0.0903961034091428,-0.000827514408593,0.995663251996732,-0.7670691705679729,0.0153030507694697,0.1667075888104417,0.1352478619077915,2.8992402897577594,0.0298827916345711,1886.172210554685,1767.9614272364806,1800.6172230912289,1892.495172557797,0.449800524576005,0.0551096161957204,11.693874604013589
1.2800000000000002,0.9421158950834913,-0.0239133182080585,0.5553991050096808,-0.0213324715576103,0.1050423128714873,-0.0009395979438914,0.9942384801040222,-0.7412325165246667,0.0169867787461805,0.1820636420195752,0.1408687171926197,2.8507283555357787,0.0422977411894564,1862.51127252869,1737.79960188059,1745.5172026231376,1855.9492998752296,0.4621341873052467,0.0367932688294609,11.185707028364035
1.29,0.935218275593711,-0.0240475965036941,0.556843914204619,-0.0207984499452633,0.1192579886252747,-0.0009073862231291,0.9926450187651022,-0.710782396816842,0.018092138365048,0.1907375461179267,0.108333634300247,2.766811365526612,0.0493614697344387,1847.0403102007797,1703.3819552711464,1702.043702765522,1836.986352308648,0.5040251417367894,0.0218877982580272,10.671385720555913
1.3000000000000005,0.928694890462448,-0.0241243297829227,0.5582075771691981,-0.020428682321518,0.1329503564205607,-0.0006926731995888,0.9909118991464836,-0.6764312311826793,0.0217864352535587,0.1925419385258216,0.0691604890985485,2.6191052256076186,0.0519673733321481,1828.253213532034,1662.7119803193343,1672.122531466653,1822.7848452723392,0.5089797883202278,0.0097986964093547,10.227229767475167
1.31,0.9225692968302736,-0.0241242778442901,0.5594742109432078,-0.0201883961788904,0.1459099729169533,-0.0003162909410046,0.989091809906006,-0.6400555780156005,0.029180245012543,0.1879374639525775,0.0562951832640831,2.4002856781869277,0.0516899118665112,1806.3352018647,1617.9538463647848,1653.3066696526994,1814.9998185084717,0.471868482878671,-0.0565888921986299,9.862769963263135
1.3199999999999998,0.9168457194872616,-0.0240439699799114,0.5606530850174463,-0.0199371253581807,0.1578526560861089,0.0001531438793281,0.9872613770152082,-0.6030088583370324,0.038748116291692,0.1789008912131575,0.0894577326215377,2.117235465622032,0.0504226700937902,1786.8168952977526,1576.4085990986644,1639.398062879936,1818.266960159638,0.4578433371791948,-0.0468006796916127,9.714630767614434
1.33,0.911507253088646,-0.0238978042331477,0.5617697970870248,-0.0194817760915907,0.1684959478796755,0.0006331341219874,0.9855096017237124,-0.5655222139043251,0.0478418073722149,0.1677019950001238,0.1689621286876874,1.7889853898037051,0.0501411032196283,1774.1419386475657,1548.0081500067,1625.0712428372683,1823.7770963880312,0.5090264550878003,0.0166789983230659,9.636116724860477
1.34,0.9065164824201808,-0.023711396777994,0.5628561182213135,-0.0186671920490055,0.1776312762668538,0.0010613136175293,0.9839194780296908,-0.5273876218485722,0.0544633398088601,0.1556312785852515,0.2715925073094573,1.447991628939674,0.0517914989242975,1768.996467450988,1538.724558613972,1610.8172477755415,1815.0203435154824,0.5142382837318578,0.0923592852385745,9.461887117593124
1.35,0.9018227200221364,-0.0235109685744873,0.5639379352200693,-0.017457158856427,0.1851609564165797,0.0014113665138648,0.982552123741088,-0.4887465187570606,0.05800313634638,0.1430266250691855,0.3545973539046466,1.130313395962138,0.0543384835817002,1768.4877682334177,1546.779980104419,1601.6215856940405,1787.2258244890709,0.4265113614063627,0.0424370133538747,9.324014779835396
1.36,0.8973770466314736,-0.0233151734457403,0.5650221191843318,-0.0159607301107945,0.1910931455677061,0.0016904733031441,0.9814406793644644,-0.4502060568067429,0.0591625963843318,0.1298909932212725,0.3765478022667901,0.8559445638975919,0.055235660569672,1769.454545205389,1564.5060239584934,1600.4030236377766,1754.3836923648314,0.408982630160462,-0.0304533778072524,9.199617102690045
1.37,0.8931504086119254,-0.0231327652811802,0.5660875480830142,-0.014384494663857,0.1955113338077234,0.0019285831682704,0.9805940471127456,-0.4125595389414364,0.0596185999756061,0.1163192793272891,0.3266685238659443,0.6179631418953431,0.0523816468260612,1771.113849579467,1582.2862643105875,1605.1922943268792,1736.0023164501565,0.3876229714574291,-0.0395776588003263,9.160467088365223
1.38,0.88914574044622,-0.0229647241411087,0.5670873575622052,-0.0129307102344959,0.1985427370031154,0.002165134894698,0.9800045359624776,-0.3765361376992702,0.0613117780477327,0.1027709840765934,0.238467659840131,0.3930858879473099,0.0462773033919445,1772.0305787648963,1592.5076828716828,1613.7856444484246,1739.161718102324,0.3303517718080515,-0.0743162290137629,9.164851288540827
1.39,0.8853970710236146,-0.022806891584806,0.5679641420931243,-0.0116954193114475,0.2003392767695049,0.0024319198368618,0.9796537536887756,-0.3424800850068327,0.0652402598576252,0.0900048389274248,0.1713853845950823,0.1657692199825418,0.0401794625366682,1767.2074674803482,1593.8684736999037,1627.5259989089566,1753.6494192076243,0.3800171273375579,-0.0361956046010272,9.23648683847044
1.4,0.8819564604540577,-0.0226505387014044,0.5686716956680389,-0.0106263155526556,0.201067415389282,0.0027349238689506,0.9795159498843704,-0.3098702833456344,0.0705919292706265,0.0783529341578619,0.1699971488941447,-0.0552464912254043,0.0373422790158304,1754.8102875063453,1593.1494814503426,1647.003235235151,1762.6911366076315,0.3366664429436539,-0.0731945444758902,9.330341947697024
1.41,0.8788767991573686,-0.0224818040826185,0.569193330542285,-0.0095674030131905,0.200894531820848,0.0030467327249805,0.9795614168104868,-0.2772445333397436,0.0752800610379703,0.0670566211744807,0.2302581821459219,-0.2443849487892967,0.0378657394907873,1744.6285441130622,1599.9853656343696,1666.5388640840083,1757.5418923154202,0.3343556504405711,-0.0135036547129391,9.387821358889818
1.42,0.8761989301474393,-0.0222829639088554,0.5695489526934604,-0.0083644127084513,0.1999658720923179,0.0033186458387162,0.9797615389410826,-0.2430525927858934,0.0775971513892624,0.0548737831117071,0.3006019676675329,-0.3861018515234811,0.0385737565210323,1750.8830384784153,1617.0482541230797,1677.723533665665,1743.1429357260845,0.2211804454688883,-0.0333378191692474,9.491625587667018
1.4300000000000002,0.8739463762887417,-0.0220371236662282,0.5697874161222573,-0.0069666459380289,0.1983798733379687,0.0035067689984166,0.980094176224906,-0.2067850747671252,0.0774120002420165,0.0416168910495179,0.3215056074602905,-0.4951978000070355,0.0358064157576444,1774.1296284759674,1635.9764736039774,1678.8682826955203,1732.069504013807,0.220742529610519,-0.036610570810123,9.433001013348091
1.44,0.8721260782443034,-0.0217348625260845,0.569965830765732,-0.0054635278848958,0.1961772984912471,0.003594822667891,0.9805466305432462,-0.1691372362215464,0.0759322028138384,0.0286606681460143,0.2737987198402561,-0.6074694034885908,0.028095299330937,1797.2050015617058,1645.668140952215,1678.1283295820836,1733.606803446212,0.1523875127872127,-0.0539579046017645,9.529465177363186
1.4500000000000002,0.8707324573329163,-0.0213797073008932,0.5701240267772919,-0.0040364590787069,0.1933534530809451,0.0036001434556421,0.981114258456618,-0.1310843550165505,0.074694251404483,0.0175436758426608,0.1928692529380697,-0.7481598897862691,0.0168642542629498,1803.0406481059251,1644.8616927291646,1685.72944450014,1746.4473756490092,0.1749156741480426,-0.0579276319785795,9.499078806520698
1.46,0.8697531977808318,-0.0209899740587023,0.5702672053981076,-0.0028600289864034,0.1898872898615498,0.0035625954783185,0.9817952664872096,-0.0930114384599986,0.0748944949793877,0.008439629725968,0.1347537684067555,-0.9108715242898944,0.0054603238956843,1792.644298754416,1643.5967541758132,1703.9649100086172,1760.1921834531877,0.169575853559535,-0.01279184969517,9.708600739270873
1.4700000000000002,0.8691752931194223,-0.0205960288131163,0.5703667562803147,-0.0020143151315162,0.1857696914977748,0.0035255513380331,0.9825849249521058,-0.0547674251613956,0.0772254070920947,0.0005076271830341,0.1278196854817584,-1.0678033178118624,-0.0028072646080292,1781.80026300551,1651.230225421761,1726.0580397501349,1765.195281328965,0.1107986083413417,-0.0360752036213672,9.773446550944724
1.48,0.8689889205257688,-0.0202333226694519,0.5703779276243149,-0.0014544138909192,0.1810161464390881,0.0035186106834026,0.9834727544713352,-0.0163391439156294,0.0817681886592694,-0.0066218771457275,0.1569795791505858,-1.1972509418730504,-0.0068067435782915,1782.26540314153,1666.222564381462,1743.84960514497,1761.8755389680966,0.1316896141956935,0.0170389333122833,9.824077592138844
1.4900000000000002,0.8691870150327676,-0.0199330456088917,0.570262625478117,-0.0010410670503249,0.1756633151687937,0.0035473864681579,0.9844433614650216,0.0216771234420897,0.0878419438916313,-0.01252249796725,0.1894958653659503,-1.298662771321831,-0.0082215105729942,1790.751443657582,1679.8755801332634,1754.0966242518791,1758.7111666810767,0.0801829892402188,0.0096791206186542,9.918458140203072
1.5,0.8697610441710083,-0.01971381103108,0.5700051653749666,-0.0006023189041579,0.1697605388738771,0.0035917790950064,0.9854786125411964,0.0582028743698203,0.0940171137986531,-0.0170964667325883,0.2080922255581384,-1.3846938645256373,-0.0096310194517698,1796.6326881798122,1687.478694033268,1757.714619883599,1760.9965673052088,0.0437352409056202,-0.0553036732609841,9.909603823994518
1.5100000000000002,0.8706961732398941,-0.019577813047311,0.5696166655508365,8.045464162354987e-06,0.1633657649736807,0.0036124171983072,0.9865589577981744,0.0922481514572753,0.098414939291118,-0.0211281813464546,0.2170634969144815,-1.4652900883555473,-0.0118842908424988,1796.007082116382,1692.7308106236042,1757.2183572513327,1764.6718569887078,0.0555280931365507,-0.0255520796302401,10.014482357975332
1.52,0.871969077068909,-0.0195123959267407,0.5691305749346617,0.0008724459789967,0.1565445361044317,0.0035639965247606,0.9876640850930206,0.1235592974733596,0.0994344097579746,-0.0252807163615843,0.223045416616149,-1.5406084937993412,-0.0139772743077993,1794.855830830081,1702.232900442972,1756.9149512918495,1762.351185780673,0.0473691166527499,-0.0376218372322966,10.05457008629662
1.5300000000000002,0.8735493454267246,-0.0194947843594278,0.5685929282350037,0.0019932524843315,0.1493641200332564,0.0034121171410343,0.9887743645786132,0.1529197678733285,0.0967877525257171,-0.0291497543300474,0.2191655913380859,-1.6040480475278716,-0.0154247064770752,1799.736618520235,1717.9640291444882,1761.7464847942094,1753.1481055783336,0.0284229458739675,-0.0170736785567088,10.02046790233612
1.54,0.8754031256426521,-0.0194969480496962,0.5680503347214471,0.0032960376732914,0.1418801969512844,0.0031471144060474,0.9898733462012382,0.181710743963288,0.0918815414491343,-0.0318408834321119,0.1925816905115835,-1.648699067922731,-0.0174284158476672,1809.035407373,1734.7804685445712,1772.3907849243224,1745.284452685423,0.0041440346836165,-0.0413554540169292,10.04523488473513
1.5500000000000005,0.877497014889159,-0.0194896123041973,0.5675394606047408,0.0046514413532572,0.134123832668465,0.0027879199803949,0.9909497409585624,0.2107473180949329,0.086685397488826,-0.0329652500531362,0.1444982805023816,-1.6738659762633978,-0.0209839601937057,1815.1597454369348,1744.4186408746675,1783.4371643084075,1748.770260364936,-0.0607549596060885,-0.0829244590327861,10.09542098602517
1.56,0.8798012731713772,-0.0194464800895763,0.5670807478979172,0.005911627585228,0.1260998753850984,0.0023745896735794,0.9919970944569536,0.2392177923188594,0.0820482475195745,-0.032497994977811,0.0948570028042945,-1.6885555972475197,-0.0249322138370263,1813.4688440949376,1743.5534918186372,1789.1685491206354,1763.5896861379483,-0.091379251569982,-0.0025545621261962,10.21431049570625
1.5699999999999998,0.8822928293340948,-0.0193495841349583,0.5666756948240403,0.0069500760336327,0.1178017410464739,0.0019559506436133,0.993010886398848,0.2649199409020384,0.0774635399468831,-0.0302824521322026,0.06258263325695,-1.7054692643988638,-0.0270962746324364,1806.032310644096,1738.5711916279492,1789.97926022307,1775.1817196461602,-0.0916905258982536,0.0288330011545016,10.178302412563944
1.5800000000000003,0.8849585460442555,-0.0191948664624005,0.5663066023380753,0.0076901311256719,0.1092377157258018,0.001579272972614,0.993984652418314,0.2859591565572383,0.0725419070283643,-0.0265246410129367,0.0448681558056658,-1.7263449345668411,-0.0268813141341282,1796.9146242132724,1739.669366290289,1791.4190083395429,1766.7979988522443,-0.0923604156957731,-0.027073878658181,10.25818957588555
1.5900000000000003,0.8877978720486306,-0.018995399487214,0.5659411001109991,0.0081140218395933,0.1004561749891288,0.0012810084498033,0.9949075728797584,0.302406467913338,0.0681503526430632,-0.0222517978861484,0.0223831585977834,-1.73448728101469,-0.0257292990929864,1787.5483299120197,1749.2017252288606,1798.2243631824865,1739.7377923279532,-0.0924263704236638,0.0099681525427066,10.350615614449474
1.6,0.8908233824037946,-0.0187796125951417,0.5655438247033597,0.0082557454838727,0.0915552384712332,0.0010741179476033,0.9957651968439224,0.3162173391238795,0.0655966211563032,-0.0181752099045809,-0.0148922564482328,-1.7088750819858325,-0.0252867393990605,1778.4565034800703,1758.8002082669138,1810.340230705288,1716.6283701420875,-0.0842444938606279,-0.001325002771827,10.277271105002622
1.61,0.8940586068218549,-0.0185840211162619,0.5650916891913316,0.008186348284696,0.0826684818905791,0.0009358897333331,0.9965430396696752,0.3294962671412725,0.06486009573902,-0.0134369635027293,-0.0526229726176442,-1.6496145108838332,-0.0260174980306763,1772.0659308594252,1759.291236147119,1822.788317057576,1718.517549364839,-0.1755163559384984,-0.0566845159227882,10.240190815143666
1.6200000000000006,0.8975334054006914,-0.0184431358913411,0.5645850772071912,0.0079945312896712,0.073930088679618,0.0008089926107917,0.9972310539630412,0.3428792042199407,0.0642183017184895,-0.0070297704730015,-0.0665316915982811,-1.585813605866934,-0.0273566693715445,1770.3581594617624,1751.0161084593046,1827.840096042415,1740.6708389471185,-0.1976572979238704,-0.0431508317021158,10.246658800526191
1.6300000000000003,0.9012766584440236,-0.0183809771400414,0.5640511720345297,0.0077615865858386,0.0654342438219317,0.0006232714997851,0.9978265024751348,0.3554968180912249,0.061958969468375,-0.0007192202315995,-0.0503065212517454,-1.5523096986561675,-0.0281744806559886,1771.388677551619,1743.2846465978928,1819.992847092557,1757.5488469222537,-0.1285144280079679,-0.0023025890509035,10.287692792651688
1.64,0.9053051586450296,-0.0184074791312221,0.5635414465889054,0.0075373920463932,0.0572086925330233,0.0003295065096156,0.9983337341016084,0.3662766500561816,0.0582817854736925,0.0014656588061483,-0.0251249104251991,-1.5564611017054697,-0.0269521765290702,1770.922806013952,1745.4272271925706,1803.0175437465468,1751.9381750991129,-0.1580133921589159,0.003932357860068,10.324116933692691
1.65,0.9096088093883736,-0.0185201958572262,0.563123739567743,0.0073320648930574,0.0492167031656839,-7.489356656469716e-05,0.998761208370078,0.3751548102854872,0.0551250201454339,-0.0016466837260814,-0.0188844398070661,-1.5690976071143463,-0.0224630164842581,1766.5744788827358,1758.6511308011968,1790.7988521351426,1732.692061619697,-0.1781907416029958,0.0340149336378013,10.234811733490588
1.6599999999999997,0.91413681732452,-0.0187092460450992,0.5628642606574523,0.0071299122110532,0.0413862343841728,-0.0005440683632606,0.9991176346882168,0.3830513408862194,0.0539828485437208,-0.005109790938951,-0.0374647370564594,-1.5503129891305667,-0.0149847304400093,1759.219702778786,1774.4642775900268,1794.360737735743,1721.1925843721656,-0.1258815038741451,-0.0230395218439789,10.16562534443974
1.6700000000000004,0.9187947447750772,-0.0189624841311462,0.5628000124238457,0.0069137752414312,0.0336501331588022,-0.0010064488120617,0.9994092531646356,0.3907325591204559,0.0541318532525317,-0.0023314835805613,-0.0606581126596651,-1.4872223963054982,-0.0066530104618706,1752.2993237250969,1781.0531224743418,1806.933870256484,1726.4084462300048,-0.1746818421625089,-0.0165952510516788,10.10856707786822
1.6800000000000002,0.9234619321935452,-0.0192685984074109,0.5629169300435164,0.0066789750820914,0.0259778135949262,-0.0013994341279883,0.9996392279601684,0.3977506419382856,0.053269409184028,0.0073311459709303,-0.0676104531419902,-1.4081078913645109,-0.0002459318786145,1750.1789466811676,1774.4541100052234,1810.3711306512575,1738.9902988164145,-0.2508309626220632,-0.0502691706452612,10.312176912503622
1.69,0.9280290552576762,-0.0196176966569814,0.5631528468759631,0.0064272877993148,0.0183881309228208,-0.001698489042492,0.999808822599442,0.4025085011516872,0.0498395254439341,0.0178721370194494,-0.0616291176954217,-1.3563491318771523,0.0024883954062388,1753.8862623984428,1764.058678928619,1799.307059581341,1745.998846825809,-0.2323379514862308,0.0024741528901141,10.36615003031341
1.6999999999999995,0.9324406606143666,-0.020000478495205,0.5634259357914374,0.0061519891212147,0.0109465703993071,-0.0019250792008009,0.9999193065924952,0.4033648021316618,0.0445404286688904,0.023897691603809,-0.0652100942773396,-1.3461732740479768,0.0016514039118517,1757.2046809076655,1763.21362991241,1788.9781319731374,1743.2095377692312,-0.1388869298236581,-0.0399379100005982,10.265961480551589
1.7100000000000004,0.9367187019795628,-0.020407141156967,0.563667806386169,0.0058335797276439,0.0037552732717126,-0.0021266226422676,0.9999736720265956,0.3999039071011073,0.0396014898130263,0.0262756443412566,-0.0922249060964246,-1.3452348630064987,-0.0009443533730992,1750.4945393446149,1773.0993029945537,1793.7178154126746,1732.941028972558,-0.1597697849675874,-0.0063836854562638,10.08926556893372
1.7200000000000002,0.940949614253142,-0.0208264960890957,0.5638411505500457,0.0054531475068918,-0.003064413455575,-0.0023383497620089,0.9999777020878174,0.3936320714115575,0.036766249992055,0.029729302552604,-0.1301411220069617,-1.3047160798344946,-0.0025593099835482,1731.2502856489298,1780.260215856671,1806.9626510586943,1718.0666822146532,-0.1917627745347659,0.0173953820747699,10.1468625789002
1.73,0.9452376463320414,-0.0212458631399459,0.5639407623799787,0.0050086161341495,-0.0094072133405518,-0.0025521840386094,0.999939950426134,0.3876534709278881,0.0359275592364679,0.0370340073850048,-0.1517427562275178,-1.207025748534603,-0.0009872252683796,1709.3937559687067,1772.5758979816876,1809.5408428080943,1702.490717615862,-0.24486446218485,-0.060432231092426,10.17239643922238
1.7399999999999998,0.9496484998284286,-0.021652844867359,0.5639884781273308,0.0045160353631246,-0.0152328005893151,-0.0027179958304503,0.999870081415316,0.3850308496057336,0.0354819289149812,0.0470087945625522,-0.1428892426503672,-1.084185426765077,0.0037300052352175,1699.322249012282,1753.2852102583531,1791.219817568869,1693.0507573507714,-0.2710275923413774,-0.0046114998764051,10.08741766629887
1.7500000000000004,0.9541748340209576,-0.0220394704209733,0.56402733026044,0.0039924231614726,-0.0206065241317466,-0.0027806068579602,0.9997758248457548,0.3863843712989275,0.0338728705695859,0.0562917001840598,-0.1171693736744302,-0.9936569392999918,0.0086846928108566,1705.782595074315,1735.046531163803,1758.159689011822,1694.8992146795897,-0.190162114121303,0.0383331847910467,9.939372663976169
1.7600000000000002,0.9587423531262884,-0.0224071834498048,0.5641127667725911,0.0034345124742484,-0.0256934301552905,-0.0027252686666178,0.999660254627348,0.3887576024878993,0.0308036588595287,0.0611020656823801,-0.1029803121454547,-0.9755697219354664,0.0097781234227401,1718.0180858887595,1724.6955287724345,1725.1817016636542,1703.6251045748988,-0.1859010930745385,0.0487333969987531,9.880552086584569
1.77,0.9632501076790472,-0.0227694368469892,0.5642998528635303,0.0028159776350481,-0.0306940119754224,-0.0025950296938816,0.9995214923750764,0.3876528983783218,0.0271064152550864,0.0588071851043884,-0.1166605605535173,-1.0211188577641463,0.0053280993189166,1718.8763391032517,1721.0685916975567,1707.3036048315034,1705.5511632393652,-0.1556883984790115,0.0043015124488438,9.80225535352297
1.7799999999999998,0.9676190498295534,-0.0231491099983181,0.5646276340987545,0.0021092896767552,-0.0357488134914523,-0.0024644317364595,0.9993555422407128,0.3809884149353346,0.0238202680983298,0.0504395118752604,-0.1487189821803394,-1.0718682009406528,-0.0011068132608696,1701.2232116078872,1724.0202705921026,1713.188279578926,1691.0255146921252,-0.1594999254532629,-0.021653838002888,9.64990916336419
1.7900000000000005,0.9718219000087784,-0.0235708328956666,0.5651008812463616,0.0013169431199514,-0.0408632415463949,-0.0023908842826014,0.9991610204684164,0.3708330310797086,0.0216385816915065,0.0412482120377719,-0.1755752984631037,-1.057046767863667,-0.0025795198691832,1675.8748076421348,1734.3629193525724,1737.2005784636322,1667.888904929497,-0.1658528455247554,-0.0004568572523994,9.507866944852186
1.8000000000000005,0.975882960630224,-0.0240516257855334,0.5656735121901637,0.0004865314166658,-0.0458976697085412,-0.0023825002074387,0.9989431870207974,0.360834101179921,0.0207398881148564,0.0364727421453218,-0.1821964556348143,-0.9491780944205098,0.0045655508139358,1661.9769698284722,1744.8835252563597,1759.4271736201738,1656.0622929057513,-0.2153752615859785,-0.0053848688127606,9.58090029047295
1.81,0.9798547693823344,-0.0245942383283954,0.5662467558937364,-0.0003063846715035,-0.0506327017029527,-0.002403684322614,0.9987144025938396,0.3524278763683515,0.0203411516130819,0.0364290933691985,-0.1718072855075514,-0.7906387876511547,0.0159396861002806,1668.7195338294043,1743.5504387363474,1762.4467364189072,1665.5186134515857,-0.2689235687817812,-0.045,9.727224231519168
1.82,0.9837871081164778,-0.0251856071224199,0.5666931176968052,-0.0010013135041621,-0.0548741102241776,-0.0024067992596984,0.9984898781238069,0.3441745550772015,0.0185218041187875,0.037227157699238,-0.1575807371194472,-0.6586444326045596,0.0230267682255324,1687.6265486022974,1730.1716767709058,1749.1475145879224,1684.2989804673598,-0.2241489312937998,-0.03213603913879,9.658767599838413
1.8300000000000003,0.987701680942155,-0.0258002993645034,0.5668998776929857,-0.0015956752598967,-0.0585362695783665,-0.0023609491171772,0.9982812153314216,0.3342847897674272,0.013536397192974,0.0358806536739627,-0.1521581549582037,-0.5966073295026659,0.0223371319230607,1702.908058205457,1720.7485567863323,1737.909754274904,1692.785941605233,-0.1571751589992593,-0.0566005777497346,9.637988574391027
1.8400000000000003,0.9915795584203212,-0.0264076707694294,0.5668108232215053,-0.002157897880326,-0.0616581671688796,-0.0022585041596377,0.998092437130486,0.3227910177583329,0.0059378535285832,0.0326437916621435,-0.1655852721413199,-0.5800108404656845,0.0189150438077918,1706.550023170696,1728.8096697380938,1740.4907920894077,1686.160199710591,-0.1431602230393849,-0.0015964398360737,9.637758024458757
1.85,0.9953636082636582,-0.0269810870203255,0.5664475301257597,-0.0027975214780048,-0.0643527092885382,-0.00210292915271,0.997921079229106,0.3111198533340277,-0.0010734389710646,0.0282518093408054,-0.2027584309199873,-0.5502207147515975,0.0198548787260762,1701.8657267210035,1748.1020041425068,1751.879737150278,1677.7886304972951,-0.1618685269933033,0.0108695409421837,9.834464442416207
1.86,0.9989746146830474,-0.0275066152204512,0.5659051608204919,-0.0036061462404151,-0.0667315008881219,-0.0018965259251769,0.9977626499763992,0.3001594178716039,-0.0042051796839862,0.0216880151930449,-0.2529905935458144,-0.4760759554762874,0.0259888460977171,1696.3988670994886,1760.7188247893168,1762.9211555307966,1683.126608102535,-0.219905075190562,-0.0586161181609463,9.904845272122992
1.8700000000000008,1.0023359600632722,-0.0279876042928877,0.5653264940043253,-0.0046043443140776,-0.0688531054135333,-0.0016421225988207,0.9976148321480192,0.2891260681466141,-0.0032026166008515,0.0128573358020581,-0.2865572237439283,-0.3772144850322583,0.0318824782062701,1696.1399817197737,1759.3803598791455,1773.6821670100028,1705.0836220586862,-0.1905243226002593,-0.0156068886792396,9.903729932890109
1.8800000000000003,1.0053982152528091,-0.0284422693127439,0.5648593961170728,-0.0057293897363018,-0.0707155346321133,-0.0013548068103264,0.99747914853066,0.2762809790114329,-0.0012216736217233,0.0058619640964518,-0.2758014676837745,-0.2923127825157548,0.0332940771102222,1704.6648313532037,1754.216910055651,1787.7911884300115,1732.9403476210705,-0.1476071052274072,-0.0178763814983966,9.9619495920011
1.89,1.0081542311360392,-0.0288943736016967,0.5646082967589714,-0.0068731094412397,-0.0722816847356612,-0.0010671006213036,0.9973600050707104,0.260663593560674,-0.0019815444201819,0.0062689965303083,-0.226538715430613,-0.2363155095462202,0.0319736409877631,1721.774977595776,1757.4144425916866,1800.3345569833202,1750.8896146134748,-0.0963288510959401,0.0256605500317657,10.127555009217112
1.9,1.0106390403773078,-0.029360930586088,0.5646008251525745,-0.0079443702149878,-0.0735133880897394,-0.0008166568838374,0.9972622532839536,0.2430745068237651,-0.0065368952757289,0.0146301834127092,-0.1818671693728586,-0.1927586647738461,0.0320802398703793,1741.434989945849,1768.3740764005038,1802.2045882159528,1749.8202920397391,-0.1133241089325232,0.0207294491448731,10.351960240088482
1.9100000000000008,1.0129161706478191,-0.0298430652794528,0.564789759025502,-0.0089143355165175,-0.0743955141440303,-0.0006238080956951,0.9971887749874664,0.2253373838884224,-0.0126520800030909,0.0251959087863055,-0.1855520452845468,-0.1388594775129548,0.0339483734333887,1754.6622707313638,1777.1680273588202,1795.0258310383044,1735.8229882958158,-0.1524073874405334,-0.0363661852376293,10.398605293255669
1.9200000000000004,1.0150586267006594,-0.0303249903605651,0.5650884058695033,-0.0098190875274568,-0.0749419893690395,-0.0004778693967464,0.9971394362827992,0.2087025724657617,-0.0170606283781024,0.0320577060923149,-0.2395459209915247,-0.0682840533486151,0.0337689358527132,1756.603837292836,1776.4741600443183,1790.9388690578346,1725.5153735825124,-0.1645387006235072,-0.0345948524678342,10.29324071846568
1.93,1.017133452095014,-0.0307817249135261,0.5654135241358615,-0.0107279641247389,-0.0751839438263227,-0.0003440932121738,0.9971119129647984,0.1931178983797913,-0.0182459531822582,0.0346379966002642,-0.3000283704916071,0.0081451770588161,0.0289650293106565,1749.8154050065614,1764.9101608251715,1795.1626304728434,1728.431081200602,-0.1173670128741539,-0.0390927687581186,10.132519097234402
1.94,1.0191928900778395,-0.0311911566566943,0.5657097301295351,-0.0117065671087409,-0.0751490472852047,-0.000185749835906,0.997103576603581,0.1779450302954712,-0.0170920798600814,0.0361286216036034,-0.3163844652645178,0.0740117311005887,0.0215961860113051,1740.4615013140003,1744.182336540672,1797.9748465228497,1736.2153778470758,-0.1351723282473578,0.0211667639952279,10.12798348665114
1.95,1.021269122687375,-0.0315436227457852,0.5659506780214346,-0.0127958028625615,-0.0748479078347415,1.468043418296419e-05,0.9971128611678566,0.1630236981214131,-0.0151115701775809,0.0386759467715355,-0.2746120726603842,0.1171425177665049,0.0157898428703316,1732.681308035994,1720.4632026002496,1788.859020546653,1733.8953915172474,-0.0965476778184986,0.0250690906402749,10.185625299543585
1.9600000000000004,1.0233693974536222,-0.0318442267430781,0.5661293678348903,-0.014004523823835,-0.0742789819281256,0.0002474173559577,0.9971391301823636,0.1488649669011595,-0.0125949085719264,0.0419333862303134,-0.2054725671370392,0.1363937605211261,0.0132947694293132,1726.6269381626284,1704.8824395703168,1771.4557050875078,1718.5967937287776,-0.075707921496783,0.0320868840941976,10.05388978249671
1.97,1.0254727804229065,-0.0321079954335283,0.5662495692979834,-0.0152992460886992,-0.0734477458184959,0.0004818980736914,0.997181593029848,0.136028858111451,-0.0087879759422361,0.0447771536736256,-0.1545604942188755,0.1453849899792871,0.0123647082978615,1720.527234052697,1704.308863490212,1757.821793803168,1700.7960116730924,-0.0834221310208014,0.0197380204538109,9.856006402935446
1.98,1.0275330848680355,-0.0323516772040025,0.5663231080499795,-0.0165857404074479,-0.0723835284647476,0.0006819606896739,0.9972387241537242,0.1245502875032699,-0.0034576909202126,0.0461848779705143,-0.1450245651538046,0.1658176252027267,0.0098940597784047,1713.9314465089342,1712.1264860723409,1752.5238518305223,1689.792203157039,-0.0766835054454422,-0.0256868417606339,9.724729341336602
1.99,1.0294909751194088,-0.0325863114759132,0.5663729856748874,-0.0177028081766651,-0.0711408697964323,0.0008215057799836,0.9973088349932137,0.1138799367661901,0.0023397200024498,0.0450916029521509,-0.1619665047391466,0.2092809846312951,0.0036240659123438,1708.6580679772574,1713.2330027652172,1750.1720406684196,1685.9659018000723,-0.1400657668094207,-0.0002845467439797,9.73039732262261
2.0000000000000004,1.0312926407833112,-0.0328131533538627,0.5664364806169532,-0.0184591297791036,-0.0697855633612951,0.0008931379991703,0.9973908150663204,0.1032020368592033,0.0070969619179284,0.0413505185611953,-0.1630458484184422,0.2636366186228286,-0.0069266566397518,1706.144754063983,1698.595661552389,1746.7059757614452,1686.6220533159667,-0.0765264523032973,0.0469447640837806,9.630831920832332
2.01,1.0329072345686234,-0.0330240990976184,0.5665572972729387,-0.0187234068965094,-0.068373282561137,0.0009064825406258,0.9974836873630596,0.0919244758543546,0.0101067529882215,0.0367401887944173,-0.1075143084843178,0.3016958236107371,-0.0196290869626692,1705.6581378676522,1675.661313604092,1743.807950290979,1689.8421564005566,-0.041024826795093,0.0352772493498681,9.522459784917167
2.02,1.0343349195192066,-0.0332062156650572,0.5667628193398943,-0.018540483349821,-0.0669281409768957,0.0008797044838147,0.9975851344835452,0.0801189326476794,0.0118126218233786,0.0335933160139301,0.0012121377285467,0.3076644567357298,-0.0284192485384801,1709.1350500877131,1668.413311821102,1738.703390962671,1688.7754967959654,-0.0668161847277482,-0.0220776896444954,9.505980839933269
2.03,1.0356022423083628,-0.033347885938128,0.5670397601547859,-0.0182198445414573,-0.0654293216288191,0.0008317364243547,0.997690507798184,0.0684647463488052,0.0132274254160867,0.0323199301761182,0.0779596745099598,0.2955675668744321,-0.0238929887865054,1726.3061243871853,1702.819517467829,1718.417184572107,1671.397223537138,-0.0669074327474119,-0.030879819814005,9.581675866374912
2.0400000000000005,1.0367480286838582,-0.0334429345950268,0.5673291166671561,-0.0183431070943898,-0.0638166999153853,0.000780400446199,0.9977927391042576,0.0575648458205239,0.0151828329414417,0.0312493954751718,-0.0279790673272476,0.2995253631487054,0.0013934629479019,1764.6666378892733,1779.3364221848992,1675.9254115261026,1637.0023513555689,0.0010141637513956,-0.0279728824456672,9.594419605448763
2.0500000000000003,1.0378069942943324,-0.0334904094275878,0.5675483367562039,-0.0196626461169845,-0.0620203438322599,0.0007456661795797,0.9978809053592294,0.0473601637627547,0.0180085119263944,0.028934017240655,-0.4306808481248528,0.3430578780805035,0.0457568673817685,1810.0737908129129,1858.9531913598853,1629.9474728189311,1609.9771693026776,-0.0663729499489536,-0.0754624448606429,9.630943582382296
2.06,1.0387979084335872,-0.03349049241403,0.5676283024058644,-0.022907946926881,-0.0600025131412542,0.0007526820544285,0.997935046911398,0.0374158813546616,0.0217798293186774,0.0256091710703178,-1.0847543418309695,0.4152694847606851,0.0974160501889575,1830.4235605996364,1891.7986437936763,1613.2677294729428,1622.337074313487,-0.1272787035403397,-0.3885444753855763,9.691621480349532
2.07,1.03971957427199,-0.0334389854815798,0.5675443827119898,-0.028567242480728,-0.0577882396912442,0.0008291438437944,0.9979197084590128,0.0276940337573582,0.0267996285035727,0.022194322502786,-1.778023786619494,0.4765770366577383,0.1425077309747228,1809.9442356143777,1866.432471620783,1636.5945065434544,1676.9216614269276,-0.0700514653589847,-0.3982286899216403,9.843784611561976
2.0800000000000005,1.040554051299799,-0.0333228320495329,0.5673275957796892,-0.0367419254642378,-0.0554633279675383,0.0009962263589074,0.9977839734616843,0.0186574228536433,0.0336497540036515,0.0191477989077999,-2.282340828312999,0.4911384657447797,0.1738705883690683,1770.8841609581104,1820.9712515072124,1677.3317144130262,1739.4544879660252,-0.0531911225469394,-0.1066115329280399,10.098669127247856
2.0900000000000003,1.0412746324808508,-0.0331178212978483,0.5670530281456356,-0.0471482916496971,-0.0531353413299675,0.0012586226298859,0.9974728517435142,0.0104214080338702,0.0425541011949197,0.017222244356608,-2.5243909256308124,0.458722391801789,0.1922879483703807,1750.690704583439,1801.9988134325251,1708.3583768640071,1774.3954581428554,-0.0572177095677388,-0.0464024232612156,10.259142251910111
2.1,1.0418560835941706,-0.0327883657235729,0.566810765111608,-0.0592648369940108,-0.0508755833711367,0.0016015033573408,0.9969437242390948,0.0021317407643124,0.0528983382700781,0.0181582842949762,-2.609130773190734,0.4163662829891092,0.2024506883346751,1764.402181029901,1821.648924553233,1723.751431484911,1779.0072942714671,0.0179452398082744,-0.1421923679134895,10.21836638191132
2.11,1.042285009959934,-0.0322890730463553,0.5666717673119747,-0.0725408445755609,-0.0486765053707152,0.0019965323829741,0.996174903092626,-0.007306982323585,0.0639987237064755,0.0228499465375128,-2.6938152401340805,0.4055860231542187,0.2093555408376815,1796.482840035691,1855.75725393326,1733.2380664144885,1776.4562401364767,0.0316756017277297,-0.1709119801496823,10.272515738970494
2.120000000000001,1.04256761234068,-0.031568528404489,0.5666663069074936,-0.0865532338959976,-0.0464547096903642,0.0024102784123155,0.995160634374021,-0.0178353156207803,0.0765545121107212,0.0291922929529774,-2.8514653110187385,0.4349569808140799,0.2156608738291485,1822.9548364181344,1873.812561608692,1747.0471750956592,1786.616523405886,0.0174839962844495,-0.061555891627802,10.580372643635
2.1300000000000003,1.0427312469259409,-0.0305759549306321,0.5667866035379978,-0.1010441922671741,-0.0441010214933459,0.0028076034589788,0.9939000394783848,-0.0279969266812698,0.0927655294269635,0.033706857159838,-3.036307762476758,0.4757115065071028,0.2201918372947681,1834.812654165533,1867.274509909668,1771.0774842786236,1811.335767627731,0.0153630588269511,-0.1035463487636201,10.765893097471348
2.14,1.0428174553652103,-0.0292702553761104,0.5670076185957881,-0.1158571074647506,-0.0415462904804059,0.0031518201285644,0.9923916073945286,-0.0363058276156698,0.1145602212818371,0.0358402097241068,-3.153236303352005,0.4946019424718896,0.219993129865722,1841.4624284869024,1852.763437982316,1805.2821741079736,1840.5306222595568,-0.0152399208150102,-0.1156537464334381,10.830646120700717
2.15,1.04286817596585,-0.0276286975806754,0.5673070889032301,-0.1308492793604841,-0.0388026215418437,0.0034095326108735,0.9906367637735326,-0.0425904965671917,0.1420193221920873,0.0392057220894014,-3.1545063522389274,0.4864769539389703,0.2141496687913364,1855.5852852850037,1850.5458411398977,1841.5878811684847,1864.4188334243584,-0.0127900121533256,-0.0208297162359367,11.13341079968806
2.1600000000000006,1.0429109286361735,-0.025650718102529,0.5676715970566353,-0.1458534545503617,-0.0359595638466114,0.003561769874812,0.988646040481145,-0.0478104754802801,0.1738825754927923,0.0477154846330424,-3.0782479612593074,0.4704516205899006,0.2045711972199687,1879.213095880813,1863.91969156488,1868.7441160405465,1880.5422225757648,-0.045638424605344,0.0087188590443436,11.571715042801411
2.1700000000000004,1.042949333228692,-0.0233529964296601,0.5680917374957312,-0.1607009790928149,-0.0331430462374944,0.003613332560006,0.9864399006693316,-0.0528678960907774,0.2092756770774324,0.0615481885540437,-3.004543962776141,0.4604045850501625,0.1937493840551227,1905.5834334097492,1882.0946116578532,1882.9396570605936,1893.297674168476,-0.0620334000082413,-0.0412776634912908,11.868728546389464
2.18,1.0429621014810986,-0.0207558317878288,0.5685574377193229,-0.1752661725336683,-0.0304616362783027,0.0035922425439948,0.984043166367285,-0.0579655072270986,0.2484555735262907,0.0777978930173031,-2.982868871038619,0.4515392192814769,0.1830695968556311,1928.382250327885,1896.296271371065,1892.835720664872,1909.2665209102684,-0.063974259585724,-0.0098917386280041,12.004136635498508
2.19,1.0429099053949678,-0.0178657098691367,0.5690594595950031,-0.1894873101739605,-0.0279663125404147,0.0035393333960557,0.9814784346917872,-0.0629578189107775,0.2919181093877263,0.0938954658635671,-3.0002696021935567,0.4366363351160668,0.1725022912312918,1945.8067648415736,1906.2372914762564,1910.692054853802,1930.835290701517,-0.0113872782648148,-0.0500907858683739,12.118005343255334
2.2,1.042747804068988,-0.0146611095559894,0.5695965119757352,-0.2033527243441129,-0.0256412283655274,0.0034940200802675,0.9787634998984244,-0.0678120307607882,0.3391879421037709,0.1089354297740793,-3.008802103306775,0.4210754792087995,0.1606669351195868,1960.694076021553,1915.561943289382,1936.5212234417413,1951.210728607287,0.0208111354337457,-0.0924427962160034,12.259940877596833
2.2100000000000004,1.0424403075608095,-0.0110867357150049,0.5701860149313852,-0.2168706105857424,-0.0234275726544991,0.0034819267851682,0.9759129896100104,-0.0725245686609319,0.3887955952076455,0.1224176811915732,-2.975799537985667,0.4122024604963806,0.1457739187599097,1977.854902820779,1926.5275533179276,1956.579840996265,1959.5935729080352,0.0315810284284151,-0.0686775921139597,12.457883079523778
2.22,1.0419751371877413,-0.007057946696807,0.5708743569232441,-0.2300451545759371,-0.0212652939388185,0.0035069442347554,0.9729412703097567,-0.0768494187980511,0.4397241421678957,0.1336813271386828,-2.905591299711582,0.4029930037445343,0.1274979179747572,1996.4820795461544,1936.9250772758448,1962.7664943588147,1955.9145609460684,0.0803946948479971,-0.0281214031360761,12.651548007094862
2.23,1.041371031047224,-0.0024752065721905,0.5717370387108235,-0.2428663855403656,-0.0191277260724513,0.0035485732755723,0.9698646588558444,-0.0803762633705495,0.4931026672686705,0.1431074620595528,-2.816847261844038,0.3797661263588477,0.1078299028257142,2007.9855400743984,1942.1944611412328,1965.4930432297267,1954.318204191252,0.105840871628516,-0.1466434827335812,12.707115453751284
2.24,1.040676013673024,0.0027531600656601,0.5728598885407501,-0.2553075599115144,-0.0170303164196038,0.0035656909482692,0.9667033174778796,-0.0828760923297502,0.5520538598097935,0.1527090888121919,-2.7141842894412687,0.3442163107682483,0.0898298755494244,2007.6788721222547,1943.188179541234,1977.9284685575,1965.1277569052893,-0.0351746496040878,-0.1654261179747136,12.735257696631706
2.2500000000000004,1.0399555031859462,0.0086862471003172,0.5743050417195937,-0.2673252941161667,-0.0150134935509509,0.0035079687857296,0.9634829922173505,-0.0844778778395839,0.6188272528643571,0.1645070907181664,-2.594201374836274,0.3154919378343145,0.0754961678726037,2003.822061280045,1946.8585776359012,1995.3097339391009,1979.600454299719,0.0066083752461525,-0.045965103360392,12.886713195177023
2.26,1.039273510690664,0.0153357285259615,0.5760791532231518,-0.2788666976626675,-0.0131160758547173,0.0033336980375953,0.9602344609241462,-0.0854929323239383,0.6915930985039502,0.1783823085106813,-2.467857327965532,0.3067292030440189,0.0644985339657784,2007.4011358332652,1954.890832801032,2002.0681952121315,1980.784226668092,0.0366225504593049,-0.0416179246584746,12.88451895234141
2.27,1.0386735024792562,0.0226708776886952,0.5781224390435602,-0.2898876655679091,-0.0113566525643669,0.0030279338865189,0.9569885053701008,-0.0861034324313778,0.7648977603570177,0.192012344308886,-2.356755940634131,0.3078281881066115,0.054829445310863,2016.8426911716335,1958.628515238309,1994.284396130815,1965.164198541566,-0.0079902428087158,-0.1345563305995556,12.86422085732422
2.28,1.0381663119629887,0.0306413197098036,0.5803247796214038,-0.3003745457818212,-0.0097298709285576,0.0026117649941063,0.9537681272414662,-0.0862603613535014,0.8343929443264161,0.2029108965268882,-2.267949233430163,0.2978240934908404,0.0448940034990201,2019.972971625783,1950.343088395589,1982.6502219632944,1945.4400748583253,0.0915284739891091,-0.2167352105390536,12.644041429189556
2.2900000000000005,1.0377297997840629,0.0392031309653256,0.5825601839063875,-0.3103510139735927,-0.0082157136594946,0.0021368496003798,0.9505841278121644,-0.0858963828978318,0.9009069594910548,0.2099965662972702,-2.185662598915429,0.2700480584520131,0.0348229244597737,2009.13181367991,1932.663556212114,1975.1479776149167,1933.297048000672,0.0872170726452693,-0.1877265842403446,12.491686034635546
2.3000000000000003,1.0373199801763455,0.0483345114420821,0.5847235204570633,-0.3198562089771706,-0.0067962227309929,0.0016676975148799,0.9474402544331448,-0.085181459721058,0.9688673109705672,0.2130358552993976,-2.0876402604661983,0.2377762924961046,0.0257266479155366,1988.2007333805727,1911.986151380501,1968.272730469394,1926.9865546279084,-0.0179675770392388,-0.2624314260927809,12.35892179960996
2.31,1.0368885830223056,0.0580396443519859,0.5867551043930435,-0.328898962660094,-0.005470636799466,0.0012602655776382,0.94434842946065,-0.0844835413590725,1.0409766499922803,0.2113526635721513,-1.9583321604165416,0.2159195682930916,0.0184147205675205,1964.105059087638,1889.0376812736763,1957.0691038870864,1918.3368415528205,0.060623706700584,-0.1961021640230003,12.064461518176074
2.32,1.03639969709859,0.0683479363118452,0.5886451511108013,-0.3374124414925951,-0.0042577214404827,0.0009459429942784,0.941346812458614,-0.084065097216575,1.1156600713734128,0.2039628003824791,-1.7846056414135043,0.2047764496095691,0.0131480189696573,1937.583585846028,1862.5234085376887,1944.4182490499768,1905.913172152552,0.0553264627666948,-0.0756230908929955,11.8972412166326
2.3300000000000005,1.035839224252266,0.079311526270303,0.5904179479484855,-0.3452378075955762,-0.0031798938793303,0.0007277100160839,0.938509571032522,-0.0838877923014442,1.1896709473403972,0.1910127252530217,-1.5519942071322967,0.194800134491714,0.0097220808557442,1907.6966605408363,1838.1426528788068,1935.3576215232483,1895.116881226399,0.0305996370659481,-0.11140627217027,11.591734028213056
2.3400000000000003,1.0352146629772894,0.0909965810522414,0.5921036886461972,-0.3521500874816174,-0.002237254220878,0.000590358768086,0.935940682979838,-0.0837521009222898,1.261910581587406,0.1745593345105382,-1.258166622827683,0.1814892975892639,0.0071770622358714,1881.0047273074324,1825.1116985006008,1927.9084117717769,1888.1813575927024,0.0199042811524205,-0.1886137457944983,11.211893738819914
2.35,1.0345471202035317,0.1034659983716438,0.5937117499610474,-0.357913150191043,-0.0013906085113479,0.0005176212555528,0.933753701570456,-0.0835352126785172,1.334238446205498,0.1574010393194947,-0.9272610141709317,0.1696305758564491,0.0041789841449981,1866.7792893564556,1822.5907052931807,1915.4412964550609,1880.96724637394,0.0783292926367015,-0.2074665778035767,10.97101304789624
2.36,1.0338601852158016,0.1167600233962406,0.595219113670103,-0.3623308822180369,-0.0005699920658837,0.0005020094277443,0.9320492234247494,-0.0831685693459547,1.4091308274246652,0.1407047032946948,-0.5966608280413078,0.1646012678159155,0.0004755795195594,1862.8483604857583,1816.8277060306532,1896.086266132634,1869.4034167709667,0.0813348355114522,-0.3355626365674728,10.910446211662112
2.370000000000001,1.0331704578976375,0.1308855668159705,0.59658032967375,-0.3652648411916077,0.0002918177310159,0.00053812388734,0.930903443464661,-0.0824477584164521,1.4868187351096214,0.1226679041538228,-0.2823260956306623,0.1648366225098675,-0.002510688553432,1854.3468407318005,1794.9336078135686,1875.5172442983096,1854.1335995847664,0.0802705011790373,-0.2804443680150257,10.717862575121458
2.3800000000000003,1.0324828777229136,0.1458198807013718,0.5977533957745917,-0.3666145484155688,0.0012207916960582,0.0006062514363546,0.930371922951719,-0.0810868396895369,1.5644713310951364,0.0999169557760661,0.0382287245344139,0.1639280167510912,-0.0034810046089717,1829.4198290380984,1757.3003244668787,1860.6043189036827,1838.6450117477327,0.0697832817847103,-0.2173587827016225,10.394891223541777
2.39,1.0317918214174366,0.1615243299128932,0.5987253208987519,-0.366283993850592,0.00218437905947,0.0006649184031939,0.930500307480068,-0.0790495072199193,1.638179219845238,0.0707006284426546,0.4042693150467356,0.156898285367608,-0.0036315434764941,1792.3921039410934,1715.9570320609198,1852.1796318750164,1825.5133271016505,0.0598130029035934,-0.2650170861222829,10.049486448811546
2.4,1.0310868877301782,0.1779572674682767,0.5995196622604665,-0.3641653552959038,0.0031084182872483,0.000664544704912,0.9313288839707996,-0.0767189784620108,1.7060579632203607,0.036927389627688,0.832149567977846,0.1426856622550859,-0.0062659870192545,1759.7813134770602,1685.307232347187,1843.8779108525157,1813.7131689631055,0.0420989686980085,-0.2893610380159206,9.827060548435272
2.4100000000000006,1.0303607621388926,0.1950768060036444,0.6001790369543679,-0.3601558889846674,0.0039176906301782,0.0005745069428631,0.9328837319149492,-0.0746631216823959,1.769667324699037,0.0033559838078462,1.2923045587891453,0.1227714761071205,-0.0132560887948788,1744.800288115621,1673.5131154492492,1828.0010817073276,1798.351689066179,0.0432716462981434,-0.2922715601330186,9.695269821715332
2.4200000000000004,1.0296158915153582,0.2128333420391067,0.6007317102749464,-0.3541996893659746,0.0045743281343161,0.0004024831900799,0.9351585392768696,-0.0732606428649604,1.8325258420972173,-0.0249757370065707,1.7223126505246724,0.100620361239009,-0.0221485088521667,1745.8770537427995,1677.1048818365482,1803.3953227357608,1775.1712669478436,0.0730458296580586,-0.3001654288658901,9.590533433453183
2.43,1.0288670135586586,0.2311607616460738,0.601161588504097,-0.3463286839591537,0.005092185352466,0.0001902604989318,0.9380993956486696,-0.072521215742616,1.897045097126948,-0.0453729936563537,2.069792454716875,0.082554567814311,-0.0277734789984493,1748.9413304974023,1682.9614646653324,1776.4698330971123,1746.8264944350406,0.0641394577343558,-0.4765481857464326,9.36309238621105
2.44,1.0281381106428462,0.2499773059427649,0.6014000696162227,-0.3366773902395941,0.0055226166094341,-1.1172684521110604e-05,0.9416038633535934,-0.0720842448369132,1.962141765813428,-0.0594569423536812,2.3322068175108344,0.0757397139072888,-0.0271276332649794,1740.192604631812,1678.4632843943086,1752.920613174652,1722.005185042065,0.0742831189735317,-0.5043235711814473,9.098789426615298
2.45,1.027454881431694,0.2692010219036133,0.6013480836216236,-0.3254624896348169,0.0059239192124041,-0.0001687771823644,0.9455363803345348,-0.0712599599753368,2.0232693146603604,-0.0733085702950635,2.5563827528839966,0.0818160741044643,-0.0222403668394357,1717.595080310857,1660.680446917442,1730.7342990843638,1705.640731226881,0.0664347140422498,-0.5153886720321124,9.000001894533753
2.4600000000000004,1.0268358739534298,0.2887745833027005,0.6009206058461283,-0.3129384343318253,0.0063329919821115,-0.0002796137033854,0.9497522578792204,-0.0692620558512914,2.0754599645808174,-0.0939304087129196,2.796012369274482,0.0917962735321178,-0.0182556555674246,1692.2319709143048,1636.845632964344,1704.390357515687,1692.8190797507543,0.0338031274912718,-0.5786091976955108,8.946362959382654
2.47,1.0262857657549742,0.3086857047735292,0.6000900669304687,-0.2993501990460438,0.0067523660841242,-0.0003657308922288,0.954119347945672,-0.0657916295718559,2.117557865912163,-0.1233220223952524,3.0662014893039635,0.0892693879036174,-0.01920080504922,1679.421738896633,1619.2586258361066,1674.4053982632809,1676.4957504496615,0.0770351377674886,-0.639711347828563,8.705939990323188
2.48,1.0257933537017223,0.3289682356460515,0.5989011994273168,-0.2848993489197708,0.0071551972968197,-0.000460464807556,0.9585306213725752,-0.0615161011970494,2.1536003894027127,-0.1559145138705271,3.334022673808384,0.0623180519547674,-0.0251647155263967,1686.2879058115254,1619.3203805941985,1649.5163367437583,1658.2304139903626,0.0648521002461732,-0.6636128334574805,8.524604647047521
2.49,1.0253352423872435,0.3496785265433654,0.5974457693257803,-0.2697266236630515,0.0075019239854979,-0.0005934254209499,0.9629075331879569,-0.0577181899065689,2.1893461052975867,-0.1832310076381733,3.549153762886915,0.0154126705096574,-0.0324479299648954,1705.639646852565,1640.2396593293804,1639.2348985460358,1645.7736433163038,0.0705476465534904,-0.7541893681092593,8.514760919878885
2.5000000000000004,1.0248838323999572,0.3708571667136144,0.5958121383350983,-0.2539053495621308,0.0077575741405847,-0.0007778407281254,0.9671976470561676,-0.05526484284447,2.227514716764819,-0.2015668500545445,3.6870204870070458,-0.0306997641938632,-0.0362142321990632,1722.4794624416922,1672.1388461849942,1645.0655790431408,1642.7082544663615,0.1125378760123677,-0.7878156807477876,8.66992818515416
2.51,1.024415867188003,0.3924960056200179,0.5940404621098414,-0.2374418901782926,0.0079002571620573,-0.0010059650620764,0.9713690970787712,-0.053968762854091,2.2668883055999927,-0.2143905436378912,3.769091000091204,-0.0539186667348798,-0.0337409742577967,1728.343266553597,1698.7710549209464,1658.6911040214438,1646.3462450438824,0.0273252083528171,-0.8822042322786459,8.891448353425789
2.52,1.0239176085104282,0.4145267236799342,0.5921073601522059,-0.2202877072281353,0.0079200691879362,-0.0012587464869443,0.9754019756518392,-0.0529787703208788,2.305149975836581,-0.2270939787528327,3.843146745806564,-0.0483181241750418,-0.0259117547255079,1730.160962356426,1713.3239162959312,1668.956121267952,1653.859998798478,0.0100910157580061,-0.906051210498247,9.05432721031528
2.53,1.023385326894771,0.4368344614269575,0.5899426258286866,-0.2023714549277594,0.0078165298054967,-0.0015263351697666,0.9792764504434748,-0.0516410721561143,2.3408603513816453,-0.2406940403628625,3.941090338602412,-0.0283696656535266,-0.0161471467180842,1743.5787434403442,1725.1652344646666,1671.5480540603985,1664.9911506022645,0.0304869396586606,-0.9468892050375564,9.218167882827563
2.5400000000000005,1.022823160029622,0.4592883035795715,0.5874631728808125,-0.1836500742321323,0.0076021427813327,-0.0018223403223256,0.9829605977532436,-0.0499113741566766,2.372513107389428,-0.252176778504201,4.053854589680639,-0.0158515881367257,-0.0081210052527758,1775.294436289625,1748.3151509938598,1672.0610251210228,1679.234664622059,0.028345500047024,-0.9296711821653628,9.434760894785745
2.5500000000000003,1.022241552093004,0.4817747593892053,0.5846057265527783,-0.1641585698155939,0.0073098197501606,-0.0021737106220607,0.9864044837050624,-0.0481055679138725,2.397501728673132,-0.2605847138651488,4.145203334625494,-0.0201527568055828,-0.0040196440825897,1814.4514306630963,1786.2375924386824,1679.797070304414,1694.498677095674,0.0029346987223297,-1.019567230664093,9.726661802787191
2.56,1.021657375806439,0.5042199218869542,0.5813458773344924,-0.1440282272037945,0.0069935550408641,-0.0025866826230909,0.9895454860841062,-0.0464753574145864,2.413794909771511,-0.2696635299755612,4.185824859320022,-0.0296890182874096,-0.003863425264105,1846.9157108813963,1830.815649241236,1699.2997324097423,1709.9530905094357,0.0395054708293586,-1.102857625939876,10.108844768359084
2.57,1.0210937759823149,0.5265899701825965,0.5776981569921738,-0.1234593296810861,0.0067151561592096,-0.0030125128068779,0.9923223394437124,-0.0450489384149334,2.422704714865973,-0.281815372051537,4.173167647291324,-0.0260332235501241,-0.0054042723441154,1875.2843789093183,1873.946984574663,1727.7208818867457,1729.1326322734858,0.0136965499803105,-1.1766610706081668,10.588552341351196
2.5800000000000005,1.020577226875017,0.548868865885909,0.5736977445163276,-0.1026662120357129,0.0065227541273332,-0.003342372468149,0.9946888614693122,-0.0437110152982983,2.428722389169817,-0.2914319451444233,4.125600903576172,-0.0098233593574176,-0.0043603043892371,1914.5284998822035,1916.5575363080447,1759.2783763139887,1758.8759692342674,-0.0448715848074737,-1.280291588690453,11.0615206108792
2.5900000000000003,1.0201316839283745,0.5710245555048933,0.569374548159506,-0.0818285586378078,0.0064352474555219,-0.0034434416978612,0.9966196954158184,-0.0422755871353771,2.435565223681208,-0.2891881277862756,4.067536109331394,-0.0064618041796877,0.0039423687263238,1966.8868981570652,1964.7758470198503,1791.869138662379,1803.058519909628,-0.0261624101939254,-1.263620101949588,11.502291611776402
2.6,1.019772211633556,0.5929835583288539,0.5647420866812048,-0.0610695697136421,0.0064414253272472,-0.0032227102352337,0.9981075241843856,-0.0404783238778868,2.4424517300134414,-0.2738916068263893,4.020809173199302,-0.0355754827967109,0.0198376834131286,2014.4479742054375,2018.6540765645,1828.6344174210576,1854.9156537186352,0.0345058694724915,-1.2855555325353247,12.228709567809672
2.61,1.0195008621859605,0.6146307485348248,0.5598197362308964,-0.0404590901697815,0.0065100985224808,-0.0026873964491541,0.9991563734171874,-0.0380364834639479,2.4446398992613965,-0.255424940397554,3.9959646080349382,-0.0775632409223148,0.0338628227860627,2045.541495880487,2069.417295943601,1870.6223288309884,1896.797823256312,0.0489754892961734,-1.3787722000370743,13.004787642939547
2.620000000000001,1.0193061928462934,0.6358365154086744,0.5546794800872888,-0.0200327936920979,0.0066012680787115,-0.0019669358589231,0.9997755956213225,-0.0348760101347696,2.437407059719502,-0.2428730794149193,3.9761583027575367,-0.0876218159021479,0.029288436113972,2077.13886594607,2109.934330728643,1909.088781508456,1914.3401444563935,0.0382714604998342,-1.4334969509503854,13.618673122702782
2.6300000000000003,1.019166122035096,0.6564969901934081,0.5494807802714933,0.000176636384107,0.0066721407526438,-0.0012749001585508,0.999976912716964,-0.0313410948540049,2.4193256795739635,-0.2331172923836746,3.916484690410049,-0.0507573113873483,-0.0034955127635247,2133.259236760566,2142.270737855498,1933.245860225476,1915.596294670292,-0.032013877622535,-1.3299612145140138,13.97810549021676
2.64,1.0190528257603213,0.6765659215717265,0.5444625927954804,0.0201090132045166,0.0066813617838948,-0.0008231033957036,0.9997751294633476,-0.0280615817699277,2.3922172403353663,-0.215426897151046,3.785761572216844,-0.0076932000000682,-0.053902665396064,2204.230844566222,2171.6818646092192,1948.391648536599,1929.3516220862296,0.0022557350117548,-1.3295501979765587,14.235554807552113
2.65,1.0189382645753515,0.6960628390631608,0.5398972385089041,0.0396667167381433,0.0065916528902287,-0.0007353714706618,0.99919095318372,-0.0254788613180719,2.3586741495415624,-0.1850465511593572,3.617468791051034,-0.0095081622845596,-0.0966372540719513,2249.7149215618874,2200.422280199867,1974.348364593665,1974.2934889985956,0.1013965698459908,-1.48085313048433,14.69270551115955
2.6600000000000006,1.018799445969164,0.715055665848621,0.5360369395708787,0.0587432605449186,0.0063840760715745,-0.0010145564141231,0.9982521943820342,-0.0235019320814879,2.319887497127154,-0.1468277975717575,3.4932407207629987,-0.0533311245073151,-0.1122796052296016,2250.315150575596,2231.5908329316467,2017.498779133089,2034.049158615881,0.1388316120020043,-1.4241477461698784,15.307249421652742
2.6700000000000004,1.018622975318232,0.7336276021888121,0.5330757260840003,0.0772736932533862,0.0060689690641291,-0.0015726085057407,0.9969902059940048,-0.0216894533219546,2.275639420340558,-0.1060072544593138,3.4548229424784926,-0.0830749091990308,-0.1016834371731646,2236.4677618685,2269.195977398236,2056.3395186622474,2075.4910535401627,0.0415742525001915,-1.4080394474617854,15.82321303819236
2.68,1.0184081122394393,0.751842912102166,0.5311284824871734,0.0952675207409331,0.0056896869379023,-0.0022907405570228,0.9954328101193596,-0.0197456842594078,2.2258991391068674,-0.0612573510606292,3.4516846437247897,-0.05835496228017,-0.0817336576207906,2249.009607651933,2306.2070739410165,2067.5142656349763,2089.5593673084218,0.0857863063412714,-1.3260848997857622,15.883112597482414
2.69,1.0181669383139504,0.7697252625853899,0.5302243379749257,0.1128117626512767,0.0053120173736805,-0.0030651568412235,0.9935974504257106,-0.0178022445030781,2.171883356220583,-0.0088997208493752,3.406476393757348,-0.0054860000843549,-0.0698322813165275,2283.0106965904506,2321.3018094764384,2057.1655284892618,2098.8293389212618,0.0612212877615678,-1.4014725968525066,16.264139044852524
2.7,1.0179208355522569,0.7872576299149966,0.5303181716624519,0.1300542787098466,0.0050040462533937,-0.0038199164786085,0.991486889650313,-0.0162803820099136,2.115277249151708,0.0498229455373736,3.324853186058791,0.015263192304704,-0.0713631177608753,2292.80955001482,2300.3531509222903,2050.652550909008,2121.6491380424486,0.0666698295131837,-1.5120648310325384,16.428299112710583
2.7100000000000004,1.0176943555195106,0.8044043107680805,0.5313206620352359,0.1471727446709638,0.0048161435308043,-0.0044983633868152,0.9890888497573644,-0.0155009238166683,2.0565692383032834,0.1086700809984589,3.300430922131193,-0.0146093424526523,-0.0782829960611948,2252.5405416138656,2258.729121566096,2054.0376240890146,2142.9002620093365,0.2300788715492421,-1.445748842234562,16.229364919618515
2.72,1.0175088474646743,0.8211433507476354,0.533134395718562,0.1643201746142267,0.0047656163883405,-0.0050552809630586,0.986382589693053,-0.0152856912459147,1.9944169150661384,0.1624251457287622,3.392190353456969,-0.0494560693271186,-0.0783530752153478,2190.4514705465403,2228.7119700154567,2043.3231862888383,2131.9881461787554,0.2315765530885959,-1.290490352116242,15.99554733128112
2.73,1.017377740609722,0.8374869123978362,0.5356781292716591,0.1815535408182663,0.0048254924938118,-0.0054629149147355,0.9833540476345112,-0.0148765438285664,1.926613952449969,0.2109406250525078,3.5291959054378923,-0.0378107966261072,-0.0671590694388155,2151.113461385156,2219.8664954330943,1999.2105010879432,2085.291575324306,0.1601108987053419,-1.14366935029358,15.692327050932086
2.74,1.0173041943860248,0.8534671329959125,0.5388902430503925,0.1987899615225297,0.0049217238820472,-0.0057265763713644,0.9800130275434928,-0.0134655140898058,1.8517746847841396,0.2569354271743135,3.5822572030685187,0.0126089182370493,-0.0519744834388308,2137.897910898977,2203.0527539831232,1938.6711677726,2035.7907082944648,0.0950168335300961,-1.1227353908618607,15.219279393570252
2.7500000000000004,1.0172811402790995,0.8690810082698818,0.5427164783316809,0.2158429795831393,0.0049497833183779,-0.0058927277041012,0.9763977588923374,-0.0110387627345415,1.770892280630504,0.300733885017711,3.5264319908471218,0.0405750120413491,-0.0432916576902568,2113.398568581181,2146.053219550028,1896.428712161297,2013.4930223776576,0.1800863603454836,-1.3765540054027436,14.511937223855648
2.76,1.0172932074794931,0.8842147735109575,0.5470942781552608,0.2325420982992677,0.0048143100905494,-0.0060343272808131,0.9725556960047036,-0.0086219183837392,1.6878785132959295,0.3383116454297994,3.480551672397376,-0.0021633911944359,-0.0429748003012746,2053.692742264165,2060.6460520651744,1881.125547898068,2007.116733040804,0.2206341321514159,-1.239231321841079,14.167738375859354
2.77,1.0173192146772698,0.8985944168697783,0.5519430416496847,0.2488698402785249,0.0044756378338654,-0.0062150168686149,0.968506657091754,-0.0074287072712927,1.6077600824491325,0.3652994116855101,3.5570380480372727,-0.0973287930874217,-0.0424130473658875,1981.102418347593,1998.236461505886,1867.2238990945732,1978.319611599452,0.191853999286248,-1.031227694424777,13.735528171909127
2.78,1.0173337803488232,0.9118200123638782,0.5571631060316401,0.265024843796014,0.0039746723248875,-0.0064529026274559,0.9642117994499386,-0.0076541302001652,1.5330801048018263,0.3825097295689932,3.708283967035905,-0.1725690881348603,-0.0326454025510535,1935.0298126952323,1992.6964008852988,1831.303103563073,1910.753803062626,0.1714913333022311,-0.9233390627899044,12.94822240517317
2.7900000000000005,1.0173084141368671,0.923521659814679,0.5626457852456186,0.2813585800655404,0.0034168511016288,-0.0067098271129952,0.9595731617610852,-0.0082149854187415,1.4620769445794377,0.3959376098620044,3.7718986022566834,-0.1655423682763934,-0.0146730969498935,1923.391659842064,2018.2225363543512,1781.5388898059582,1833.01542854544,0.0640370776698485,-1.010243040020944,12.37803359540088
2.8000000000000003,1.0172152773177914,0.9336172835027176,0.5683018956199649,0.2982039876919319,0.0029207098802546,-0.0069167319329186,0.9544726344939354,-0.0077898481143042,1.3907754535870496,0.4102576742111303,3.6668536089802375,-0.0786172197166396,0.0012758655156928,1916.9622727053213,2015.5261341238347,1744.398504503608,1789.1262504259355,-0.0310590283364729,-1.0776737674002996,11.84895130144082
2.81,1.0170371023121532,0.942577310795958,0.5741131208419672,0.3156674329823919,0.0025592587452738,-0.0070200691256546,0.9488404716170432,-0.0061451054801106,1.3158934148620225,0.4230579612446715,3.499590172314821,0.0249215085344028,0.0059728352217797,1889.882362968249,1958.156891443017,1730.4072397879518,1790.6687045608217,0.03970039026015,-1.0288346430041075,11.442829634861642
2.82,1.0167822373577249,0.9515521939998371,0.5801886950011305,0.3334691918290025,0.0023281773769339,-0.0070182159133197,0.9427319992110204,-0.0045208690947629,1.2349466268599711,0.4267026022062465,3.444484230664296,0.0757476413757782,-0.0001345406102051,1852.2844661307652,1882.1101339678796,1722.5787309559416,1803.782809817344,0.024147772231616,-0.8963289613868941,11.186130361039751
2.8300000000000005,1.0164972321190575,0.9622349260002968,0.5867827442129693,0.3509073023340249,0.002159627204753,-0.0069632868406502,0.9363818205280198,-0.0047151145644562,1.14631995921826,0.4159860991507215,3.531550676940908,0.0514036449104373,-0.0080537987591168,1835.245667228176,1845.2151056431344,1698.4514274394246,1785.658982682902,0.0933674887350981,-0.6651922175315192,10.911054398264302
2.8400000000000003,1.0162664243539223,0.9764201580087216,0.5942273180372207,0.3670021558894907,0.0019726771620065,-0.0069274281771776,0.9301922042546532,-0.0074299074291111,1.0547402127020518,0.394296395252178,3.583939373177483,-0.0162450318708065,-0.0090844379212649,1850.3524060323853,1865.8570291150215,1656.591366395738,1728.822109720961,0.1196496193314479,-0.7290502159659793,10.463388457249106
2.85,1.0161917935736495,0.9953575055894992,0.6027779913929558,0.3808367013238009,0.0017282083307976,-0.0069566479524519,0.9246145279358512,-0.0111508399328174,0.9779751500188074,0.3738287273294044,3.380740657743158,-0.0740313733066486,-0.0019719410377161,1873.550765718414,1909.460805534672,1619.175340428828,1665.8785724562606,0.0249404584760271,-0.8733282633984043,10.29133571476417
2.86,1.016356298851171,1.0191294753366549,0.6124296563789845,0.3920110497802153,0.0014533002575603,-0.0070430229950344,0.9199324000140806,-0.0129214797704397,0.9401068551805388,0.3690694762582715,2.885302527851558,-0.0846230973865979,0.0081307955432913,1867.116707753098,1925.579046987876,1614.8771465800328,1639.9597061166844,0.0282204520082611,-0.9531545749511664,10.209613752656765
2.870000000000001,1.016786012187426,1.046350861791809,0.6227989787852274,0.4010075531981358,0.0012200981182882,-0.0071322054444132,0.9160461698430514,-0.0108331385687149,0.9476996157656534,0.3853716975815892,2.3306195446556286,-0.0435394029163189,0.0156979498446858,1812.235339945612,1884.958320928365,1660.5871890652484,1676.4878963594433,-0.0057192838594377,-0.8601543559062765,9.921984823104074
2.8800000000000003,1.0174322742614137,1.0744145927282207,0.633158532528889,0.4092124918097317,0.0010934438092038,-0.0071590732014696,0.9124103729125412,-0.005848153473863,0.972778710766678,0.4111220635467406,2.091356418038512,0.0221565851816394,0.0182677342820488,1726.3502463079965,1791.8084296813508,1746.7039283674717,1766.728708531234,0.0321708881513474,-0.7053178193840015,9.833762704261016
2.89,1.0181868752468106,1.1002668602192205,0.6426391837921859,0.4184608147491335,0.0010800113492574,-0.0070887329900595,0.90820654586915,-0.0008690430264496,0.9693199321342992,0.4242156088667845,2.424413249528416,0.0669817933273205,0.0159435075546281,1658.5280157644506,1686.4508211245554,1830.315689194036,1861.388072415304,-0.0116060447086959,-0.4915403288329321,10.113266917319894
2.9,1.0189239494780482,1.121388596997009,0.6505192641950391,0.4302434495317099,0.0011089536366854,-0.0069397773979048,0.9026855398457174,0.0019019787349191,0.9114270456604464,0.4095316916768147,3.242474486302086,0.052493703888112,0.0114599150927217,1661.3462438677489,1636.4668613304725,1854.8142832588867,1892.9376075940029,-0.0489903669462345,-0.1590664170359996,10.663462940106172
2.9100000000000006,1.0195465725704205,1.136521826373878,0.6564573772242928,0.4449687905646736,0.0010556860005298,-0.0067762788320453,0.8955198171987432,0.0023950240391012,0.8117201584364871,0.3694913121879983,4.095135121603472,-0.0236807290089085,0.0108978310122549,1749.855787625971,1694.1679868787296,1794.5974355306976,1827.8248108381908,0.0584100193031215,-0.0423814763965211,10.780074098827123
2.9200000000000004,1.020015700322353,1.1458395592906356,0.6605542850514841,0.461691388519733,0.000798195189328,-0.0066701977157015,0.8870151820085123,0.0018237390754348,0.7023172885776336,0.3177674031582843,4.420141900355976,-0.1204926880285954,0.0200222627341073,1881.90279701983,1841.6539331994272,1681.914749352026,1699.311241559995,0.0056307340918386,-0.4027119740580485,10.710144749576632
2.93,1.020351772517873,1.1505842236986286,0.6632287479539658,0.4784649803046926,0.0002778235112362,-0.0066544683223398,0.8780813763470181,0.0011698708158198,0.6041198770007896,0.2659848893794242,3.909270876794351,-0.1822632415959538,0.0375078152738648,1984.7562276560805,1988.706185886298,1581.9944765116502,1580.9080797357242,-0.1049638211662104,-0.7346863779224861,10.549877069352103
2.94,1.0206139135756316,1.15244197839838,0.6649881851893186,0.4931177297765272,-0.0004691173550456,-0.0066981436810552,0.8699366755001073,0.0007170666978001,0.516097557322156,0.2174709579153752,2.707618513007904,-0.1814927624403805,0.0542582242953741,2006.513287644248,2042.5205851517755,1540.4200095832416,1527.6403567105272,-0.0843977182662348,-0.8625792461199255,10.47249733852507
2.95,1.0208696095858354,1.152957440918937,0.6662118585886607,0.5040311783531437,-0.0013296238008911,-0.006723295361999,0.8636582661261135,0.0005318172579119,0.4273175436713156,0.1699050635140045,1.2914572609793675,-0.1361129297754704,0.0617950355839623,1947.7220180660072,1981.8987040754732,1553.6927281681528,1541.2004396179686,-0.0071425957617551,-0.8951307063379614,10.165707568978988
2.9600000000000004,1.0211677967789294,1.153178851032674,0.6670380293807392,0.5105515608928912,-0.0021738987370445,-0.0066521777777316,0.8598186590002143,0.0007741203130033,0.3323611195767105,0.1199095536849185,0.1344085569608117,-0.0884913215615784,0.0603623843167576,1853.624111146232,1863.2771279928609,1582.5436714413477,1580.300015123452,0.0319527845826849,-0.7082958208031491,9.789129012628765
2.97,1.0215240709362188,1.1535721511127135,0.6673836200738921,0.5128978987515062,-0.0029213137519179,-0.0064501921622833,0.8584204135523119,0.0014350649636575,0.2351015843599309,0.0652336406387305,-0.5783474822454865,-0.0713935513509983,0.0580552280607538,1780.0538698289208,1764.8521337123252,1586.6012317135678,1596.4250261663042,0.007328678994978,-0.5085648080112608,9.526050788370627
2.98,1.0219213912381313,1.1541345764567994,0.667058003625847,0.5116906939408672,-0.0035727750870282,-0.0061373236151348,0.8591403856596049,0.0021340315332093,0.142401584782108,0.0052173165876913,-1.0022348155896217,-0.0903961029508179,0.0635106119961097,1756.9736618958518,1729.4130340833808,1548.7630123165466,1563.5177239715065,-0.0117510250533799,-0.3060629106986461,9.219288497720685
2.99,1.0223237421923703,1.154598285270336,0.6658949547942112,0.5073879174872457,-0.0041935413631277,-0.0057678955728302,0.8616882538246954,0.0024525398958181,0.0577775687857167,-0.0593354645197918,-1.4628724878759771,-0.128227486440337,0.0798105165260716,1771.149898203022,1746.3603433397252,1475.4472539183066,1484.457175303517,0.0314716828261152,-0.2671940483428492,8.717193675134807
3.0000000000000004,1.0226947601205996,1.1546283871054293,0.6638376603052765,0.4999296088991697,-0.0048633253826134,-0.0053978558394482,0.8660355635679649,0.0023593275520784,-0.0193106688386599,-0.1266750996370597,-2.2197095968596834,-0.160084101237038,0.1031948259488519,1779.8244393002951,1771.217636565928,1384.146082895901,1381.2748034437652,-0.0122474987062362,-0.4075253099314295,8.220286730804512
3.01,1.0230118448173149,1.1539601390490208,0.6609531891261011,0.488760250002159,-0.0056271710231355,-0.0050578468447915,0.8723853340980682,0.0021358792736046,-0.0906535324100095,-0.1943375302033836,-3.3204883989299034,-0.1692742806657189,0.1258073450298436,1745.8290718808755,1760.7917607696322,1298.079577586056,1285.6288123423387,0.0014393062954538,-0.5298983161870221,7.784767491646719
3.02,1.023270612760192,1.1524619128357494,0.6573885068399881,0.473191506278447,-0.0064723979001448,-0.0047406116437364,0.8809230573963879,0.0019850286788224,-0.1572561923479097,-0.2590770468561499,-4.597331476884539,-0.1548216135464558,0.1403835472447576,1664.4401504705656,1698.6864282652934,1248.1745946974322,1232.280325820287,-0.0095190323430109,-0.5227314135114902,7.236237061722864
3.03,1.0234811241124715,1.1501382182749431,0.6532983745402791,0.4529022321306498,-0.0073358312262055,-0.0044059396103746,0.8915191200459165,0.0018862422309774,-0.2194090687725972,-0.3179097248976896,-5.758709425437521,-0.1259093974160554,0.1444141996461544,1559.302910417209,1596.4867248967555,1263.2748090702537,1246.1265041737431,-0.0571893583654917,-0.4639671925504736,6.621712038259183
3.0400000000000005,1.0236607062250616,1.1470968389462184,0.6487844425470262,0.4283213395309481,-0.008129669974396,-0.0040024803397326,0.903581052656402,0.0017798031139534,-0.2775052832614965,-0.3702708019087498,-6.514632788566063,-0.0892646808901434,0.1412580497935571,1457.450525851278,1479.5847410708598,1345.7741081801864,1324.8469164603457,-0.0420108395150802,-0.3212278888524711,6.473236857159378
3.0500000000000003,1.0238271442841282,1.143501248902985,0.6438790499228985,0.4007014126135771,-0.0087721088813199,-0.0034970584887995,0.9161600289344564,0.0017026270621054,-0.3323433921558031,-0.4186812463296134,-6.6981258460601385,-0.0444137628392081,0.1369394464529335,1375.5095542521756,1377.6713247942007,1459.851881715574,1434.8450091139175,-0.0677376458809192,-0.0980279493372862,6.7053539003231775
3.06,1.0239936918229422,1.1395221461655622,0.638577996998859,0.371831152496267,-0.0092141491264293,-0.0028949673740421,0.9282501347444432,0.0016856936336263,-0.3848810336657564,-0.4663286861765295,-6.349024773050537,0.0070576067071104,0.1346869938563637,1330.4503878170617,1323.0883025510866,1553.300559830956,1529.8481060520282,-0.017880621558341,0.1668672349425497,7.078559877925407
3.07,1.0241665641303188,1.1352958007016678,0.6328915433829948,0.343504467938349,-0.0094562135284275,-0.0022390995667197,0.9391007650754134,0.001630242166467,-0.4358303817630813,-0.5137960727728875,-5.71139821282359,0.051216432647632,0.1322010590175955,1348.0533386548357,1341.849741313271,1597.2787670056548,1580.238240635014,-0.0305453247052875,0.2679131623474848,7.511887665339492
3.0800000000000005,1.024345650206976,1.1308936672789935,0.6268735350166867,0.3169878418319526,-0.0095462722888088,-0.0015893593408602,0.9483802247795946,0.0013556206565137,-0.4853818007645354,-0.5583001535486252,-5.116391807034897,0.0681999110381353,0.1244997752524869,1440.8429872012537,1433.152283704772,1608.933963460944,1592.5488109584105,0.0237234890190712,0.2542735578150861,7.838962896325306
3.0900000000000003,1.02452803774313,1.1263070373639137,0.6206122051110486,0.292728452598919,-0.0095544615997668,-0.0009952673457617,0.9561473603715548,0.0006958273878974,-0.5334053197203096,-0.5957558813782202,-4.796365837710093,0.0535767332997978,0.1094344881236018,1579.0140670177702,1559.8928805118887,1636.7576181383638,1604.9071885388717,0.0319571256155791,0.2672720051155606,8.275840236103155
3.1,1.0247117748233805,1.121450774749588,0.6141982701453026,0.2704141080017667,-0.0095330715427771,-0.0004768583274455,0.9626967868164434,-0.0004610287609982,-0.580132167108353,-0.6231437730711908,-4.752885703165319,0.0305329078255454,0.0906589222932791,1704.471203017977,1671.494313396066,1718.7771268984466,1658.779535320779,0.0151591279977752,0.168807438339237,9.037220425866558
3.11,1.024896670924832,1.1161880976700342,0.6076992107659843,0.2493116618153249,-0.0094862364218302,-2.2395437249383525e-05,0.9683768409559756,-0.0020516376989488,-0.6264804832533319,-0.639177442770585,-4.7917841253865285,0.0334094350415589,0.0755214179976598,1784.5640880386622,1743.315435278464,1847.66186196716,1765.8513912696872,0.0252128791225325,0.1671284243331676,10.011199272644928
3.120000000000001,1.0250813728869428,1.1103717900518124,0.601157876845934,0.2286836974091871,-0.00937309255016,0.0003991233225435,0.9734555728824418,-0.0036670575989853,-0.6733523954073335,-0.6435448625286456,-4.709582726573759,0.074768623969356,0.0692916422243712,1841.3567816388731,1791.947874608398,1975.779007830888,1897.3452469485349,0.0223553857070314,0.2634907797775474,11.264767340775489
3.1300000000000003,1.0252595949171956,1.1038893609849272,0.5946126023080027,0.2080807396249511,-0.0091449288823229,0.0008201535278629,0.9780685576282784,-0.0047299543769544,-0.720656018761616,-0.6361930172512109,-4.468924296906067,0.1305219459004974,0.070437517049195,1917.6952620598863,1849.885208056498,2058.947187511694,2007.851897009917,-0.0401654301508101,0.3493024452777629,12.435138054563115
3.14,1.0254198199589424,1.0966970821991633,0.5881218771878591,0.1874130234271581,-0.0087885511154477,0.0012607965262392,0.9822410755060602,-0.0051419468983685,-0.7672917095361873,-0.6173565507120461,-4.200323944230805,0.1608137746661038,0.0717464119668379,2021.528903324864,1927.846932393382,2096.7127671866865,2074.3089200911886,-0.0531152390548044,0.4229608321460798,13.468448034645656
3.15,1.025550415508903,1.088832924953068,0.5817771591141933,0.1668409757346703,-0.0083420716439399,0.0017233296065068,0.9859470212905244,-0.005749536751668,-0.811980556332465,-0.5876652376811285,-4.041521074009649,0.1463752342621903,0.0666995968806936,2116.7274078502724,2005.0022757439465,2126.943872329048,2111.9820901097564,0.0400387003931919,0.4770691927768054,14.45776481908162
3.1600000000000006,1.0256476612981968,1.0804073181799183,0.5756982085041908,0.146600045371281,-0.0078722370541927,0.0021948889052252,0.989162088357411,-0.0078319436502988,-0.8538000012392795,-0.5476940113790512,-3.994647671568144,0.1046777961976464,0.055017675596856,2168.055934116425,2055.046094916137,2181.307497371972,2150.1446509034013,0.0329676656765182,0.354925261782903,15.231204770065574
3.1700000000000004,1.0257213394560618,1.0715783666540206,0.5700165657406079,0.1268625469434584,-0.0074328978704452,0.0026553510026614,0.9918889027120522,-0.0118251751191804,-0.8920319998604942,-0.4977033881714219,-3.951115072065283,0.0718980686876095,0.0424033094421353,2180.696686167322,2076.045033610492,2251.662238273402,2195.9522542776667,-0.031024170291774,0.4293048192105657,15.945548188417993
3.18,1.0257935756589218,1.062521696982341,0.5648578829465508,0.1076763673063475,-0.0070365827740076,0.0030862991192966,0.9941563062136252,-0.0166246647245745,-0.9259403059952926,-0.4387062080405958,-3.836331902874872,0.0704147034816989,0.0350749056250612,2186.9186353471023,2088.7838481925105,2303.0901980281897,2229.5811897778976,-0.0330808733707979,0.5532452292398622,16.465405012578355
3.19,1.025890520957219,1.0534033084825705,0.5603318378802499,0.0889688195084774,-0.0066578135595992,0.0034773855170145,0.9960060895716648,-0.0204240828755911,-0.9549136893478446,-0.3740144455851298,-3.6938887863174976,0.0935402557772635,0.0339887718213621,2203.731584691312,2107.5436788490133,2314.3673242037594,2233.6554048178496,-0.0657112938435996,0.4994991104921675,16.796996900653962
3.2,1.0260304544274188,1.0443586915789551,0.556531167201704,0.0705883019848967,-0.0062614032557406,0.0038276045187101,0.9974785390652804,-0.0222510040700193,-0.9785254511702836,-0.3085677678394867,-3.615883171748462,0.1177293208975519,0.0342365080901786,2218.2264361995003,2121.8193625458025,2297.4579653780247,2216.8690105997666,-0.0175595145337809,0.4255129194709093,16.787855020666356
3.2100000000000004,1.0262139166663695,1.0354775798267597,0.5535323373921421,0.0523616492799614,-0.0058331322942231,0.0041419905935941,0.9986025616661732,-0.0224707896550062,-0.9959045845918836,-0.2454666036663017,-3.618665019682336,0.1235460408318006,0.0305731562683901,2212.604059188445,2112.211278390546,2277.257729804426,2201.744896852767,0.0432636717886348,0.3807308455725742,16.528598645802763
3.22,1.0264207646714014,1.0267939073424612,0.5513866635561228,0.0341512459821383,-0.0053935916578154,0.0044286274137267,0.9993923097693552,-0.0218961942841521,-1.0050664969528476,-0.1836403423014316,-3.622581216029648,0.1055350341521463,0.0229835283299217,2188.49317172363,2077.698496078904,2261.009916757508,2194.26603732236,-0.0264353195236702,0.4114067762739742,16.179460509374767
3.23,1.026615756922226,1.018283865814669,0.5500994043866811,0.0158974900824869,-0.0049898890220179,0.0046999286926571,0.9998501295128732,-0.0208579845088837,-1.003797464764741,-0.120461349858056,-3.554685479445376,0.0709006390454847,0.0158464193836437,2160.0075848438973,2036.916054758567,2234.592020924148,2176.1282844871425,-0.0465984233165248,0.4398218140192892,15.891883679254551
3.24,1.0267600387983558,1.0098778265299195,0.5496100711733736,-0.0023653726715599,-0.0046724389096251,0.0049738707957164,0.9999739166278628,-0.0193247145595066,-0.9919444398534488,-0.0568053416296757,-3.438104449305703,0.0342809867946021,0.0125210779765538,2131.327025875166,2003.2927057996149,2186.607046634745,2129.987676641356,-0.0143546797199796,0.5156287991670704,15.467822103345371
3.2500000000000004,1.0268233609779804,1.0014897922235193,0.549792136688767,-0.0205259626498623,-0.0044716384819144,0.0052673798631344,0.9997654444998392,-0.0175719617776428,-0.9723339534400042,0.0018669594379583,-3.3551442803982865,0.0100756437732677,0.0123111788621158,2091.1127846540903,1969.7677932140837,2127.4895122398484,2064.349224804404,-0.0251804849802148,0.4998155308622773,14.797900977989585
3.26,1.0267924372743378,0.9930587278592432,0.5504765899030531,-0.038426034846458,-0.00438519400175,0.0055794035729404,0.9992362484294272,-0.0163111031535103,-0.9486807623823768,0.0500365693653235,-3.3359194343876446,0.0045934800540649,0.0122893581820147,2030.0038405904163,1922.6072725064848,2078.24414322449,2005.0082855995515,0.0034209397786199,0.3589232067917887,13.956801591514346
3.27,1.0266732765342892,0.9845850224014132,0.5514859412305747,-0.0558945073030078,-0.0043860562009997,0.0058836284117121,0.9984097102297576,-0.0161361876385665,-0.9229591325401236,0.0866636220717284,-3.3170812402648693,0.0134363889043028,0.0104515649124164,1957.9810407206548,1862.4720541153652,2043.7083666967976,1964.4460831962767,-0.0170955589431958,0.3250655127890021,13.198112497261102
3.28,1.0264875079371356,0.976143709004014,0.5526619262363696,-0.0727764458612714,-0.0044371327604385,0.0061368035906987,0.9973195277454246,-0.0170669619847152,-0.8953864987810191,0.1144981046952369,-3.221341815852705,0.0246725212438204,0.0065752953561813,1898.5234694712092,1804.7031729532384,2007.4835622467356,1929.7958915812303,0.0301048747780251,0.4786785484631339,12.631217889018298
3.2900000000000005,1.0262641543419713,0.9678679548403232,0.5538809167886145,-0.0889609843621703,-0.0045042714541189,0.006302727262501,0.9960049851426628,-0.0186870236705934,-0.8661874359954763,0.1360280381806528,-3.0535305220500195,0.0252031713092289,0.001016958506781,1863.9051968830663,1762.1948995538717,1956.306418454002,1884.0211991558783,0.0384315403453959,0.5016523071268275,12.112466631349744
3.3000000000000003,1.0260297073357705,0.9599119527553048,0.5550606487915982,-0.104402156708723,-0.0045598384891986,0.0063735266111605,0.9945042864191468,-0.0205481316218564,-0.8361360976158463,0.1515219260924656,-2.891766831431345,0.0103009309705674,-0.0058274574484313,1840.749825390095,1734.0451953310385,1900.2106205887037,1830.7310372066663,0.0565804703863674,0.4042791952637068,11.3970621573609
3.31,1.0258004724695884,0.9524097078308466,0.5561618600568687,-0.1191077894427266,-0.004579332949542,0.0063735897200136,0.9928503117579636,-0.0223431900466877,-0.8054930904782072,0.160451392084291,-2.788540067839223,-0.008130472905134,-0.0123560312198348,1805.7912804470157,1710.1398545485858,1861.5523382617453,1791.097554398248,0.0373568688458333,0.3261093473146559,10.76765195082215
3.32,1.0255804068781356,0.9454435347504604,0.5571848009659586,-0.1330849281011926,-0.0045387877530947,0.0063451064308937,0.9910739331363798,-0.0238603718628235,-0.7734468406512498,0.1631216404755298,-2.705923606214674,-0.0072364247500215,-0.0154205625359068,1754.6327699702674,1682.1599622800254,1848.7411018986984,1779.4194415747652,0.0072405455335751,0.2699244766295012,10.411321661898487
3.3300000000000005,1.025364575141624,0.939029411952912,0.5581600352071561,-0.1462716959501967,-0.0044191727258714,0.006325229431461,0.9892143616774433,-0.0249897847969515,-0.7389485076657083,0.1607439141376728,-2.558084607976664,0.0242902092024014,-0.0131728245355012,1708.1985232272627,1649.2313874576132,1848.0390908792608,1788.1589664497253,-0.0233657714864465,0.3531052211501806,10.340464870576143
3.3400000000000003,1.0251451348871012,0.93312058050672,0.5591336922913518,-0.1585070303767917,-0.0042167761274431,0.0063271601102447,0.987328571026465,-0.0257807050421573,-0.7016556977974865,0.1550917805447144,-2.3022320135046725,0.0685887614350633,-0.0084887303091024,1688.9661293833285,1616.4861770817906,1841.043059756325,1797.009175549675,-0.0327886699659548,0.3725835488404989,10.2103312452807
3.35,1.0249162059482948,0.927626369715194,0.5601476937155264,-0.1695624305568804,-0.0039507009277744,0.0063337063408166,0.9854911761501524,-0.0263787283120859,-0.6618534596111314,0.1481941652047763,-1.9746452437327364,0.0907632170210916,-0.0077540018788474,1696.041401886479,1591.0442331933452,1824.8192617708544,1791.779259920826,0.030143321646054,0.3839654451352201,9.930128732962238
3.36,1.0246760380527102,0.9224395649111132,0.5612189040483063,-0.1792129167875304,-0.0036575000789946,0.0063061086826709,0.9837833024314654,-0.0268616257676311,-0.6198829021237857,0.1412930692467469,-1.6464527838103271,0.0730616697728406,-0.0149126933545968,1707.460472505621,1577.7405567938283,1811.786034871628,1773.3905139642836,0.0417146401654236,0.3583371190977189,9.789461643725494
3.370000000000001,1.024426930609571,0.917464113360369,0.5623264962125272,-0.1873043118596298,-0.0033727147718009,0.0062048123803675,0.982276549581218,-0.0271305653120876,-0.5762269427435058,0.1339268462125313,-1.3599784493900875,0.0338949691888611,-0.027370149127707,1704.6906191883438,1575.3468086644175,1812.313873399003,1752.851394655252,0.0712582134813526,0.3493926296648726,9.74361550110878
3.3800000000000003,1.024173715810974,0.9126365966539144,0.563415682553742,-0.1937901817911053,-0.0031130631256335,0.00601286711791,0.9810196326824292,-0.0269846877675642,-0.5323158048167055,0.1249362641729307,-1.108178635451249,0.0092826655781414,-0.0388870359017944,1690.5182060301388,1577.2129253186513,1821.8091182709843,1740.4379018684992,0.046280627301901,0.3035608101711124,9.718778696634926
3.39,1.023921358887012,0.9079380719025067,0.5644161534003589,-0.1987374507925068,-0.0028761464372821,0.0057487895554152,0.9800316856371608,-0.0264114896435408,-0.4907925516245138,0.1144890363473125,-0.8626883915231154,0.016837462005549,-0.0461105112944136,1682.0952671011737,1578.201662109416,1825.6452189640236,1738.089065714817,0.0272436136450387,0.3269840921040443,9.61794340621354
3.4,1.0236725968929343,0.9033957356038116,0.5652647200740563,-0.2023095274316684,-0.002659878168161,0.0054585647390351,0.9793028051779976,-0.0258248675737042,-0.4540578925094847,0.1041513975382437,-0.612808666448202,0.0405138666303542,-0.0509083762258097,1690.0606093012464,1580.3239693657952,1814.2657467789409,1739.5354058546905,0.0333061057536622,0.3486069028752658,9.581676202350364
3.4100000000000006,1.0234267496941645,0.8990754514896315,0.5659222395681837,-0.2047298574537954,-0.0024838695078534,0.0051888827329801,0.9788016098041524,-0.0258098717521496,-0.421791728653466,0.0946517650911884,-0.3781310976959176,0.0496654478052182,-0.0563307433058881,1707.948501956026,1588.781692219945,1792.3798388829885,1736.8316604988531,0.0446025844362179,0.2701086674672321,9.573653232351832
3.4200000000000004,1.0231800256705956,0.8950663448358529,0.5663813351667076,-0.2062252186586766,-0.0023901049146895,0.004959204641726,0.9784890663042686,-0.0264973672915192,-0.3901339381426609,0.0845839576079034,-0.1860143588686097,0.0304897180880807,-0.0621621711237645,1720.5253841969,1602.9857138459518,1774.783675235586,1727.6877775244432,0.0567595984110451,0.2572091500758748,9.582013464674608
3.43,1.0229268349669025,0.8914595172630899,0.5666650679766472,-0.2069597956733954,-0.0024175583057527,0.004754082847366,0.9783349104897284,-0.0273921682522596,-0.3543050264160062,0.0721642089898454,-0.0366187652792605,-0.0015357937187998,-0.0656781386532195,1718.6319612654906,1614.673342277701,1773.6895052003874,1717.8866688312876,0.0521841957995739,0.2530889590729765,9.619425198243611
3.44,1.022661786679854,0.8883262001273499,0.5668166342168083,-0.2069892884596009,-0.0025698134489361,0.0045421290725575,0.978329289955746,-0.0280828939221094,-0.3126787355412005,0.057757733291538,0.1080223794154414,-0.0183375638730612,-0.0659003530503213,1706.5822553871826,1616.4083197246634,1788.3121066928231,1716.161809443569,0.0962885822904435,0.2422676569162627,9.469523646278772
3.45,1.0223821834369604,0.885703075968076,0.5668822802124475,-0.2062653061430502,-0.0028017001026229,0.0043057975294566,0.9784826181725887,-0.0290457770549349,-0.2682306093143509,0.0437672758498459,0.2929785027327677,-0.0062743544657438,-0.0655993883911788,1698.486302303149,1610.9210770288755,1805.5733604284744,1724.8306648855742,0.010721605028413,0.1618491662458261,9.505036443416255
3.4600000000000004,1.0220900203410406,0.8835898141397597,0.5668945415799251,-0.2046932612761999,-0.0030335516121239,0.0040568552058418,0.9788130609460464,-0.0313647594642616,-0.2258175425957719,0.0321714115280127,0.5229989467725215,0.0237990529719097,-0.0684029863366861,1705.909076117475,1610.299343153548,1812.0124389604464,1735.9705390783038,0.0142631432746852,0.2018850439560209,9.626537444370683
3.47,1.0217919338779184,0.8819576361209824,0.5668637079211136,-0.2022104112644565,-0.0031801281934266,0.0038249388519319,0.9793294676479984,-0.0354132879200158,-0.1879196275537765,0.0229280652520261,0.7500726167992752,0.0510374074796983,-0.0742305452193751,1725.5885044070703,1624.5900593971437,1805.714533985351,1739.7416039966956,-0.0210863043811195,0.191641437809741,9.817706395242311
3.48,1.0214965222049512,0.8807631093375184,0.5667793581171325,-0.1988358289421455,-0.0031767678727661,0.0036300532763085,0.980020940586467,-0.040032974886882,-0.1527975614860778,0.0147678618487122,0.9163350358673784,0.0653394395822851,-0.0786994429415164,1741.3201219680027,1650.7506634876297,1795.8445028463204,1736.0668607459038,0.0238744022082584,0.0947313583831519,9.742154301732144
3.49,1.021210189480845,0.8799610834780875,0.5666175880658012,-0.1946652036190554,-0.0029950836760203,0.0034628906970946,0.9808590603964188,-0.0433882857821217,-0.1165952400689567,0.0067732010456276,1.0106238648282333,0.0723934050852617,-0.0777629194580427,1741.4439378134616,1674.1457102981783,1791.3902196084564,1734.0770816468223,0.0237124303348309,0.0709662726623987,9.796206107718032
3.5000000000000004,1.02093369432271,0.8795136446971723,0.5663495585140219,-0.189824592503367,-0.0026483612774773,0.0032881503323494,0.9818089418674424,-0.0445957127563123,-0.0772183562631801,-0.0010464709755776,1.0779020615376986,0.0813728400101876,-0.0722423420811984,1732.133384550224,1683.0224774579062,1792.8944419153963,1740.1654911087803,0.0548716615167077,0.0237109731852989,9.891013543950542
3.51,1.020661426567742,0.8793951436725357,0.5659507149385531,-0.1844246543783272,-0.0021870326528153,0.0030656166876862,0.9828394404682456,-0.0442089966004067,-0.0362483330247896,-0.0080484644496779,1.1720688152849426,0.0919074723677362,-0.0669144074067717,1729.9670337294328,1681.0980200285285,1794.936301825568,1751.2987586016552,0.0573049729007531,0.0474445934726524,9.970454946828209
3.52,1.020384073900002,0.8795943600014704,0.5654108868393137,-0.1785477713723315,-0.0016840271483042,0.0027713790248752,0.9839259000803048,-0.0432026615555462,0.0027056754842177,-0.0134312693448809,1.3041161832725416,0.0940579865090012,-0.065457777689945,1743.3394942028583,1683.1283534960212,1793.4383415501522,1760.27504008634,0.0387548500364464,0.0400278159075622,9.997503726013424
3.53,1.0200932526257125,0.8801140739895726,0.5647425914564553,-0.1722652966914172,-0.0012129534141451,0.002406742104362,0.9850469044123108,-0.0419993329624144,0.0372925652700602,-0.017046952173155,1.4376927257859813,0.0795633452922086,-0.0670603458044835,1764.6770735485973,1697.6464735704317,1789.0728033842738,1762.8360769731269,0.0841059627417813,0.0149454291945838,10.002270626076736
3.5400000000000005,1.0197854573024363,0.8809676370496975,0.5639832235320339,-0.1656546426839586,-0.0008254435616739,0.0019963465126426,0.986181460280398,-0.0407078768641228,0.0683310538130174,-0.0202378390735267,1.5293183197633813,0.0526853957668269,-0.0679031111034581,1780.3017450553034,1717.1157743743718,1785.3691563678929,1759.272592383448,0.0291079662081462,-0.0252569824521411,10.02812564576455
3.5500000000000003,1.019463412234165,0.8821721049785832,0.5631886446678334,-0.1587900059754096,-0.000534917487738,0.0015830620464048,0.9873109650865668,-0.0398543170576083,0.0991286050418792,-0.0251361584609114,1.5684260747967145,0.0296611933930045,-0.0651127159951776,1784.495404714851,1727.1306944275927,1785.696764449077,1753.393250071946,0.0265075638950437,-0.0517477494940434,10.092063981940395
3.56,1.0191346049860524,0.8837379216967441,0.56241824080249,-0.1517099687603933,-0.0003138618692297,0.0012207056503801,0.9884242493722838,-0.040234327447679,0.1330284331972537,-0.0322717020283187,1.5828748863812498,0.0252530345103882,-0.0589670412105015,1782.154571695187,1723.418223923177,1791.9454848408218,1750.5606413409491,0.0157512759627772,-0.0861014558400352,10.113959434994175
3.57,1.0188080098784225,0.8856570790465663,0.5617142110244616,-0.1443918380694151,-0.0001084211098364,0.000959755929697,0.9895201181443226,-0.0419125256337246,0.1708510275875253,-0.039365804263707,1.6131139014781029,0.0390141392823553,-0.0522117795629868,1780.2491014727768,1716.4732280657306,1803.4485207504556,1753.5462558044287,-0.0038125887723226,-0.1388159699101456,10.132120969805127
3.5800000000000005,1.01849051964765,0.8878952410510631,0.5610829662092528,-0.1367617746858587,0.0001353041115088,0.0008269058727061,0.990603611392695,-0.0437827309791595,0.2100310693936923,-0.0434521715046019,1.6806412906746666,0.0569770376053721,-0.0480187023740072,1781.3499161550174,1719.2592848209306,1815.1852535454195,1760.116398819399,0.0501191035680496,-0.1087573035971485,10.193206961524512
3.5900000000000003,1.018184594118528,0.8903947761855783,0.5604903980417324,-0.128742043046067,0.0004475689584727,0.000808912605084,0.9916776853871168,-0.0444738123932047,0.2464305005963249,-0.0439060374886993,1.7737509080154612,0.0665206275227602,-0.0479006407192934,1785.910577906436,1733.998916622387,1819.4247766184071,1766.7591852301048,0.0150406528341152,-0.0756130121313023,10.355100656548869
3.6,1.017888152853645,0.8930909909750082,0.5598773475878763,-0.1203063846927222,0.0008254474366792,0.0008517930916668,0.9927361013316808,-0.0436240944466775,0.2774954953769248,-0.0424734630229809,1.8585091141515704,0.0655456895065016,-0.0506661426930909,1795.4535074813498,1753.2653812814874,1813.299546660185,1773.3157446639402,0.0435836699450771,-0.0614232825373139,10.385579632364122
3.61,1.0175968908339867,0.8959350044881018,0.5591884631658587,-0.1115070317527947,0.0012370866575937,0.0008780141791459,0.9937624870045076,-0.0420990173072826,0.3037375310073016,-0.0406198061124599,1.905456523313844,0.0575971635982459,-0.0535776537583436,1809.6001926492584,1770.20368892151,1804.19369608622,1780.889695004105,0.0025704644171014,-0.1485943697033187,10.425008580433166
3.620000000000001,1.0173079328612302,0.8989107474557702,0.5583994605607073,-0.1024573429890007,0.0016328591929955,0.0008155522373772,0.9947357244580282,-0.0410395469776911,0.327253425957506,-0.038151768574662,1.9108002627855305,0.0450631370800051,-0.0548783226506398,1822.6795722353784,1782.7255769111785,1803.05965701946,1786.6755807094216,0.0158999884759954,-0.1897932570266416,10.488489567428369
3.63,1.0170224348608592,0.9020358967782164,0.5575317089303611,-0.0932842113101947,0.0019608350020915,0.0006276192902632,0.995637392397632,-0.0408538798993752,0.3493720511894627,-0.0347323611257749,1.8950351909138528,0.0306013651682734,-0.0547617241982434,1827.9481189929108,1790.0675436453955,1811.6120548282863,1785.2781316268763,0.030473228418238,-0.165773340541093,10.511429864581492
3.64,1.0167448833324209,0.9053459400106468,0.5566517793790837,-0.0840805479073024,0.0021873524928191,0.000329843754914,0.9964565059026798,-0.0410936359004504,0.3700196400496414,-0.0313167374060629,1.881615129783536,0.0204446001918232,-0.0535896862156973,1825.7584405229784,1792.0795218473838,1820.3323553270952,1776.1983830380827,0.016451755383483,-0.1840032477590776,10.655744272487912
3.65,1.0164792336344413,0.9088701928660886,0.555856867516522,-0.0748829223121242,0.002316592619739,-1.552237235818932e-05,0.9971896414943782,-0.0411145909222026,0.3887390401811573,-0.0287939145358653,1.8762824247518024,0.0210433272069409,-0.0500073887074149,1824.6270110066284,1792.3538558918503,1819.9652262390568,1766.8866229339794,-0.0359092414080445,-0.2066363710157661,10.691727414812584
3.6600000000000006,1.016224757855299,0.9126117714218176,0.5552463683987094,-0.0656823079846344,0.0023952705501782,-0.0003280751379639,0.9978376568678428,-0.0406938776588147,0.4054031390895276,-0.0258801337055914,1.8659421097099893,0.0320949893960318,-0.0421208752348932,1832.18973238602,1795.8223245117183,1810.4102654863293,1765.8412448128606,-0.0040977623186637,-0.2402017860004943,10.609797063395993
3.67,1.0159747516563022,0.9165394936369604,0.5548851489219967,-0.0564586199111806,0.0024935396718869,-0.0005456088908721,0.9984016770862156,-0.0399994005636415,0.4196905607363863,-0.0199560369230935,1.8358356753066691,0.0445018326918526,-0.030843053202032,1846.2755709712503,1801.454054755719,1797.652350954536,1773.7175925975127,0.0163969926869633,-0.2741757233031923,10.652245411530943
3.68,1.0157188437987963,0.9205931634844297,0.5547747971087816,-0.047219724773672,0.0026691781900839,-0.0006476854793507,0.9988807504320064,-0.0391452529226249,0.4304621549392928,-0.0101870718425608,1.7858554386197243,0.0463293063275406,-0.0208945066151402,1857.083453990905,1802.9991276506464,1787.578060533384,1783.1554434807124,0.001988001719669,-0.3123359714487977,10.670118044562033
3.69,1.015447035846866,0.9246990015052742,0.554850834266783,-0.0380253510655835,0.0029355049250985,-0.0006553288990829,0.999272248204266,-0.0379918645596202,0.4363884839680384,0.001273983554133,1.7294944042602345,0.0321385029829911,-0.0170402735155772,1857.7698426398315,1799.439322360079,1784.1527204957983,1786.4661705318608,0.0177574436491178,-0.2814455567683753,10.681086577117073
3.7000000000000006,1.015152929721952,0.928789865120194,0.5550092060553568,-0.0289840323329427,0.0032534479467631,-0.0006120446304533,0.9995743926029472,-0.0363993649874987,0.4373782983758849,0.0114342214250475,1.678376278600995,0.0079515953107668,-0.0193110667753101,1850.6111109893784,1798.2721128214837,1787.7799894578543,1781.5914208876889,-0.0086390323819373,-0.2049265176835472,10.637262367995328
3.71,1.0148348325525465,0.9328240879527218,0.5551472554887369,-0.0202243804277402,0.0035534079519024,-0.0005605334762303,0.999788994503572,-0.0345495747587538,0.435121845319663,0.0188594871739271,1.6302615107545917,-0.0126726224316001,-0.0230987298778158,1842.716421416477,1803.5721238654248,1792.7807454576514,1771.5171822865614,-0.0364652722837086,-0.2797665466239272,10.521209251764144
3.72,1.014495129929769,0.9367964881394772,0.5551993658077531,-0.0118558114768789,0.0037724988127909,-0.000527274416683,0.9999224619782384,-0.0329542619472968,0.4319967510710375,0.0237904616895281,1.5732408116488144,-0.0188046666956032,-0.0241719383325716,1838.4652968742612,1807.0634133074088,1790.6982575051777,1760.4727573428638,0.0214028645345455,-0.2727973957148957,10.506007707706145
3.73,1.0141391643485012,0.9407364793124298,0.55515543288617,-0.0039392407673455,0.0038833023879143,-0.0005191269225242,0.9999845663068904,-0.0321612460790366,0.429443482904137,0.0273224845936168,1.4998464077639473,-0.0102049369475234,-0.0224534721323504,1837.2817454078784,1798.9290635998334,1778.7416817464148,1751.0979839066654,-0.0160874454998186,-0.3243078289412457,10.526630766882857
3.74,1.0137745541994176,0.9446930086821403,0.5550593549408034,0.0035191956494257,0.0038997925219882,-0.000529123401244,0.9999860633572316,-0.0324140652802132,0.4274751202610644,0.0312733234287768,1.414451119878962,0.0039520347259018,-0.0206396741258156,1836.016363273369,1782.9299190142965,1762.5775979278787,1743.6875377883284,0.0068199060844208,-0.345440890874137,10.318612058600378
3.75,1.0134110798512206,0.9487126696405364,0.5549898712514583,0.0105550152904822,0.003861324651769,-0.0005453589253884,0.9999366901998316,-0.0334742621859218,0.4255520653870462,0.0372894663018798,1.3284100612519611,0.0141648808256767,-0.0205877653361306,1830.9859764403316,1770.929835234217,1749.477792196062,1737.0515494557822,0.0262664315896431,-0.2947337717565664,10.230526090796
3.76,1.0130605364579996,0.9528205907391596,0.5550317663530392,0.017217939197771,0.0038100525149669,-0.0005581833417058,0.9998443451362676,-0.0347042215629119,0.4234038254116571,0.0444912630573169,1.2530848730434134,0.0177207838294758,-0.022005814034064,1819.726349008061,1765.3955904159316,1741.1505289934296,1729.6602508054982,-0.0110094368877238,-0.2640584324311678,10.26242951024081
3.77,1.0127356233721323,0.957010719458916,0.5552499882684407,0.0235544133621451,0.0037749980965834,-0.0005634832309186,0.999715270208065,-0.0354271043893188,0.4207566906365482,0.0492303304270236,1.1970337954920969,0.017212041983555,-0.0236144653224953,1804.356751933244,1759.3458418391278,1734.439889364,1720.0910237950677,-0.0096627789721754,-0.306003543609444,10.14912707961138
3.78,1.0124473388307609,0.9612460217361124,0.5556740734141852,0.0295988068971484,0.0037658505035037,-0.0005620873371448,0.999554607341728,-0.0353479502912921,0.41675901994873,0.0491654833990813,1.16057667012647,0.0152665091516163,-0.0240435118061062,1792.6314573151967,1752.9420159508695,1726.319034495144,1707.9713162288317,0.036851687811709,-0.3164708246927201,10.028394507912209
3.790000000000001,1.012201386427641,0.965465189243771,0.5562897054754373,0.0353713647119497,0.0037767632446121,-0.0005573314194377,0.9993669456208252,-0.0346060112840955,0.4104219698042291,0.0467809658330558,1.1275658818515224,0.0136282434001359,-0.0219546757774358,1791.4823344749575,1755.950052650341,1716.2918875877026,1695.5417457293468,0.0239176110283973,-0.21143963843176,9.863211324071008
3.8,1.0119952284087552,0.969592859450544,0.5570345005400104,0.0408776583509296,0.0037944930592525,-0.0005525582407198,0.9991568012827408,-0.0333746001685537,0.4018203103061697,0.0467727459876009,1.071064970533862,0.0152760344423445,-0.0172015656498043,1797.9629335728596,1769.568802651907,1706.1657552442275,1686.7313469758355,-0.0022353264303697,-0.2582180353941441,9.845685892085577
3.81,1.0118180128987946,0.97355278015893,0.5578061112815877,0.046110591092588,0.003806290981854,-0.0005496750858109,0.9989289381108916,-0.0315982425390821,0.3924160739444368,0.0502739834454959,0.979333526232149,0.0220939629443251,-0.0122917923298149,1800.3676225110714,1778.0758392308949,1699.5424379890098,1683.6601112707854,0.0342184452470803,-0.3082788169958994,9.897320466929244
3.82,1.0116547767535735,0.9772837256502076,0.5584918532276116,0.0510572249653923,0.0038051135082833,-0.0005489652031439,0.9986883295238952,-0.0293509495676376,0.383651127890637,0.0536424974147022,0.875816559833584,0.02894315397881,-0.0109258200498889,1791.690274518338,1767.0477600615982,1699.2082403510865,1685.1016266643787,-0.0080235741032947,-0.3472149273101894,9.900515737708394
3.830000000000001,1.0114937114629552,0.9807552324661092,0.5590118384581833,0.0557047920593397,0.0037917361448163,-0.0005497136012033,0.998439931439839,-0.0272721627530431,0.3750899757907484,0.0531095667439167,0.8018927052278385,0.0247253580200251,-0.0140608805238514,1779.2229099808617,1744.0374316183234,1702.5140289459446,1687.7137340643048,0.0016843904599092,-0.3159655373944314,9.773060938012604
3.84,1.0113324380123654,0.9839774037629772,0.5593511069802013,0.0600356764207095,0.003774185148249,-0.0005510135673511,0.9981889447730942,-0.0261695871939013,0.3643848925092494,0.0488746523075889,0.7720196446916383,0.0041464308395601,-0.0183640260080074,1776.6821837711243,1732.8635375812107,1701.6129217429525,1687.055418120898,0.0341244886725335,-0.2426516927257498,9.711015865057073
3.85,1.0111788252600726,0.9869992571302988,0.5595608126293659,0.0640117713745348,0.003764744996144,-0.0005522789355603,0.9979418894948672,-0.0260622714410024,0.3496168060461393,0.0440120890240386,0.7496531840778574,-0.0227428967432713,-0.0194287270959785,1788.304072753206,1747.159911347684,1691.6319841752656,1679.6675275046691,0.0674158445888098,-0.2473317432698714,9.82272458785084
3.86,1.0110449877386127,0.989893896905644,0.5597296236809447,0.0675661792525452,0.0037745955715504,-0.0005533035987482,0.9977075010766492,-0.0259513282130514,0.3316368403713181,0.0409897749074302,0.6766686440486278,-0.0374725309208179,-0.0161830163553996,1804.1620530657697,1774.1523323915048,1677.802972050701,1667.747540125068,0.0246289199004306,-0.2711088125797309,9.928961523953356
3.870000000000001,1.010937788157185,0.9927348207556936,0.5599430781135082,0.0706217480524535,0.0038067910664587,-0.0005540022461608,0.997495749427186,-0.024714119399536,0.313590197037617,0.0405615101759935,0.531900092508907,-0.031216049896569,-0.0116111070475935,1810.264400037361,1786.7785516424524,1671.575778994869,1660.1262579838103,0.012960740648678,-0.3178558725767537,9.840943097059869
3.88,1.010851846385544,0.995572696679263,0.560249875062464,0.0731327907049414,0.0038499304159416,-0.0005541237666069,0.997314627340014,-0.0220637470126316,0.2979775845309076,0.0426843667083622,0.3599228036025065,-0.0140169724001643,-0.009355066463421,1801.0688565931123,1769.8557322571255,1678.8401569095467,1664.4215014640968,0.0035467183872213,-0.2887478061184381,9.740162657848712
3.89,1.0107696391727683,0.9984218575378826,0.5606475270411109,0.0751202914705946,0.0038764830691917,-0.0005532146708426,0.997166790783726,-0.0186581549357294,0.2845718701743323,0.0463079757114242,0.238031316388769,-0.005532095269036,-0.0101698219203477,1783.6470029349955,1733.0960337982883,1693.052768223624,1677.800439932973,-0.0017273015072682,-0.2659737526525445,9.79213906434286
3.9,1.0106690133475902,1.001260111342689,0.5610928584643272,0.0766706457216717,0.0038495464971579,-0.0005509446144433,0.9970488902438134,-0.0155683616951244,0.2713869921874333,0.0486437331965973,0.2089322251309345,-0.0179558660755343,-0.011833433608683,1771.9470987891052,1701.9611770425904,1700.9629843984176,1687.6073370343777,0.0445518935566158,-0.244031696446352,9.747347467696532
3.9100000000000006,1.0105342738119494,1.004039070330135,0.561531944414678,0.0778951908522641,0.0037383482262173,-0.0005476543029712,0.9969543941772828,-0.0136547349515667,0.2572020183593244,0.0469532547418995,0.2403280830695132,-0.0469378542399777,-0.0122243008207434,1775.4269216341354,1698.2629557331595,1695.7317658902573,1682.405177560206,0.0724621452654015,-0.2232518062311872,9.766351280013334
3.92,1.0103650605093926,1.0066996444236531,0.5619302327588414,0.0788775906844277,0.0035364300532147,-0.000544752698568,0.9968778875041796,-0.0131071698845677,0.2425745360649313,0.0417122275939905,0.2506873239854775,-0.075357232862409,-0.0120150614236072,1789.8805270881553,1724.284813369765,1684.371246842101,1663.515395531508,0.0296850879842196,-0.1886129474226376,9.741365827629917
3.93,1.010178230694902,1.0091881893437582,0.5622812546125068,0.0796442286963334,0.0032707531292503,-0.0005445085395894,0.9968178381829772,-0.0133794749439719,0.2284781322634669,0.0364852478076306,0.1815602110154883,-0.0843429959639769,-0.0137248060753066,1799.4475234021015,1759.393590119778,1680.781789586108,1646.1682956430093,0.0243027583349992,-0.2189495188442682,9.61122621626581
3.94,1.0100015736857784,1.0114698155886537,0.5625896466385316,0.0801737807516287,0.002991344381236,-0.0005489694375258,0.9967762614405196,-0.0136507010896803,0.2146028612926493,0.0340420256614876,0.0503459464999696,-0.0646987273852733,-0.0181304398727953,1791.7886850724926,1775.018944421879,1690.278892881725,1647.1040608914236,0.0471976564938936,-0.2921988202370311,9.73872704447422
3.9500000000000006,1.0098625939929242,1.0135354140238153,0.5628462063108471,0.0804313548713256,0.0027435230052459,-0.0005582273236279,0.9967562182486436,-0.0134243412846715,0.1994878205290401,0.0340683522003863,-0.0696707088616943,-0.024379417278594,-0.0227516474598314,1773.7114856293645,1759.9725016120533,1702.440206522519,1668.209523723896,0.0319924635464074,-0.2530406627531329,9.840675270598544
3.96,1.0097779647984138,1.015399798699389,0.5630173146477947,0.0803960193098495,0.0025414118354014,-0.0005688853157541,0.9967595987370832,-0.0126862114894706,0.1822434042054496,0.0353260913468498,-0.1242337704124855,0.012830481204823,-0.0245764242439112,1767.2730512301446,1730.937700392401,1701.58836128842,1692.84815987326,-0.0138306703257547,-0.1605643645265055,9.85976387108244
3.97,1.0097481048797408,1.0170913526892935,0.5630570414883397,0.0800627678668995,0.0023661917312956,-0.0005740248221171,0.9967868502511884,-0.0116001578464676,0.1637777582493382,0.0377759661162878,-0.1297672937282637,0.0211778862773854,-0.0234984372105554,1784.312604899327,1713.6149924081942,1684.1200757519937,1701.3053013443966,0.017301971810903,-0.1597649573333199,9.8274404773715
3.98,1.009758087090124,1.0186374680312955,0.5629356439113993,0.0794278412122202,0.0021964980420196,-0.0005657847396866,0.9968380376592508,-0.0102495631123545,0.146164731111438,0.04058636228457,-0.1470095756143457,-0.0073403509236306,-0.0224437564797855,1808.24215588634,1715.216300412985,1662.8557095277265,1690.592945354179,0.0842418440957662,-0.1796771672043715,9.830840094487794
3.99,1.009783314968581,1.020052403610482,0.5626721176914554,0.0784814336238833,0.0020518178949712,-0.00054056260414,0.9969133174011352,-0.0087350632858389,0.1308785148874501,0.0400169905349031,-0.210212871312043,-0.0544437558851752,-0.024680223156039,1810.581037166283,1721.360290279672,1653.4771896656607,1675.913160041203,0.1040279811485237,-0.2015011437923308,9.884068121188186
4.0,1.0097973088061851,1.0213332562561486,0.5623538289482937,0.0772198857262603,0.0020124565925944,-0.000505019805578,0.9970119278232744,-0.0073533531188336,0.1176611198652628,0.0327567254713527,-0.2945065664581429,-0.0869676835486626,-0.0312169097113892,1785.050191424551,1719.0173022472666,1659.609675540284,1671.3674193538495,0.0883962130364031,-0.1975388200499179,9.775144649579062
4.01,1.0097790847546313,1.0224657095381653,0.5621234327203125,0.0756653915849193,0.0021839014721544,-0.0004793841783772,0.9971307583669606,-0.0064246515969296,0.1050229475247899,0.0214681123728894,-0.3537968785035866,-0.07789332865317,-0.0398129810634637,1755.5845227343054,1713.4462241151004,1672.074304994735,1675.6373945136324,0.0678649474862846,-0.1694568159990281,9.664074691997891
4.02,1.0097181296802158,1.0234361884081964,0.562126568124223,0.073872621384892,0.0025992081600029,-0.0004943721285349,0.9972641753932926,-0.0058646385147421,0.0917715686118011,0.0141192049471138,-0.3765538727209901,-0.026332965555426,-0.0458751264177943,1750.3202139450275,1716.1577097224415,1677.3258066231947,1683.2651943309882,0.0752563733358579,-0.1246552784595893,9.582001036105376
4.029999999999999,1.0096154493685976,1.0242438773348943,0.5624435550939786,0.071915565779764,0.0030909376124615,-0.0005805975074972,0.9974057651777368,-0.0050938552218481,0.0779210796654683,0.0163761834672109,-0.3918956673142714,0.0215141725316558,-0.0453034848126188,1777.1137277217863,1721.3293971488126,1663.99805958471,1703.0286064904535,0.0468867430513798,-0.1214982540871851,9.720690874813366
4.040000000000001,1.009479808558415,1.0249064544613782,0.5630478196468929,0.0698642483621781,0.0031972741550655,-0.0007544452272706,0.9975510989674484,-0.0035633539872925,0.0640499530083878,0.0260426085978169,-0.4255392794025219,-0.0381710500180776,-0.0375924990455109,1823.5576314238183,1707.066536965216,1628.9094522169714,1749.8300058274597,0.070289450005676,-0.20176333464953,9.87619140185674
4.050000000000001,1.0093197009716546,1.0254568337865864,0.5638191899641846,0.0677629383394272,0.0021744803697996,-0.0010093026871452,0.9976985702760198,-0.001440007734433,0.0501789578153898,0.03597989150248,-0.4657884676500771,-0.3294158390768842,-0.0256417580986616,1868.6074420521124,1665.49288328926,1582.9898480445172,1816.4392378743455,0.0876780755179742,-0.1559465240668924,9.879286219803786
4.0600000000000005,1.0091339635316474,1.0259325484854689,0.5646022914527774,0.065615317167265,-0.0008456418062078,-0.0013204882739804,0.99784376099352,0.0001881087683353,0.035866411375982,0.0409753033427269,-0.4816304295354295,-0.9038101048625862,-0.0116406763666417,1891.6687459712844,1621.8587166685616,1546.4304524672452,1867.4156996188744,0.3544366098427389,-0.0940427644799573,9.941432725927996
4.07,1.0089059233685151,1.026362382380411,0.5652731031934192,0.0633804246634101,-0.0065862162514409,-0.0016629110296135,0.997966321201213,-0.0002139345091802,0.0213366208253016,0.0404300653196355,-0.4677464002830478,-1.664234843143012,0.0059035980349511,1880.4646089398095,1613.723149411891,1534.1607676818564,1869.4605038116952,0.4952847632254712,-0.0437252461024542,9.982780851159156
4.08,1.0086051300698586,1.026755458045069,0.565779265579641,0.0609859211747882,-0.0153542816182238,-0.0020284243400954,0.9980184612266184,-0.0037796955175718,0.0078706123745559,0.0362610769515363,-0.4591787451117841,-2.3917104515234424,0.0294575903430731,1836.93958988922,1654.465749604571,1549.8650167172395,1822.805912197504,0.3449288275015516,-0.0281093486899786,9.836041102220683
4.09,1.008196384594373,1.0270968146063364,0.5661406972496235,0.0583619233521211,-0.0269084021315586,-0.0024279896914225,0.9979298215122272,-0.0106429255766586,-0.0032312397096761,0.031114910821061,-0.4955120941055375,-2.871646790652492,0.0574079357879813,1777.139283333789,1721.6072865947676,1590.2387655649063,1761.5746580222649,0.2066081733613801,-0.0850924492653704,9.85980442269918
4.1,1.0076507713716976,1.0273515666957302,0.5664176279960934,0.0554845084135463,-0.040548478359908,-0.0028760324780096,0.9976317049222064,-0.0201025023649981,-0.0118497614529535,0.0281441857619601,-0.5730049468209034,-3.02609647741115,0.0838780119035471,1726.1953604281628,1775.2124728235776,1642.8064048513847,1729.5170841642318,0.12150789966676,-0.0890126393500756,9.637406488078344
4.109999999999999,1.006951921708661,1.027477175602275,0.5666674307617416,0.0524033053225286,-0.0553909645216647,-0.0033682341737872,0.9970829402006556,-0.0313932837445232,-0.0190866043408159,0.0293200551283619,-0.6383155773976461,-2.9581263003932223,0.1042025671320968,1707.3729490492906,1786.989626618448,1682.4867999091275,1750.671480695899,0.0398143675387829,-0.0985027498357398,9.68706366658712
4.120000000000001,1.0060942344571695,1.0274401587395947,0.5669173480100158,0.0492292905525171,-0.0706860241375066,-0.0038671477152718,0.996275568360419,-0.0443526010387358,-0.0263626219337399,0.0328128193463198,-0.6361417901850979,-2.8745653278466894,0.1194517343165864,1725.9892277751355,1763.2889624740687,1688.5192219238745,1809.964776580496,-0.1195088726586544,-0.0796086404779482,10.08712695814904
4.130000000000001,1.0050754504447847,1.0272310323278608,0.5671689983133446,0.0460817123380557,-0.0860144913349472,-0.0043044163394948,0.9952182951837044,-0.0595360725401232,-0.0346236396822098,0.0341420007502092,-0.5670218289198148,-2.931784732811965,0.135004880012112,1763.7052961792565,1743.8726271435455,1670.337975837645,1862.3129943486792,0.0854309618590882,-0.0168456046442274,10.1991536105924
4.140000000000001,1.0038892877172436,1.026871380311168,0.5674246558131942,0.0430230955468372,-0.101284956669906,-0.0046005953305964,0.9939160957166088,-0.0779690706046749,-0.0440293733591305,0.0315617065879021,-0.4949473265706612,-3.120241690169846,0.1549787336687288,1794.3080427523205,1767.2196264222284,1664.747828810121,1872.850775722267,0.2696584542642792,-0.0365346777547502,10.302409061547944
4.15,1.0025224303838178,1.0264100314729323,0.5677076996898874,0.0400257793418224,-0.1165767838210023,-0.0046950604247528,0.99236371702599,-0.1008427933152585,-0.0538761410763529,0.0291307466422667,-0.4891747585078841,-3.292887568859477,0.1778369738858978,1805.326796296723,1831.249389525544,1699.596232730631,1851.8952512489025,0.1928221521290405,-0.076459505308958,10.46005068524031
4.16,1.00095549340181,1.0259096917607315,0.568059302406172,0.0369969111901122,-0.1319560297043787,-0.0045718252842862,0.9905543565098374,-0.1291274544575106,-0.0628289682476912,0.0327617117102399,-0.5541634192609523,-3.3152904523303524,0.1973595200823014,1804.153437838768,1894.554195038248,1763.901161487147,1844.016270720054,0.0778591205511141,-0.068519141987015,10.902399877120102
4.17,0.9991636246659036,1.0254287944637148,0.5685191597577337,0.0338480616917481,-0.147376915429892,-0.0042677817372932,0.9884918510322304,-0.1631014727716822,-0.0695945333727841,0.0439050619190399,-0.622226825480003,-3.191763444804764,0.2086975559259521,1807.6033858140856,1919.952494990848,1819.135968397641,1879.2857807926864,-0.0075774366347158,-0.0703233595131203,11.401803573280011
4.18,0.9971126732975047,1.0250046073640662,0.5691109766191016,0.0305612750138048,-0.162696157364505,-0.0038585387254588,0.9861952547681716,-0.2022412268441982,-0.0735272818556422,0.0587412690980243,-0.6214709206043489,-3.047247183934065,0.2133095652876366,1826.2706572816164,1912.3959648850648,1839.7863909370428,1939.485559996721,-0.0144274199163709,-0.0457392246021702,11.669804571156591
4.19,0.9947513294410264,1.0246428876430114,0.5698427978265488,0.0272062323381357,-0.177746393579878,-0.0034287290654086,0.9836942026403868,-0.2457473441064098,-0.0747268920680778,0.0728728053145777,-0.5480070676362718,-2.994786085143258,0.2162985529723673,1855.335252050435,1909.3133346115544,1837.6084369184143,1979.2869947402628,0.0326232154386927,-0.009410705574253,11.856456924416124
4.200000000000001,0.9920043482365144,1.02431721908078,0.5707159429544184,0.0239022148809982,-0.1923966706586685,-0.0030416360292969,0.9810213828931088,-0.2931232600370308,-0.0739701538312157,0.0848016323207852,-0.4643303623252337,-3.030808879014783,0.2189147739365086,1880.3061467692864,1935.2499922603504,1843.505307693452,1979.313639089847,0.2185117753970624,-0.050070518161542,12.017412111737029
4.210000000000001,0.9887729683383382,1.0239782039948353,0.5717324282955137,0.0207585368935456,-0.2065688181901988,-0.002721024424862,0.9782080568691014,-0.3441183608569615,-0.072744680039493,0.0952588641512496,-0.4290429841879626,-3.058910587566249,0.216706889659158,1892.8142698368176,1974.9656539128484,1871.929521109796,1965.725355711604,0.0604255054310742,-0.0391764849723211,12.304005021025414
4.220000000000001,0.9849458734318078,1.0235697424902457,0.5728961672608778,0.0178344240799441,-0.22022691492694,-0.0024479790154036,0.975282547089939,-0.3983551880917554,-0.0728830620535523,0.1055104571626357,-0.4397728471063031,-2.999465537599038,0.2072180815629807,1898.8072407998784,1997.062410529723,1909.4053062477929,1973.226468368199,-0.0922040623487614,0.0656655498270421,12.469171566008397
4.23,0.9804200005664048,1.0230475021487306,0.5742079873748629,0.0151348798401985,-0.2333680728877196,-0.0021691671586854,0.9722682616864198,-0.4554521206362658,-0.075471330940943,0.116749795402128,-0.4499596290309489,-2.8616575382637675,0.1972287723683914,1910.3004374322204,1994.569816927593,1933.6946519799465,2003.6919710806692,0.0732999024548837,-0.031407996834014,12.540458451672931
4.24,0.9751265127361292,1.0223936116521315,0.5756583600140315,0.0126312725423364,-0.2460190299593962,-0.0018156855346705,0.9691809898764204,-0.5155536507757283,-0.0798097206104696,0.1293406291459418,-0.4302020374970282,-2.7166476694732724,0.1981351991676756,1930.856919006316,1988.8164744081091,1936.909721514772,2031.2248179696692,0.0519946187260247,-0.0604676718774168,12.637590003492807
4.25,0.9690531186360452,1.0216220913207843,0.5772252484733013,0.0102864847886401,-0.2582219622159797,-0.0013327896375903,0.966029932316698,-0.5793711060460189,-0.0836136162423179,0.1418371015796749,-0.3971859009776591,-2.6189976414166463,0.2130836542855526,1950.334838281905,1997.4691203228265,1930.746800169526,2036.1371372991305,-0.0052757591444816,0.0033907062312265,12.820894749024998
4.26,0.96225075289557,1.020772570807143,0.5788815864385164,0.0080724021640832,-0.2700005042383746,-0.000711397159826,0.9628260787641794,-0.6475786899179057,-0.0846761544021162,0.1517920841628034,-0.3810775165911865,-2.556700289218238,0.2312317619793603,1955.0696998466728,2013.279870288439,1933.584265609372,2021.897072251816,0.1608622804058717,-0.0633845045767128,12.813096498794591
4.27,0.9548144654544704,1.0198949664791417,0.5806070183864058,0.0059768696337199,-0.2813226632262475,-1.8865933994950653e-06,0.9595946207545734,-0.7204021344246835,-0.0828042690246833,0.1582328067438039,-0.3802950156283942,-2.4679939375394566,0.2370336308359897,1944.247436808011,2016.5203905671888,1952.045970611676,2004.148941128411,0.1728064572249206,-0.008738070332794,12.892686253475972
4.279999999999999,0.9468385013706396,1.019032089454357,0.5823925920460721,0.0039996544822419,-0.2920915522828345,0.0007052536594578,0.9563817388816572,-0.7974734927836264,-0.0802412667693761,0.1626846438909769,-0.3641538805824585,-2.3047863706543144,0.2256932803026223,1932.9796710721555,1999.6346620612248,1972.680413680796,1992.840691517424,0.0966781082684304,0.0393111369174228,12.793214892824864
4.290000000000001,0.9383604775337528,1.0182076930413235,0.5842334309344859,0.0021377945131996,-0.3021806892024958,0.0013276694033096,0.9532473436635842,-0.87704261385198,-0.0797768354794759,0.1670763267548227,-0.3190637226811525,-2.0831546175169486,0.2092311629805331,1935.1553569353537,1975.3943890546425,1973.135544434494,1986.2019124750573,0.0152626861298994,0.0450615937809751,12.723029283911831
4.300000000000001,0.9293200346255724,1.0174239380529655,0.5861166922471172,0.0003676926556215,-0.3114970344607791,0.0018418931830408,0.9502452682090836,-0.9552820081576174,-0.0820311823145753,0.1709766710575792,-0.2759507035645396,-1.8700397356554468,0.2059101008649688,1946.0720469197915,1961.7499682007708,1945.2414625816343,1978.0943465028893,0.1237064422322156,0.0894080610611197,12.67829081346802
4.3100000000000005,0.9195570723903016,1.0166672076751249,0.5880167125092143,-0.0013600633485474,-0.3200277016748826,0.0023029428308496,0.947404410398589,-1.0282808453509036,-0.0847775077453237,0.1716427360093937,-0.2779390681379977,-1.7174223632003245,0.2215067483278753,1947.095253274825,1960.34087453161,1907.4599034633416,1966.2281964942956,0.1731301172472958,0.0548264707113685,12.29319202472292
4.32,0.9088630761891452,1.0159180293833887,0.5899014328867134,-0.0031018905925196,-0.3278287411991911,0.0028163576188249,0.9447278776707444,-1.0964653523680783,-0.0852854379408417,0.1669587101151332,-0.3231883513079744,-1.610283062798126,0.2414564461623432,1926.525108911825,1954.458811587262,1890.197442098433,1950.8906745913769,0.1530625654410213,-0.0134712707534529,12.106409636718269
4.33,0.897076236476853,1.0151607926901371,0.591743085747135,-0.0048886832370149,-0.3349509543498982,0.0034779864997644,0.942216462691142,-1.166297277656993,-0.083080258748321,0.1578729460723059,-0.3553018322580163,-1.4796639887426104,0.2444333042979651,1892.801679731896,1931.1765650805423,1904.9065232267155,1929.9548025753893,0.1745848410094623,0.0099744320020291,11.9127678018207
4.34,0.8841817430211798,1.0143902793600057,0.5935234538308967,-0.0067061407028286,-0.341346029406492,0.0043172322697021,0.9399038660367482,-1.2453663148211829,-0.0799412151224845,0.1474639336045566,-0.3217784617358869,-1.2653303715811726,0.223836290449877,1866.687658782805,1899.037750226748,1929.9433314035448,1900.1265257370524,0.1867650197953159,0.0547550989946408,11.723567040052911
4.35,0.8703612628856618,1.013613080156245,0.5952311471312381,-0.0085029430706366,-0.3468178766416129,0.0052732405400766,0.9378791251196216,-1.3345185642218356,-0.0774884626849754,0.1374959354007317,-0.2362598738877643,-0.9646339406635132,0.1925729681796987,1859.529233036432,1876.1607727130777,1932.4935155635023,1861.6797238021336,0.1176151627418979,0.0662683715673119,11.429190460943552
4.359999999999999,0.8559519430904912,1.0128434258129908,0.5968561167540782,-0.0102141839195145,-0.3510569477619067,0.0062117565536017,0.9362777920870872,-1.425046808626084,-0.0755185159687917,0.1261891962033192,-0.1679531073319274,-0.6215687316945162,0.16632715416743,1859.133934005957,1865.0955780558932,1904.1825571240888,1819.3008279933,0.1911567573936246,-0.0109411629144006,11.11480512384976
4.370000000000001,0.8413242911210957,1.012095663108607,0.5983864968030126,-0.0117772138694969,-0.3537398155900338,0.0069724750190589,0.9352437247540928,-1.5045419688853985,-0.0727807459618001,0.1098953639013961,-0.1654050034985942,-0.2746132543038401,0.1465608509601392,1841.5536249057973,1849.4177980240847,1868.5955486530097,1779.2558764307842,0.2391520131995292,-0.0540016027172404,10.714302960883018
4.380000000000001,0.826738822714407,1.011377928612422,0.5998063511104448,-0.0131338304119488,-0.3546366865204081,0.0074279650368725,0.9348824249112544,-1.5666019475569943,-0.0688193387809479,0.0872087414624204,-0.202403660877676,0.0753738963097661,0.1226179238246599,1799.8210590465883,1815.3597536929908,1851.8547665115057,1746.6032399502285,0.2373193022382747,-0.0632143319037688,10.26853752065634
4.390000000000001,0.8122561922349849,1.0106909095465997,0.6010894589829039,-0.0142331019819601,-0.3536715240674042,0.0075320173184247,0.9352310626721748,-1.615733189419342,-0.0647816003063096,0.0610143187254932,-0.2089208478330048,0.4439218880933012,0.0876322593319626,1756.3768296968396,1768.1561760327163,1852.3766021897889,1723.9727338634327,0.2197469657967596,-0.0718077692788432,9.924562150109912
4.4,0.797742837039072,1.0100318008943598,0.6021899409428629,-0.0150487934598746,-0.3509134529640752,0.0073384360791697,0.936258206746485,-1.6630476409437502,-0.0625290510919909,0.035886435995748,-0.1498940716143489,0.8202581784795355,0.0484158785649256,1740.962288228754,1724.2122199807588,1844.9286442949908,1711.141655224116,0.2614673782981374,-0.0267949693006454,9.717971696594208
4.41,0.7829575036801054,1.0093995964792934,0.6030392833528269,-0.0156048991187689,-0.3465165915444266,0.0069819473104477,0.9378880483936664,-1.716726262951292,-0.0628381096979392,0.0135190516465095,-0.0625022557611867,1.1604289102463583,0.0193064607820957,1757.2124237544765,1694.4024262616224,1812.08690523431,1704.1011384096007,0.3392657702286215,-0.0204244698571194,9.522532970501189
4.42,0.7676627677726079,1.008797016125855,0.6035587601241489,-0.0159841623851948,-0.3406464665373137,0.0066265352561173,0.9400322230748188,-1.7758088632295954,-0.0642393802082186,-0.008708444678033,-0.0147268837918753,1.4303304464529485,0.0080168078069136,1777.0740326378543,1679.3622520351878,1766.2275031202837,1695.788011852413,0.4003455563270108,0.013174322733788,9.3727900247925
4.43,0.7517039432531232,1.0082275302415475,0.6036838160044959,-0.0163004305031964,-0.3334294361893207,0.0063994981772812,0.9426124089311372,-1.832596221562605,-0.063859881627944,-0.0344816799972244,-0.0344907347777642,1.649830910309982,0.0081949275581541,1770.87974430013,1674.1149534965512,1737.492725785632,1681.933321230821,0.4485311544733159,-0.0439441028085276,9.18500276512725
4.44,0.7350292737345406,1.0076905716652982,0.6033852475638731,-0.0166457003779014,-0.3249439825725313,0.0063394562535509,0.9455655134062584,-1.880979768601461,-0.0598966839880988,-0.0643432020977785,-0.0835794364219484,1.8807428647423896,0.0054080646463284,1739.180503279524,1670.6797515330543,1741.087320822019,1666.9644936871275,0.5062309211023761,-0.0565140396973565,8.98957561367259
4.450000000000001,0.7176632133085842,1.0071799682527662,0.602673781749782,-0.0170479526040605,-0.3152481027026516,0.0063857548780874,0.9488346658870686,-1.9223359760477288,-0.0533104360718609,-0.0950749397080617,-0.0984945506918432,2.165356684143524,-0.0100286904225674,1710.295668535342,1661.4707928200748,1760.755863213925,1659.9566012856833,0.4500741312800409,0.009096340837518,8.92215998225967
4.460000000000001,0.6996633812181884,1.0066879466546603,0.6015881808832818,-0.017469338142642,-0.3044158633180207,0.0064184023088008,0.9523573953600636,-1.9631222589080184,-0.046821869621852,-0.1229283612451004,-0.0527551518984596,2.4844811428479128,-0.0360462884339065,1708.1206211094209,1647.1071408708076,1767.2095869412628,1663.615039872143,0.4114679652913269,0.0166814538660804,8.952163832210397
4.470000000000001,0.6810853106071679,1.0062122689389557,0.6001791681710749,-0.0178424989014366,-0.292552317268065,0.006329342926522,0.9560620933350282,-2.0075317295224666,-0.0423215100637608,-0.1467528568548267,0.0222186606843565,2.7815935068120394,-0.0629522760233323,1728.6335893154342,1636.9835869689637,1749.0893072617953,1671.7710570199756,0.4625411800389392,0.001705360288019,9.047175892211584
4.48,0.6619627356284248,1.0057614729260815,0.5985015390732543,-0.0181161542373745,-0.2797741925055373,0.0060871531985837,0.959875592318848,-2.0539013128838817,-0.0395283529653576,-0.1678489403496468,0.074423882575725,3.0201321167275186,-0.0822190072078319,1749.6686254820384,1636.776457513766,1720.656148315117,1679.1712922919571,0.598949518209142,-0.038240694722494,9.047949406357452
4.49,0.6423023895068232,1.0053544592110806,0.5966162823592436,-0.0182799430952967,-0.2661704964662491,0.0057618544466924,0.9637353949734742,-2.098080505375697,-0.0369434527675434,-0.1876800928446255,0.0829711498931705,3.2085855182363923,-0.0913984555323769,1757.591958750959,1640.3555553042695,1701.8037230695882,1688.2447303663864,0.6464486640278007,-0.0664776826207509,8.998239254353601
4.5,0.6220921655767018,1.0050141865861744,0.5945943231778338,-0.0183582098051917,-0.2517718497510692,0.0054991202103633,0.9675968537994456,-2.1384502796732123,-0.0334863215208675,-0.2065267159121001,0.0703554461898074,3.375746420257612,-0.0935421946256223,1759.0379034123573,1639.6948714741882,1698.379896661885,1703.0982340193489,0.6867757775341774,-0.0865861335612848,9.160451041786494
4.51,0.6013206110719146,1.004758586307722,0.592511935199486,-0.0183839908490078,-0.2365498602097275,0.0054569458432227,0.9714300871690592,-2.176723168864722,-0.02901205056633,-0.2237913802959855,0.0703593760962369,3.534712696382835,-0.0941656926707841,1768.992358677927,1637.5450538544226,1703.450499565191,1722.0775713386113,0.7333759264257962,-0.0541147729665899,9.341951834492937
4.52,0.5800009788533392,1.0045933062335244,0.5904339623508054,-0.0183729260533535,-0.2204457947264591,0.0057317460406576,0.9752093284331232,-2.21481348827776,-0.0237298520847305,-0.2382806609378145,0.0936187039311572,3.675582391895007,-0.0980596998745251,1793.0071358069922,1643.4590771460284,1710.7502304599996,1741.0235446870772,0.7894502027938146,-0.0175437992744307,9.577523977966116
4.529999999999999,0.5581896075685733,1.0045098025137742,0.5883891920883507,-0.0183108797369912,-0.2034100948873702,0.0063039448939568,0.978902091764004,-2.252203701903769,-0.0176837095972989,-0.2479152044314077,0.126043796105093,3.787696456639764,-0.106911230564633,1822.442480156829,1660.0401421885604,1720.8169474954111,1760.1177221799812,0.8646693421018603,-0.003630756128501,9.71676599916552
4.540000000000001,0.5359904862756916,1.0044892356588893,0.5863483911151226,-0.0181573473687491,-0.1854333997149513,0.0070271326474907,0.9824639354263546,-2.2865655755007825,-0.0109134450040367,-0.2505976400597547,0.1528449794096393,3.8806845780927937,-0.1188931562108882,1844.8767483857605,1678.485397317577,1734.9855651723133,1782.3129238870354,0.8716829785873546,-0.0601037410752997,9.970856506902996
4.550000000000001,0.5135442292091053,1.0045095872815155,0.5842174214364636,-0.0178589548336767,-0.1665606720149557,0.0076703394724359,0.9858396249707924,-2.316183566128605,-0.0039317160497401,-0.2469626835199704,0.1757884192835282,3.9768124083969543,-0.130803616568677,1857.2839328536488,1687.5038865671595,1748.6125151510862,1807.032992210225,0.9075797246455428,-0.0710756489248164,10.27129824275599
4.5600000000000005,0.491005806765683,1.0045522570733003,0.5818538618674803,-0.0173675653262105,-0.1468901741709946,0.0080022867507938,0.98896795085251,-2.3409770600486115,0.002180435487113,-0.2418356353406809,0.205154954964748,4.08120228997546,-0.1405632474677121,1868.3616519370407,1685.5020314898416,1754.1865604388458,1830.4652918321297,0.9492685985442436,-0.0589412486862477,10.514386148183885
4.57,0.4685180311066914,1.0046054260065431,0.5791054153495808,-0.0166604427140156,-0.1265632606361451,0.007884725832027,0.991787276488398,-2.3611852674419302,0.0064492912096448,-0.2405894601220555,0.2391058475195804,4.16708994794062,-0.1468594940610766,1888.94290258899,1684.8528545740978,1751.0176790694316,1852.664708868713,0.9941724185351886,-0.0292966153407108,10.845000086060557
4.58,0.4461875907273342,1.0046636548100858,0.5758562473762406,-0.0157570132186672,-0.1057516339458472,0.0073282869894647,0.9942407176644952,-2.375850287104096,0.0090246602571484,-0.2429464886838488,0.2581243551619009,4.200169116581114,-0.1471159572735579,1921.595914719073,1702.388904983483,1748.898511740594,1880.694534640696,1.0426840766282088,-0.026165762395902,11.01701301829694
4.59,0.4240696040077594,1.0047252750925149,0.5720624106207877,-0.0147205494575822,-0.0846464926082943,0.006475286302627,0.996281259173372,-2.383293827172767,0.0113223831905935,-0.2427743092777668,0.2453997391024324,4.17783276301129,-0.1385212505208166,1958.3526617009095,1742.100186236469,1759.880279179339,1921.1738010632391,1.1453859098936583,-0.0606525403985099,11.345540033108175
4.6,0.4021656487962996,1.0047902395219983,0.5677656759550695,-0.0136371380143402,-0.0634469339998051,0.0055177675154228,0.9978767806069284,-2.383128987977712,0.014690864863732,-0.23643931156914,0.2115456407714573,4.135788617317546,-0.122172964512861,1988.0974219478828,1788.0961701701249,1785.9601955965495,1970.557377137038,1.1829904722769284,-0.0753421506886612,11.81755678467134
4.609999999999999,0.3804375926534882,1.0048607146290929,0.5630885993831592,-0.012581822028043,-0.042338983674675,0.0046071076048794,0.9990134547519204,-2.377373596677587,0.0189129636000832,-0.228750525553683,0.1905321503889382,4.109729052951514,-0.1041256263681058,2010.428728706911,1819.4083999018264,1815.7484192474467,2017.808768308861,1.2700648838986668,-0.0743580950204416,12.478794705439002
4.620000000000001,0.3588345105738879,1.0049446637763773,0.5582169369047519,-0.011595377362816,-0.021465050008028,0.0038149669445025,0.9996950759502516,-2.3690047743812808,0.0224936553815469,-0.2258648538934375,0.2035156853284147,4.0940140460634336,-0.0902373197113519,2041.5623810073585,1833.1940320451088,1836.0848044512152,2057.830488294064,1.225458303342982,0.0127744560985573,13.00323719756504
4.630000000000001,0.3373242580740962,1.0050596600586692,0.5533686048014376,-0.0106867315718748,-0.0009031799419655,0.0031552508503445,0.9999375092606412,-2.35902058713028,0.0245596466584582,-0.2235185381349049,0.2304877869953008,4.048725454915575,-0.0805407397283018,2096.014611007492,1848.5782447216343,1848.66054315966,2096.663006349511,1.2455989722681005,0.0262082674496605,13.295492078261038
4.640000000000001,0.3159184955051365,1.0052323429290064,0.5487508201343175,-0.0098523713742606,0.019324625829014,0.0026249961017533,0.9997612710094036,-2.3451943634242483,0.0259298848067237,-0.2087125953498859,0.2299859072254962,3.953295528106861,-0.0703977374415882,2160.6046850537464,1883.1594321765192,1870.626060471908,2141.6233955123357,1.336258616583654,-0.0188054900961552,13.763798788824552
4.65,0.294682723108942,1.0054906621301798,0.5445248621760934,-0.009085917907587,0.0392212043995995,0.0022212692085964,0.9991867739238368,-2.324375265148455,0.0279699938941746,-0.1749009634158218,0.1904513866368921,3.843237202322036,-0.0570702258856682,2202.3070882734232,1929.9519702981704,1913.0553001427563,2191.978680883428,1.468078622207653,-0.1437141277711428,14.45301258992726
4.66,0.2737296682619499,1.0058507767571472,0.5408050396119481,-0.0083743516946271,0.0587941717352703,0.0019360603160466,0.9982331227093754,-2.295879022100064,0.0309313059893639,-0.1304124786873835,0.1493592157025422,3.776921043042893,-0.0431772216430934,2209.63341447943,1965.902880576312,1962.223134013156,2241.033920758546,1.4720091274116804,-0.1353378968298846,15.129935739407433
4.67,0.2532002418867417,1.0063043886887664,0.5376936809553331,-0.0076866856598228,0.0780676203774765,0.0017521952497403,0.9969168928872516,-2.2616491886865684,0.0340049499658214,-0.0885293429821194,0.1503324917432877,3.765562676517319,-0.0327615456241942,2209.963204561451,1981.2126847327252,1990.894825550953,2281.9893891918027,1.3884679888867608,0.076221363570171,15.69743061025187
4.68,0.2332383898403771,1.0068126987427082,0.5353187566317814,-0.006976010475491,0.0970994547137883,0.0016502075518002,0.9952488673629158,-2.2228691919046266,0.036656781856228,-0.0524820435895602,0.1902139506414812,3.75595303010078,-0.0254576445031088,2232.343762706249,1989.188151572217,1988.9986096864243,2309.387729681055,1.4788220038030433,-0.0197828852242007,15.755899746908147
4.69,0.2139670599550841,1.0073112044795898,0.533835188097129,-0.006195042661851,0.1159736963797364,0.0016121302230961,0.993231656881003,-2.177538410429463,0.039173392874667,-0.0140500634250483,0.2246808298563035,3.696751807635695,-0.0162553917775563,2266.129710697601,2005.622189312889,1975.3137928171025,2318.7348824085275,1.5417758686843943,-0.0672554133228375,16.05284118703668
4.700000000000001,0.1954750407792453,1.007727147923222,0.5333821234063418,-0.00531004986686,0.1347639081774679,0.0016135474923697,0.9908621947009768,-2.122270766187192,0.0418909955560143,0.0346641005840046,0.2235453211386415,3.609914120106234,-0.0007096989760632,2274.736407624928,2028.5539879476396,1973.8041612354068,2309.0649354617804,1.4503761613357469,-0.0784022584658453,16.27346525521213
4.710000000000001,0.1778249554801478,1.0080080566798515,0.5340237499647695,-0.0043027702926974,0.1534932308830284,0.0016171808616128,0.9881390079168814,-2.055947318407201,0.0445030843567821,0.0921933389649259,0.2031482512019115,3.5722896297055478,0.0210182062548731,2244.99659668787,2041.5702076775924,1982.983060395,2287.0254136377016,1.4432636342762244,-0.0770500156874809,16.350566539210757
4.720000000000001,0.16108426112377,1.0081544369114224,0.5357094265248283,-0.0031677963347156,0.1721153924160649,0.0015865958092686,0.9850704236112175,-1.980715460401811,0.0463432642078985,0.1505825750125765,0.1998174887187322,3.621246340548948,0.0454682887975031,2203.259926376074,2030.422281576585,1977.522546969096,2265.2980635726904,1.3755765856124418,-0.0101354987477638,16.145220133676716
4.73,0.1453640916021481,1.0082443387511593,0.5382720724453705,-0.0019192394522669,0.1905254522067794,0.0015183326683075,0.9816792058749312,-1.899609668137644,0.0469327052834261,0.2036434053022577,0.2253323545658841,3.700161338661046,0.0697821889229743,2177.724251635821,1995.4117007891195,1941.4544013827835,2251.0628804006183,1.2690692830957016,-0.0399720435632666,15.80578166641993
4.74,0.1308359059459843,1.00843615274507,0.541464433550178,-0.0006054814863709,0.2086026771185162,0.001468925002515,0.977999181364941,-1.814200850127518,0.0461660277366172,0.2500928891750445,0.2572794044237634,3.718763554001542,0.0930457620763788,2160.7938244405223,1952.4954556750583,1889.8000115712064,2234.867011613314,1.2843393297515036,-0.0201937659469414,15.230072004884622
4.75,0.1176949268171448,1.0089398280563449,0.5450244393300688,0.0006875875401202,0.2262808820435091,0.0015525359947481,0.9740606137592112,-1.7251726805936674,0.0446285324894263,0.2901378946011983,0.2661437551931454,3.6594507906286977,0.1144591079550827,2122.739006870861,1920.4186060729933,1849.691502562158,2199.017593157733,1.3551088544012169,-0.0546395346292318,14.676634382925773
4.76,0.1060561471064384,1.0099546881784398,0.5487584110820093,0.0018641348827369,0.2436152297773438,0.0019030660710577,0.9698683019674372,-1.634749284702258,0.0440101060639151,0.3223598124120115,0.2463068602688592,3.5951976545036404,0.1329087407980384,2055.6522406426666,1901.1702606487488,1827.0960781345916,2143.5417764280232,1.3058777843697251,-0.083431404159225,14.229569934091112
4.77,0.095799412896349,1.011584629150488,0.5526240986274684,0.0028756976270117,0.2607871619130011,0.0026185337260287,0.9653884864787056,-1.5470990168900915,0.0464429447491346,0.3456423789502721,0.2269641308528244,3.592375210350859,0.1512751921360842,1986.8382988875087,1876.5309572056667,1802.5959916424688,2095.84135837807,1.146716489551569,-0.1224329763258655,13.609616926827826
4.779999999999999,0.086416281348508,1.0137574414328634,0.5567845363150458,0.0037828897688797,0.2780048813170387,0.0037226564569662,0.9605649991217664,-1.4645917344036223,0.0528992305917809,0.362291737618153,0.2560051021398365,3.6223352882873727,0.1816473571986179,1944.309031437631,1832.499163184978,1757.515239862994,2081.676116458245,1.0767703460504308,-0.1335338025451376,12.954544286911226
4.790000000000001,0.0769393049762273,1.0161852075124838,0.5616008842321798,0.0047851932253153,0.2953277384107524,0.0051726342454285,0.95537001873931,-1.3833088049871438,0.0626677932186605,0.3758306278983644,0.3621934005238,3.5992918162405068,0.2425540623275703,1920.199190385894,1785.498786182474,1695.059730581576,2090.162534839551,1.029622424578319,-0.0218404391892788,12.438231259874591
4.800000000000001,0.0660357283747389,1.018396139186188,0.567547762440077,0.0061938485180268,0.3125192961300079,0.0069087749346372,0.9498660929919768,-1.2950402782307295,0.0742739390600455,0.3855533407781031,0.5225921189720163,3.4969348593332525,0.3443147040596954,1880.8369238249895,1770.3217413436514,1633.9581671423437,2084.4634596926844,1.0005873324530068,0.1173700943108773,12.196541581415447
4.8100000000000005,0.0523071045319011,1.0198443077079968,0.5750621747698416,0.0083509581715686,0.3290462464575476,0.0089067158080919,0.944234875231438,-1.1985094516231316,0.0854425194326501,0.3878832952638862,0.6722686166301586,3.384972223565576,0.4731272949091681,1814.5422065457792,1793.4442694105337,1585.9783547730722,2050.3269385324584,1.085848771188533,0.0645350520207104,11.873052896760338
4.82,0.0347531419522632,1.020072519041311,0.5843622755883955,0.0115231995056385,0.344269737150584,0.0111907193765476,0.9387333656343833,-1.110007781642269,0.0916145734198255,0.3864316587757252,0.7568906874203731,3.3265873668580355,0.5947680321879375,1755.425397452517,1812.6581440346044,1544.5473979324297,2015.743453866976,0.9222603105162666,-0.0196886971945931,11.31152393495011
4.83,0.0132529371232449,1.018875631293693,0.5952904881766625,0.0158040898065557,0.3577680937761876,0.0138003590502491,0.933574727545269,-1.0565437289213953,0.086800372321417,0.3960013758053058,0.7752849208556325,3.275486354666689,0.6847736639072908,1741.59348091728,1787.2997999081929,1499.1150588581418,2010.07387292511,0.6607185867444967,-0.0386584324117449,11.015714899671009
4.84,-0.0111619360841973,1.0163968182774126,0.6072499194625623,0.0210474067195435,0.369646400308009,0.0167426330290501,0.9287831984101392,-1.0496004560600545,0.0687523971800198,0.428379915006376,0.7627117483906416,3.1406362865796424,0.7556597179279076,1754.714504144191,1744.9196497168389,1458.9349897121947,2017.546053908776,0.7421166493995486,-0.081318117533272,10.83292280312866
4.85,-0.0364453350297339,1.0131027739680505,0.619296885419162,0.0268426143646152,0.3806672753315198,0.0199725438952157,0.9241065939793434,-1.0655205799687968,0.0431389401628253,0.4738236781401885,0.7345916739292526,2.9687583270628584,0.8379145038092037,1732.6897239799764,1761.7288001597828,1452.586675391375,1990.9078224392092,0.9186425924219196,-0.0448158992712584,10.625480137794284
4.859999999999999,-0.0601130085927728,1.0096349437512946,0.6303932697435853,0.032540778922802,0.3920978284829528,0.0234164355256487,0.9190495422736054,-1.0600873029185092,0.0202440910798148,0.5040338508588276,0.6572741129482282,2.994232549797929,0.9207512061436576,1657.655703588635,1859.9759895904217,1496.4869480208138,1907.20392454903,0.7911447546773518,-0.12177924280932,10.467372669837802
4.869999999999999,-0.0800287963099821,1.006600259298564,0.639722387480766,0.0373411862732072,0.4052994300349229,0.0270087222239924,0.9130216518489052,-1.0061262429952411,0.0067091609511951,0.4967209107008357,0.4741701617344274,3.4280844904016643,0.9249524604470972,1602.6266653676037,1957.0108292871255,1570.5190245382291,1793.4189852037018,0.3716944736247738,-0.2441346169830666,10.45743325406227
4.880000000000001,-0.0950300230799177,1.00439713307488,0.6469116323099363,0.040442696529104,0.4212233317904893,0.0306976678827501,0.9055346190175916,-0.912968966044839,0.0014040545165524,0.4539534482109276,0.1522588477431586,4.193616838373155,0.7626072275767023,1658.2545164005824,1946.67831728422,1636.1287485037255,1700.032170841959,0.2184202873558423,-0.2548184612534947,10.346263972370693
4.890000000000001,-0.1051243680175553,1.00314396239625,0.6520516032784955,0.0412417837067983,0.4400291663732641,0.0344058714236773,0.8963758609138854,-0.8093848257395926,-0.0009904193276145,0.3962060903366347,-0.286058954117464,4.921091009657312,0.4331121537865475,1823.8414747790891,1812.6414386153792,1676.598030515334,1665.8005899942812,0.4136730041482535,-0.2613111821651157,10.311888288175664
4.9,-0.1112462317872098,1.0027153526424373,0.6555243104360347,0.0395246146623073,0.4609812130360854,0.037974599530571,0.8857155614835205,-0.714408771589105,-0.0041032229892339,0.3430482399319209,-0.7470113539718624,5.222698571191057,0.0445696351695185,2001.4395900995248,1633.105036359767,1707.7270981606869,1703.13026651583,0.6319914722396156,-0.2856110986945809,10.350146105027642
4.91,-0.1147658808038564,1.0028435957064648,0.6577590818546165,0.0355745103572642,0.4826390029900829,0.0411374347567536,0.8741291429000714,-0.6268831362815064,-0.0077751488023392,0.3001879308197133,-1.077442020990569,4.955855584707084,-0.2722399026188089,2097.9445956021214,1487.8992376544948,1747.0490000105729,1793.4592666295125,0.733516501933356,-0.2691458695511919,10.565955560118308
4.92,-0.1169932747718787,1.003231149405068,0.6590585852708408,0.0301289657011088,0.5032242669687315,0.0435507157986015,0.8625316908456139,-0.5364367191356878,-0.0100595571788212,0.2599634386745614,-1.135205605161825,4.232479654814192,-0.4655929272362293,2108.24866391463,1391.45037630935,1784.055177956681,1890.9997074888247,0.8591900832727815,-0.10348581106876,10.896448159093543
4.93,-0.1188451251893894,1.0036346588485097,0.6595752809300204,0.0241814042334842,0.5209932540468516,0.0448763914179828,0.8520372048333744,-0.4376820752787557,-0.0099114856090868,0.210749899218496,-0.8925201229638962,3.2327498922320883,-0.5759855456830545,2092.692513949057,1313.2835143995248,1787.9654922751345,1947.818095829217,0.8832760072713861,0.1583753649811081,11.119476327365684
4.94,-0.1207314899198826,1.003904561963242,0.6594131138656031,0.0187003273865629,0.534495213989612,0.0448861019221785,0.8437715341442055,-0.3339695179716666,-0.007999763534573,0.1472613575798124,-0.4751463025451674,2.0525521615848814,-0.6646443326451378,2096.202957515339,1233.3042297500683,1739.3903042423713,1945.2873037545564,0.9396409562375768,0.2638735340278618,10.881735006307617
4.950000000000001,-0.122627166669344,1.00398428629629,0.6587493424639912,0.014380152717776,0.5426964638193525,0.0435420990597257,0.8386762456247683,-0.2320332585755999,-0.0056704614636417,0.0742900344784333,-0.0804609150422799,0.710753722825022,-0.7478088335521682,2107.14489896466,1161.5653785746954,1648.7690080116972,1898.4937227896376,0.9503131410280372,0.203562905589018,10.363808077804103
4.960000000000001,-0.1242471382638466,1.0038843416942322,0.6578725001822525,0.0115149140682307,0.545012987552392,0.0410177349788732,0.8373444903804053,-0.136087478115105,-0.0036912639456784,0.0016455719858128,0.1568350224099067,-0.7521397320346346,-0.7980183377827264,2085.4928947822937,1117.8657381967012,1548.2227299646063,1832.3016866616667,0.9276693949803958,0.0969474081715476,9.718338955282716
4.970000000000001,-0.1252410954275537,1.0036488214838728,0.6571053908143525,0.0100173062297081,0.5412969244428838,0.0376492157160546,0.8399284670259374,-0.0465539479677338,-0.0020881287591863,-0.0639612278766558,0.2297649596862149,-2.2189163644953185,-0.7889875869535898,2010.802113656404,1110.6782573284993,1471.2069441427668,1759.8581428631055,0.878157222817153,-0.015397762054186,9.043494917178746
4.98,-0.1253434300567502,1.0033273993214868,0.656661751489355,0.0095403372553048,0.5317960576486245,0.0338448610931371,0.8461421041480103,0.0376873101075367,-0.0008718988834297,-0.1222809485106614,0.2139245077043413,-3.532891646649522,-0.7263583178209182,1897.550212823223,1135.7662257164177,1434.170525930753,1681.728355123431,0.6581653042256828,-0.0827208174110442,8.391803854641763
4.99,-0.1244465220629136,1.0029588634121698,0.6565183325182753,0.0096330527802435,0.5170865831150705,0.0299929269452667,0.8553531985032675,0.1171614141384875,-0.0004949091987609,-0.176601882759829,0.1783434274758512,-4.573621247015147,-0.6405340653618797,1775.8196813412778,1181.6004709586257,1426.023732843964,1596.182801034829,0.4866094035353123,-0.1502598886225256,7.629761124069491
5.0,-0.1225968315295637,1.002566288502336,0.6563677341516907,0.0098741847612122,0.4979779728636655,0.0263968655485425,0.8667315873481871,0.1915511149280775,-0.0014538298495043,-0.2297124127361327,0.1376033830210244,-5.304055466667585,-0.56123475277213,1667.3791891705546,1229.7999595828762,1415.4286067172927,1506.2383426864048,0.334015021027731,-0.1622211604366533,7.103779108118047
5.01,-0.1199383532507009,1.002160632501797,0.6556795545977284,0.0099550404162746,0.4753987587498618,0.0232450377074018,0.879406951059282,0.2603392114758242,-0.0036241874660734,-0.2835109915036789,0.0690334682711611,-5.768702065516557,-0.5016726249830579,1576.7948622167935,1259.1250345708331,1379.7359344399968,1419.740356063188,0.1634885387155478,-0.0801856474050282,6.739515230026482
5.02,-0.116640035707364,1.0017482021476094,0.6538590727067709,0.009707815121637,0.450285795173917,0.0206088452324152,0.8925938250337293,0.3229144662377291,-0.0061921193630772,-0.3406359008055164,-0.0410225278661853,-6.053592873221303,-0.4603979989366217,1496.5533630014572,1260.8358664073558,1330.9406261028134,1345.7200466175966,0.0039779633540333,-0.0673381308210552,6.365256287695342
5.029999999999999,-0.1128397335432211,1.0013373523492677,0.6504527072680066,0.0090923187117388,0.4235079583295377,0.0184610303387167,0.9056586163289254,0.3783892982787312,-0.0082882328557366,-0.4032635217457948,-0.1687087889746129,-6.227585942162085,-0.4305750412595974,1419.2888356075014,1251.760999065542,1307.5352082797294,1291.4131742999034,-0.0691234926816921,-0.1317253385575691,5.895243159874017
5.040000000000001,-0.1086214427292496,1.0009412009807868,0.6453144711730232,0.0081614834220817,0.3958453219885751,0.0167075328183216,0.9181289286343378,0.4262447337407709,-0.009674299263777,-0.469558912086542,-0.2632314333444657,-6.298848200750407,-0.4056150489177639,1349.916448702508,1265.5472252167567,1339.015445213388,1262.2360960763865,-0.1165190197748131,-0.183706621815632,5.6537047509780525
5.050000000000001,-0.1040246898611309,1.0005757556088517,0.6386537371317362,0.0070232944572568,0.3680102252692621,0.0152269321107797,0.9296705265688094,0.4676929370186674,-0.0108554630627364,-0.5335408629211895,-0.2850110777719929,-6.223956245155682,-0.3799698205203128,1308.4430826259347,1325.3355270952704,1420.6366374645552,1263.2327867490771,-0.1996228964772011,-0.2214022464799333,5.748279231261796
5.0600000000000005,-0.0990726937332183,1.00025511463343,0.6309486681986007,0.005807132079381,0.3406580179011126,0.0139091025747889,0.940066449205726,0.5061865247971189,-0.01253268558322,-0.5897484628693676,-0.2389842378476122,-5.969910914429761,-0.349985323111433,1319.2626419068383,1424.0375234520504,1520.568788983716,1299.5804225929191,-0.2978278766222941,-0.1501173937997144,6.197789417210416
5.07,-0.0938012019424804,0.9999861773895332,0.622783399603976,0.0046344127200526,0.3143356713525373,0.0126813229113723,0.9492158827070412,0.5458789584385532,-0.014825877824408,-0.6368457736251751,-0.1732650248769716,-5.577188001475779,-0.3166828682403593,1393.7956040584252,1532.6265736029047,1608.5628243466408,1375.034090964887,-0.4620435572598786,-0.0971656925936779,6.913745667543568
5.08,-0.0882721890442416,0.9997650436817423,0.6146896385160725,0.0035937855145174,0.2893738742239543,0.0115123791848135,0.9571401729881572,0.5889055384385242,-0.0169967387842992,-0.675853586897319,-0.1404806309444268,-5.162504524322369,-0.2867454769660773,1518.689522028472,1627.5013906977156,1679.9034433105248,1487.3812649737656,-0.4285174572869477,-0.0343349989387597,7.717581168523477
5.09,-0.0825653838706777,0.9995768326179229,0.6070435218296579,0.0027262415078245,0.2657985025089756,0.0103962675745309,0.963968693107689,0.633991141985081,-0.0181372460314029,-0.7060825546382526,-0.1530181370933672,-4.849891268235314,-0.2683749506097409,1659.492173233732,1708.4388367171264,1754.1398286611538,1623.1219459880515,-0.3900476858667123,-0.0635601202982973,8.822528532680282
5.1,-0.0767527727227052,0.9993996579321608,0.6000283556841569,0.002025106441386,0.2433486793831376,0.0093299478238143,0.9698918863770276,0.6779712145267642,-0.0182598444719691,-0.724085431288487,-0.1750843791146619,-4.684974366920115,-0.2644623420721345,1781.122922296847,1792.2104960982542,1849.845012814767,1758.8170983716284,-0.3755622377830856,-0.0576225773998985,9.91349419328146
5.109999999999999,-0.0708699720230003,0.9992114922502948,0.5936506511893617,0.0014478579763103,0.2216197628632575,0.0083026963879285,0.9750967386102796,0.7188004156531145,-0.0185255510406312,-0.7262964835487066,-0.1644483473020273,-4.608207398389313,-0.268887503970779,1870.591531190068,1893.646575914721,1961.338910602905,1872.2908831394875,-0.2803678100843179,-0.072461856884567,11.371500030623286
5.119999999999999,-0.0648983221028565,0.9989969036857534,0.5877897455048425,0.0009303053608331,0.2002589076665049,0.0073032182865955,0.9797153502088308,0.7568781101660371,-0.0201915142832382,-0.7117704132907524,-0.1232746030390204,-4.512554159174931,-0.2695196823570318,1939.7926953219496,2011.7466969607408,2062.985829231561,1955.1963224571148,-0.3332264845385353,-0.0672104728062985,12.756642247803583
5.130000000000001,-0.0587646853621167,0.998751032285895,0.5822621532152868,0.0003968851474326,0.179106641448056,0.0063338402903606,0.9838091969170412,0.7934690131971454,-0.0233109333989377,-0.6822248542837077,-0.0989004763764376,-4.333718955131248,-0.2563721560942229,2005.571378767232,2127.093042308981,2135.233289507645,2016.281539861332,-0.4795945965267991,0.0940069027102896,14.136805076866738
5.140000000000001,-0.0523592521471227,0.9984803454952124,0.5768865928529995,-0.0002298337553056,0.1582196670607524,0.0054153680333773,0.9873890610699982,0.8284590803303425,-0.0263853673372908,-0.6400710338503354,-0.127619367282337,-4.094362168450783,-0.2285289988863251,2070.526456339604,2211.760748846563,2181.586555852515,2072.693295591099,-0.5008236471596303,0.0097946186854871,15.00791373495965
5.15,-0.0455680567460929,0.9982012309279188,0.5715407598976058,-0.0010127239928331,0.1377835372054764,0.0045770356751856,0.9904512719006876,0.8602329223373466,-0.0271511497059622,-0.5870835774650307,-0.1859446753442815,-3.8717151700684735,-0.1937770482167691,2124.197452118932,2249.9605775973714,2219.310224034704,2133.906408122281,-0.5516301777422776,0.0005061182517382,15.854568847715424
5.16,-0.0383126601852789,0.997937151827764,0.5662027232539978,-0.0019761204201206,0.1179778002974128,0.0038401315779025,0.993006841353338,0.88747268137325,-0.0239546560353912,-0.5252916890547444,-0.2121394886732118,-3.7262262941822177,-0.1621090630227404,2157.543203935603,2253.576397520411,2258.1901507804946,2190.5957507042094,-0.5719348801244233,0.0287216902411694,16.56385409297929
5.17,-0.0305833875778051,0.9977144360878388,0.5609692847256633,-0.0030869147781637,0.0988684611413783,0.0032068158471112,0.9950905560203106,0.910278827599834,-0.0169635040963087,-0.4585998428793907,-0.1759685002156696,-3.655677360029843,-0.1398029870644968,2171.761404780901,2251.74381539921,2291.835921671612,2223.237833236988,-0.4821328568574872,0.0732644225962287,16.94868009518205
5.18,-0.0224508326742305,0.9975572793542165,0.5560445445833035,-0.0042567070395534,0.0803754258402361,0.0026589766419124,0.9967520259369418,0.9292022775692024,-0.008290645643334,-0.391786864702793,-0.110317447559546,-3.61000777154831,-0.1277549818290432,2174.8102856088385,2261.1239715048005,2308.6718708718954,2225.501340462443,-0.5545586570327252,0.0930882390681316,17.349258608129546
5.19,-0.0140481915618986,0.9974832811453264,0.5516957379867317,-0.005366475850674,0.0623158169718798,0.0021659394893688,0.9980397029167728,0.9435873452953564,-0.0005990738257711,-0.3264755307123372,-0.0652908327010558,-3.544628256470302,-0.1224326193504596,2173.389744552204,2271.798817336262,2306.6867488691782,2213.280209070814,-0.6086564676973896,0.0405875880586975,17.418248951835704
5.200000000000001,-0.0055307830163025,0.9975003693415307,0.548181563681096,-0.0062981805602823,0.044486621975826,0.0016975265935493,0.9989886845156328,0.9514465558878588,0.0047957331229887,-0.2590893004294188,-0.0478408827912157,-3.456811490484016,-0.117835807596384,2168.88836076176,2264.5792881960665,2292.3008261735176,2204.148008160335,-0.6054788553708806,-0.0037001110288637,17.19001937756258
5.210000000000001,0.0029697972090761,0.9976049130873468,0.5456728005466078,-0.0069581761344775,0.0267396912082808,0.0012369941327055,0.9996174480992632,0.9512216160733652,0.008538603157944,-0.185248662676503,-0.0262851355210867,-3.3753201915812454,-0.1092897708892926,2158.040346618115,2233.6278935117407,2267.106877250168,2193.7893434354105,-0.562910659691489,0.0111816019015438,16.926143517561364
5.220000000000001,0.0113776117942944,0.9977807656288182,0.5441986979883565,-0.007290828470882,0.009016432144865,0.0007870567088241,0.999932461875962,0.9434772248501888,0.012028375888973,-0.1067180183923995,0.0152951355064465,-3.325723055456499,-0.0979515459110168,2134.818327257344,2187.416918178973,2225.418107944476,2162.829327409987,-0.5024270473395867,0.0816406874882753,16.583520662885437
5.23,0.0196795603211692,0.998000050307035,0.5436475799052092,-0.0072877200746644,-0.0086620420403429,0.0003651122427672,0.9999358603714816,0.9304564121915432,0.0157887216551962,-0.0322221517776915,0.0548610074849211,-3.3101949591287374,-0.090695278856636,2092.8361403307827,2135.476585708316,2167.32703211427,2104.1629960068176,-0.5151082078102567,0.0670518222075649,15.95260084385882
5.24,0.0279101460155588,0.9982271565133366,0.5438204126789409,-0.0069896171213534,-0.0262299540768085,-1.0314256363454972e-05,0.9996314994312862,0.9139100276777044,0.0190847051024912,0.0294454152286959,0.0691065282715158,-3.312102791247493,-0.0930610346592203,2030.3860420242825,2081.208307514754,2104.7234464595463,2032.0968834225453,-0.4790019427724635,-0.0577096815945583,15.030988541927988
5.25,0.0361248422448341,0.9984262365718254,0.5445038790536494,-0.00647794247716,-0.0435979072569677,-0.0003337083574888,0.9990281013979574,0.8938177009640382,0.0209170031755052,0.0759234707907324,0.0682977597213242,-3.308786523834062,-0.1023963350285817,1955.866655449082,2024.3348589613904,2049.1872088489467,1963.8783549445457,-0.4402560816110203,-0.0757951023290369,13.918722399026692
5.26,0.0443722021274233,0.9985700430330992,0.5455234189113342,-0.0058562182896369,-0.0606613449564092,-0.0006174563853807,0.998141034465088,0.8695113307219595,0.0211493860631072,0.1106331744063916,0.0786452451590477,-3.279463947543005,-0.1098597183661269,1885.2731763878992,1965.8648100231587,2000.8528815912516,1903.1137480368727,-0.4662399667716481,0.012098812202733,13.18857791758566
5.27,0.0526690507636218,0.998646524611899,0.5467586457207055,-0.0052253172093594,-0.0773015244957045,-0.0008821125877916,0.996993677135459,0.8415736123251008,0.020660196306415,0.137713701538043,0.1026921100072449,-3.2102786053990133,-0.1091923591923417,1829.9246225046031,1911.0930008630671,1954.145576055528,1844.849022176284,-0.4356636167560939,-0.0558871786644072,12.455629893040172
5.279999999999999,0.060980820429238,0.9986606925855168,0.5481296628755994,-0.0046596907755518,-0.0934009824400546,-0.0011391421912928,0.9956170177915687,0.8119315440448482,0.0205322897685061,0.1590907677424334,0.1157864105718889,-3.0999484106247626,-0.1020040547616022,1787.3927637109005,1867.114719032556,1908.4122825625384,1788.2734956321897,-0.4411246847430843,-0.1757246360600384,11.78481573724816
5.290000000000001,0.0692123939553165,0.9986317812086104,0.5495740273262315,-0.0041879168947862,-0.1088708118930839,-0.0013827827229372,0.994046123468003,0.7820394305378472,0.0211384979059194,0.1749414400203704,0.1004875831805192,-2.961407315455011,-0.0946583797331521,1747.5889451684216,1835.2240315910851,1867.4208105909736,1738.7924472280592,-0.4302872127872987,-0.0958928186557447,11.116988059629367
5.300000000000001,0.0772171539167721,0.9985875035010816,0.5510316450120151,-0.0037856356008229,-0.1236645870072636,-0.0016007671572619,0.9923155629274032,0.7514941256628616,0.0218919070096245,0.1845317931895147,0.0701279956078111,-2.813849818259545,-0.0918412441643092,1706.2896894541682,1809.1145294805533,1833.2254430558792,1701.0186248393184,-0.3982869054587965,-0.0895211661014538,10.707954928830246
5.3100000000000005,0.0848263942638063,0.9985574142440684,0.5524459819890577,-0.0033906812531606,-0.1377561104783353,-0.0017943851178167,0.9904587510283148,0.7186356176709922,0.0217915550666377,0.1866835737080146,0.05265161939136,-2.667001004677865,-0.0934733059385522,1668.7035125196535,1785.5217930845683,1806.6913584193976,1673.0724902290274,-0.4212274183403623,-0.0730350983398444,10.28326111078333
5.32,0.0918901993348666,0.9985667290925376,0.5537770154825283,-0.0029402887022091,-0.1510855239293062,-0.0019869928863379,0.9885143251468966,0.6821059540685412,0.0203370420405877,0.1813192052430786,0.0580726124844933,-2.507539921699514,-0.0957683850662038,1640.6184574562658,1772.428557016463,1790.8906949944178,1647.809666981267,-0.4465802582638853,-0.0752598170170207,9.98986294245179
5.33,0.0983143858367626,0.998631400350838,0.5550109461225988,-0.0024128704902016,-0.163507095615082,-0.0022098816633046,0.9865367322925954,0.6416656528352955,0.0180462828218438,0.1709627606758648,0.068880602648429,-2.302042402579628,-0.0937522625389638,1621.1369261215566,1778.3867505633757,1787.3209159168223,1620.7110088657591,-0.4160448671729404,-0.0591579590000958,9.654746590174494
5.34,0.1040813186597363,0.998755241859686,0.5561552407136634,-0.001848577038408,-0.174779114204899,-0.0024759513968315,0.9846028202607204,0.5981517713518387,0.0159795293665193,0.1594548870032722,0.0619238806363529,-2.022778954207004,-0.0840380319913698,1605.8692031786384,1795.491373655862,1789.898365865037,1597.3011548441698,-0.3875142157489768,-0.0328719834141971,9.571227962043269
5.35,0.1092502300601432,0.9989300994560985,0.557223224209623,-0.0013341495787814,-0.1846149744971288,-0.0027638099872573,0.9828061317425122,0.5533006460414417,0.0147039904966544,0.1487439352284663,0.0349411398973315,-1.6781276543153738,-0.0675184409868155,1593.802920327656,1802.9416791490476,1789.0032024139553,1589.4107768105096,-0.4958333698591475,-0.0584108018747637,9.650469825021911
5.359999999999999,0.1139389810699122,0.9991396205582084,0.5582222754528254,-0.0009602795374799,-0.1927764750659447,-0.003026429228416,0.9812375600487806,0.5093144569510564,0.0139214025345286,0.1378528997351379,0.008245391678036,-1.3145497627309717,-0.0499841151216679,1588.189492191514,1790.612717831507,1782.011840644679,1600.7890586557264,-0.488971076905039,-0.0906250019055251,9.67456519390303
5.369999999999999,0.1182935087258197,0.9993655463979187,0.559152805562,-0.0007758723576621,-0.1991606039599951,-0.0032177187788158,0.9799612737951612,0.4678062761123721,0.013124430389085,0.1253222076256843,0.001103887089833,-0.982620546315256,-0.0388596465130491,1591.8725006608795,1771.5252305455942,1774.7007765054375,1619.4686073452226,-0.4436879779833811,-0.0795904017201339,9.506569421313191
5.380000000000001,0.1224537874868947,0.9995935768683306,0.560012070444355,-0.0007628773152179,-0.2038321969226396,-0.0033168874590946,0.9789999242969716,0.428834123651729,0.0122730377158158,0.1115937217561167,0.0108458620178777,-0.7019206765598006,-0.0379414520926656,1603.827882035681,1765.1781667488392,1771.4790823691592,1629.4569993644354,-0.3434387989968606,-0.0384233339985633,9.500113413788704
5.390000000000001,0.1265242870809314,0.999815830876305,0.5607941627242188,-0.0008415716456723,-0.2069877458648456,-0.003335223533874,0.978337488345885,0.391093597019738,0.011671471045163,0.098277215685687,0.0186738806678676,-0.4608859294090318,-0.0446829258500095,1619.6989118572492,1773.53737766493,1769.5804433778674,1628.2636630626555,-0.3113589193865866,-0.0584002328974997,9.485425575703813
5.4,0.1305531389862999,1.0000294469704412,0.5614861140853092,-0.0009012771248875,-0.2088767835978479,-0.0033051453729533,0.9779359656886668,0.353163073320519,0.0114516105885507,0.0860444113057429,0.0133809827517475,-0.2434917757700882,-0.05237699970091,1633.746975869442,1781.1898743408944,1765.091245410786,1627.5560565877686,-0.3349686796887745,-0.0465608938743561,9.527128523479108
5.41,0.1345213450605725,1.0002337132058368,0.5620663254463684,-0.0008436142054888,-0.209726734848277,-0.0032621823168664,0.977754234545412,0.3145825893863608,0.0113858663965891,0.0743987095362622,0.0028562700378346,-0.0459278335634277,-0.0551094536201588,1640.9679913305044,1777.19336328676,1759.7312891266645,1637.3366201134995,-0.2801797244879878,-0.0394668729113359,9.557022128468075
5.42,0.1383437377994419,1.0004284426523935,0.5625083659433451,-0.000623394282007,-0.2097030560805097,-0.0032309681566295,0.9777595821544448,0.2758383895723005,0.011072955139363,0.0629856739973931,0.0006306281355437,0.1309990044912367,-0.0514042920684747,1640.661707673044,1767.928355873472,1757.3741998587136,1654.9364448108608,-0.2053303863032325,-0.0742545085767277,9.53989329376994
5.43,0.1418846023155034,1.0006141626049765,0.5627879193114431,-0.000271839254039,-0.2089055662296355,-0.0032203906358909,0.9779304778898384,0.2375333782371844,0.0101294273237656,0.05189847272607,0.0069885155160305,0.2932693610281819,-0.0440663570752662,1638.9401278422238,1766.3236735713322,1756.9088384835406,1670.443355324399,-0.2245148639562066,-0.0332797357594907,9.55654901683398
5.44,0.1449883865199706,1.0007928655403333,0.5628901213706929,0.0001107267382937,-0.2073823184008127,-0.0032268036502139,0.9782546445034116,0.1997183509135793,0.0082908939956896,0.0408013564505516,0.0088519812651406,0.4501735612201233,-0.0369589877240698,1644.6365302040174,1775.5801023078209,1754.099036419755,1678.2497658779678,-0.2100196462547576,-0.025317309602169,9.637036055661593
5.450000000000001,0.147519024951194,1.0009684555082734,0.5628151910116448,0.0003950072480939,-0.2051452956088665,-0.0032409573285177,0.9787260841800526,0.1619297907895431,0.0056417972432993,0.0288976202873182,-0.003428338635247,0.6041141435903613,-0.0318322799903813,1660.281545771423,1787.9418381861835,1750.2344538069144,1680.8163194210829,-0.2034231480053359,-0.0901169230724327,9.67853906533066
5.460000000000001,0.1493950429385548,1.001147273292914,0.5625787286622582,0.0004806466510057,-0.2021853209859436,-0.0032543270127248,0.9793417556258398,0.12370847233794,0.0029191244415057,0.0161679077586395,-0.0244948531531124,0.7506826861292889,-0.0277210478686409,1678.6745898821057,1795.144106477664,1753.3491398112533,1684.219327048273,-0.1225454772175687,-0.0607049550960856,9.704387790609996
5.470000000000001,0.150607557661729,1.0013388299763466,0.5622037333885198,0.0003442757522847,-0.1984904115942085,-0.0032624658622812,0.9800973391943606,0.0850902409578354,0.0013067599443305,0.0039744950041067,-0.0402469454683052,0.8882149102408087,-0.0227761042708597,1690.8239642829694,1795.488153933938,1767.9202762395207,1692.8559394671663,-0.1111826097442998,-0.0614488834507004,9.742993300732234
5.48,0.1512153349088584,1.0015552833875354,0.5617076313792628,5.235434031928696e-05,-0.1940678944338759,-0.003265213828067,0.9809826644684818,0.0467045242565079,0.0014601405859536,-0.0060394301784117,-0.0422249501582262,1.021489401613227,-0.0166454864004857,1696.332632624731,1792.5953992803325,1786.8182791199151,1706.9644230505255,-0.0886140851058798,-0.0719723143703885,9.866589269143873
5.49,0.1513208823162032,1.0018078859082218,0.5610939622174304,-0.0002702438495549,-0.1889624078345421,-0.0032649856802485,0.9819788568305032,0.0094179550756578,0.0026289773738996,-0.0132900319795481,-0.0338566164176042,1.1531737180010897,-0.0114890849027373,1703.2305066985127,1790.776655057137,1797.7481097745276,1723.402958610031,-0.0821663462755739,-0.0515998933586503,10.028175053250967
5.5,0.1510387019412997,1.0021010421102523,0.5603568651994085,-0.0005025848472998,-0.1832588053500469,-0.003264659859015,0.9830591536963328,-0.0261857549072839,0.0029940864415764,-0.0182586983624758,-0.0247682130771992,1.2747057950870682,-0.0105981360438647,1718.0269386448167,1791.781536869447,1796.4077281299342,1739.2080468999247,-0.0812064083452961,-0.0394359547926864,10.087043843506049
5.51,0.1504678397524675,1.0024276680910156,0.5594973283708952,-0.0005890762776061,-0.1770655633272417,-0.0032661183219936,0.9841934625589892,-0.0600835104613935,0.001104441901632,-0.0218564257787629,-0.0221616483240821,1.3706583801831074,-0.015172718180806,1738.937058011081,1794.804300834158,1789.3223756612815,1753.741112980029,-0.0876144769386479,-0.0803477826016048,10.183749531158048
5.52,0.1496759248599262,1.0027698923261164,0.5585415648894455,-0.0005653089725718,-0.1704856217873276,-0.0032697729038987,0.9853545766751736,-0.0927032248857055,-0.0028449018127703,-0.0253439981500911,-0.0280675338014917,1.4344718734502568,-0.0217556951075271,1759.0065520020798,1798.5572380588353,1784.3089498095203,1766.189347291045,0.0065234237859339,-0.091906562140177,10.204416805720832
5.529999999999999,0.1486948582862453,1.0031059566563298,0.5575497662375216,-0.0005332065788465,-0.1635887002684447,-0.0032748707211224,0.986523049936992,-0.1245876339424762,-0.006999633364311,-0.030035183399213,-0.0416285135463849,1.4784719459953988,-0.0237637022831894,1773.015902597629,1802.002309126021,1782.7414764605503,1773.8266173975835,-0.0113964604306739,0.0032847864510726,10.275619118426276
5.540000000000001,0.1475239376279371,1.00341996195726,0.5566066913027607,-0.0006015062773022,-0.1563995076135068,-0.0032801595535273,0.9876882467467932,-0.1560751751100926,-0.0091266803896485,-0.0358302741566325,-0.0595050259567925,1.524964640885254,-0.0177079587902441,1780.609140655424,1803.3926140136464,1782.262325088233,1776.4445124691529,0.0001637213056908,-0.0075704952854708,10.378796935912009
5.550000000000001,0.1461363404277269,1.0037091682198636,0.5557925640211784,-0.000827903616197,-0.1489110656370717,-0.0032845512114684,0.9888447910717704,-0.1871451625095034,-0.0081659189095837,-0.0402917506161396,-0.0730144899510576,1.5851771247248572,-0.00822191645963,1784.6410148870464,1801.0225408735805,1782.6055398056692,1779.9960034837427,0.0612321157481541,-0.054201334829165,10.37033682767362
5.5600000000000005,0.1444877989931965,1.0039852396528066,0.5551443858407201,-0.001194185846061,-0.1411192699541814,-0.0032875847026564,0.989986422813256,-0.2174189267613413,-0.0048534829514232,-0.0404657174936161,-0.0694366930764478,1.6478390336237494,-0.0044852265709107,1787.641718254254,1795.9608349179898,1785.2937000413704,1790.6950431280711,0.0467200422411853,-0.0200261774439392,10.429912435201455
5.57,0.1425286788316739,1.004269542669566,0.5546291338247593,-0.0016220677185335,-0.133057671585769,-0.0032896191756313,0.9911015101058868,-0.2462542281885648,-0.0010213295510328,-0.0358908108588463,-0.0422820265876896,1.6906064143519544,-0.010282493590548,1790.02159280335,1792.425117289978,1789.7848542801355,1806.270456815973,0.1318028359359608,-0.0386330578473249,10.568426904482076
5.58,0.140219794301101,1.0045853523998236,0.5541494153845561,-0.0020139529948523,-0.1248067360242013,-0.0032917262672482,0.992173567060976,-0.2729794065314311,0.0018294614353974,-0.0289748858061883,-0.0019239456168724,1.702574037635053,-0.0195225038667876,1791.5655275788895,1793.7212579046472,1793.5884761184172,1817.7239167604173,0.1353447095394848,-0.0324930294961389,10.606711015613364
5.59,0.1375482358206286,1.0049501345090304,0.5535843816834644,-0.0022927690046861,-0.1164686014412258,-0.0032952514224362,0.99318626118502,-0.2973258708474654,0.003547986943517,-0.0224087631378238,0.0285338039888616,1.69398776098576,-0.0233419176457483,1792.9321844483986,1797.87321043431,1795.9022506396311,1820.1311171506964,0.1328304542245346,0.0116613318672859,10.613484999747708
5.600000000000001,0.134536078851822,1.0053700826909164,0.552846809033368,-0.0024213310098823,-0.1081225983533223,-0.0033010735231407,0.994129138389506,-0.3197685753152152,0.0050490386684033,-0.0173572692960082,0.0338816731494037,1.68514385988326,-0.0200873065162733,1793.8915036827682,1798.661013340603,1798.2318364758123,1817.7890834077389,0.0969002210810887,-0.0252971814062314,10.654767074688555
5.610000000000001,0.1312363048854659,1.0058382257715877,0.5519286819622339,-0.0023988301298863,-0.0997887730611042,-0.0033087689860521,0.9950002504686942,-0.3411924493934422,0.007007420580857,-0.0142966848019407,0.0235446270757127,1.6894667935855467,-0.0159337957438511,1792.214800779974,1792.0424980712514,1800.3625821488604,1817.3941181989749,0.1020507338094611,-0.0716894437183973,10.531468670963624
5.620000000000001,0.1277163991818869,1.006336574901099,0.5509152711571905,-0.0022469671395526,-0.0914222583902931,-0.0033161210424851,0.9958041600388722,-0.361850364765373,0.0089571737994171,-0.0137121837573425,0.0223640630798507,1.7068988684651043,-0.0164401160958332,1788.1498090169016,1781.2938501449685,1797.9315597083205,1819.7534467630535,0.1701914107739477,-0.0941455408713164,10.48074972017426
5.630000000000001,0.1240365539043137,1.006841590604035,0.549961062959005,-0.0019994538850999,-0.082946517621017,-0.0033195307275515,0.9965464656073276,-0.3806203350146799,0.0097862104047293,-0.0144407257255007,0.0418355924604339,1.7269493681340735,-0.0204797412253813,1788.374564949453,1774.6318341258943,1786.9339152307066,1821.2062198078909,0.1584388196353159,-0.011042392749998,10.511337245188878
5.640000000000001,0.1202322686797539,1.0073311933097064,0.5492335929758695,-0.0016976433900471,-0.0743123731438462,-0.0033156731572048,0.997228055921094,-0.3956386072040233,0.0089663553031722,-0.0125985054017796,0.0648459567302199,1.733665204675166,-0.023183616130759,1799.329647291253,1776.646519560973,1770.207173329742,1820.7292209849768,0.1559556723223119,0.0251203039403118,10.530617597971188
5.65,0.1163095823787825,1.0077911386824605,0.5488457240167096,-0.0013850409815514,-0.0655498893799736,-0.0033041011422642,0.9978428616668028,-0.4059888703788926,0.0071058880312297,-0.0046320088465567,0.0643953197469843,1.7126751367124196,-0.0221304182719455,1815.91697912658,1782.4203442687426,1755.9255275098244,1821.080404185186,0.2089141012502657,0.0326184648362112,10.436885224536605
5.66,0.1122561617810388,1.0082187742911832,0.5488087813199585,-0.0010956110401087,-0.0567777885765137,-0.0032895894348161,0.99838081960851,-0.4127350067535727,0.0054039835995306,0.0082971137579235,0.0360571183816335,1.6614127678451676,-0.0186309647213324,1823.5658475959128,1782.1095722397104,1748.9324315140866,1822.9231244652449,0.2154123340460679,-0.0450666518607177,10.582922723866544
5.67,0.1080642734445502,1.0086228598874143,0.5490324939110863,-0.0008421154765481,-0.0481603343450476,-0.0032823230092463,0.9988338697666196,-0.418069638502682,0.0048265193155879,0.0207516260062118,0.0059291957083047,1.593377790052292,-0.0146003768298565,1814.6245366149349,1772.113939631051,1746.8039325035766,1822.1912113409132,0.2502939209326442,-0.0697338535765622,10.634874874624034
5.6800000000000015,0.1037548818663115,1.0090194164510424,0.54936929429542,-0.000616144423563,-0.0398389679221512,-0.0032942364159719,0.999200492897888,-0.4234350973356608,0.0057663222702916,0.0284043049819067,0.0045660671600095,1.528652071096314,-0.0108124067846227,1797.3962460593507,1759.4858720786854,1745.2635900708865,1815.4939067650453,0.2601501742703287,0.0025168549032989,10.466684353144911
5.690000000000001,0.099389970751314,1.00942534278067,0.5496733046008584,-0.0004023666198576,-0.0318818203219511,-0.0033313909706268,0.9994860126426296,-0.4285327449491623,0.0080538290781446,0.0316806475239741,0.0365879340104509,1.4794946487070004,-0.0079056105384411,1785.357485567794,1753.4752983187966,1743.8272471946173,1805.4956293671437,0.2020738915253034,0.0096096632398833,10.328558081980091
5.700000000000001,0.0950649375764541,1.0098527721427228,0.5498430467036558,-0.0001957037413101,-0.0242752208285591,-0.0033850182747908,0.999699563371441,-0.4319248935032196,0.0109326010686313,0.0336974919711395,0.0781052301283896,1.445129851357576,-0.006580270737331,1782.134170108866,1754.416024654999,1743.657107719648,1798.5159698424895,0.2171464150895303,0.0044516537108049,10.318206662656694
5.710000000000001,0.0908819755742064,1.0103066385304385,0.5498372778991689,-6.952551334324756e-06,-0.0169516536631454,-0.0034265231050495,0.9998504389803292,-0.4323869690117847,0.0132704030662617,0.03629087581954,0.1014495011059398,1.4157543610926355,-0.0059829784531797,1781.9364703544757,1753.5440366568218,1741.9600698092945,1798.2080636470366,0.2496871630190953,-0.0808232814907,10.321892659483172
5.720000000000001,0.086913682391056,1.0107858860886256,0.549670884894848,0.0001485047217028,-0.0098351259682594,-0.003412268656517,0.9999458008643028,-0.4298664742834815,0.0144672386319774,0.0391488888212613,0.0996310258389432,1.3774017261219882,-0.0037921461276942,1781.1210011088906,1743.3950331538172,1732.735226340292,1802.7603142939256,0.2688022478496117,-0.0693721813886097,10.185969698958482
5.73,0.0831704109520571,1.0112867445347289,0.5494002112398905,0.0002724381570014,-0.0028858588954043,-0.0033004422645191,0.9999903522918334,-0.4253357769428529,0.0153896877095196,0.041377101079323,0.0883841376713938,1.317423694287453,0.000817159607233,1781.9173821996849,1725.8535104221678,1715.1171222576577,1806.5991032712773,0.2242399679365849,-0.0354618579719708,10.128815544253383
5.74,0.079584598879286,1.0118057526117377,0.5491033442309075,0.0004019425947076,0.0038713756396209,-0.0030755736466832,0.999987695794079,-0.4197034924962642,0.0178478862066139,0.0421523236935674,0.0893528832093871,1.2335183996869254,0.0058258570022619,1784.8905101961036,1709.33952130715,1698.3685655844629,1804.6084616102096,0.2743292218254883,-0.0162859500230907,10.073947321779311
5.75,0.0760210807658157,1.0123408126660551,0.548860017539766,0.000609290653074,0.010349016014379,-0.0027649710499009,0.9999424391271368,-0.4130485625904431,0.022629804701066,0.0406822123954648,0.1131778328046821,1.13813907630668,0.0093902049594614,1785.7469018499428,1700.4716804650502,1694.033433946431,1797.116852024875,0.2970305293590365,-0.0281827300312813,10.021941426413182
5.76,0.0723145029373539,1.0128899076248918,0.5487350390605558,0.0009784570892344,0.0164215092997555,-0.0024356657836566,0.9998617125314044,-0.4051972566517658,0.02829130018467,0.0375089089787316,0.153985359573754,1.0481512383627496,0.0124956762887871,1782.975396832779,1699.7167652115786,1702.7318033507854,1790.4578661137966,0.2908588017485609,-0.0601689817642883,10.061911156792174
5.770000000000001,0.0683244133064816,1.0134485307502563,0.5487659435154164,0.0015686457507451,0.0219725694069614,-0.0021660104475487,0.9997549969582078,-0.3968162030910755,0.0323154778564246,0.0354421306736036,0.1940346804871014,0.9685976650909104,0.0166390468763308,1781.9368399601358,1702.6735585759325,1713.0809322249322,1789.4538695034,0.269762900594214,-0.0387683876752133,9.986358701032126
5.780000000000001,0.0639890616270007,1.0140077731496584,0.5489559820758925,0.002384607256443,0.0269397383879825,-0.0020051052098429,0.9996322042115876,-0.3893598480042248,0.0333710228028934,0.0370298225267864,0.2148104045778483,0.8916258833315481,0.0204587881519269,1786.2052569834586,1703.6190291394978,1715.3859243988518,1790.079392468307,0.2565556765996222,-0.0730058623992371,9.945982465546573
5.790000000000001,0.0593558181056078,1.0145548847217354,0.5492781807418206,0.0033706621479979,0.031343305295798,-0.0019456749577423,0.9995011006491076,-0.3837547176829612,0.032195796492632,0.0409789210015852,0.2102454908906611,0.8132773291918911,0.0212501548952684,1790.309472716982,1699.7834579035034,1711.8718421089718,1784.1182433677334,0.2807719684413031,-0.0336052701042502,9.937317656372809
5.800000000000001,0.0545728070340662,1.0150767205204525,0.5496933620303088,0.0044322720494891,0.0352866380283578,-0.001927034729275,0.9993655460732508,-0.3793289575544966,0.0304986808173633,0.0431692766988822,0.1911599678519485,0.7452198026093291,0.0190208463820494,1787.8265582497409,1694.1812236984742,1710.4868317522205,1771.1455011764074,0.2561017638759291,-0.0514562781281762,10.001018208866576
5.8100000000000005,0.0498416854447634,1.0155643619917696,0.5501713587950982,0.0054739470017671,0.0389227605774743,-0.0018669125673001,0.9992254846883742,-0.3741064904187553,0.0294088670703317,0.0418324620847082,0.1731819843655669,0.7032357188642178,0.0165104747420352,1783.1108809046518,1692.8660509118397,1713.3168415503146,1760.750482049779,0.2595594023021292,-0.0575109908301428,9.953106548144168
5.82,0.0453491314273674,1.0160160481555711,0.5506972803973726,0.006432069753014,0.0423966792794973,-0.0017048485533264,0.9990786973788272,-0.366131935561774,0.0289294140204094,0.0399111406735097,0.1605228715686293,0.6847430025339498,0.0152449651539948,1786.8355129760034,1697.9083083229932,1715.9506507033177,1761.2713031451397,0.1807729403097384,-0.0324621567182897,9.955902384441751
5.83,0.0412049680184177,1.016436745819299,0.5512579167991783,0.0072839692758838,0.0457878952668026,-0.0014340431132995,0.9989235986595638,-0.3547316392610848,0.0283937979921551,0.0412451484628643,0.1463762275494476,0.664066904330238,0.0137663833143218,1800.321323421275,1704.5216888013233,1715.4245036160885,1770.0238665896202,0.2207366767554415,-0.1015756315306459,9.982928764982455
5.84,0.0374115414706991,1.016835178486187,0.5518244059417293,0.0080315031272282,0.0490804995595818,-0.0011042751751561,0.9987619236318718,-0.3408856985980691,0.0271548165511141,0.0458634842621732,0.127972497698569,0.6145526629356595,0.0103246624472261,1812.1567583460612,1706.5537252505628,1713.568974759581,1776.5340995540478,0.2593560942014175,-0.0764026231567931,10.062145206250772
5.850000000000001,0.0338743530795169,1.0172203377285958,0.55235100136521,0.0086761580123652,0.0521751190325283,-0.0007944978313668,0.998599944927538,-0.326608408333617,0.025035086309273,0.0504392585075616,0.112670107100409,0.5335583455668057,0.0054483041508608,1812.2564102337287,1703.1288032093464,1712.8668685010955,1773.4340080176307,0.2667586709542326,-0.0423289956508257,10.085052645559069
5.860000000000001,0.030446437342213,1.0175986367792635,0.5527922602930684,0.009207723121635,0.0549362407376955,-0.0005722418685523,0.9984472443888908,-0.3138255572396156,0.0224648314152138,0.0523321829583854,0.1063133525119864,0.4421921980255646,0.0006096448175622,1802.1882673311247,1697.937403316474,1712.8218922698338,1762.826275843336,0.2742043984770701,-0.0571669294539742,10.049270071310287
5.870000000000001,0.0269864914629091,1.0179716772101313,0.553123324871892,0.0096162699649662,0.0572526810285171,-0.0004642924097868,0.998313298669093,-0.3033981872509603,0.0203149005366232,0.0513330206831639,0.1033206622050962,0.3634379677033116,-0.004225777667691,1788.80473937714,1693.691194843008,1711.4146732683373,1752.7698090660776,0.2122005368811941,-0.0377218300424518,9.894181227963516
5.880000000000001,0.0234077591310932,1.0183346494397183,0.5533476222349697,0.009917127274996,0.0590850491245146,-0.0004528796044724,0.9982035876797024,-0.2947777242967545,0.0194443036920122,0.0479243333837468,0.0946650224095869,0.3061671031252257,-0.0097168074994397,1775.4210050982217,1690.3069009401952,1708.244446751373,1749.0026147166252,0.2431184294099899,-0.0535722668021393,9.95527773382596
5.890000000000001,0.0197015975882634,1.0186761793992631,0.5534886473777894,0.0101656116627012,0.0604813926880624,-0.0004936657674718,0.9981174368640924,-0.2864831008439068,0.0200758489140031,0.0424438469193814,0.0816181313480388,0.2672690501227364,-0.0143208014340273,1764.3461552614403,1688.0384717299933,1705.5055451531616,1751.1576929574687,0.2502219964795158,-0.1206924199074103,9.909188102380272
5.9,0.0159323320184505,1.0189805900696864,0.5535729326751219,0.0104433924920413,0.061556615722395,-0.0005409541294652,0.9980488094190044,-0.2771178009759862,0.0213530236922747,0.0369508370674149,0.0745051414934462,0.2393789563874482,-0.0145980929578301,1761.040298521012,1688.9853885107168,1706.5589155743517,1755.7106867959192,0.1950549411293765,-0.0734849060776261,9.865086410904864
5.91,0.0122112786736923,1.0192326760354973,0.5536146734038419,0.0108196661575439,0.0624470478734405,-0.0005665253881689,0.9979894689249562,-0.2662118295795601,0.0215878849897404,0.0353381120050231,0.0782294678119351,0.2142520138196253,-0.0091137562332871,1768.108672295968,1694.0565551821785,1712.91450724565,1758.9995900088968,0.1634261867745854,-0.0656406262807818,9.85196813462964
5.92,0.0086623554109425,1.0194236935025909,0.553612742981705,0.0113113748932078,0.0632620770708311,-0.0005659192733396,0.9979326841716758,-0.2543506669077335,0.0192823078904539,0.0390572633692298,0.0845506160728956,0.1861698014352458,-0.0009383868960097,1778.8983574831057,1700.3912939961497,1721.5254720319165,1757.120550353712,0.1581700165518458,-0.038273907354985,9.941985514472435
5.9300000000000015,0.0053898518651824,1.0195560146295362,0.5535664268842754,0.0118694956082125,0.0640543883470634,-0.0005531031100784,0.9978756658444176,-0.2426330416001478,0.014179591285743,0.0441405754082681,0.079807125049911,0.1563404422124727,0.0043755148988176,1784.2094114155122,1703.349827913532,1726.2999427683444,1747.877209093891,0.1740607099342901,-0.058487457692404,10.020066550809426
5.940000000000001,0.0024549197218917,1.019643812623527,0.5535016110869685,0.0124003810025535,0.0648181357537897,-0.0005482714946967,0.9978198931805092,-0.2317916737201735,0.0073934236285399,0.0452667219845604,0.0563062327277201,0.1299383703512445,0.0029947365895959,1783.613695738692,1700.2543469452582,1724.213677937668,1735.2041454402015,0.1998982633500219,-0.0376871566532743,9.920817012657428
5.950000000000001,-0.0001358166573452,1.0197089620229352,0.5534840988175455,0.0128071134884687,0.0655079085639722,-0.0005643223943135,0.997769699529858,-0.2214945898457951,0.0005455430179931,0.0423296505926362,0.0155158589263019,0.1062799003655364,-0.0046758610707444,1783.7962556021305,1692.18247830192,1718.988200451664,1727.4681400934703,0.1396927726795946,-0.0507121301333401,9.83973362369218
5.960000000000001,-0.002428167757776,1.0197740806192734,0.5536021042850134,0.0130238939477729,0.066062902993001,-0.0005969391228047,0.9977302815381812,-0.2105103785890077,-0.0051271208145919,0.0404751249214918,-0.0342145688309847,0.0762494966894709,-0.0144800618481456,1786.2336325596289,1683.701768432836,1716.6551283822669,1728.6659516807465,0.1450461608318669,-0.0603431346121511,9.74485694063454
5.970000000000001,-0.0045054597715458,1.0198562462534089,0.5539262437824298,0.0130238839675741,0.0664250356577852,-0.0006221810676589,0.9977062222793744,-0.1978245455820027,-0.008894948188376,0.0434528844919958,-0.0784529851764181,0.0330482142221831,-0.021114040517006,1783.128698124262,1680.0215490749442,1718.621511849694,1734.3213539938454,0.1989534238034491,-0.0424058488416595,9.787731884110888
5.98,-0.0064646460752581,1.0199642350111235,0.5544754424278074,0.0128010248802973,0.066549565853979,-0.000603746283088,0.997700819152258,-0.1837394745624932,-0.0102210765703613,0.0492665868323849,-0.0986947534112228,-0.0175537320813593,-0.0215839647963042,1768.4736781200156,1681.6798092638492,1721.4308116729255,1737.2520205470023,0.2044163714869609,-0.0448988360855689,9.846170998803863
5.99,-0.0083909328130184,1.0200997127868805,0.5552101064035063,0.0123457342909081,0.0664121318115436,-0.0005086334792258,0.9977157675836582,-0.1698741962839831,-0.0088236784208898,0.0534475496148673,-0.0833134337122688,-0.0620345082273215,-0.0177403711044536,1748.785823325909,1683.0044896740674,1721.5208428555754,1733.1614236156147,0.18493501919699,-0.0428266824966109,9.848629499074528
6.0,-0.0103394199055709,1.020260424449437,0.5560505265274996,0.0116427118527943,0.0660145303052035,-0.0003247448840791,0.9977506820794744,-0.1579767445031831,-0.0051728089161715,0.0546037574168066,-0.044043781972782,-0.0930810727679798,-0.0150704387051963,1737.4025679610947,1679.1507067199736,1717.107894518649,1719.5002970376063,0.1287994037922555,-0.023626149022085,9.684424955296274
6.01,-0.0123290154006711,1.0204426065952026,0.5569050147542673,0.0107119639444373,0.065387834993153,-6.964628364698793e-05,0.9978024253391832,-0.1485246120148142,-0.0006713909155983,0.0547331590568829,-0.0170268437319891,-0.1145949768916194,-0.0168335454747513,1738.053295274956,1672.6930306541894,1708.1203651988546,1696.6640516259067,0.1513284845625506,-0.0100034664164415,9.612725840078852
6.020000000000001,-0.0143481924725309,1.0206407291514186,0.5576965756892048,0.0096903745132677,0.064589381047486,0.0002184308406541,0.9978648509621246,-0.1403751281406319,0.0030393213023124,0.0553981488500978,-0.0276150665502393,-0.1328759950174968,-0.0181067500822203,1737.3335661759738,1667.4110572570437,1699.9173405348724,1677.3337383785622,0.1704080515046195,0.0540431116397397,9.576566313359226
6.030000000000001,-0.0163672592616299,1.0208445059963878,0.5583835520195463,0.0089160804151853,0.0636906842361289,0.0005049172228313,0.9979297296454104,-0.1318393491463351,0.0051988922292179,0.0560925354279758,-0.0334235624886876,-0.1480723316639773,-0.0069211857404161,1715.619551587402,1657.3385930169652,1705.432342375368,1686.9954259040612,0.1857580848190252,0.0446352388495101,9.512364847159578
6.040000000000001,-0.0183502513091032,1.021035179084947,0.5589683499504877,0.0089507131940482,0.062757682266957,0.0007819253173139,0.9979883499533428,-0.1221033157774916,0.0062936361217047,0.0559201889422886,0.091502549802595,-0.1575691218010738,0.0260250512718781,1668.0962130228495,1632.7214822945275,1733.987576330115,1739.101775724921,0.1046745013036769,-0.0107539375482075,9.37745564946612
6.050000000000001,-0.020262038515402,1.0211841551853589,0.5594885176467125,0.0104841739179797,0.0618305907139319,0.0010710126472711,0.9980310180956968,-0.1116088329705219,0.0071540980110566,0.0546914768502799,0.4757200862752234,-0.1644387988549238,0.0775669321736337,1616.457723241028,1600.345559948062,1773.6592322128386,1808.8260035804549,0.0684210021722706,0.0078885808988473,9.4829572461787
6.0600000000000005,-0.0220706609584099,1.0212558164651129,0.5599934700688886,0.0141286596209981,0.0609122248641806,0.001402446751265,0.9980421408851028,-0.1012938901074684,0.0077477538748891,0.0524388111133056,1.1170472803598923,-0.1775474760501184,0.1333059584706045,1594.3706693937174,1585.9065604305983,1794.1340887865908,1848.3100983956688,0.1332249995399208,0.3030983741639735,9.902562319479578
6.07,-0.0237479197038759,1.021213420895716,0.560518096076071,0.0201957913639733,0.0599697639913516,0.0017877752692121,0.9979942691606958,-0.09174176725128,0.0069527725368581,0.0495648735287416,1.8368189089132052,-0.2029259843238233,0.1796853747186735,1615.6675323605452,1606.3958323751554,1776.4074455845127,1834.716789860316,0.1038806207481664,0.3386339356319166,10.097327573688569
6.08,-0.0252714129997115,1.0210251285380272,0.5610633258276697,0.028592905038512,0.0589492329239567,0.0022074759485738,0.9978489669128652,-0.0829873482383304,0.0033943952784594,0.0473265663658075,2.399555037236219,-0.2373964924429758,0.2134720691688347,1660.1051923087184,1647.8550677362114,1734.738112060052,1791.3891399055371,0.0779815693660301,0.0737623482650604,9.798646141529844
6.09,-0.0266292182731022,1.0206677271329896,0.5615904123841857,0.0389145306875789,0.0577965465257156,0.0026224730758729,0.9975662089034656,-0.0747665387341125,-0.0035875147913567,0.0465079357865803,2.6923890104886268,-0.271194943282893,0.2390403102426936,1694.1606170784894,1680.2594412030917,1702.2288936720918,1758.17153618033,0.0725504229919808,0.0065594575249862,9.723189441008577
6.100000000000001,-0.0278254363168227,1.020127350380009,0.5620342897331374,0.0506688348495922,0.0564761622245666,0.0030012649185168,0.9971128846245334,-0.066706904119393,-0.013660801146122,0.0456043202166215,2.7860442815914763,-0.2961133146601457,0.2599553811451653,1702.8205282196463,1689.7930260516414,1699.1295024888286,1753.497356027539,0.1044471736961096,0.0092428449430805,9.71567722466243
6.110000000000001,-0.0288826914945044,1.0193977871273956,0.5623342543244069,0.0634789783066928,0.054980314711773,0.0033452164664699,0.9964619379756184,-0.0584260620313199,-0.0260930887802668,0.0420324848424651,2.833865595638998,-0.3111985492538044,0.2758029804971549,1700.3813314924832,1689.8972015249042,1719.7180732905108,1768.3432170899516,0.0892649778972196,-0.0046579002097482,9.65280218816208
6.120000000000001,-0.0298386108326393,1.0184771749363548,0.562467150698724,0.0771337955181725,0.0533263688856316,0.0036951214693831,0.9955867727364404,-0.0497413959902611,-0.0407225324943359,0.035649354900026,2.9291329354225053,-0.3208099381344262,0.2846523039622958,1713.4967616556276,1703.5850724969373,1745.3943693254632,1785.2103078492166,0.0588182337049286,-0.0700731620260195,9.795890069996064
6.130000000000001,-0.0307368621333681,1.0173628487392434,0.562463747530667,0.0914983948629385,0.0515453224462642,0.0041120115593858,0.9944617714283198,-0.0408463905513333,-0.0583933946001481,0.0297084610951003,3.0539198775172265,-0.3279830295522261,0.2854941836490356,1753.1597326251367,1738.4407243870662,1765.2536151812662,1797.243718539086,0.0811387613628541,-0.0313173077306678,10.008760400955804
6.140000000000001,-0.0316161811445416,1.0160433717437642,0.562400895596135,0.1063983028013372,0.0496702851763993,0.004641575884026,0.9930713568041336,-0.0321743908730505,-0.0803441556279293,0.0276322264400957,3.1392499999127663,-0.3317386607677076,0.2789949764408979,1804.098316709872,1779.6900275168591,1782.737781904988,1811.239078432634,0.095788058984817,-0.0187940810710665,10.41590960148813
6.15,-0.0325008749548335,1.0144888585588343,0.5623780239346895,0.1215787519633728,0.0477333724951764,0.0052832277367805,0.9914192956191376,-0.0240535121065126,-0.1071333400954915,0.0299739493700702,3.148682891708685,-0.3308498928559498,0.2674139613160434,1845.74236495108,1809.0233288126587,1804.3987991431145,1832.8925703727928,0.0251043073413076,-0.1071113505715994,10.591217522477368
6.16,-0.0333948682299991,1.0126449080986908,0.5624905360715063,0.1367574100654787,0.0457688885267498,0.0059816988271641,0.989528594288386,-0.0164896895637596,-0.1381732979549622,0.0352754855647007,3.097571697866629,-0.3270831712825182,0.2534754105813553,1876.8470813846227,1825.263478484772,1829.7611456512805,1854.818837373967,0.0375257043414438,-0.0544844535159629,11.066819685073884
6.17,-0.0342804364247944,1.0104366952497503,0.5628062715698954,0.1517205658930028,0.0438113582245273,0.0066450268477181,0.9874296321226248,-0.0092359684905413,-0.1722533045681697,0.0426057725072263,3.0168175545942715,-0.3235707649705246,0.2389335799914803,1907.8713094164384,1838.9661472144485,1856.842754955395,1867.8183114435503,0.1232922833729777,-0.0249568548008678,11.3634629301265
6.1800000000000015,-0.035122248195438,1.007784656406009,0.5633482908289652,0.166395761921638,0.0418825624978208,0.0071794705576372,0.9851430132603316,-0.0020075784859148,-0.2087003233113178,0.0520016590840602,2.9305976529770734,-0.3223285583967045,0.2245387799126195,1937.4991177611096,1853.3381667619208,1889.0177383787395,1878.2348320301903,0.1669064511339596,-0.0816524680417805,11.562617740249506
6.190000000000001,-0.0358760255336374,1.004625291202268,0.5640908719922767,0.1808526072475781,0.0399772812519998,0.0075251764990464,0.9826685723854762,0.0054418700975385,-0.2485494659173051,0.0632766697128721,2.863882831972036,-0.3239165907127296,0.2111283763039709,1955.368324309572,1864.1139104259423,1927.207990775251,1899.9604149199251,0.1498577145209546,-0.0695718434927674,11.78175331264798
6.200000000000001,-0.0364992324313812,1.0009267646091826,0.5649743176656288,0.1952188522872157,0.0380646057273938,0.007676700821026,0.979990690653225,0.0133898259593711,-0.2945207333039902,0.0758410626165184,2.8352302923433386,-0.3270382833822232,0.1997579853127278,1964.4754505389656,1874.6997811021008,1961.2519789065168,1931.165214951838,0.1255299516099688,-0.0087979058562392,12.287417155130749
6.210000000000001,-0.03696036709199,0.9966919668890244,0.5659331353619953,0.2095481283139174,0.0361102755133377,0.0076797934127624,0.9771011466043944,0.0219952344602861,-0.3487590408339417,0.0895113187983625,2.8293216757107698,-0.3278752377996315,0.1900620821655741,1981.493903844731,1895.4179194139624,1979.1848349537413,1953.5397424300015,-0.0003227430241274,0.0332825641343648,12.464257007253243
6.220000000000001,-0.0372444426660261,0.9919483634015748,0.566922549399165,0.2237224301900051,0.0341052684218846,0.0076078063638493,0.9740262964510144,0.0309277156134297,-0.4100311215998326,0.1043657657953672,2.8000339293890333,-0.3224258018298668,0.1791293390795863,2011.7802203752576,1924.95659911776,1983.1492970751167,1957.3052215445043,0.0296420526838616,0.0769031562171402,12.649449840581074
6.23,-0.0373541294659051,0.9867301021921082,0.5679308331637527,0.2374676142007659,0.0320779984599819,0.0075305452758676,0.970836456417066,0.0394254934029304,-0.4742239777075528,0.1195743357065054,2.7185831747255187,-0.3115106223323229,0.1638039964408978,2038.7242782023263,1945.1521825372704,1987.8439030565637,1955.2572342878125,0.1131932703501463,0.1213810336177196,12.861567648787036
6.24,-0.0373075476776416,0.9810609984639644,0.5689758360438614,0.250480060567346,0.0300811502684409,0.0074894274723022,0.9676253263184276,0.0469777582365854,-0.5384199837028892,0.1331173240284375,2.607943852762308,-0.3030741020337121,0.1448692824289226,2045.9510015803437,1941.845415120038,2001.596706054648,1964.777447025367,0.1459630829847568,-0.1075417820814648,12.885025396933152
6.25,-0.037134304040863,0.974945155211511,0.5700920889462124,0.2625716885178656,0.0281646262096518,0.0074868996578022,0.964472295378598,0.0537550340504464,-0.6034970921884149,0.1431948272563025,2.511825016034764,-0.307415063477635,0.1273500421114343,2041.215559494842,1925.012042716336,2015.078356021453,1982.9923592658392,0.1006253427414419,-0.1472791776655659,12.83567303651524
6.260000000000002,-0.0368709493524778,0.9683654176330464,0.5713152981117376,0.2737328230363284,0.0263536923128368,0.0074909743717374,0.961415471997931,0.0601672865387844,-0.6720251864012239,0.1498087561429567,2.4321249851372637,-0.3268522650843156,0.1148292384533337,2045.741258364682,1919.177160979314,2014.5573840900715,1990.9756552378567,0.0412129728387388,0.1550229480228679,13.06571632450958
6.270000000000001,-0.036556075860939,0.9612847474853672,0.5726682878046933,0.2840895394093123,0.0246438384571815,0.0074510195755333,0.958452031732202,0.066235289139939,-0.7447583502414492,0.1546953008201181,2.319317537737154,-0.3487225037471785,0.1041604308157245,2062.074560072462,1933.6875614445169,2002.8053083003576,1981.196508254712,0.0319904940686686,0.146622293781375,13.125880327328735
6.280000000000001,-0.0362249093252062,0.953647630046866,0.5741516984834525,0.2938069410362427,0.0230107358151276,0.0073183209659849,0.955559746752871,0.0716237343508743,-0.820071379581782,0.1595594201186774,2.1374558742706964,-0.3530022955814479,0.0882790561478636,2068.031325739441,1950.8324391423328,1996.573349493384,1967.5225023132325,0.0514360016209808,0.0468261171682593,12.913355712152756
6.290000000000001,-0.0359039378185289,0.9453840017645412,0.5757432842575164,0.3030025232043121,0.0214240957207879,0.0070634756610773,0.9527227227089486,0.0760873281759628,-0.8959577904032323,0.1642578792351478,1.92114442449662,-0.3330011001969927,0.0648835548287534,2048.0863788035417,1948.0047933474616,2002.491400402591,1963.6328471361096,0.0613859904040915,0.0554814257226121,12.724243452075331
6.300000000000001,-0.0356069370425,0.936418931510283,0.5774071905923973,0.3117013575395053,0.0198552812565017,0.0066837759309849,0.9499491347717304,0.0796489956644987,-0.9716283434694912,0.1667474111141632,1.7430288212269427,-0.3072458936916318,0.0401738529732757,2017.165350007955,1925.393380228849,2006.510942330257,1963.3821723238568,0.103168557616821,0.1026006439919422,12.68701820415939
6.3100000000000005,-0.0353338347420244,0.9266867461934852,0.5791082197770357,0.3198322068395227,0.0182794036683706,0.0061993694806703,0.9472775679217428,0.0824610279629003,-1.0474756822205715,0.1650142526129026,1.626833521081019,-0.3034139125931503,0.0227695060618985,2002.4948249369816,1904.6999688825197,1991.644134391975,1950.797850972181,0.1040930246730052,0.1164770948381077,12.482421624215892
6.32,-0.035073238621065,0.9161442622686466,0.5808214734282998,0.3272519818680149,0.0166800287623155,0.0056438772448743,0.9447730222934976,0.0846761841591764,-1.124200169346779,0.1589337128496536,1.5141931394760513,-0.3280159486546374,0.0155547421991519,2009.239613143904,1902.6845055726844,1959.026483961946,1922.244451799912,0.0762275805949775,0.0982555982908497,12.235476819865305
6.33,-0.0348081803725604,0.9047777799221371,0.5825314051128214,0.3337858083106871,0.0150582899825774,0.005056030850557,0.9425151025979478,0.086405146199223,-1.202121876425249,0.1498392119453377,1.3263876955978902,-0.356960920645581,0.014465632729751,2014.8198254617375,1912.187718204283,1926.934562602768,1890.0961413526395,0.0295057275662835,0.1784863357792563,12.080830692302616
6.34,-0.0345229610642325,0.8926014339366806,0.5842240736048756,0.339267248981859,0.0134370571013527,0.0044733217202774,0.940583419297578,0.0876983500901086,-1.2810194711794052,0.1385182825733655,1.0475207004127505,-0.3595017525335632,0.0134209805034616,1996.666675172167,1911.5415103234443,1910.4360263056824,1866.7579591805784,0.0159540373275751,0.1638876523769044,11.766745862055124
6.350000000000001,-0.0342082240966878,0.8796481604975653,0.5858817900581302,0.3435609761246623,0.0118514385747194,0.0039251832074843,0.9390473853990364,0.0885848444762897,-1.3601880542891849,0.1245349049693859,0.7328627302130344,-0.3293852207665897,0.0089468389157284,1959.0768247645944,1890.5500799097265,1904.039828733914,1851.8060762157224,0.0032805906591272,0.1637918910139362,11.37043810810573
6.360000000000001,-0.0338624171686364,0.8659573997431356,0.5874843194974635,0.3465596667486085,0.0103303067322304,0.0034262934835445,0.9379647875367584,0.0891367056423736,-1.4383742033498796,0.1075824694890773,0.4362797631572031,-0.2901439391876041,0.0012927839973092,1927.6969117565004,1861.8824325342289,1888.5043602338103,1836.538804008128,0.0065864150026843,0.2547557685792556,11.207603102073746
6.370000000000001,-0.0334896368610209,0.851564651539052,0.589012196095674,0.3481659087454369,0.0088835808574101,0.0029741136420312,0.9373861192841816,0.0894441184734332,-1.5138694375379929,0.0883094379020553,0.1486808558073305,-0.2705225146804038,-0.0069428227087022,1917.398093632672,1843.3246007415232,1856.528902993635,1816.562613748477,0.0214974372080031,0.2778188416077833,10.9143801183366
6.380000000000001,-0.0330952184751658,0.8364967404611006,0.5904464590986908,0.3482813542784612,0.0075047812315488,0.0025527737222659,0.9373565276174004,0.0895375696397736,-1.5852408990263602,0.0673046790253082,-0.1761366294325538,-0.27606991669371,-0.0129202549672889,1913.3851897480504,1834.9582907832048,1823.3894516263356,1795.0845774267452,0.0468473276542102,0.1552276319292556,10.407195408287349
6.390000000000001,-0.0326813252195278,0.820773755132237,0.5917650153348143,0.3468162565492385,0.0061842615284833,0.0021410055808085,0.9379102596718,0.0894043049239299,-1.6523267996837845,0.0445835486183978,-0.5483276621377784,-0.2852349048308612,-0.0151723792779227,1891.3791544923813,1822.927267208037,1805.4957129429272,1775.6491085346104,0.0694896404802836,0.1486403440259929,10.135241184801366
6.4,-0.032245168713095,0.8044155108930836,0.5929390948316131,0.3437109729735974,0.0049200443829508,0.0017208923722491,0.9390610197161076,0.0890941843694656,-1.7164147128431635,0.0210778586456245,-0.9228100402945404,-0.2731486355041508,-0.0139811528831112,1850.058917484996,1801.1509582546494,1797.3925041760167,1757.144639216951,0.012263700408603,0.2354335729650953,9.962323949283778
6.41,-0.0317814356869076,0.7874483274648723,0.5939311870501609,0.3389505684973186,0.0037167214667503,0.0012861485632978,0.9407959629583644,0.0887579400891419,-1.7791386722025615,-0.0007571992859112,-1.2552965335895063,-0.2378559235970539,-0.0106039265280429,1811.682414407728,1776.889771595577,1780.3921169630205,1736.3124231764673,0.0042874756214749,0.2895294467169043,9.625007146653791
6.42,-0.0312877696721953,0.7699074320941266,0.5946958532707225,0.3325653346101878,0.0025741473626248,0.0008494626658827,0.9430763226770932,0.0885315142816251,-1.8409572654391972,-0.0197168323816735,-1.5523690599648523,-0.201370340389855,-0.0060584738696867,1792.5956305691416,1756.2880206294562,1748.471661499912,1712.0187872138429,0.0011503086650256,0.3625697105451939,9.381541048137304
6.4300000000000015,-0.0307694870045334,0.7518317347813032,0.5951876743251344,0.3246264846607455,0.0014779452509324,0.0004469550902403,0.9458410338771464,0.0883549046908568,-1.9006955194272308,-0.0386297470641135,-1.8525163140631489,-0.1857905277457282,-0.0003924864345707,1784.6805108476692,1736.865318278513,1715.626340249131,1687.7085922907786,0.0215382332602494,0.3540624079619858,9.222256426269883
6.440000000000001,-0.0302394654505096,0.7332516169124255,0.5953766116284219,0.315245427034376,0.0004047743366648,0.0001343671649243,0.9490100836330008,0.0878987719395915,-1.9568071581641464,-0.0622355412539768,-2.1724755937524582,-0.1910526806531408,0.006730153236542,1768.3801287492574,1716.121043128079,1698.5336544654524,1670.8676406099644,-0.0016046777870684,0.3792892095875597,9.099146571882423
6.450000000000001,-0.0297119994243535,0.714175768797445,0.5952599845322468,0.3045704481075011,-0.0006563858634896,-3.2288805925120944e-05,0.9524895853785632,0.0867004187504306,-2.0091812240074063,-0.0918012163511503,-2.48956227048206,-0.195857291450597,0.0145965868479572,1736.730522599159,1698.0938560530694,1698.281964625041,1667.0463352384113,0.027863826896448,0.4117183857672812,8.848228361320242
6.460000000000001,-0.0291936436267356,0.6945862183612601,0.594857833443986,0.2927675472036669,-0.001682041302152,-3.075943150765759e-05,0.9561821652254678,0.0844813137629928,-2.059404046220908,-0.1231341382906223,-2.7728716356748166,-0.177538290992314,0.0211777298251105,1702.1271069725597,1687.579677424677,1701.8709291715506,1673.2782335686422,0.0406727241977602,0.44419104796133,8.759899798429052
6.470000000000001,-0.0286767949999571,0.6744476787138725,0.5941927536574494,0.2799824186680937,-0.0026113116761509,9.766932682148854e-05,0.960001571222046,0.0815123297419747,-2.1090595937507133,-0.1505162158603874,-3.015895407464993,-0.1312934820845054,0.0249352841396514,1681.521811220248,1682.5554804789956,1699.7208647941338,1681.1431017949203,0.0176655246003446,0.5082777192449566,8.704597534950123
6.48,-0.0281408656767525,0.653728945151035,0.593271307735128,0.2662986106844111,-0.0033696980423922,0.0002507966945035,0.9638846570952738,0.0787325042989395,-2.1581525346623875,-0.171950291020116,-3.23290552692406,-0.0742363381379433,0.0267450771589317,1678.913604936189,1675.6629377060112,1696.1679406791718,1686.920815248834,0.0115457605692308,0.529185835627886,8.766892721077618
6.49,-0.0275615110797026,0.6324259428704397,0.5920826818997691,0.2517165115126154,-0.0039074646905601,0.0003111471549373,0.9677930733059932,0.0772879356853162,-2.2054955663939197,-0.1901940263893109,-3.4335549255770097,-0.0331029867420565,0.0295856754651824,1684.0805896890138,1662.4508350654426,1700.0545733964996,1694.4270468838658,0.0121742011946355,0.5672508055716978,8.8232299136146
6.5,-0.0269230603973123,0.610573992453379,0.5906127492452298,0.236170311844633,-0.0042306384923843,0.0002107964760653,0.9717024447154596,0.0776483718245735,-2.2501061652506333,-0.2089944256509966,-3.612682214349648,-0.0251998446734185,0.0361706676744218,1686.022543663666,1647.0074416281047,1711.7194958540313,1707.3489489281155,0.0161402007911878,0.5890366684625512,8.88192572662173
6.510000000000002,-0.0262266844516835,0.5882423332529073,0.5888570242996133,0.2195811689643252,-0.0044062051715036,-2.79277389178829e-05,0.975584283807549,0.0791143494107401,-2.291452856571957,-0.2285560320674313,-3.763852830719071,-0.0460687654463287,0.0465375774230241,1683.5731959837208,1638.9524210303002,1726.291033191417,1723.685207123802,0.0197567035765955,0.6854271200016546,8.975556378962258
6.520000000000001,-0.025489236383854,0.5655135134529841,0.5868182788011864,0.2019272834582658,-0.0045360044187977,-0.0003040137974302,0.9793899654553792,0.0803123796316409,-2.3285859117517465,-0.244944748272559,-3.891933596518556,-0.0726907726025638,0.0573458993996658,1682.805783705266,1644.5474079123198,1744.3800411443194,1739.9190019952705,0.0791465908394781,0.7256797810043829,9.118920514441385
6.530000000000001,-0.0247337805006729,0.5424587076100474,0.5844902746683219,0.1833010461680449,-0.0047107761478358,-0.0004934609201396,0.9830454168338844,0.0802222881055211,-2.360267070682914,-0.2544451604393157,-4.005838754693618,-0.0804131923668174,0.0635701391642155,1688.3321089767337,1660.6347424052124,1770.4074664945665,1757.400195408104,0.0336474471766335,0.73071032662821,9.383978693707558
6.540000000000001,-0.0239780647271894,0.5191230311360115,0.5818430988938844,0.1639206601830277,-0.0049688660507766,-0.0005144244246547,0.98646087753283,0.0787541539016213,-2.386636144156577,-0.2582231642095512,-4.101941249956845,-0.0615069705214442,0.0616957234311102,1699.9742953177995,1677.5536572018884,1803.7301519289024,1781.7962577158828,-0.0194288585833258,0.7985291415331455,9.7521985524125
6.550000000000001,-0.0232278075188504,0.4955299700983587,0.5788257110764049,0.1440776426985096,-0.0052836188098993,-0.0003666479697743,0.9895522127790825,0.0765299347423159,-2.410076402806298,-0.2612458773643877,-4.1603337514094445,-0.0305169885695113,0.0521266346672198,1716.560149814809,1689.3504845589375,1839.673129621676,1816.980143575438,0.00889059676295,0.906888644237848,10.203121882068334
6.5600000000000005,-0.0224779231350592,0.4717023392604734,0.5753879851625208,0.1240381897384784,-0.0055866008010388,-0.0001275788069915,0.9922617099845882,0.074331731648891,-2.4335855873634324,-0.2662087471656252,-4.162791165973818,-0.0110453866824485,0.0393050206784172,1739.8871922594567,1702.21066466424,1876.0204447905328,1860.0182281945995,0.0321790235608124,0.9369127768518224,10.458642153507046
6.57,-0.0217199999485093,0.4476856120759666,0.5715103713133212,0.1039534932950384,-0.0058107694022753,9.110052633669847e-05,0.994565180313189,0.0727076514178224,-2.4581894345462354,-0.2706614998786583,-4.120497012081986,-0.0146431625636308,0.0299159143442375,1772.437199785977,1730.0504789128272,1911.623203265736,1901.6372689485504,0.0438758018458047,0.9815344374924012,10.708807862602114
6.58,-0.0209512648225218,0.4235567328087966,0.5672268011355726,0.0838345052897871,-0.0059262394653178,0.0002040379138155,0.9964620483375902,0.0718125819318726,-2.4817855842572496,-0.2716147733627757,-4.082181161011016,-0.0303815594404592,0.0296537318073341,1810.8932690064532,1777.2015633725132,1943.8513817594292,1934.154526023876,0.0535022007220845,1.0644019835466012,11.289377645735836
6.59,-0.0201797593283248,0.3994102163609143,0.56263385211582,0.0636042531907289,-0.0059498390931453,0.0001967862493231,0.9979574438151096,0.0713983208251705,-2.5001180463057238,-0.2702462644469713,-4.097948740681696,-0.0351532603398994,0.0391106811199234,1845.6641591868893,1827.3523557803967,1975.2002568224189,1962.153343928488,0.082968336202712,1.1371938598394873,11.945648261037622
6.6,-0.019422597884173,0.375327814700718,0.557884340872766,0.0431914430231143,-0.0059285514870464,0.0001285016906439,0.9990492155115092,0.0709629999960742,-2.509480270329679,-0.2683169472591865,-4.1607588418324735,-0.0161067508093308,0.0517741699655428,1871.126494658727,1857.9328529043744,2016.518967213905,2001.407474101338,0.0318109434561061,1.1145795884955885,12.443163922446956
6.610000000000001,-0.0186983457552707,0.3513492500948559,0.553163965079484,0.0226079510983125,-0.0059104756471145,9.19456852951318e-05,0.999726931902283,0.0700601946062653,-2.5096043222145226,-0.2614040810370742,-4.195870694693601,0.016021629396316,0.057874851808953,1894.7544778054005,1867.910890751954,2073.133866115354,2060.01342276611,-0.0320145115361327,1.1320514258848915,13.038708484213576
6.620000000000001,-0.0180183361910345,0.3274619837626421,0.5486559649899267,0.0019663944918398,-0.0059189645744226,0.0001563473218344,0.9999805371638912,0.0685874814133207,-2.5037738245762573,-0.2409095607464863,-4.135208239394233,0.0365440763740602,0.0527084938801178,1930.507156460214,1882.8704777801845,2130.5216648303126,2122.596911457681,0.025230480037523,1.2397651071003333,13.573785058641292
6.630000000000001,-0.0173822703850022,0.3036164213269373,0.5445116894047327,-0.0185697194163612,-0.0059425108143206,0.0003283363993796,0.9998098540628751,0.0667894195854579,-2.495362283068704,-0.2042952808887447,-4.005936015767343,0.0309416816673832,0.0415998337995204,1981.007817601055,1925.2844338542573,2166.086091403745,2162.992660792668,0.0811066875823597,1.3719429535099703,14.48524076961249
6.640000000000001,-0.0167803449998694,0.2797580114045315,0.5408464925260704,-0.0388652806273803,-0.0059380107244694,0.0005529235059725,0.9992266631080196,0.0649395633472871,-2.4845923873494016,-0.1596981483858779,-3.9175726075652606,0.0101768118326581,0.0350532171252784,2028.960005048572,1984.2447020063903,2178.202072667797,2174.790256160131,0.1122665790754062,1.3650567787980623,15.05806411534963
6.65,-0.0162000461815156,0.2558611202905429,0.5377606926393519,-0.0588637434622536,-0.005855182801644,0.0007499518164269,0.9982485733083932,0.0630397836193801,-2.4690410605469904,-0.1176650060631154,-3.9408178092115738,0.001101079275433,0.0380928320128599,2051.095669921533,2024.1307073191956,2191.616422340786,2180.136630816628,0.0781592058856839,1.2625625116739028,15.43543954666504
6.66,-0.0156336285891771,0.2319528044393972,0.5353624856670167,-0.0785856137187802,-0.0056628470090667,0.0008596960317174,0.996890913993566,0.0609033337311951,-2.4463941259811275,-0.0798575410423362,-4.018796129369739,0.0189937623295759,0.0454835156875234,2044.378335897128,2025.174293343408,2224.234899082997,2201.9080101333675,0.0128457443299309,1.1127785467943032,15.53439418994983
6.67,-0.015082879620251,0.2081192531083217,0.5337693210255833,-0.0980861795111206,-0.0053692521996026,0.0008714083929124,0.9951630585824324,0.0585106364133309,-2.41610711421188,-0.0384096723896774,-4.033993713620912,0.0494520161456484,0.0481887437746938,2034.4732567878889,2007.709711981919,2257.9602019965737,2233.5351899335296,0.0276517037937138,1.1835751756633286,15.770263401824678
6.68,-0.0145592987317236,0.1844892374224382,0.5330871862722251,-0.1174196433675509,-0.0050228030210671,0.0008245166696374,0.9930693424799248,0.0561489354205983,-2.379355861931652,0.0139207292278484,-3.961016396519826,0.0617793596120734,0.0431369099574433,2048.4775024922783,2008.4867218230931,2259.406252299285,2246.614432826885,0.0335489911180187,1.443827376389016,16.101677143964988
6.690000000000001,-0.0140786201216449,0.1611913540857112,0.5333884649612393,-0.1366334321539007,-0.004691508529983,0.0007878645928089,0.990610253447309,0.0541565644385324,-2.338336480827348,0.0751147540345577,-3.908704254844566,0.0428250791441696,0.0353342352713199,2079.5545731678294,2035.914500282977,2227.0435670378884,2227.863532830045,0.1485781622357745,1.4031826197815462,16.11546299121901
6.700000000000001,-0.0136495973316272,0.1382896579331268,0.5347073374078917,-0.1557784243276607,-0.0044337787356973,0.0008290866262219,0.9877817252487922,0.0526432728940039,-2.295260758253179,0.1359744947354709,-3.985783564397159,0.0135718422286424,0.0314332773471388,2091.9097295165498,2059.4056495879195,2197.5406498303305,2197.4553006862725,0.0752073697236394,1.1735260360100614,16.002458567059186
6.710000000000001,-0.013260141608676,0.1157154809876117,0.5370523044007274,-0.1749090298747256,-0.0042784518395099,0.0009866520109617,0.9845748080445428,0.0515089672497818,-2.25119547997041,0.1895457951541787,-4.159124333646444,0.0067861625967071,0.033198618538625,2065.8636314759046,2046.4158830304737,2198.0343182977917,2183.879857078896,0.1021680029954471,1.0547735629974646,15.708404572268488
6.720000000000001,-0.0128683257024492,0.0932280858928111,0.5404200665854936,-0.1940720942389867,-0.0042219339191596,0.0012555017802555,0.9809773805888472,0.0505643388246701,-2.205367752862041,0.2372379434181161,-4.292572652761958,0.028578132816315,0.0374937220373804,2024.950854295467,2001.9845390799887,2208.3002805212764,2186.570549119891,0.0171945971227792,1.1456472652478604,15.44730110037219
6.73,-0.0124075791150867,0.0704450541838712,0.5447978009194875,-0.2133082341009915,-0.0042353561868865,0.0015927881076441,0.9769744735911634,0.0494300804987943,-2.1553710225467437,0.2852850225549707,-4.319925433590793,0.0486579342673164,0.0408211350973073,2006.7393139029589,1963.68170729056,2185.170624622104,2174.2247257457107,-0.0387607090715653,1.1895985694636826,15.255590658085389
6.74,-0.0118119535254386,0.0469739913049363,0.5501572314600273,-0.2326780064129933,-0.0042701586556087,0.0019404531592794,0.9725425161494315,0.0474213628671477,-2.098365846620791,0.3360282932762184,-4.3281221457966215,0.0351140770407387,0.042205566139658,2013.5240212077883,1957.633943396325,2119.3697813735125,2124.053013163836,0.0721651225940184,1.0684764765220225,14.95595903679534
6.75,-0.0110591501383422,0.022643863600137,0.556455808396152,-0.2522896299302297,-0.004260587279632,0.0022502728238737,0.967639770936436,0.0440058795093685,-2.033164437447603,0.3847452848927968,-4.439147984052475,-0.0032356264182855,0.0423116757212406,2007.4831650851845,1966.5317916379563,2053.1826201998247,2055.9058074412037,0.1342913833933532,0.9514459178207826,14.405992969105204
6.76,-0.0102184485896333,-0.0022192234051886,0.5636526579041673,-0.2722870231261141,-0.0041353910017862,0.0024950275067212,0.962203954687426,0.0397698927421041,-1.9625106646271904,0.4259024823164561,-4.637088364757211,-0.0198851556269409,0.0419893244494363,1959.390887572265,1949.6086097606235,2033.508745125917,2015.122117121607,0.0743570244078873,0.7762813413740943,13.853842999256765
6.770000000000001,-0.0094813557128539,-0.0265837831629871,0.5717260612949772,-0.2927809338493497,-0.0038508000453851,0.0026600968140855,0.9561680919159836,0.036705338562311,-1.8938017238551008,0.4596551425365158,-4.766083301828012,0.0173568393746587,0.0422919052216924,1890.7379189176972,1894.2608768864695,2052.881901155125,2017.3898759055287,0.0606461049674935,0.7207502089254838,13.203153128036732
6.780000000000001,-0.0091501712973169,-0.0487122289558974,0.5806699387392706,-0.313754545248294,-0.0034350210001867,0.0027234776701253,0.9494940066351892,0.0367338055402948,-1.8349343474856288,0.4891110288998691,-4.717571891030817,0.0841457800145933,0.0439018433378752,1853.9878934393305,1835.5644484788115,2053.5351816488287,2024.9558812551325,0.0206498522390966,0.8002324286605509,12.99962137294093
6.790000000000001,-0.0095695219633159,-0.0664720424680661,0.5904604724373629,-0.335003854668917,-0.0030086172372987,0.0026399728270797,0.9422082551765076,0.0391282568478232,-1.7837000248439052,0.5138150798992998,-4.576655028919521,0.1199622271222805,0.0452861465570341,1872.0876287828075,1815.931230385995,1999.2845671301552,1994.2791964456885,-0.0102931116087674,0.8777327922991258,13.14453729551848
6.800000000000001,-0.0110094972271136,-0.0779507515449349,0.6010022154472573,-0.3561554300629866,-0.0027460495405219,0.0023460393141341,0.9344197477301658,0.0393307325250485,-1.7193971916388535,0.5313000368884258,-4.530072802756429,0.0909996582109958,0.0433400918165383,1911.2537535949227,1835.122936835152,1928.0021351498444,1937.5682250226148,0.090818876312588,0.7103277961293593,12.66039712923143
6.8100000000000005,-0.0135391557802549,-0.0822016236918404,0.6120696698778108,-0.3767661605769846,-0.002780926648393,0.0017922939445142,0.926302496149865,0.0315570432218943,-1.6130672496724314,0.5441894747316037,-4.636642355259767,0.0261352821480043,0.037810873666925,1919.928873252683,1853.9402784603612,1909.5992340258808,1909.312325718745,0.0822632332915343,0.4183934069516288,12.014353948239073
6.82,-0.0169503804411163,-0.079800570298186,0.6232658852784406,-0.3964882850615192,-0.0031054856421402,0.0009875878451603,0.91803399743046,0.0142442770994514,-1.4557921136739012,0.5593429720240146,-4.747397782427679,-0.0102046898788641,0.0335289573671847,1883.661796307744,1842.0668428768656,1956.0621632618045,1929.5963554468583,0.0454848896076234,0.3709475460031424,11.85104530997294
6.83,-0.0207846636440192,-0.0728834358822346,0.634029706648369,-0.4152554967372156,-0.0035337363595812,1.8010937983420253e-05,0.9096979635090294,-0.0069914626759207,-1.2743949617099557,0.5780345988851386,-4.681528330101897,0.0251126795202571,0.0354219295461004,1830.5942946951943,1805.5707527338052,1999.9959928135231,1950.5807514143585,0.0048880819758871,0.6534816669008503,12.210321651528233
6.84,-0.0244692747819947,-0.0645444376115319,0.6437156814536185,-0.4333854372310856,-0.0037656001025211,-0.000984447803772,0.9012002629351648,-0.0232689006390495,-1.1097013521910888,0.591334132465783,-4.445174088474941,0.1240506476531615,0.0414637814915081,1790.2415451791123,1765.9220866893538,1969.846692656313,1913.163807745667,-0.0396578402804741,0.8157919310015123,12.43768048460472
6.85,-0.0275054937784871,-0.0578302902286019,0.6517358468164716,-0.4514782040530435,-0.003523343453657,-0.0019058708907654,0.8922731560302,-0.0298818788301839,-0.9799566106301396,0.5873110936628708,-4.234558101110755,0.2433345127167512,0.0430999321489058,1762.1482662569051,1728.5328737076943,1866.1127695595867,1815.7392700364253,0.0097639722515942,0.594885670981598,11.318186924565552
6.860000000000001,-0.0296185017531438,-0.0548040351910356,0.6577208016427436,-0.4701107526016028,-0.0026803640779733,-0.0026993477682713,0.882599234906982,-0.0292303815395403,-0.873340570651358,0.5602890446502522,-4.22871584865186,0.3409389743261374,0.0337182625550297,1725.845093998896,1681.8776762811342,1754.6707006197576,1712.4444562931935,0.0756561056525019,0.4132356549570559,10.240517737070215
6.870000000000001,-0.0308048502172348,-0.0560846144167252,0.6616522039834314,-0.4894951777922683,-0.0013058826124689,-0.0033888376565275,0.8719984411500148,-0.0268355212978791,-0.7732709484865858,0.512592467384756,-4.398512991575531,0.4003326612480614,0.0157443635648912,1668.2620764420426,1617.611440072213,1702.5071453608289,1660.441653042699,0.0657511177506125,0.3354513625894757,9.589880258374
6.880000000000001,-0.0312750421834417,-0.0609699913173627,0.6639237809316715,-0.5092904351081671,0.000395484401686,-0.0040390676712452,0.8605851394439535,-0.0260160254033426,-0.6789187459529571,0.4507491502086885,-4.5018718017088535,0.4292618089487661,-0.0007023839016317,1593.8194058075997,1538.1127659245417,1729.7548547164904,1682.8489944213088,0.0331851980390181,0.3233435613401614,8.980155586629387
6.890000000000001,-0.0313376470120167,-0.067963216409406,0.6652888325580583,-0.5286087777104866,0.0022029167808625,-0.0047203098622544,0.8488495897153313,-0.026610669826334,-0.598326469548504,0.382017059842215,-4.236754852871413,0.4409946532749739,-0.004921293777865,1514.7376851545907,1448.323181117804,1808.5339725685496,1766.1088656720794,0.0565281446312872,0.4213921269114657,8.85763381046776
6.9,-0.0312832103592053,-0.0754023903192619,0.666670664130351,-0.546133881079283,0.0039790261485015,-0.0054834747469727,0.8376705096831858,-0.0271518725011799,-0.5310207556473161,0.3125062758983414,-3.4198154853745644,0.4373801103690578,0.0081264536389003,1442.3045838986302,1356.5624741392091,1889.31611090206,1868.82741201066,0.0175412533389587,0.5989935948960601,9.218269304690812
6.91,-0.0313086968952677,-0.0819477180061983,0.6688676223776076,-0.5603043196629425,0.0056966127035054,-0.0063443563245547,0.8282429396702277,-0.0268298818379151,-0.4639411906254022,0.2451395972834436,-2.089384146471618,0.4096397611711936,0.0357521724211437,1388.90783261327,1286.4017375204637,1927.704414134217,1934.9570175067145,0.0359078766486935,0.6800323007933833,9.482058470098792
6.92,-0.0314955107325839,-0.0868150589191226,0.6722503752203935,-0.5696027199695652,0.007396509069738,-0.0072740326399097,0.8218546839350663,-0.0255704425214036,-0.3813760692669394,0.1782375016355045,-0.4944055798504435,0.3544103404035371,0.0695892276152463,1368.3999978262448,1269.1313257872048,1901.984784333532,1922.8089824342717,0.0438755829079229,0.8169255989765358,9.574879370261607
6.93,-0.031831120801551,-0.0897739116793536,0.6765749103404156,-0.5729517830971246,0.0091206895706483,-0.0081982522607322,0.8194973190483608,-0.0233460099287863,-0.2758877211786532,0.108348616132471,1.0253086848242012,0.2855559594247131,0.100411606660518,1383.5058792438315,1309.5165549514422,1822.0970296343569,1836.9707797535084,0.0825542032476045,0.7807394680785087,9.38470570356954
6.940000000000001,-0.032252700947167,-0.0909982814961799,0.6809978332009654,-0.5700791929930079,0.0108644350335634,-0.009010115320276,0.8214684994506833,-0.0201350968716823,-0.1530912760373208,0.0359234973593191,2.210065233816932,0.2269124226744255,0.1231392045365785,1414.1101512272064,1368.748485075747,1723.0841204433648,1724.924340841695,0.1084227378499483,0.5808249445913267,8.774189140299953
6.950000000000001,-0.032690992566462,-0.0908693843773185,0.6843059223362181,-0.5616414027504785,0.0125675636918127,-0.0095961499239235,0.8272296567253645,-0.0164169671616806,-0.0294398764622219,-0.0348615514287753,2.994642730769036,0.1933789820619189,0.1390421832790979,1427.913443685612,1397.3995000703694,1638.730828363152,1632.8179857376,0.0513510714779797,0.2661236387910914,7.952192948642196
6.960000000000001,-0.033099667223165,-0.0898032177590708,0.6852973790951358,-0.5489782152908256,0.014141324953795,-0.0098704031344787,0.8356587325018593,-0.0132068788562516,0.076911851182997,-0.1039928844276497,3.4879514164172427,0.1808081203615323,0.1537731831694056,1405.9537517890294,1381.0218005753395,1577.5437172423617,1570.2385933223386,0.0764206136266953,0.1651714426465473,7.572540814049602
6.970000000000001,-0.0334647959172727,-0.0881390183343875,0.6831904560867925,-0.5335659857164522,0.0155111531988726,-0.0098060175370344,0.8455593326508407,-0.0113542020692931,0.1574580546984002,-0.1789987708847908,3.8576330387746713,0.1739476992524131,0.1723774557776923,1354.3488060919703,1340.9793980484365,1528.239638746702,1523.3024640064366,0.0777854449448562,0.0961504240228006,7.308327447276495
6.98,-0.0337973763415468,-0.0860932018386111,0.6778978283038042,-0.5164316714998902,0.016647944380895,-0.0094502826036316,0.8561144005204161,-0.0108341107732216,0.2174162304911573,-0.2664215877102885,4.2335225708267386,0.1616764593848932,0.1946723528188211,1293.7743405987417,1298.2018724014515,1483.495847035034,1487.3865582462508,0.0427469864404523,-0.1253599371560212,6.709790474925914
6.99,-0.0341174443857051,-0.0837638946320109,0.6700373261966273,-0.4978360535409205,0.017568149957371,-0.0089121065618337,0.8670474025441214,-0.0107369129357305,0.2689457853352412,-0.3624327704319102,4.684720339969505,0.1432190693172138,0.214822384918541,1244.3347179000236,1254.9746411509332,1447.4154346515477,1469.800914000331,0.0252622812762965,-0.1412990604100126,6.295705916636511
7.0,-0.0344394648839052,-0.0811633271333343,0.6606710931684686,-0.4773770128653659,0.0183046827479805,-0.0083226567461897,0.8784684738577254,-0.0099422705830522,0.3209555613246183,-0.4546568639534273,5.228510620099483,0.12100884030851,0.2257468502200997,1219.6372535259677,1212.0583692347427,1421.5599074794036,1466.2055279483086,0.0765945516942383,-0.0236095393534316,6.177917386984248
7.01,-0.0347651555427674,-0.0782569047917293,0.650902798529456,-0.45442227563687,0.0188717770127987,-0.0077850744708267,0.8905524375649484,-0.0079504680261622,0.3746496094369865,-0.531587760498038,5.823188089239397,0.0903853532655963,0.2244662665793899,1227.6093484841465,1186.5868204504966,1395.6133867049768,1452.6981663489476,0.1239141623092349,-0.0647554088844879,6.1123250922623065
7.020000000000001,-0.0350842496235507,-0.0749956324553738,0.6415189613865757,-0.4286275694256881,0.0192514303958782,-0.0073378598393517,0.9032463368145578,-0.0052314080422464,0.4261540278842683,-0.5897980219782806,6.357211907975877,0.0398644371532113,0.213899525836131,1271.2128323258896,1204.7535485859248,1357.3764339494437,1407.9383813276309,0.074980536689083,-0.1376535491843418,5.934468740806945
7.030000000000001,-0.035379798537327,-0.0713381216405046,0.6328157677123581,-0.4002940324213583,0.0194131186241773,-0.0069516266733256,0.916154732193054,-0.0027536798399511,0.4715784823451707,-0.6351128995505932,6.676256345934223,-0.0344107179141747,0.2001515148040392,1346.4504133852747,1279.9855679941534,1310.6963350561591,1339.600536220376,0.0910185459520026,-0.3135626239846636,5.854075100409341
7.040000000000001,-0.0356343261095538,-0.0672643057688115,0.624651001372996,-0.3704222422107604,0.0193533082133544,-0.0065608043564656,0.9286386637346884,-0.0010743862969048,0.5104502246593392,-0.6779522401615934,6.660335566790203,-0.113293277528225,0.1874722434006362,1440.855851459605,1399.0789256615512,1282.7446846641235,1287.2294982053972,0.0489443389711702,-0.4915585278271503,6.017338637761969
7.050000000000001,-0.0358350679735599,-0.0627822313738222,0.6166543932003283,-0.3404610503015753,0.019124843107041,-0.0061105481785928,0.9400442408762666,0.0001233700478985,0.5462505808862829,-0.7250283151612126,6.310930951076749,-0.1593427609619141,0.1746482750783192,1539.021399422754,1528.9948464435188,1310.2381296857868,1297.8062960589918,0.0409385047633182,-0.5496079164498289,6.352245467006406
7.0600000000000005,-0.0359777169557787,-0.0579247034337082,0.608468279724158,-0.3118734753381756,0.0188310312105428,-0.0055902890295879,0.9499205631591524,0.0015928516990315,0.5842289090076643,-0.7737277433419474,5.77698604382945,-0.1464516673202377,0.1569105402527862,1634.218976298719,1641.0904158135295,1410.966792107321,1392.7242065880866,0.0421984217528446,-0.7204803696629867,6.9739657459892825
7.07,-0.0360674592834777,-0.0527315577534434,0.5999052259771497,-0.2857030919504753,0.0185833441413648,-0.0050367110002143,0.9581247487215652,0.0037102094768284,0.6276029087144225,-0.8148948959672739,5.277246769468266,-0.0887262441507564,0.1331661562691404,1733.2097831668714,1732.206661548965,1565.4008309080175,1551.5287716915666,-0.0205605076491681,-0.6715887653743611,8.082337906314496
7.08,-0.0361156700785622,-0.0472203056342744,0.5909812502763505,-0.2622995771423193,0.0184483387086436,-0.0045104020629712,0.964799588983682,0.0061863975895102,0.6747195174238593,-0.8410649825712754,4.961749466260332,-0.0342112529580791,0.1107390983241657,1845.7142656205208,1821.3607851030424,1729.2122852783812,1725.1406272738243,-0.0120877132793615,-0.6340706898912636,9.530870152483905
7.09,-0.0361326596248966,-0.0413585537870885,0.5818554243529086,-0.241277841216518,0.0184180918499971,-0.0040639860431843,0.9702727767220632,0.0085883518729429,0.7202637952998883,-0.8511808716170729,4.822499767859009,-0.022363883552066,0.0998108096786978,1969.083693279624,1925.320984838877,1865.7790626033172,1868.0179460493991,0.0408089369042148,-0.5059584583123957,11.137561878850818
7.1,-0.0361203090001594,-0.0350567866120403,0.5727378861345398,-0.2217015558162471,0.0184222476751876,-0.0037181475171338,0.9749334419940112,0.0110445332387202,0.7608087890890592,-0.847679233508736,4.731788734333353,-0.0477475697391019,0.101895498631746,2086.030677626956,2038.405778749008,1966.0852982322249,1964.4131672619285,0.0313313001200056,-0.5481752031663731,12.718248500967668
7.110000000000001,-0.0360697380152982,-0.0281937695008023,0.5638190551420819,-0.202434360791398,0.0183721835078788,-0.0034537767914039,0.9791173902398048,0.0142655531532508,0.7996337745741573,-0.8309438963719438,4.57280188940151,-0.0715371932311983,0.1064950061782819,2177.9525823054555,2135.507145359629,2041.116073425556,2030.1383134413136,-0.0348765233038561,-0.6908048251809067,13.988822903937594
7.120000000000001,-0.0359661853321094,-0.0206699045646056,0.5552430739227127,-0.1825636102102668,0.0182090380621005,-0.0032228043144451,0.9830201283250498,0.0187694679598804,0.8441447659871588,-0.7984138727847976,4.341354243609212,-0.0690923320370702,0.1018140345688052,2238.7028599438845,2194.3398702788145,2102.7609630563966,2090.4903352462507,-0.0289279025360783,-0.6885627340322804,14.968420059373564
7.130000000000001,-0.0357981262701418,-0.0124648513077541,0.5471167255620452,-0.1617395505153474,0.01792784764144,-0.002975242543735,0.98666613300034,0.0242165527602985,0.8969448909043485,-0.7489874289193654,4.127184918101188,-0.0569562784214619,0.0873611271931608,2275.6256647932605,2217.104627028396,2153.838942110856,2153.5827919018834,0.001383719446431,-0.7601101920020383,15.852124374904308
7.140000000000001,-0.0355647369858518,-0.0036689461333058,0.5395278404090529,-0.1402514146418963,0.0175669354578523,-0.0026903517471067,0.9899564159482191,0.0297532215148547,0.9510810543504724,-0.6863721007582215,4.00297785620322,-0.0666264611360241,0.073175538237714,2300.1491530564017,2230.855784167057,2191.1439576426624,2204.540663503875,-0.0208623094535386,-0.7410344325775311,16.516007247815036
7.15,-0.0352773614635619,0.005528033240968,0.532553801527448,-0.1187839244965694,0.0171730436396427,-0.0023921638296577,0.9927687260412448,0.0350359062441958,0.9963134798050683,-0.6168489672513033,3.943681987273152,-0.0998131527898152,0.0677038416488222,2318.5153564619027,2262.0028383910667,2214.442570274542,2227.5325033217,0.0076136106536865,-0.6250705022719014,17.16278459505398
7.16,-0.0349547706518374,0.0148833176445114,0.5262606026804821,-0.0980072368295498,0.0167650267836218,-0.0021363310823422,0.9950421857868578,0.0406131561991213,1.0288995797882243,-0.5446501611900563,3.8654816252975706,-0.1235513254790486,0.0696855995952685,2330.5086005851567,2308.0137262630624,2231.6741289935785,2229.675114535293,0.007219916549326,-0.6590550291779724,17.488629088565528
7.17,-0.0346152785014461,0.0241622406373893,0.520704315286504,-0.0782529490547753,0.0163172670153209,-0.0019751810289769,0.9967980344188508,0.0469645936478713,1.052806085357228,-0.4706622648203832,3.735210059044341,-0.1121410115242367,0.0716196852764853,2336.9069355413512,2339.262085223146,2252.0413487298983,2235.416732366836,-0.0489167081772943,-0.7092124515526157,17.570290164090174
7.18,-0.0342696019092298,0.0331961396127475,0.5159415601377974,-0.0594355375647347,0.0157727408007938,-0.0019234454295494,0.9981056747056904,0.0531694908131602,1.0720574457654588,-0.394810116828206,3.612306988694472,-0.0832286706487793,0.0681100192725465,2345.810745044034,2333.9462866976764,2273.1456696254404,2256.914194883141,-0.066267046943079,-0.7529530137069871,17.73453733351223
7.190000000000001,-0.0339173674980653,0.0419250819095473,0.5120427687389818,-0.041204655898266,0.0150801517272656,-0.0019450830358098,0.9990350254161122,0.056977720467688,1.0847717718899188,-0.3177403028652663,3.5663847434590057,-0.0807395159067183,0.0603669282837853,2365.119606204939,2307.5995874102787,2282.251318504499,2278.0675680457225,0.0079185951588995,-0.6692442145233019,17.950641870787734
7.200000000000001,-0.0335483809356021,0.0504131728307236,0.5090932821007157,-0.0231942176302036,0.0142346879013425,-0.0019670185277206,0.9996276970787602,0.0567766754710834,1.085621163876046,-0.2395629414020342,3.574772059309196,-0.1201655211881375,0.0546374316228415,2387.089838575018,2298.652824796492,2274.655717541152,2273.8416628355253,0.0013568679163575,-0.5704932974785788,18.15544357741065
7.210000000000001,-0.033147798960948,0.0588236763923455,0.5071702586785204,-0.0052146734098264,0.0132962312320308,-0.0019117128881018,0.9998961759953314,0.0535926957909361,1.0724979179794043,-0.1586358733265808,3.537757639963369,-0.1609213952131779,0.0565986685996705,2389.036710538684,2321.3112855267086,2262.410511095065,2242.375745158265,-0.0178408613475474,-0.6226136204491801,18.01878727493606
7.220000000000001,-0.0327028010898795,0.0673518820074814,0.5062998657952905,0.0127027035977767,0.0123696002111764,-0.0017333347124004,0.9998413023388748,0.0506418003475456,1.04935766130307,-0.073772997390248,3.4021838250433967,-0.1470565726331023,0.0655685490219798,2356.428724699328,2341.551630506184,2256.433193466738,2208.881346537494,-0.0422700396052766,-0.66691244226411,17.683814972290484
7.23,-0.0322077244417581,0.0761360782115779,0.5064187608209839,0.0304003232615231,0.0115522331424315,-0.0014403515724262,0.9994700053740312,0.0505391348308144,1.0228997762945349,0.0121810966109322,3.2408435071226696,-0.0770600372001979,0.0736579705581239,2300.3014723439974,2311.566133078018,2246.4016925457786,2192.7628703498085,-0.1271950889564377,-0.6894740550444636,17.489356720384713
7.24,-0.0316653167360825,0.0851854939647602,0.5073672582591069,0.0477369860747008,0.0108839433444119,-0.0010927661678913,0.9988000429514816,0.0532327031402166,0.9974248294430076,0.0925819889724738,3.181496984358097,-0.0174641741582869,0.072111298962697,2244.683559595065,2226.4630792065664,2209.938517436783,2178.290176278045,-0.1435491279532112,-0.6547652306115324,17.005765426370733
7.25,-0.031083991277506,0.0943610596180678,0.5089223446039209,0.0646856317998824,0.010330577567006,-0.0007737071227455,0.9978519176626712,0.0568543580908365,0.972996046940972,0.1615003436337737,3.2627802420977634,-0.033699341086495,0.0596919014398086,2199.440382139613,2132.2534589968627,2140.63838911541,2130.409660268173,-0.0074901449829817,-0.4747728848732384,16.18463528108117
7.26,-0.0304734760800167,0.1034189420656134,0.5108538246791419,0.0813360623463365,0.0098117099729369,-0.0005509836459161,0.99663828530035,0.0599944157438468,0.947551740847394,0.2170885288863491,3.3878545837487364,-0.1151549592194567,0.0443203865359812,2151.721332771551,2071.466721351509,2057.422165430797,2039.885987265632,0.0550673856435302,-0.4805796446200858,15.224270709768506
7.270000000000001,-0.0298418027377965,0.1120948956832403,0.5129773498904566,0.0978280137402569,0.0092485803005363,-0.000450363228559,0.9951602587839924,0.0625984539753646,0.9194538692902192,0.260254004114494,3.4311159084643816,-0.1854032973626866,0.0356296909849087,2084.299887198757,2035.2745395144807,1984.442969060577,1939.1222074291584,-0.0292278172891604,-0.4864066906551993,14.150032978127028
7.280000000000001,-0.0291947832113653,0.1201901055513317,0.5151854760354085,0.1142684480194512,0.0085949989229179,-0.0004525857141509,0.993412624716896,0.06509798446111,0.8878422448550813,0.2917962593032682,3.3689068288470483,-0.1870891411039409,0.036136977539979,1998.955818668668,1984.111021021216,1928.0876254116888,1866.0151068844652,-0.0807196461468808,-0.7244411705077556,13.14484593767836
7.290000000000001,-0.0285370271119422,0.1276239446124216,0.5174492750429172,0.1306703327683403,0.0078351479382808,-0.0005100501223229,0.9913947823343984,0.0675141359914827,0.8521240503499804,0.3123477303305546,3.2808629704589323,-0.1417010416574152,0.0400575218505751,1919.6381761399407,1905.92985369356,1876.506342819148,1822.9116452606363,-0.1307262464252282,-0.6732685308037691,12.221251577069548
7.300000000000001,-0.027872984404301,0.1344376163553846,0.5197919017070279,0.1469231220503052,0.0069636372319262,-0.000570203423717,0.9891232374338138,0.0695479640483594,0.8126790682278612,0.3239654778275902,3.232298574093581,-0.1186602997021547,0.0399383927755458,1871.0687143469413,1832.357606501492,1818.3382005845972,1782.3807654031284,-0.023310086196944,-0.5357383049975994,11.421322081289004
7.31,-0.0272071911501162,0.1407530731972628,0.5222454745532198,0.1627967269806298,0.0059742849585185,-0.0005946584969746,0.9866413634066336,0.0710412864657101,0.7716379669963498,0.3294720630815411,3.1896020841434853,-0.1568105607321506,0.0333253791587055,1854.3899379638392,1795.986479084129,1757.7141985558787,1725.9509708426208,-0.0163926333123733,-0.4454495667763565,10.636104509693943
7.32,-0.0265436345725957,0.1467080255917947,0.5248120267646288,0.1779812351695681,0.0048685009542382,-0.0005698454451076,0.9840216729839552,0.0720464553779815,0.7314678553991567,0.3298658477602897,3.065156319146891,-0.2288088231932425,0.0233195175408936,1847.2988093857632,1791.4511176587966,1709.2216787475295,1662.8557980180813,0.0307891701955536,-0.4633026588778985,10.11192772469104
7.33,-0.0258845475915078,0.1523965807585643,0.527447419953456,0.1921526972911635,0.0036715513959057,-0.0005097747871838,0.9813580390274204,0.0726218410061729,0.6924922611241426,0.323839482006249,2.821268609033213,-0.2784526623161656,0.0144072877701007,1829.610464216484,1788.4391256899555,1680.41033000959,1612.4911042184235,0.0104838127944206,-0.5946185943294178,9.805725882006238
7.34,-0.0252291989354724,0.1578402656148695,0.530071278314566,0.2050371595195434,0.0024371075044776,-0.0004520860361484,0.9787510507485472,0.0727654439772448,0.6526663583601989,0.3105058359954288,2.503051803882504,-0.278527220430914,0.0087131703317624,1803.8510225491543,1770.6066554958488,1664.0744766053865,1582.596360401385,-0.0134436581392587,-0.567742402385409,9.501368592402336
7.35,-0.0245733181855003,0.1629960258104776,0.5325900238778967,0.2164446081984317,0.001231891035745,-0.0004470820894517,0.9762940203360404,0.0725113297838699,0.6099665682141067,0.2917061940486548,2.176277062941501,-0.2471731980227278,0.0052558174008658,1786.773035630624,1748.701408779068,1649.0256279697203,1568.538141272694,-0.0480209236987551,-0.4742395257572158,9.311558713727615
7.360000000000001,-0.0239096702091112,0.1677884025306157,0.5349179679751875,0.2262653636975082,0.000110261060534,-0.0005396375655132,0.9740655428792412,0.0720235532058122,0.5643191918600077,0.2709391504123688,1.8609517608737287,-0.217561293003578,0.0015658150413131,1785.804172802486,1739.7855193630062,1633.8602379392337,1563.4127051562753,-0.0739113992850835,-0.5042774324526258,9.164027635940144
7.370000000000001,-0.0232300394262502,0.1721455798509598,0.5369907088515691,0.234444025094819,-0.0009031863299482,-0.0007479025918832,0.972128913258682,0.0716039609988666,0.5170964151272723,0.2505254829429496,1.5351007517121191,-0.2031190660522575,-0.0036536145447361,1791.7078471584266,1745.4716789691313,1626.3247468730017,1562.048744741744,-0.0470196770327699,-0.4365128015334067,9.15412083491196
7.380000000000001,-0.0225283574632989,0.1760242396859195,0.5387728046263929,0.2409540207128062,-0.0018126360786767,-0.0010486592919801,0.970534272741807,0.0715052879225283,0.4694615576627479,0.2304588776733899,1.1841272967375358,-0.193420292531095,-0.0085692771936785,1793.095588048007,1753.4713079913654,1631.2849399731087,1560.8711189915348,-0.0472992787360435,-0.4757468291226816,9.126566610117454
7.390000000000001,-0.0218040034259501,0.1794177806939364,0.5402611898751741,0.2457885624856007,-0.0026363297869106,-0.0013807105243147,0.969318897966487,0.0715452767550993,0.4216864110079802,0.2097163553358555,0.8255897449645888,-0.1757803961755103,-0.0092209067965032,1789.7080655547577,1754.0862283289543,1643.7390211961297,1559.9424150271525,-0.0642455324606713,-0.3930592813272193,9.040768831743314
7.4,-0.0210638143858551,0.1823496221332076,0.5414821697501301,0.2489701066967805,-0.0033907022290105,-0.0016691949275656,0.9685037960163512,0.0709450994983558,0.3737984421437293,0.1879773649006551,0.4871766724212394,-0.1523549383852798,-0.0036159393776582,1787.9025615098892,1749.441353542184,1654.7681785735915,1563.0027106629564,-0.0816008436308585,-0.404251882812586,9.132164056435975
7.41,-0.020321379377968,0.1848567315755256,0.5424801855425737,0.2505695247036491,-0.0040822299827073,-0.0018590214297817,0.968088215364426,0.0689093334499619,0.3263052031219436,0.166016663353345,0.177133096383047,-0.1344979656634564,0.0050323554977919,1788.5275378377542,1746.9419234633765,1661.4143371540267,1572.58554874704,-0.0028975252577316,-0.394184050938835,9.09714983027282
7.42,-0.0195931723024499,0.1869698606970606,0.5433009902873477,0.2507208553742211,-0.0047082411307726,-0.0019378134220714,0.9680460371413204,0.0656398126628234,0.2799748545723357,0.1449841272896607,-0.1145188500035302,-0.1260558343323899,0.0105299182686764,1785.920689795069,1748.08229233239,1667.8240196606523,1586.7381400068853,-0.0402432337646017,-0.3374323532387526,9.143285964314138
7.43,-0.0188929007820285,0.188697540599217,0.5439757308849118,0.24961622326757,-0.0052636428092778,-0.0019358898236838,0.9683286051111996,0.0625581495402665,0.2349650655753805,0.1256052546117445,-0.3926236638447611,-0.1186513916614275,0.0101146650403022,1778.2355722751008,1747.1558521054042,1678.096920700306,1601.432310999116,0.0126726413219407,-0.3324433259293138,9.192077490714867
7.440000000000001,-0.0182266932034433,0.1900200604054584,0.5445127589974345,0.247470741555673,-0.005748996678518,-0.0019057654540499,0.9688764364815102,0.0610950329456424,0.1903106760254529,0.107809412227158,-0.6462110591839739,-0.1033794605767094,0.0075285628632264,1772.2301354065398,1740.271310800655,1691.5128281776124,1614.206383007518,-0.0757363803131663,-0.2972460386721867,9.21960874382914
7.450000000000001,-0.0175912954688223,0.1908961850309146,0.544900867491832,0.2444625634803014,-0.0061752649940771,-0.0018937359359788,0.9696372182023012,0.0612539414390606,0.1444240124386175,0.0908484739545015,-0.8634566645367225,-0.0818988041246342,0.0084408089171415,1774.9196505962984,1731.9001770359073,1704.5059917458857,1625.2261762637595,-0.0565853979392103,-0.19742538370734,9.346231484759407
7.460000000000001,-0.0169760467318791,0.1912799611329663,0.5451223658776482,0.2406731422117641,-0.0065627340119996,-0.0019169417896606,0.9705821420541276,0.0616982970099712,0.0963907161806434,0.0739159760995551,-1.0505364896869214,-0.0636229179660609,0.014022910403744,1784.385738110348,1730.3460188190083,1714.1820318663486,1636.4497937974274,-0.0135595825044868,-0.2190274031555823,9.469833924123972
7.470000000000001,-0.0163681081424844,0.1911406908021743,0.5451693537889064,0.2360638633798496,-0.0069344443638813,-0.0019547765569966,0.9717108339090166,0.0612312377212759,0.0469737034570609,0.0569045369076463,-1.229013961934439,-0.0547893854373674,0.0207905539317559,1791.9835357271006,1738.435386012262,1719.9099440850946,1649.5676283629332,-0.0021469886894284,-0.1903115767787029,9.539030035086563
7.48,-0.0157591483297376,0.1904787942667822,0.5450548807282083,0.2305163616741412,-0.0073056160584465,-0.0019578680685437,0.973039054574455,0.0598212418330113,-0.0018385411424706,0.0405826209094145,-1.4143780784436712,-0.0521699374080654,0.025623113767664,1791.816795797212,1750.755069217134,1724.2205023408628,1664.1048637969093,-0.0401080448668134,-0.1397638370182492,9.638822793821811
7.49,-0.0151505330568051,0.1893332378998452,0.5448136975848453,0.2239333312392955,-0.0076726717020885,-0.0018721071859848,0.974572464460036,0.0581480447887192,-0.0485875308541735,0.0260185672186451,-1.600512260556542,-0.0461782116957075,0.0285173174181524,1786.2021186898714,1759.0892244820666,1732.136331184342,1678.6734029253148,-0.0531196608098507,-0.0954972903986464,9.733965801525192
7.5,-0.0145541766049118,0.1877791785014791,0.5444929724016828,0.2163574863523933,-0.0080097386845256,-0.0016688271188654,0.97627992768546,0.0565819319459777,-0.0936765424953551,0.0139340781856422,-1.765739488966093,-0.0303200336589872,0.0306895405683308,1782.6242087886587,1759.192134946249,1746.946615415996,1693.8985048076268,-0.0120656700991874,-0.1055105731753736,9.869861900485404
7.51,-0.0139882245093332,0.1859156924615614,0.544138084756497,0.2080425645140275,-0.0082795105877908,-0.0013666415935639,0.978083776240874,0.054925928032196,-0.1386260701350011,0.0045643833292718,-1.891785826455033,-0.0095374870670109,0.0322674869716451,1786.1123177508066,1753.7417356553087,1765.8285882362482,1711.362385076015,-0.0299766784242501,-0.0256267116619683,9.943205740931848
7.520000000000001,-0.0134694294602364,0.1838443901573809,0.5437800284803033,0.1994199461107083,-0.0084546093352479,-0.0010305997258727,0.9798771058343978,0.0530175640090906,-0.1836245746742351,-0.0022013528504104,-1.9774107513642436,0.0021745145570088,0.03262048311666,1794.757365865477,1750.3909030408834,1781.3726592769367,1729.1874056239976,-0.0090087416877608,-0.0487360497003672,10.020333363523031
7.530000000000001,-0.0130055496820014,0.1816422856989706,0.5434291292972319,0.1909484242030958,-0.0085352454805476,-0.0007448752248266,0.981562679628683,0.0512270526211908,-0.2259638113540464,-0.0068221940444396,-2.037610644445022,-0.0039218193350811,0.0318152008033713,1802.870556861591,1755.490069100001,1788.894217174893,1742.2702504192569,-0.0405297355451678,-0.0181657370746859,10.216722635103354
7.540000000000001,-0.0125907904908275,0.1793362871640925,0.5430764234321195,0.1828996469830575,-0.0085509695521502,-0.0005721012896894,0.9830942339131612,0.0501360091433987,-0.2617731051157053,-0.0100824740024814,-2.0913037048330883,-0.0195104350039131,0.0308310921327811,1807.587764423869,1767.602757509279,1791.7183826884398,1749.0180384531982,-0.0524596219358723,0.0404040502972864,10.327609963437132
7.550000000000001,-0.0122060417820722,0.1768896150471946,0.5427006203884707,0.1751899433654693,-0.0085458811206494,-0.0005222766223206,0.9844974245200468,0.0497525203200072,-0.2900172920903092,-0.0126818206952028,-2.1472191713314954,-0.025131787626462,0.0304857456592548,1810.946547243836,1778.03650251117,1797.5679505356738,1754.996185660039,-0.0336519750638429,0.043695563176874,10.385209644414164
7.56,-0.0118240528107028,0.1742087813471312,0.5422763824009289,0.1673752756467698,-0.0085563466403127,-0.0005480974352292,0.9858559761058104,0.0492521056123232,-0.3144212436731471,-0.0147650632886076,-2.1994943858515525,-0.0091323182368812,0.0306103200029177,1815.8970457015785,1779.59438692849,1809.3659655046044,1766.5929281081303,-0.0045960018320296,0.0545506710155119,10.438142781987557
7.57,-0.0114178521043432,0.1711717537263146,0.541780508574204,0.1588456673893951,-0.0085925515769643,-0.0005678674454985,0.9872658707438332,0.0476629765450183,-0.3406972367935632,-0.0160591513732623,-2.237275005581587,0.0207868917490543,0.0304758351580807,1822.2670852990643,1773.8959675617093,1821.475942562919,1782.2258962492604,-0.0316319110849132,0.0796194991629208,10.445093411437457
7.58,-0.0109693340820016,0.1676673216281363,0.541196448604985,0.1491232940104679,-0.0086323022007071,-0.0005040652234534,0.9887808010173104,0.04478941261705,-0.3718830467277939,-0.0163867619062041,-2.2579931299109868,0.045541541404591,0.0299005714202766,1827.5160506392167,1768.3835534932296,1826.6400123983465,1793.4073236624497,-0.0535227537249325,0.1057739537864277,10.56811155702068
7.59,-0.0104750025250944,0.1636301336059344,0.5405201771482674,0.1380885674490833,-0.0086306025738829,-0.00032005807726,0.9903822281331076,0.041407762324171,-0.4065482277508018,-0.0156090765767761,-2.2687358795465182,0.0530731969632607,0.0296115582854359,1829.920744582116,1767.596546705355,1825.421687341341,1795.284067260223,-0.0025536209329905,0.1197099432623352,10.687629455805634
7.6,-0.0099472857035321,0.1590592709367879,0.539767981238251,0.1260042587577631,-0.0085425430119375,-3.7727546300755447e-05,0.9919929184779638,0.0386301907299944,-0.4407993501169776,-0.0131132155092876,-2.2746948574542394,0.0481059943734175,0.0302997965256642,1829.5828916443768,1769.6709059956302,1825.903222227552,1792.8197496793164,0.0451737426240257,0.1386804085052921,10.683794243309547
7.610000000000001,-0.0094113987988745,0.1540169320342408,0.5389823226671496,0.1133435935529286,-0.0083501292005297,0.0002748231477507,0.9935207243007468,0.037109452619856,-0.4712902924390297,-0.0081959466181899,-2.2711182984735374,0.0441337561377543,0.0314756052553312,1827.60468264675,1770.1434894277124,1833.327764616697,1793.8255340558967,0.0017267089545621,0.1671392220394341,10.688336272546456
7.620000000000001,-0.0088986181061896,0.1486117832919163,0.5382320013207943,0.1005527746278718,-0.0080782971337125,0.0005417911878611,0.9948987823353512,0.0366695452290676,-0.4967648500658184,-0.0013487196292189,-2.2510849326172853,0.0473371490783316,0.0315935664839061,1825.875796953626,1766.6656317578802,1843.2507653436528,1798.5846960657998,0.0117184363361444,0.0995136647047747,10.655828371594902
7.630000000000001,-0.0084373048079833,0.1429750178133404,0.5376059469326724,0.087905492543167,-0.0077871390324383,0.0007233987340216,0.9960981184304608,0.0364734399408315,-0.5176465267951916,0.0057929722498738,-2.2189945660144668,0.0506052834301068,0.0294971454032268,1826.0160991432156,1760.220114275866,1848.1093383427835,1801.2360660500035,0.0050390605091823,0.1953921556742313,10.802674666464329
7.640000000000001,-0.0080436465118614,0.1372353937231344,0.5371991788146063,0.075517694704239,-0.0075403606774946,0.0008376113140728,0.9971155996947882,0.0355610624738368,-0.5345368981141243,0.0126646555900229,-2.1887394842165424,0.0443247865818015,0.0256950686656683,1826.1364672690972,1753.0038124965756,1848.144550994456,1800.1637530260214,0.0074250148097073,0.2332190781776284,10.810383826989174
7.65,-0.0077149648701304,0.1314960421630328,0.5370873357066289,0.0634576125673368,-0.0073680618555953,0.000945791667982,0.9979568871198128,0.033464744329125,-0.5472025318544309,0.0210829496647004,-2.1645548518730395,0.031037706855633,0.0219237733553535,1820.4106437071955,1745.2861585136127,1850.1642607515091,1800.3774846877864,0.0539028174352374,0.1555526299585214,10.653034437271174
7.66,-0.0074289270421364,0.1258163883419141,0.5372934458157547,0.0518263758859623,-0.0072494494481593,0.0011118063954733,0.9986291784900762,0.0305329978610201,-0.5551948129784978,0.0329194727193168,-2.129598004946512,0.0256825328543975,0.0192144171500768,1805.914066351608,1735.230586694192,1855.64140803152,1804.1621156869944,0.0043751113248327,0.1480513522992063,10.578904515666228
7.67,-0.0071509407081426,0.1202069604417313,0.537765120346076,0.0407481200551769,-0.0071287997055879,0.0013609456660629,0.9991430922313482,0.0277171754810535,-0.5593305539863971,0.0467742441883591,-2.0625269471085543,0.0392221217855767,0.0167024093078176,1789.3583679326134,1722.8696724649913,1856.938703302655,1806.1463672439004,-0.0245261835233111,0.2833752783530737,10.734945595299498
7.68,-0.0068486565927109,0.1146442687643512,0.5383831501698103,0.0303174738230941,-0.0069546264025099,0.0016644003396335,0.9995147391229892,0.0259334901993608,-0.5618747862569613,0.0585218307293725,-1.9653757578667423,0.0638083308484765,0.0127596923214765,1781.858485388621,1712.0828908432695,1848.2790058935789,1801.869195085765,0.0045320016739109,0.360167936519429,10.721801821268858
7.690000000000001,-0.0065079253543271,0.1091007246266996,0.5390039909527636,0.0205813512063845,-0.0067153744059685,0.0019575275174367,0.9997637119915512,0.0254482165629033,-0.5647476834260403,0.0654112108677515,-1.866988321311469,0.0777934075923896,0.0069748308052929,1785.5147764356736,1705.9022414111482,1834.552204979071,1795.5700887118965,0.0352329783415737,0.3368657999486238,10.532290712193724
7.700000000000001,-0.0061419385617651,0.103569616600423,0.5395152565054818,0.0115559189591696,-0.0064465956120754,0.0021772991538829,0.99991007671211,0.0257375662463407,-0.5678955582322934,0.0682829006127635,-1.7960255266017766,0.0667221240148703,0.0006253935028596,1789.7327021397873,1701.90827829698,1824.6116825461509,1793.01550618739,0.0390801748714196,0.2221445782350422,10.200217170354405
7.710000000000001,-0.0057876404769808,0.0980661675066787,0.5398769942997547,0.0032120324486197,-0.0062041068936555,0.0022933594521192,0.9999729658383892,0.0258953689040555,-0.5698691638870339,0.0694675899827987,-1.755609861064741,0.0381014279271892,-0.0042748815958976,1783.2846318022707,1695.3850164732803,1820.6566203585376,1791.019220897149,0.0709142704613122,0.2424125575653537,10.262572839901289
7.720000000000001,-0.0054903537293048,0.0926074465518344,0.5401325158513279,-0.0045900653014397,-0.0060229168116016,0.0023159973588196,0.9999686454733684,0.0252253652605951,-0.5695002863685752,0.0703152132928769,-1.725012069233599,0.0148563126644058,-0.0060386163272606,1766.6906378012152,1685.276269012386,1819.7882782868735,1782.955903257714,0.0578797236798565,0.2203107283834236,10.288467315234367
7.73,-0.0052843164212248,0.0871953787134111,0.5403856814865755,-0.0121296007993079,-0.005890923930868,0.0022819177633485,0.9999064769522256,0.0235773170444879,-0.5662741289464586,0.0718101271346671,-1.6787128535206637,0.0147947232991679,-0.0043563024903348,1750.4029334473976,1674.583731774165,1821.454672790084,1772.2046461295554,0.0202245249689686,0.2446427081146731,10.22737688413095
7.74,-0.0051785630705549,0.0818231737048248,0.5407513561146626,-0.0197209180761653,-0.0057581652714672,0.0022321769636174,0.9997864503527454,0.0212955859019084,-0.5595118025280066,0.0757261640921176,-1.6021429442671091,0.0359373236239706,-0.0010776190825509,1743.3236653340916,1666.4676605688824,1825.6418251067144,1769.1238676173489,-0.0138319310235854,0.2531115762708227,10.17138154449738
7.75,-0.0051537042871944,0.0764988242939234,0.5412982253980476,-0.0275189467797615,-0.0055736665081776,0.002195323382422,0.9996033325099686,0.0189500754568784,-0.5485131873937902,0.0828957207539836,-1.4983258083870798,0.0599463414851173,0.0007850550903058,1745.151069390422,1661.4336128167529,1826.435619950391,1773.9313657272337,0.024226874605022,0.2646184825031458,10.122582014158471
7.76,-0.0051693706217713,0.0712587901446874,0.5420137027136304,-0.0353895307251526,-0.0053228432828454,0.0021814569932716,0.9993570381499428,0.0170438193292413,-0.5340344364206604,0.0908227732378771,-1.3850920855432054,0.0686149120386136,-0.000305464393118,1748.1283112877145,1657.2608861787571,1816.721552479104,1773.9692003892392,0.0674868958858525,0.2990486958694918,10.147499609878407
7.770000000000001,-0.0051781281065434,0.0661520741561538,0.5428125418180549,-0.042969148062044,-0.005039475602441,0.0021861700391361,0.9990612977495598,0.015799628114911,-0.5188008948217444,0.0950824578459314,-1.2795183376299124,0.0584607749415142,-0.0031846501422362,1744.6141927238652,1651.4082259958725,1800.1513988733234,1761.929758110852,0.0395411388671042,0.2954991297272163,10.057168765550651
7.780000000000001,-0.0051404960170723,0.0612017683480822,0.5435826354374202,-0.0498773360289562,-0.004783197850855,0.0021989213208123,0.998741476616446,0.0151045469650302,-0.5056032175918255,0.093663666659123,-1.179987741274743,0.0421699509509879,-0.0058994758141777,1734.4372753747325,1644.296912154081,1789.7959395075918,1746.649670254787,0.0570663684148441,0.2618837868933611,9.863809320331493
7.790000000000001,-0.0050363150238654,0.0563720686791818,0.5442373822544885,-0.0559216460451918,-0.0045986881314612,0.0022105473279823,0.9984221226773656,0.014638911569252,-0.4949366208317952,0.0888609603167758,-1.0700169608686407,0.0362520801636739,-0.0082536282378296,1726.0082250061482,1639.712204730893,1791.2207480943532,1739.793549111139,0.030375775701044,0.2477997516506129,9.778141354645705
7.800000000000001,-0.0048691720485826,0.0515662232828677,0.5447455878111732,-0.0611613764113283,-0.0044853585462912,0.0022169515821849,0.99811535040789,0.0140844751986711,-0.4850248459721237,0.0844328698973718,-0.9449568084400708,0.0448319616561093,-0.0118144114740685,1728.1743277340286,1640.7640041686082,1794.4712886088796,1740.4366166343084,0.0397102872960047,0.2870579064654037,9.833114659532786
7.81,-0.0046627699914205,0.0466601056554305,0.5451311517146602,-0.065824647025102,-0.0043969437496557,0.0022187420143966,0.9978190516890106,0.0132693420960784,-0.4739670334490668,0.0818861820593515,-0.8260944694588097,0.0549411556581502,-0.0176317505630099,1739.3546905924643,1645.552195618045,1788.9448756857644,1740.3254328297924,0.0135122700692024,0.3109203216482057,9.93910918182529
7.82,-0.0044511057488728,0.0415556501059281,0.545453134090967,-0.0701673860459045,-0.0042683343757573,0.0022184430142981,0.9975236326863308,0.0122006954769707,-0.4611990627212655,0.0802192779005165,-0.7384486444031608,0.0505565291508594,-0.0243558275800266,1747.3031640941376,1648.6185527613893,1779.2532153748498,1737.3399971952408,0.0255070031988953,0.2242445406758246,9.87446846847287
7.83,-0.0042670555656783,0.0362298815886484,0.5457803825795027,-0.0743593268536544,-0.0040500742705138,0.0022175116320904,0.997220823113134,0.0109922476910679,-0.4469698416764839,0.078257817998686,-0.6810008397818486,0.0322643791943628,-0.0287767292701547,1742.5411909642198,1647.7771886430185,1776.977844855678,1734.611077060119,0.059859484059026,0.1682318863411755,9.751683407016774
7.84,-0.0041344156929769,0.0307579868431248,0.5461701013796005,-0.0784324633097698,-0.0037295927178259,0.0022149520072834,0.99690999233879,0.0097412889415671,-0.431465654925234,0.0759351912736956,-0.6313279919409971,0.0193326581942015,-0.0285567650542597,1729.6868044820085,1647.07528049237,1781.8885816158172,1731.216524687581,0.0198469060223771,0.1862964917776939,9.699013135034548
7.85,-0.0040658087444172,0.0252993776056693,0.5466550014562752,-0.0822945872839568,-0.0033310988660705,0.0022082727619952,0.9966000342241196,0.0085074279624278,-0.4151070418227696,0.0737930414951155,-0.5763347592871904,0.029375595048222,-0.0246779533231634,1721.5893701498626,1650.1637167912238,1783.3916716706262,1724.4535764968057,0.0275983077282525,0.288972589808532,9.863128825674432
7.860000000000001,-0.0040650479836561,0.02005186247901,0.5472390442056503,-0.0857952102008662,-0.0029017540115142,0.002196272662231,0.9963061467825234,0.0074329766126938,-0.398910330182867,0.0725676058382729,-0.5235691352351074,0.0585916322862743,-0.0208198557045009,1724.198848286031,1653.2581282431988,1778.3398688246527,1719.543802381916,-0.007510254743716,0.2633097596236151,9.850621066849577
7.870000000000001,-0.0041303792088044,0.015194763336732,0.5478975135361842,-0.088810671106102,-0.0024961947904916,0.0021820273174171,0.9960430073375536,0.006749706099239,-0.3833581286405769,0.0729930355610273,-0.479678441591881,0.0855564382527285,-0.0199413626904503,1731.805413278607,1649.7328019706483,1774.411753164262,1725.972192755806,-0.012123186444528,0.1592099371813085,9.736438679535404
7.880000000000001,-0.0042556488405655,0.0108464844685993,0.5485788776161911,-0.0913004983382111,-0.0021630935255286,0.0021738694652429,0.995818665380973,0.0065191501940281,-0.3670718180205983,0.074642415407922,-0.4320535211595916,0.0924256126557658,-0.0218410248728685,1735.9484387705647,1641.0353671769544,1774.9392156996155,1742.2635445502883,0.0159210738627803,0.1303583970195028,9.714025884453552
7.890000000000001,-0.0044289790451373,0.0070504209258642,0.5492129545716506,-0.0933048841717692,-0.0019307484976377,0.0021825325264111,0.9956333197275504,0.0064465760396341,-0.3478992005995958,0.0751020491990707,-0.3620712908803752,0.0785387892756601,-0.0243511984541984,1734.0242671247463,1637.0513739451949,1772.897205693106,1753.590864595485,0.029683773381683,0.181505865209447,9.772236919487392
7.9,-0.0046311298216788,0.0037839323444906,0.5497306845074305,-0.0948965440228295,-0.0017939621210286,0.0022142397033225,0.9954830610186032,0.0061201427871518,-0.3257989065895288,0.0718728950408378,-0.2693307073143335,0.0557763856846707,-0.0261110650327018,1728.7093230262678,1643.5525267178327,1764.3374682903725,1749.0446325892594,-0.0051686109754922,0.2587452949281097,9.826864999271798
7.91,-0.0048365810508848,0.0009750830803227,0.5500902648618549,-0.0961299333162601,-0.001712338892108,0.0022621284829689,0.9953647505265878,0.0054075312115298,-0.3035631676345238,0.0654758397542271,-0.1706219365858431,0.0374947708835695,-0.0272989152953084,1723.2355534367773,1654.1972649383104,1757.615866432447,1735.1791081181373,0.033918713449402,0.1963896753409542,9.72555307179995
7.92,-0.0050186221590112,-0.0014818506742898,0.5502949442357382,-0.0970203110481893,-0.001626633537923,0.0023009197663042,0.9952784128452072,0.0045024366339591,-0.2838147840712985,0.0593328826783345,-0.0760075149173376,0.0325274457557727,-0.028248592410468,1719.8775074369587,1658.6077810834431,1761.8174753187575,1726.9073615572163,0.0501796561575135,0.163447681359582,9.648680405820585
7.93,-0.0051565544119111,-0.0037094497413581,0.5503924780112162,-0.0975508873589603,-0.0014863791552565,0.0022903509269604,0.9952267929196428,0.0036438905053499,-0.2661696557329604,0.0559830268219273,0.021785600785575,0.0422526575678896,-0.0287188371841427,1721.029868867098,1654.8932229439872,1771.9030620258657,1728.828029715854,0.0655747182168855,0.218227948496823,9.644085365389795
7.940000000000001,-0.0052412105841566,-0.0058246554190402,0.5504593555834979,-0.0976876959362704,-0.0012717834795995,0.002189865729373,0.9952138971686092,0.0029237746872429,-0.2484488629380291,0.0546852619394552,0.129263058059235,0.0583355293700032,-0.0287716671735923,1727.975618492512,1649.6830097803409,1773.7920656193917,1732.127528371978,0.0212891193896674,0.2269583786324991,9.746908345925087
7.950000000000001,-0.0052760292727525,-0.0079153367353623,0.5505782050389395,-0.0973925656380637,-0.0009954441406609,0.0019802685253316,0.9952435761088668,0.0023274259577792,-0.229899532270586,0.0535218492788099,0.2330912684202531,0.0669095326054611,-0.0294622943214248,1737.7107385916,1647.9839485590048,1762.7674225638498,1728.4185247240591,0.0399861305100651,0.162576320231905,9.746391806487502
7.960000000000001,-0.0052737187474704,-0.0100260582160482,0.5508123585341541,-0.0966395918362404,-0.0006843950280506,0.0016806542240432,0.995317786586048,0.0018477298959088,-0.2118224534936075,0.0523800650686177,0.3089979347149914,0.0603867005609774,-0.0320727626146139,1743.671474872262,1648.8138282754703,1749.6869728458996,1719.6866239570836,0.0364731239674719,0.1202721528996921,9.697320264720814
7.970000000000001,-0.0052507134164686,-0.0121583687707589,0.551181431167505,-0.0954364905576902,-0.0003592933652974,0.0013474387268859,0.9954345440998053,0.0015654816262536,-0.1953743987033787,0.0523078002288037,0.3474969381501887,0.0454515821075169,-0.0366839607093468,1741.9893118944844,1650.8166457241591,1747.6226292372658,1713.368334147484,0.0501733323853848,0.0755143600574597,9.677927170331593
7.98,-0.0052220220476256,-0.0142825506349265,0.5516495983151705,-0.0938385883467036,-2.939856683279917e-05,0.001051803962094,0.9955868682245902,0.0016377337173812,-0.1800863068846847,0.0527768963562858,0.3638646196113454,0.0366935143904709,-0.0414357560791068,1736.2689778056333,1655.5959331046702,1757.330763927638,1712.8510693403894,0.0731010554868275,0.0737820031849194,9.701466305038265
7.99,-0.0051981368502389,-0.0163539066482376,0.5521385762748919,-0.0919426243539764,0.0002947939702066,0.0008476131799694,0.9957639019744168,0.0021259476157657,-0.1646937698191685,0.0514788806744486,0.3828012246199535,0.0410195571522357,-0.04329028227629,1733.8054872529656,1662.64872284348,1767.9063439305078,1715.610984969528,0.042171170901136,0.0792467304690114,9.735961996852431
8.0,-0.005184351493632,-0.0183275534633779,0.5525618524335189,-0.0898617499308693,0.0005884262704795,0.0007498351920247,0.9959537928041998,0.0027993513584046,-0.1485551971114417,0.0470821888105864,0.417464587263914,0.049233777330164,-0.0403223295158774,1736.6710968639609,1666.4794003868026,1768.37867688821,1718.109920769816,-0.0086914219623749,0.0873746427484505,9.695718792698605
8.01,-0.0051818055472746,-0.0201681015390193,0.5528605691013407,-0.0876937741269822,0.0008165442683183,0.0007354970457399,0.9961468738488914,0.0032109931337396,-0.1319611248812946,0.0409140053368652,0.4627215764276168,0.0450497326714204,-0.0339767864186901,1739.1821221319408,1663.7668167463569,1757.5789002647705,1719.686831341803,0.0462362344356378,0.1078061956087932,9.618131378335065
8.020000000000001,-0.0051891304130744,-0.0218531762210065,0.5530222425451569,-0.0854930730188129,0.0009555365619551,0.0007631220460927,0.9963380144611674,0.0030673848237284,-0.1156001190102414,0.0352874042061014,0.5043142301122596,0.0241223336776205,-0.0286699120040742,1736.7189441690196,1661.207588626804,1746.509300750164,1722.9767769915777,0.0741594731580061,0.1096198844758762,9.746553940217458
8.030000000000001,-0.0052037103541209,-0.0233722220170251,0.5530784142873564,-0.0832526461695602,0.0010143165360375,0.000796497992377,0.9965276381810384,0.0025196377911948,-0.1000961060872446,0.0310329253103371,0.5334498407230157,0.0032626427296575,-0.028287045380635,1736.304316540777,1671.660180042432,1752.0933836280565,1734.0304959365883,0.0786281412884566,0.02151330062618,9.810034240989872
8.040000000000001,-0.0052220951975053,-0.0247235815745763,0.5530898841023494,-0.0809032429437772,0.0010377923869692,0.0008195414067467,0.9967210826605528,0.0020595080706755,-0.0857646035660726,0.0275419634691124,0.5549586234588619,0.0059774640382825,-0.0329545397648944,1755.10955692965,1701.864139029191,1784.0891489226376,1761.6787307767434,0.0627119923015631,0.0590925316315371,9.87083776762778
8.05,-0.0052397346196497,-0.0259123550476608,0.5531295242431059,-0.0783351196698422,0.0010890905043155,0.0008365175353467,0.9969261372572182,0.0021148092904339,-0.0724259562733534,0.0247879178211373,0.5824184790159126,0.034207635516218,-0.0394198948973058,1805.574707181734,1747.3523827201095,1837.1104540732176,1812.0316980746732,0.0766516283575713,0.0637196494013618,10.022435598708045
8.06,-0.0052506822556164,-0.0269491423445918,0.5532682853893651,-0.0754408785142024,0.0012212224871984,0.0008599233622665,0.997149157847738,0.0027099208983421,-0.0594627357972297,0.0245946289871313,0.6237647680571093,0.0588455770084009,-0.0439586070515557,1881.91951586632,1802.355077554598,1899.387221306682,1880.8592661895989,0.010945371384507,0.0719161807864181,10.996715020308857
8.07,-0.0052480441871331,-0.0278475852232802,0.553567058504213,-0.0721685538424591,0.0014547017179036,0.0008937089062428,0.9973909890126292,0.0034777678779662,-0.0461496760791093,0.0303935836402673,0.6696752077460212,0.050793586326331,-0.0443738398338505,1963.340748179114,1870.5478101111717,1966.4314056057317,1953.4254657440836,0.0250005708398915,0.0451734350797228,11.92820483594748
8.08,-0.0052256347617334,-0.0286191609074973,0.5540749438304152,-0.0685653547337565,0.0017732303766976,0.0009213146811096,0.9976446255874502,0.0040068164038031,-0.031943525391748,0.046269636332632,0.6964772900324303,0.0230097552841446,-0.0402666638950796,2031.446728486811,1956.0084626189423,2037.842858832239,2015.5744076906128,0.0681103468568373,0.009498644298798,12.55114415949827
8.09,-0.0051806130140797,-0.0292667252606578,0.5548314289119892,-0.064787109385475,0.0021369586128959,0.0009061624300571,0.9978964088195786,0.004222126567501,-0.0167222089051375,0.0749781571197341,0.6851677548420572,0.023050008119427,-0.0330978550655,2084.0405006374667,2043.12101906944,2104.0644627443053,2066.9364170973804,0.0917872091407645,0.034912333392898,13.496233309087213
8.1,-0.0051160350871395,-0.0297806749637511,0.555869424193508,-0.0610547046616775,0.0025002281861066,0.0008068172304207,0.9981309638237106,0.0044489521748084,-0.0010236531533301,0.1151583779559917,0.6429849606793894,0.0702745796876733,-0.0260910651156904,2131.7082088860966,2101.34227839918,2149.91777452479,2120.222566839466,0.0080177629343263,-0.0151590194574564,14.80016030033819
8.110000000000001,-0.0050416714294258,-0.0301408169213195,0.5572198719344652,-0.0575641936257672,0.002820611517954,0.0006009291186073,0.998337641605822,0.0050600061427574,0.0142593725221559,0.1611628243586808,0.6047009182619731,0.1173166193191042,-0.0226866556530092,2181.976005344912,2120.291788165897,2174.289479308739,2182.30041862465,-0.0271002334521954,-0.0047806252719706,15.446625793974194
8.120000000000001,-0.0049716266710786,-0.0303238999354657,0.5589211158168661,-0.0543938806392006,0.0030603719015016,0.0003045355931493,0.9985148206866564,0.0059940725362701,0.0289227616635599,0.2078152127542145,0.604542693812347,0.0997869969746165,-0.0241558370945203,2229.7842456716558,2127.9303442605665,2195.574072255673,2238.76303258452,0.0721039933298634,-0.0324817145298907,15.706458761556254
8.13,-0.0049186925655856,-0.0303136930100509,0.5610321594967539,-0.0514686886328767,0.0031936845264319,-2.7535650010836104e-05,0.9986695017428666,0.0066119333515198,0.043992304154238,0.2555172662916022,0.6425611080244574,0.0199733023940614,-0.0287989192485311,2265.825571852361,2159.736539269052,2231.368785422017,2267.064189976698,0.1113491424710143,0.0003293763349754,16.08844962810532
8.14,-0.0048876586677627,-0.0301091535995476,0.5636427053923482,-0.0486108161598989,0.0032254797832299,-0.0003240714738533,0.9988125348683388,0.0061307826592631,0.0605839062863919,0.3091325714449308,0.683244711562164,-0.0460266675468769,-0.0335887210006499,2290.0433699946107,2216.2744995551434,2278.009564500369,2265.753219609212,0.1065135938967406,0.0758771444964574,16.63141156514859
8.15,-0.0048714703129242,-0.029727106418295,0.5668726286371526,-0.0456434329126774,0.0032062398407849,-0.0005302134573198,0.998952509347526,0.0043770025939997,0.0781371444086793,0.3720009695487272,0.6923074653126027,-0.0326338021291122,-0.0363087655807145,2310.1648179109807,2264.215551273135,2314.962939324615,2259.933391687465,-0.0346108386680602,-0.0037902755290784,16.953612898133485
8.16,-0.0048533335708152,-0.0291984148822386,0.5708587116491027,-0.0424770013356633,0.0032183154122944,-0.0006298742336106,0.9990920628560148,0.0021721936160723,0.0943128976134106,0.4428150730059262,0.6712433183278215,0.042783875991997,-0.0361788853684847,2329.2611206423453,2276.6983604689385,2326.97848097992,2273.220085616176,-0.0366179585484214,-0.0320467959216708,17.177698016442218
8.17,-0.0048144243715194,-0.0285595164983307,0.5757298583865562,-0.0391281729639699,0.0033303458437608,-0.0006453563076357,0.9992284415449246,0.0008299465559551,0.1069663594350142,0.5183972046309197,0.6491021297637369,0.1038611430640504,-0.0336001294898887,2343.146406603172,2261.2451369412806,2318.7088272417345,2302.0377645366725,0.0177770542437658,0.0170641042046579,17.38110642648477
8.18,-0.0047428642994392,-0.0278430136355027,0.5815739435328627,-0.0356757966847429,0.0035497507208345,-0.0006180668599192,0.9993569206214992,0.0011192119089631,0.1160419338447785,0.5972283791018115,0.6443717687517104,0.0987777301352986,-0.0305741624156146,2349.640992188792,2246.6377496767163,2308.743179942466,2322.8660203959016,0.0688428122823154,0.0106057679020874,17.32704885838856
8.190000000000001,-0.0046382110253684,-0.0270710496431231,0.588406909414126,-0.0321990913565569,0.0038126485064249,-0.0005845729896457,0.9994740319295936,0.0027299280165043,0.1234206049570514,0.6787811465818268,0.6475634042235212,0.044431056569375,-0.0307892516604292,2352.016913680929,2251.3517275498134,2312.1962137166565,2320.3380558598506,0.125058027200751,0.0171495464661572,17.265225572201153
8.200000000000001,-0.0045086059323499,-0.026253482573606,0.59616349465707,-0.0287419088808231,0.0040223909041114,-0.0005614205330143,0.9995786151435444,0.0047540529403511,0.1311564221676323,0.760841567509738,0.6430680600052044,-0.0068277461614238,-0.037069357660176,2351.8744205769294,2269.669770159937,2329.048080984902,2303.132880524022,0.0573053489823968,-0.0208598562543389,17.4678764187143
8.21,-0.0043630526008731,-0.0253902586714181,0.6047229871483416,-0.0253161026484011,0.0041084886355511,-0.0005446316696828,0.9996709051703824,0.0065280001966466,0.1398838416754298,0.8399071921099881,0.633136425008068,-0.0251850270307383,-0.0474921017588277,2345.8022572630875,2284.266349180237,2346.182132948172,2292.815576290942,0.0916595856703483,-0.0919586603733747,17.398979910938376
8.22,-0.0042046022002764,-0.0244756398240603,0.6139602004981096,-0.0219283109992383,0.0040641020216995,-0.0005216815895472,0.99975114908651,0.0079025193935609,0.1484440629633032,0.9145732362832584,0.6290074056668347,-0.0206645169416374,-0.0552558934124412,2332.3318834949814,2286.32862423108,2349.2089011239595,2300.422041430565,0.0491439961847843,-0.05345116076101,17.110252240605693
8.23,-0.0040288484636688,-0.0235022914351507,0.623792921872471,-0.0186058644277773,0.0039414666987335,-0.0004883140741652,0.9998190077201587,0.0089100397707176,0.154746215086937,0.986886940947558,0.6270223863382512,-0.0154794537629671,-0.0543935421142032,2317.01429235814,2280.889666575438,2334.3683310080046,2316.1093588962185,0.0878165329117584,-0.0335180741215199,17.155841131560837
8.24,-0.0038278373856704,-0.0224648237118809,0.6342017005195687,-0.015403707562799,0.0038166166914366,-0.0004606953425804,0.9998739655527348,0.0095566702082445,0.1574577879019714,1.059418728991897,0.6089172997361144,-0.0163801536864303,-0.0459252877216961,2305.680923122932,2274.212217233424,2310.1310130938327,2320.720844032761,0.0628415240475564,-0.0700753284905643,17.107597429425688
8.25,-0.0035961461362261,-0.0213632291250064,0.645219068200228,-0.0123851720703046,0.003749713456235,-0.000475199998107,0.9999161571585624,0.0100793417153367,0.1575241923992147,1.132049322301566,0.5670159728042192,-0.0171190077468049,-0.0372560955400515,2295.6507508752584,2263.032777735684,2286.867786080622,2305.072177674359,0.0400639686035797,-0.1355218237488583,16.63374539632633
8.26,-0.0033356859690916,-0.0202059774407144,0.6569010973772755,-0.009583613360403,0.0037603166884205,-0.0005734991265391,0.999946841323134,0.0111435640875476,0.1579117175788362,1.2027132810469854,0.5186821426420203,-0.0160166017461285,-0.0351009566701411,2279.22871291274,2242.118192536397,2267.0411937688104,2277.3305588509797,0.0425908620293637,-0.1186407113740806,16.70501661047292
8.270000000000001,-0.003057757943568,-0.0190112559850628,0.6692953151302086,-0.006967908367527,0.003822604552308,-0.0007786957475174,0.999968114281826,0.013392509643194,0.1610694350685764,1.270306707333039,0.4908413953710725,-0.0200541674576048,-0.0394675616818477,2253.5940666941947,2216.189595445569,2246.534292796294,2252.0346996684266,0.0019761272632132,-0.1339413223575838,16.42297715376801
8.280000000000001,-0.0027824183492792,-0.0178046025767918,0.6824145793658867,-0.0044402514274593,0.003876777651364,-0.0010757865337307,0.9999820485616914,0.0166483272462239,0.1663105787644518,1.335310064788819,0.4946691315060852,-0.0340325595467369,-0.0443429156132271,2221.5266202361863,2193.412481824869,2220.816100055245,2232.7603169036324,0.0530029324048903,-0.1130598238594571,15.512318452168438
8.290000000000001,-0.0025352017561326,-0.0166128945040711,0.6962243639043653,-0.0018771784388536,0.0038509257910572,-0.0014106780659903,0.9999898282277948,0.0197337351883103,0.1701239659381497,1.398053559798892,0.5178328905857535,-0.0549739087273766,-0.0434795978368511,2186.382698953699,2170.8593290997687,2187.144324026952,2208.6133949755963,0.0775484416891267,-0.0842257791554366,15.257678294990273
8.3,-0.0023412213770951,-0.0154573452087393,0.7106467047681949,0.0008068737306541,0.0036874446220937,-0.0017118724573974,0.9999914105629264,0.021320981236146,0.1693665020556054,1.4578778639013468,0.5355997075477761,-0.0783544711813925,-0.0357205750684166,2153.040208413937,2139.700191993907,2146.2841213188003,2169.3985368558406,0.0719752146509909,-0.0964876073254955,15.000142644862034
8.31,-0.002217921209734,-0.0143493389445116,0.7255755131117652,0.0036127788131857,0.0033659269784762,-0.0019226571933042,0.99998596077852,0.021024030642788,0.1639545945991744,1.51380984396934,0.52527243146145,-0.1019249286795894,-0.0255990823611747,2127.82830576618,2102.9926371649217,2105.7226770325733,2119.7069590455776,0.0116703342944979,-0.0960055047787114,14.332765244796612
8.32,-0.0021690708160749,-0.0132912099677171,0.7408936380597754,0.0064539532748626,0.0029135431990477,-0.002023656779694,0.9999728809154732,0.0196286790633755,0.1564345925892472,1.5647209775469837,0.4776806190198516,-0.1199688771555348,-0.0189465847386587,2110.02584869328,2074.5116826231933,2076.5381579362083,2074.450454567619,0.0886987471381376,-0.0451924891050611,13.479095818610558
8.33,-0.0021822347580593,-0.0122808601878153,0.7564877192593958,0.0091960851002252,0.0023978123228569,-0.0020340093329384,0.9999527715452002,0.018287017171649,0.1494443986985208,1.6088496900753906,0.4055915134660662,-0.1204475921702005,-0.017799552514592,2090.744951679037,2060.093154088678,2063.200892392544,2044.732980473811,0.0647799608231968,-0.1614597163685107,13.451072687810663
8.34,-0.002230314742945,-0.0113169957204335,0.7722643221515961,0.0117124865016997,0.0019033099914256,-0.0019944465532745,0.99992760600654,0.0175414601890747,0.1438738055991761,1.6446821702029246,0.3384657861823542,-0.0951439126874628,-0.0198591518306589,2067.172127471359,2051.559096495736,2058.2242448929783,2031.1637153730508,0.0385067878782566,-0.1445611001147217,13.189038749344888
8.35,-0.002276480480076,-0.0104019670793672,0.7881690776293245,0.0139254378810177,0.0015014819864166,-0.0019455791950491,0.9999000162282538,0.0170913985377074,0.1389516390692555,1.6730507838488946,0.2979269865281956,-0.0529374415463515,-0.0223160078076455,2048.920696989805,2038.600793575502,2048.900666785866,2026.1269595023248,0.032,-0.1179303541301311,12.553596902389163
8.360000000000001,-0.002281461235514,-0.0095411364556623,0.8042019453604532,0.0158186573324498,0.0012243481484311,-0.0019131294215637,0.9998722973398284,0.0164266285100681,0.1333898807753674,1.6973383041750436,0.2769093827426175,-0.0183784831812294,-0.0245788831791657,2042.97858291636,2018.3425397613328,2029.2330966427512,2019.27472833064,0.043,-0.0852183416832949,12.58295885753191
8.370000000000001,-0.0022120881726109,-0.0087399727568787,0.8204185961842746,0.0174218458562161,0.0010528745510299,-0.0019043565386941,0.9998458602046196,0.0156633921505481,0.1264436132857496,1.7206765051822297,0.250137116892564,-0.0124229937744658,-0.0271027107141319,2040.5313536391584,1994.463530724372,2004.4769556943704,2004.4794389097576,0.054,-0.146661848748703,12.41049794320202
8.38,-0.0020494532154794,-0.0080012579086058,0.836913827929261,0.0187799647098609,0.0009275833934596,-0.0019131757290073,0.999821380184068,0.0156595239503611,0.1183949735251013,1.7438215774319674,0.2053356367980073,-0.0333114998837827,-0.0293944558625143,2026.3850821388544,1972.5781323762767,1983.5888586364267,1984.092324415291,0.052,-0.1168818341560576,12.034751208601875
8.39,-0.0017942079647888,-0.0073241219364203,0.8537891367979225,0.0199261527478042,0.0007783361431606,-0.0019285175628706,0.99979929158283,0.0170806369761096,0.1103090191696226,1.7666882133267905,0.1565358764214879,-0.0588460920746943,-0.0303560378999449,1997.457328508712,1955.8391085425849,1968.8555134897429,1965.1245655553,0.03,-0.1673560009756515,11.921408286147969
8.4,-0.0014663637262212,-0.006704866973879,0.8711100282734106,0.0208734705661016,0.0005571662071332,-0.0019411664675192,0.9997800856513842,0.0193670642280452,0.1033127812356855,1.7903867680521723,0.1244466262967814,-0.0692618006130769,-0.0299010115508688,1965.8367954346847,1942.0591773882247,1954.670682186665,1951.2971741604567,0.005,-0.1582619155773253,11.90186467500693
8.41,-0.0010985467558079,-0.0061384635131467,0.8888667454450174,0.0216266525081252,0.0002548732760198,-0.0019468588791155,0.9997641885371824,0.0209890967177062,0.0980119978407666,1.815496219999364,0.1108444792425162,-0.0658133645289461,-0.0292305583691232,1943.3958782773136,1924.8715636646407,1934.8027059435808,1939.9766648173456,0.0295266277920455,-0.0905739553272575,11.396334470037615
8.42,-0.0007248089433364,-0.0056199255331115,0.9069615674218512,0.02220109074044,-0.0001059576306622,-0.0019459318154364,0.9997516260013208,0.0209078003845759,0.0942843528074262,1.8389974070042487,0.0990502579086209,-0.0646191140734428,-0.0292959041640114,1928.110570166527,1899.7668062382943,1909.1072296435173,1925.9589500545767,0.034752410026946,-0.0602090373034189,11.116271477340067
8.43,-0.0003698469981491,-0.0051454872722736,0.9252384812614012,0.022632964523766,-0.0004915353226834,-0.0019411883677498,0.9997418362245392,0.0195677067125958,0.0913035724961074,1.8556219179003075,0.0771198948839676,-0.0747433185147353,-0.0291936715440907,1909.6991135366848,1871.084829339932,1884.5161111350976,1906.9979735361808,0.0235074139462858,-0.125373970612808,11.02927100877852
8.440000000000001,-4.357452723879868e-05,-0.0047136847128465,0.9435434747259538,0.0229724923809753,-0.0008746038982728,-0.001935726149708,0.9997338408927152,0.0183310439343311,0.0879345441812331,1.863148227728784,0.0517109121008459,-0.0874703337925691,-0.026374637704089,1885.4557500939263,1850.774916812253,1869.2353388358808,1885.4599213357783,0.0324164208433489,-0.1309208530873833,10.635069459198968
8.450000000000001,0.0002570970749551,-0.0043262725221982,0.961781064289544,0.0232654468379859,-0.0012414792407639,-0.0019317254839058,0.9997266857243424,0.0181506824813178,0.0834834252254616,1.8648730682209589,0.0357366071069321,-0.0883540701473526,-0.0190417810470339,1863.113335501141,1845.5477803027056,1863.531396920352,1864.7713368499528,0.0489745711509796,-0.0902161522802941,10.117515027582035
8.46,0.0005416385001366,-0.0039886860685594,0.9799379158583034,0.0235373657232411,-0.0015910331758944,-0.0019302681346416,0.9997198282984948,0.0189250084584373,0.0779929402270225,1.865880864405587,0.0295022833450875,-0.0757114002687218,-0.0090572861075154,1848.5535008835632,1846.912043523367,1857.742786852766,1845.7224391916343,-0.007639311569357,-0.0257538183489157,10.186310066842616
8.47,0.0008190261250626,-0.0037095056486654,0.9980688585920592,0.0237915577178264,-0.0019297561168465,-0.0019316530093878,0.9997132121460336,0.0199228450758288,0.0715973476148686,1.8679128202943005,0.0209650015038323,-0.0630760963509416,-0.0020691695151513,1838.168338718884,1839.245545537421,1842.157261410397,1827.1697678575988,-0.006752631899285,-0.0477737012896677,10.166376714027844
8.48,0.0010940825583835,-0.0034985072431838,1.0162578524922328,0.0240175080316479,-0.002264887015843,-0.0019355916476249,0.9997070986442624,0.0205441075570817,0.0638400586501097,1.8688077248622228,0.0007541974585742,-0.0636751084100392,-0.0029396540417665,1824.8628672551704,1816.2888590026937,1816.3444466465064,1807.8995296774085,0.0113868591140551,-0.0775182814476508,9.650109129516668
8.49,0.0013676845399131,-0.0033637371923656,1.034566804973305,0.0241961433845139,-0.0025993244502423,-0.0019410191045414,0.9997019668894096,0.0206397463291425,0.0539899200319886,1.8657831557827065,-0.0308746589250204,-0.0758950829873238,-0.0101848023851193,1806.0837304588529,1785.3113370829972,1786.620441352889,1786.260215316205,0.0551574598121443,-0.1320552411271248,9.29916748338355
8.5,0.0016391875007699,-0.0033088274439798,1.0529820318630103,0.0242946330252807,-0.0029325393668398,-0.0019457763350416,0.9996986470799504,0.0203248847057068,0.0420159932396897,1.857984214235624,-0.0711667461945047,-0.0860976080892303,-0.0165747031238999,1784.1778482128564,1757.281899392214,1758.2699159667868,1760.8554309251726,0.0490252918363638,-0.1618482489818076,9.1635290920672
8.51,0.0019085757775886,-0.0033314578325438,1.071372603202813,0.0242584632704386,-0.003265769111795,-0.0019467777342396,0.999698490430149,0.0197376223430986,0.029125818318995,1.8470441128084252,-0.1213499151054766,-0.0840244499763177,-0.0166814828151994,1762.5216443200832,1737.1585805801851,1732.876602417096,1733.3835908669407,0.0221574739785443,-0.087055156128725,8.93673818919623
8.520000000000001,0.002176642773343,-0.0034229653218509,1.08948021321884,0.0240152093857405,-0.0036049977314342,-0.0019412023970117,0.9997032086788404,0.0190176038673746,0.0173242273538884,1.8366829178863524,-0.1824350236872814,-0.072467463384035,-0.0124891589893154,1742.5379420908605,1722.0906531397168,1709.9563414157265,1708.441866715044,0.0027103941681524,-0.1057376349910769,8.642454693107162
8.530000000000001,0.0024434115372187,-0.0035689039662763,1.1069579237610647,0.023495582186729,-0.0039587327448219,-0.0019286522634269,0.9997142423478864,0.0183389699906758,0.0082471584540568,1.8300104527909,-0.2475353748993584,-0.0618549885835061,-0.009853692360893,1722.0098912579697,1705.4194656117654,1688.4640373358145,1689.0441767410114,0.0203743880326149,-0.0988152656364793,8.439874855925856
8.540000000000001,0.0027063508142366,-0.0037509943181444,1.1234657499292362,0.022661412849794,-0.0043327061078588,-0.0019132980653648,0.9997319777400075,0.0178274521627653,0.0020525708341782,1.824307221389842,-0.3023739772671361,-0.058420446164798,-0.0108518219969326,1696.3260703909343,1682.5440870286156,1667.7750362815875,1673.607169147124,0.0571991076337016,-0.1246537982480402,8.152942975930118
8.55,0.0029596665324022,-0.0039510843030308,1.1388121483146674,0.0215224696831864,-0.0047231955628478,-0.0019042772141797,0.9997553943093797,0.0174723591170142,-0.0027040527727899,1.8094168054538176,-0.3347848014683833,-0.0595351607815852,-0.0123854494980068,1664.9542953311454,1655.0065732401354,1648.6783903087107,1658.230901136264,0.0146340316699719,-0.0994638733201092,8.010775746400672
8.56,0.0031951171204897,-0.0041564457012702,1.153096315385944,0.020132188181894,-0.0051102276583648,-0.0019126668109343,0.9997824374722528,0.0171414572309734,-0.0079560417617757,1.775455927885668,-0.3434749337826286,-0.0590265105465031,-0.0119645972681357,1637.273583169089,1630.0158874235888,1634.0035024688264,1641.7739964996897,0.0187380546944853,-0.0509822893596873,7.928416042790508
8.57,0.00340451798854,-0.0043638052100905,1.16677377477648,0.01856827135254,-0.0054564395126541,-0.0019447042024044,0.999810814450608,0.0166313321686373,-0.014676322612939,1.7240052169388842,-0.3378191707099471,-0.054463359232526,-0.0115649069919129,1627.135791058278,1615.873194702907,1627.823312226033,1628.4062394010089,0.057583410604921,-0.0365664445674937,7.70433040192688
8.58,0.0035835801912539,-0.0045792687914801,1.180577983206098,0.0169115306418126,-0.0057184673240844,-0.0019934209343041,0.9998386497509452,0.0157240856714455,-0.0223275295830561,1.6698941991330525,-0.3303280933666822,-0.0484701731837707,-0.0142480539319196,1638.1163025696544,1616.3832911265615,1632.0130381889585,1624.3935890684866,0.0492128128134296,-0.044646703356821,7.460658035792442
8.59,0.0037353417796911,-0.0048137523231384,1.1953000230924091,0.0152296952407258,-0.0058683425540481,-0.0020334102313542,0.9998647329420984,0.0143206841065566,-0.0295157835435057,1.630510514092144,-0.3295133273334758,-0.0438098246985609,-0.0189854682739898,1656.8937828112826,1627.3287093169208,1642.4328405959102,1631.476963529249,0.0479639268949745,-0.0490865867551227,7.587066744455169
8.6,0.0038707444069447,-0.0050766415711812,1.21151357920744,0.0135632460459579,-0.0059117782393534,-0.0020241881064959,0.9998884897313576,0.0126212232351073,-0.0350768943899454,1.613817292503485,-0.3378525553780837,-0.0387715960700856,-0.0209663296929018,1664.7650817709273,1637.3407114452211,1649.4298122412135,1642.9803964443722,0.0238864484277472,-0.0702271031445056,7.8705705211036285
8.610000000000001,0.0040054625605193,-0.0053712474263044,1.2293676634033732,0.0119112435849757,-0.0058910194492535,-0.0019247311283379,0.99990985272483,0.0111466550526736,-0.038690252667756,1.615786781020934,-0.3537379568286014,-0.0290907068215262,-0.0166922438540221,1653.7677876174582,1633.9886492082614,1642.5344805022178,1646.0973511451466,0.0485457939572567,-0.0968175797242839,7.918143888452986
8.620000000000001,0.0041548078735875,-0.005693806994584,1.2485335279276568,0.0102253104318368,-0.0058703918101172,-0.0017150811449332,0.9999290174923592,0.0104153599821767,-0.0407595425256002,1.6258234568312853,-0.3745477344745279,-0.0147555894654151,-0.0075926826871697,1628.45557545377,1611.2965599982708,1615.3141036863371,1629.0627216559112,0.0116882909297446,-0.0802987373845957,7.711434314881349
8.63,0.0043297087327824,-0.0060354661821384,1.268318773707012,0.0084239995668654,-0.0059123503097538,-0.0014134937117361,0.9999460397344644,0.0104386614302623,-0.041894054518722,1.6327125522860078,-0.398671891660481,-0.0035994296741879,0.001265964408946,1594.9807967117974,1571.7805102494408,1568.9964112615992,1589.482300463968,0.0200282807586983,-0.0093604041372461,7.518224814868484
8.64,0.0045351814251196,-0.0063856012992716,1.2878946935229705,0.0064287023684167,-0.0060557163812974,-0.0010759852804044,0.999960420387049,0.010578850171622,-0.0424458772202887,1.6280355400252875,-0.4245687401958856,-0.0071802262353089,0.0052683060399508,1554.409682030241,1521.6149653169575,1513.625889803855,1537.507996557434,0.0603217463690706,-0.0703778830660611,7.1296918528496125
8.65,0.0047700017013266,-0.0067349241990617,1.3065452894763838,0.0042058718712541,-0.0063070664706413,-0.0007744182468586,0.999970965493857,0.0100907922546052,-0.0423758900338324,1.60824958101106,-0.4475020548428093,-0.032916908028784,0.0032981096124516,1506.7480559285425,1465.302697214207,1462.3878338440518,1488.2574284130003,0.0805357502812715,-0.0367052147830786,6.629520931125746
8.66,0.0050254584696019,-0.0070774486545231,1.3238466170283192,0.0017937402937344,-0.006651040295896,-0.0005648032520676,0.9999761132927264,0.008876744280114,-0.0414967299610811,1.5753861057374023,-0.4587724129320149,-0.0792349659728372,-0.0020886020421094,1455.2471777433725,1405.0351486306176,1420.2775920023291,1448.2022772751106,0.1076317180948914,-0.0425600344807257,6.06956635129932
8.67,0.005283226019351,-0.007411149546472,1.339722419899848,-0.0007013722661111,-0.007074740926132,-0.0004653795514064,0.9999746194477368,0.0075980920937406,-0.0399039579690407,1.5347902678811265,-0.450500946465099,-0.1366730349373203,-0.0068285317822716,1402.9885900991032,1342.96785728278,1379.4753122560232,1409.7121769885125,0.1047052615214061,-0.0121614990284137,5.584221005856692
8.68,0.0055151459727739,-0.0077375968709414,1.3543786476011588,-0.0031388936168001,-0.0075904808640637,-0.0004561611100021,0.9999661613595514,0.006955515684512,-0.0381810812166534,1.4907493765413882,-0.4217759399784754,-0.1929941280454589,-0.0082023422071476,1349.066727041699,1282.4698615828345,1330.198824428854,1360.7640326031478,0.0668738047046966,0.0180071853347759,5.2259807262963225
8.690000000000001,0.0056877665934332,-0.0080609291057371,1.3681650940964452,-0.0053923072444074,-0.0082402745622017,-0.0004960946117531,0.9999513862122786,0.0069566365268216,-0.037049189289941,1.4439667153694975,-0.3798497106277128,-0.2381176684467931,-0.0065427494639965,1292.5146881974752,1228.1833908547176,1275.2108538262753,1299.4056581498962,0.0753581694205635,-0.0034973343644689,4.867783149551131
8.700000000000001,0.0057714717920582,-0.0083864715906924,1.3814259839433367,-0.0073895009507151,-0.0090770903224845,-0.0005446811654194,0.999931350158302,0.0070103287939697,-0.0367089199503913,1.3931789019164365,-0.3358381609807771,-0.2662022842957658,-0.0046322487922057,1237.392103016491,1185.802140244975,1228.1408098825905,1236.6811569782,0.0715865431823278,-0.035935659260884,4.46957309273813
8.71,0.0057507420007844,-0.0087191553126751,1.3943865214507147,-0.0091282122074368,-0.0101329488931882,-0.0005765348633469,0.9999068290076708,0.0066262384550535,-0.0366236324271299,1.3381402553447814,-0.2992368760093186,-0.2753322037088914,-0.0052704731332487,1189.845191608959,1158.6550794861778,1197.1280683596726,1185.3264724284295,0.044676002368591,-0.0405143508025307,4.186131192197805
8.72,0.0056310807778956,-0.0090618033504209,1.4070989191503414,-0.0106626965383409,-0.0113917678155916,-0.0005847560754917,0.999878088863287,0.005822908254216,-0.0361131941309188,1.2801113430216706,-0.2747082098991085,-0.2664407232458412,-0.0089658305769772,1151.3507071212089,1141.3613590681432,1175.760384742856,1147.9970427227236,0.0853858908846374,-0.0500967689355657,3.8700203590523983
8.73,0.005439427744134,-0.0094135143033346,1.419452029392393,-0.0120703475507921,-0.0127815919872834,-0.0005756847888385,0.9998452911342322,0.0049092002985565,-0.035140924622678,1.2204164240075872,-0.2616740513091529,-0.2422016666037845,-0.0135861360086513,1117.9026914644696,1120.9066184010424,1152.0099758305334,1117.8380150743271,0.0933058897688203,-0.0293401753203035,3.6222353514296426
8.74,0.0052172744293614,-0.0097686036079325,1.4312320026503285,-0.0134150517278358,-0.014190034546288,-0.000560485074356,0.9998091643724796,0.0040949537113222,-0.0343652310376082,1.160002015089291,-0.2556871091947587,-0.2061126930819128,-0.0163148858456861,1086.095958522292,1089.6311924213828,1121.716179468979,1088.3261709586366,0.0961029509344044,0.0252247192924356,3.478588451147724
8.75,0.0050085763767613,-0.0101167030711459,1.4422066848083162,-0.0147248860033536,-0.0154951968170333,-0.0005482924384914,0.9997713618538948,0.0033646364756285,-0.0344022273408698,1.099727384450332,-0.2506552865412091,-0.1622474528993955,-0.0163476343756211,1057.5546009544032,1054.1412044226274,1090.2839105456596,1059.3233726583992,0.0190188205401144,0.0187349629438067,3.3381978104553296
8.76,0.0048471042186037,-0.0104445850894117,1.4522017772678293,-0.015993456341653,-0.0165980988355623,-0.000543127395319,0.9997341734090744,0.0025903094211487,-0.0351707528825376,1.038994962952416,-0.241774715601842,-0.1156912743943051,-0.0156729511893556,1035.1697857255383,1026.0162174798938,1063.8164595944493,1033.922610161261,0.0513297140999208,0.0099433832486393,3.090080883355643
8.770000000000001,0.0047483797655083,-0.0107397968377508,1.4611465978025653,-0.0172001044252285,-0.0174435840711382,-0.0005443008965943,0.9996997456831967,0.0016770384094261,-0.0359677582695453,0.973896126298612,-0.2282961532479116,-0.0725041069313351,-0.0168549537204419,1017.6743168293816,1007.5883628670944,1043.5873129818665,1013.987974197988,0.0608346807832778,0.0415948616435529,2.9629393927650374
8.780000000000001,0.0047089586844227,-0.0109952830995081,1.4690830315803782,-0.0183325353375844,-0.0180232402873876,-0.0005486757911185,0.9996693352866814,0.0006298347999679,-0.0360157508834244,0.8993022469971548,-0.2131257623417859,-0.0378216402252273,-0.0201458103713002,1002.8648565846596,993.707544122074,1030.3091921901482,1001.5294245830156,0.023570083634852,0.0151782766700784,3.056096835372658
8.790000000000001,0.0047121340876588,-0.0112132619765522,1.476141400404953,-0.0193941836645812,-0.0183624028163832,-0.0005530395372866,0.9996431272959684,-0.0004592963582582,-0.034912491439276,0.8150592647468505,-0.1977866370008805,-0.0125091418046539,-0.0232113138246223,994.3516238360384,984.6725865612756,1028.4162495402738,1000.627933347148,0.0679885603486911,-0.0477155334878164,2.992023693025456
8.8,0.0047366215037504,-0.0114061795208715,1.4824919537330017,-0.0203904274002349,-0.0184991449958362,-0.000555522099892,0.999620779846065,-0.0014697621218253,-0.0327886486631393,0.729015071199645,-0.1776411949848213,0.0086526144922403,-0.02373330944731,998.8182377680754,988.6156619710018,1040.9641384250197,1013.1561381120824,0.0736737662959011,-0.0166174134189142,2.8529789403062624
8.81,0.0047644657218204,-0.0115933601370351,1.4882892105086385,-0.0213049191449182,-0.0184646631011128,-0.0005558451943136,0.999602344771615,-0.0023319116026189,-0.0301993539739903,0.6511235670865574,-0.1442346960620046,0.0341983560419395,-0.0220303115500482,1016.446896283189,1009.079664442961,1063.268776739993,1034.3003961873533,0.0794903265349717,-0.0540504256196168,3.0818389048711983
8.82,0.0047856544583365,-0.0117942457301203,1.4936353152109798,-0.022085721874811,-0.0182728809704549,-0.0005547792813894,0.9995889229729674,-0.0030942808652044,-0.0277686385003448,0.5842260412058701,-0.0933160029120238,0.069309451422879,-0.0209965130661783,1039.1964916374875,1036.3966246724756,1087.1237696295366,1056.7324217035534,0.0426958887742414,0.0467880489262157,3.2116609808103123
8.83,0.0047986547935005,-0.0120213080491595,1.4985805386529485,-0.0226542136625534,-0.0179225012825558,-0.0005533697678783,0.999582545032179,-0.0039092474656364,-0.0258061664076954,0.5225852621981307,-0.029406931619872,0.1102975363259964,-0.0232867912288589,1059.8085413461608,1056.4439318240795,1109.251924606957,1078.364853852713,0.0305819706701726,-0.0062037828468942,3.417648494542457
8.84,0.0048075581588101,-0.0122757073917826,1.5031511389214312,-0.0229349803265753,-0.0174080801909253,-0.0005523628444527,0.9995852341430288,-0.0049037925394444,-0.0242190451942313,0.4596465621895509,0.0372883463769844,0.1457931717557263,-0.0283243159749325,1079.268424707136,1066.9320022064976,1130.8727279649652,1102.561754950892,0.0758494075958116,-0.0226500805535731,3.6043295683550194
8.85,0.0048174147195082,-0.012546739395116,1.5073734486265773,-0.0228924251526409,-0.0167330967018223,-0.0005520007128164,0.99959773691251,-0.0060348296361599,-0.0227023179774366,0.3951557630890725,0.0959482775742448,0.1650421576553077,-0.0323073355445509,1104.5246202343214,1081.1705084723517,1151.9456693394654,1131.5867577258102,0.0972837847854579,0.0277926938990258,3.75203567513472
8.860000000000001,0.0048296389518045,-0.012814425576089,1.5112721803435651,-0.0225549147884909,-0.0159202304734917,-0.0005521290098526,0.9996186859168408,-0.0071008307930328,-0.0209222336782178,0.3339892484454828,0.1368646714783789,0.166312186176522,-0.0317732015521925,1141.2160426109351,1113.5282040284908,1171.6335165764908,1162.9840208930875,0.0450365488171166,0.0421594357687077,3.996688069808089
8.870000000000001,0.004839177587272,-0.0130544870335316,1.5148491141705562,-0.0220118765440055,-0.0150171236027137,-0.0005524466628126,0.9996447659505836,-0.0079487285831441,-0.0185844774143265,0.2798396550563814,0.1527837350681308,0.1570402583130972,-0.0273204601210841,1188.549282689034,1162.6419451500142,1193.0421932689487,1192.7978766153028,0.0607366125993756,-0.0507656584469974,4.234051382294787
8.88,0.004834548203977,-0.0132449955798731,1.518065355481268,-0.0213823023410934,-0.0140946880594079,-0.000552729531037,0.999671861865266,-0.0086717543451076,-0.0154961622886762,0.2316235171173178,0.1438276615587123,0.1457731961198085,-0.0233595579587393,1238.823745057889,1212.162994293342,1222.3388145285048,1220.9937463401272,0.0415378101177113,-0.1068854011439563,4.550517790038066
8.89,0.0048009470263183,-0.0133729663469212,1.5208442022674251,-0.0207685674131817,-0.0132333043601445,-0.0005529281105189,0.9996965742333124,-0.0095415968186394,-0.0116760826294222,0.1854486878683297,0.1218435311740562,0.1349584523732946,-0.0238911162373442,1282.258459400255,1247.9318973730724,1261.8620224421486,1252.479764515108,-0.0115010141444856,-0.1342360603904372,4.862815234292221
8.9,0.0047254859037596,-0.0134382594607292,1.5230946940973975,-0.0202182661417267,-0.0124970997696866,-0.0005531247127652,0.9997173291809144,-0.0107095544010946,-0.0074422395187018,0.1385095120690713,0.1067055233721044,0.1220293006198721,-0.0287841583028048,1314.384213684336,1271.2011054366492,1306.0649540569725,1291.488070633117,-0.0236899056621861,-0.1150317080960545,5.143214278114633
8.91,0.004602506465044,-0.0134530713028164,1.5247437897186946,-0.01971263873815,-0.0119063815638718,-0.0005534026458747,0.9997346366399168,-0.0120290198514182,-0.003367219845554,0.0908295383447076,0.1148377613056823,0.1066071970131955,-0.0343361305093043,1339.0428712642745,1295.0704406241348,1346.4337865843318,1335.258183223238,-0.0680084886753934,-0.0249209304481138,5.532782908156951
8.92,0.0044363670304686,-0.013437476588557,1.525762337130789,-0.0191852591493475,-0.0114236575253342,-0.0005537149785399,0.9997505285219104,-0.0132438955345777,-3.4216310441932034e-05,0.0445035655090471,0.1482641204817273,0.0953419187375868,-0.0368638170307801,1364.9580393083809,1331.6253912243,1380.8635513529923,1375.8635733564415,-0.0349305773906693,0.0067570564405444,5.853905968928047
8.93,0.0042398412998108,-0.0134130815036464,1.5261743028264076,-0.0185594299491669,-0.0109634596923161,-0.000553840655899,0.999767494656665,-0.0143392611887776,0.002305935471854,0.0020098072665106,0.1915851993553644,0.0985005688117269,-0.0351872237741324,1401.1952559313129,1383.2847889537973,1415.7478215425365,1409.3908370844106,0.032374142653536,-0.0762803686935039,6.153530501780213
8.940000000000001,0.0040285674656784,-0.0133970259070017,1.526048153166391,-0.0177868737803943,-0.0104237803571635,-0.0005534809707181,0.9997873101730193,-0.0156254976555431,0.0039062345760364,-0.0353525362013483,0.2191870302573451,0.1207835255696582,-0.030383066562041,1453.777700186829,1443.4351476949423,1457.8048650679416,1441.55241304139,-0.0405487297892863,-0.1173939197693526,6.6154538350905066
8.950000000000001,0.0038145982610556,-0.013397836509437,1.525479008469333,-0.0168732497194759,-0.0097258943694107,-0.0005524823471319,0.9998101795770412,-0.017413990963383,0.005351991787065,-0.0679259389902039,0.211207408350864,0.1552006408666617,-0.0245993322721376,1521.85611712164,1502.95115276426,1508.0829744629073,1483.6202914224089,-0.0388296339474581,-0.0822746999335892,7.18503673959837
8.96,0.0036026953730713,-0.0134137742215924,1.5245719445044488,-0.0158809038756693,-0.0088459504020626,-0.000551086085659,0.9998346075015118,-0.0196090470238752,0.0071595286600762,-0.0963837066588978,0.1704345377790115,0.1864514268097966,-0.0203174513830812,1596.635375362505,1556.598488735959,1565.8476595683,1543.7168142031192,0.026627726549382,-0.0591761258288998,7.6638620398863315
8.97,0.0033907313808067,-0.0134337390163566,1.523429696244318,-0.0149050939058673,-0.0078254159295845,-0.0005500364394366,0.9998581391883058,-0.0216756253323787,0.009435599180645,-0.1199786988861321,0.1248186383917811,0.2011695199551128,-0.0194334765072775,1666.8733781808785,1605.512628941187,1631.4780952506253,1620.2069913375858,0.0531149685620144,-0.0996029688963863,8.262118872589628
8.98,0.0031725783959899,-0.013440474783781,1.5221422024164204,-0.0140314543933249,-0.0067548562240688,-0.0005503768702629,0.999878586274504,-0.0230860893608865,0.0118951174255265,-0.1367193860661088,0.1067154348328501,0.1961480317637911,-0.0218951783272037,1726.9544670432451,1655.5911078121571,1700.9670659890114,1700.9294281608256,0.0791462438390487,-0.0381446614465578,8.956782837212774
8.99,0.0029410577942362,-0.0134155150350029,1.5207784348052855,-0.0132966288438661,-0.0057362074179639,-0.0005528766965074,0.999894989442994,-0.0238156198565131,0.0142763339480589,-0.1454171013050749,0.124003762877772,0.1782065172131225,-0.0252742497565815,1780.7156749324,1713.427244639843,1765.269324690054,1771.061470060068,0.0665341319844528,-0.0023635606363929,9.771179329997082
9.0,0.0026900251219694,-0.0133448177596634,1.519386806665997,-0.0126762662412105,-0.0048404372219369,-0.000557257459146,0.999907781700796,-0.0243334031315334,0.0166935404203104,-0.1467931442668355,0.1530642871001303,0.157758929950711,-0.0263864266008225,1837.6694909463024,1781.583936386436,1822.455969233055,1825.650690103375,-0.0056498177694815,0.0593275043199917,10.554651627736952
9.01,0.0024159854928787,-0.0132234021766077,1.518008613343184,-0.0121069990197266,-0.0040813175367607,-0.0005616494741949,0.9999182206419526,-0.0250888114724917,0.0194248659078494,-0.1421284144877348,0.1634987682208812,0.1435657337624862,-0.023907233875681,1902.8242470630871,1855.623184241656,1883.1098085039373,1873.7167715982985,0.0873015683619825,0.0352010354308494,11.099406688619268
9.02,0.002119276509028,-0.0130569737243212,1.5166995191831214,-0.011525317149476,-0.003416461809122,-0.0005628404329977,0.9999275864101148,-0.0260985865582925,0.0223989998848077,-0.13147987086804,0.1481967921633257,0.1416165403993629,-0.0194518499619812,1969.057262586317,1925.465655099474,1953.3235120108527,1927.2643002292325,0.0387026873333749,-0.0294264500715882,11.854532170529945
9.03,0.0018040859056216,-0.0128592619098897,1.5155468419918487,-0.0108977259686198,-0.0027714158737289,-0.0005576928560613,0.9999366218923308,-0.0270726120848924,0.0251622948858033,-0.1137479457120061,0.126178894825245,0.1530334828523277,-0.015813382712999,2022.338889888432,1980.7484783667464,2017.898145140404,1986.560410917668,0.0877707303644475,-0.0336412846459645,12.829661306478776
9.04,0.0014769262738406,-0.0126459297712148,1.5146709260954192,-0.0102273635790529,-0.0020732320188438,-0.0005455166951465,0.999945401086856,-0.0278100620163035,0.0274657458916713,-0.0877934584887983,0.1188466878912459,0.169337475881113,-0.0141143962345585,2054.682569324053,2015.834465229649,2053.111002518544,2037.876485111552,0.064589814537263,0.0203515043580739,13.761021729807291
9.05,0.0011441743698662,-0.012428279322652,1.514204787720682,-0.0095390351136258,-0.0012796149192517,-0.0005303309165441,0.9999535429928124,-0.0283417188486719,0.029686441350329,-0.0528944239557343,0.1294222170413256,0.1747392396440299,-0.0129243215890352,2068.002110203614,2030.2212545281368,2054.356878239088,2065.158199261492,0.0565640729820386,0.0345200127115876,14.118614450096374
9.06,0.0008097735851845,-0.0122103089209501,1.5142558025663235,-0.0088550194366922,-0.000394090454688,-0.0005212691755869,0.9999605800240008,-0.0287335899722355,0.0324491153769543,-0.0092484451244527,0.1457128480150892,0.16063486149412,-0.0100570006857308,2065.491899376614,2024.73952781764,2038.76751419077,2062.153133144284,0.0868575807955205,-0.0238027207280789,13.948532757506948
9.07,0.0004740980109963,-0.0119901721031182,1.5148661664704548,-0.0081755891134689,0.0005363649775627,-0.0005294937560411,0.9999662952778064,-0.0289000374509063,0.0358625097497704,0.0403870919741787,0.1567587646744081,0.1365997776758361,-0.0048697962235151,2045.3718470687943,1998.450054749764,2019.7456857436816,2033.8021251557395,0.0601719776680075,-0.0337211763112938,13.843049888354509
9.08,0.0001345441277292,-0.011763958203749,1.5159961810947593,-0.0074738989561757,0.0014379696123118,-0.0005613434907932,0.999970878561607,-0.0286851320516823,0.0393082468411586,0.0899125023360078,0.1626917695292737,0.1197450450169061,0.0010473593890971,2006.08164768004,1951.0770479665043,1991.6536042173136,1989.6034836797007,0.0700109461567219,-0.0900898131887136,13.578244730784531
9.09,-0.0002122305157612,-0.0115288946391634,1.517543261935527,-0.0067076736625677,0.0022331983258476,-0.0006099189788431,0.9999748236521324,-0.0280942813644979,0.0420092650226976,0.1325566693913039,0.1706062430510624,0.1131314135462874,0.0050845823425499,1953.6211881294012,1889.1127343067,1944.669809760284,1937.9063120212656,-0.0188054270792658,-0.016829025904202,12.992797317587138
9.1,-0.0005670923799199,-0.011284729119797,1.519384442314592,-0.0058419276681585,0.0028634674460891,-0.0006498365430783,0.9999786248454376,-0.0273784342102412,0.0436520457531964,0.1651756584310075,0.1847161442924696,0.102670307220475,0.0058627104804627,1899.4251889437935,1826.404516508503,1884.2466499732304,1884.007780474073,0.0382462483634699,-0.0464033447513663,12.217578338205245
9.11,-0.0009253283217781,-0.0110337169476076,1.5214144980947946,-0.0048703651423167,0.0033081810718969,-0.000640601806981,0.9999824624015669,-0.0268480511265518,0.0444227117808288,0.1892812193407728,0.2010485472872744,0.0779653426401929,0.0047212177139002,1851.2879433107305,1775.032777345377,1827.4262702871115,1829.8280950549183,0.0680003437297527,-0.0338312500059157,11.388853536501191
9.12,-0.0012749725499068,-0.0107797504790786,1.523560556659983,-0.0038225506062093,0.0035962095620354,-0.000541168954936,0.9999860811630386,-0.0266102366828525,0.0446546379135109,0.2075351264453319,0.2100801646904586,0.0492801523381645,0.0044509869981567,1808.6714555904505,1736.5151310300992,1784.8453245825756,1774.9248497300478,0.0341107823854522,-0.0430304745648481,10.813472513900605
9.13,-0.0015976531407196,-0.0105268119217147,1.525775470916261,-0.0027524936215739,0.0038022040188952,-0.0003315616516078,0.9999889284838772,-0.02652790230019,0.0446145035643519,0.2202434210690008,0.2042904101299668,0.0386691282418577,0.0061276168733439,1767.1840893026747,1704.3230893283855,1753.0077052169695,1720.0789155187822,0.0524202659875395,-0.0594506550667216,10.199511576120983
9.14,-0.00187225853864,-0.0102773211788778,1.5280241115737263,-0.0017169378254414,0.0040227166198432,-3.0024109510050156e-05,0.9999904344412766,-0.0264267376848558,0.0445190700820583,0.2260439803674811,0.1846131390877233,0.0570752484362034,0.00795040275823,1725.7247661758756,1673.0536485875464,1722.258237287615,1670.7406593464302,0.0565915333728724,-0.0868331668083541,9.612447866989584
9.15,-0.0020805966470156,-0.0100312667346247,1.5302728749315364,-0.0007567803646745,0.0043393910026709,0.0003074406881423,0.9999902511771946,-0.0262480052514889,0.0445281947065653,0.2249498092753712,0.1606757599828316,0.0934731344786796,0.007588498253471,1688.157660403146,1642.2205117332792,1688.0421435897906,1634.6164197102748,0.058034493816092,-0.0024622784000803,9.20565227840008
9.16,-0.0022130733582837,-0.0097863476073098,1.5324849757278254,0.0001112747223459,0.0047883309315883,0.0006089856427536,0.9999883442527282,-0.0259516004495734,0.0446464890040284,0.2191619022918172,0.144404378868544,0.1244902527975097,0.0046009452810076,1659.5147697001612,1613.245839814039,1654.6375353349024,1614.1475220436218,0.0241657595391634,-0.0257966134884625,8.867802041481218
9.17,-0.0022720524712035,-0.0095387208400143,1.5346215764433015,0.0008940067204942,0.0053527310445315,0.0008186037755998,0.999984939341692,-0.025366375762436,0.0447179255419051,0.2110999725056002,0.1418762020578008,0.1319706505378441,-1.6725384999597944e-05,1642.0473864340051,1587.3171552458343,1629.551449613946,1603.5032067911195,0.0573432132921925,-0.0136768739404638,8.614033705245678
9.18,-0.0022716659810644,-0.0092842923964092,1.5366477024606238,0.0016150242577027,0.0059795492205422,0.0009180472312539,0.9999803967463798,-0.0242463168931785,0.0445650580293971,0.2018651461317318,0.1496442519362239,0.1133947059418802,-0.0054704205298278,1633.7793969096138,1566.5283176972875,1614.7187231879043,1594.737716896808,0.0684111572325154,-0.0114421274519264,8.527663097671335
9.19,-0.0022346735014459,-0.0090207716480361,1.5385381376316625,0.002304106098866,0.0066048744694942,0.0009272900892222,0.9999751031207816,-0.0224747348464074,0.0440938199857457,0.1915845469060507,0.1579110883500998,0.0799701642154546,-0.0112783833454411,1629.550112687989,1553.4184864777,1604.5903585193591,1584.904661356492,0.0714106597557351,-0.0465485774306587,8.329876495105582
9.2,-0.0021879906788752,-0.008749943088281,1.540277119015458,0.0029854604984931,0.0071708567585346,0.0008873771665065,0.999969438733367,-0.0202018107865537,0.0432914964442706,0.1800325623655976,0.1574522920097445,0.046347639591224,-0.0164322602232239,1624.853377188755,1547.6295656862474,1593.8550035981957,1576.0328817690192,0.0761738992025461,-0.0348374741868872,8.171104095749396
9.21,-0.0021582307111077,-0.0084788736629482,1.541851417866578,0.0036692700196573,0.0076292919737813,0.0008388031134382,0.99996381273066,-0.0178421184640635,0.0422350545002793,0.166548796461677,0.1449329697928568,0.0203874688740041,-0.0198152747441667,1620.1746175186624,1545.2928970928251,1584.7564048424558,1570.7477567320718,0.0346278592368101,-0.0848755190397428,8.146437001151634
9.22,-0.0021677907753055,-0.0082192216461565,1.543243876730592,0.0043496619086452,0.0079397828812017,0.0008069528378703,0.9999586937049936,-0.0159379279189736,0.0410970694924606,0.1503747458346647,0.1235039154537119,0.0008474602579839,-0.0216744305059651,1620.3671896828453,1543.7412304845498,1584.6230510595842,1569.992865500577,0.0510623216720801,-0.0599126195025656,8.192846901622769
9.23,-0.0022315753935397,-0.0079846209750865,1.5444345815931566,0.0050089746358469,0.0080721050942315,0.0007987273166494,0.999954555630964,-0.0148764666092048,0.0400141339765426,0.131877903765185,0.0995395832562474,-0.0161409537945073,-0.0236465571922986,1628.3428584153955,1545.5156861392277,1597.4779721054474,1573.8452132990342,0.0378988944172238,-0.0818066532416269,8.19590884047568
9.24,-0.0023546936329921,-0.0077863751461049,1.545409841524368,0.0056250766504468,0.0080151188844138,0.0008077889720625,0.9999517307645014,-0.0146124035328502,0.0389264565252769,0.1129546610263733,0.0786677312488305,-0.0298084794294465,-0.0266725463637176,1640.5621250794732,1555.6436774417646,1619.4226102339535,1582.3911440135162,0.0012502881976347,-0.0994450846772795,8.303176991249373
9.25,-0.0025319844286354,-0.0076282849400093,1.5461737883388469,0.0061773005834642,0.0077876701611479,0.0008229758541639,0.9999502566936548,-0.0146838353965238,0.0376428240720403,0.0955675160179881,0.0633777899752222,-0.0351530671917291,-0.0295032861530719,1650.6926056604848,1575.3225479167177,1641.401736019763,1595.3591624425762,0.0655172497719449,-0.0809744124475441,8.435832906750296
9.26,-0.0027501137618854,-0.0075029411771176,1.5467572469674573,0.0066486332325103,0.0074438529330014,0.0008351533989809,0.9999498423663318,-0.0145464384828932,0.0360611510385518,0.0803821311521584,0.0522873895010243,-0.0296866187112329,-0.0300761598934306,1657.4231169519835,1599.6319560449572,1656.5314615777866,1611.840843450854,0.0140126370900772,-0.0731617085831203,8.691062678780947
9.27,-0.0029916840776639,-0.0073925285919824,1.5472186953685492,0.0070261453499054,0.0070652023201445,0.0008403008279458,0.9999500037962978,-0.0139204288722741,0.0342385109728732,0.067523983584173,0.0409508868935363,-0.0175190653541641,-0.0283154985896961,1666.4256029401636,1621.057978582954,1665.8983469416407,1630.328387547412,0.066016619967521,-0.0627857249535281,8.784711581761245
9.28,-0.0032391961839061,-0.007275303978813,1.547632115501002,0.0073031904458331,0.0067382461374479,0.0008391066347269,0.9999502764379632,-0.0128906169260493,0.0322840125024324,0.0579006761086795,0.0251586498849651,-0.0062248715075756,-0.0269055355816389,1683.094930301398,1634.5598897786624,1676.3802511528572,1648.394048682568,0.0233895317786639,-0.0006105761095482,8.96124254850297
9.29,-0.0034768013231583,-0.0071353236812425,1.54806304422657,0.0074825156906392,0.0065264105750023,0.0008347086264452,0.9999503593606308,-0.0117225582939954,0.0303131712460801,0.0524212739655057,0.0055444523585856,-0.0011939879055581,-0.0286488272037738,1704.6648370346584,1640.5930347555511,1691.732746965823,1663.6087531391736,0.0511133819950101,-0.0235593256525326,9.15496849674841
9.3,-0.0036901472753549,-0.0069704092467449,1.5485457092887984,0.0075750716594832,0.0064508224365256,0.0008303225460818,0.999950156629677,-0.0105493746031961,0.0285002181247178,0.0500484912227205,-0.0115711359718393,-0.0035526017854045,-0.0331307189874135,1722.5036188249082,1644.651359891404,1707.8774370061767,1676.0060324972678,0.0845216833636563,-0.0057317451585954,9.39708843143656
9.31,-0.0038669220349664,-0.0067937321325767,1.549077019968943,0.0075926491900637,0.0064882708083255,0.00082782433592,0.9999497831026634,-0.009242661118019,0.0270231291522766,0.0480014888545385,-0.019791316676229,-0.0118619349026892,-0.036868141402996,1732.3644789772814,1652.8548803330534,1718.848510020176,1687.8443476872794,0.0634261240411666,-0.0246472965164349,9.57620621194341
9.32,-0.0040001001498491,-0.0066278211601172,1.5496307054551268,0.0075402646767496,0.0065833017570041,0.0008274989555516,0.9999495586238636,-0.0076500746598954,0.0258657239922381,0.044470611022282,-0.0190004386661251,-0.0239709237880068,-0.0369866400543919,1738.4513558870046,1666.6221308335166,1724.8943467842848,1699.396972563058,0.0579991135488693,-0.0017917025247039,9.625776055400916
9.33,-0.0040926605161648,-0.0064942451502902,1.5501793673304072,0.007416359107881,0.006666363023709,0.000828579255251,0.9999499340857204,-0.0059287648357803,0.024733272195023,0.0403523082852277,-0.0148887640441103,-0.0371162200477287,-0.0337681786424199,1746.0036509236345,1681.986029647533,1731.3699521658705,1707.02098602482,0.0734943604218813,-0.0182606895766709,9.66322828884335
9.34,-0.004159959405269,-0.006404606238121,1.550709363685112,0.0072219419863044,0.0066728206590129,0.0008300149778361,0.999951312861549,-0.0045254822784649,0.0232827788293254,0.0376986983986227,-0.0131633585718609,-0.047648619740999,-0.029422713572454,1754.5323593990086,1694.104099586364,1740.8624746614455,1707.672381194489,-0.0036337690177772,-0.0216907528187302,9.852472803467403
9.35,-0.0042266058442759,-0.0063571811450638,1.5512229937861204,0.0069701991822706,0.0065615201903715,0.0008310446713481,0.9999538350048492,-0.0037833018545559,0.0215103392527608,0.037162619053637,-0.0162309812888798,-0.0519698536343524,-0.0258011219887584,1760.9816209011592,1701.153916749694,1750.1326025567782,1704.2187900639306,0.0116639718830238,-0.0297949954860448,9.911788066040552
9.36,-0.0043179540462107,-0.0063399822543142,1.5517316223567612,0.0066855228142084,0.0063303904257882,0.0008314043713053,0.9999572684412716,-0.0036276444495113,0.0198858382551928,0.0378130090293554,-0.0242279271681067,-0.0480956413687985,-0.02387472145074,1765.1118881335628,1703.581932617067,1755.078939140721,1703.5374347417255,0.0074483118799852,-0.0409149386540683,9.932399102258485
9.37,-0.004449678562621,-0.0063378840307537,1.5522453195497314,0.0063902168621277,0.0060215148495459,0.0008312317458915,0.999961107014246,-0.0036622707822251,0.0189854600473243,0.0388476048124058,-0.0354642368211479,-0.0370517340952499,-0.0240058162612632,1768.1037716853702,1701.2851976600991,1755.4804659629158,1708.6470341119605,0.0357236754089944,-0.0232916527179028,9.916464121552044
9.38,-0.0046204145899898,-0.0063402136254925,1.5527639589842794,0.0060911208728249,0.0057067159720075,0.0008308322493738,0.9999648200597364,-0.0035061655546091,0.0189014809529319,0.040304541087058,-0.0450428831148645,-0.0240105694013842,-0.0255190039713969,1768.5045732549547,1693.7086909684472,1753.5666785382682,1714.881996572515,0.0420307570399558,-0.0492654209272489,9.915511248032727
9.39,-0.0048114000437598,-0.0063456449560726,1.553274891956543,0.0057814016795359,0.0054539456711295,0.0008304671170711,0.9999680695880264,-0.0029993335484507,0.0190907178310852,0.0422823033208546,-0.0465682391683291,-0.0169110478339525,-0.0266019332835035,1763.228812505638,1683.1780799669416,1750.3746144686231,1715.655717211784,0.0451256772182197,-0.0322837412496753,9.915301428065945
9.4,-0.0049936807389131,-0.0063626196139278,1.5537591362559902,0.0054584860484196,0.0052906807857474,0.0008302511747132,0.9999707617274964,-0.0021613993301292,0.018921690635357,0.0445703392537944,-0.0382793790206111,-0.0203487158065022,-0.0257530757269787,1752.6255106058695,1675.8272056950243,1745.3689242766775,1710.1900566910372,0.0435346303354696,-0.0188287484269089,9.87509655599854
9.41,-0.0051394006300653,-0.0064052532739872,1.5542007044251789,0.0051416885989988,0.0051880832070701,0.000830166946158,0.9999729784618326,-0.0010883221172557,0.0182989026907379,0.0471358990586103,-0.0264626810584426,-0.029823060534898,-0.0233731010004141,1742.4732991412209,1676.2753806486244,1738.177969620082,1702.9497456572717,0.0451117967662759,-0.030919093908784,9.806845051877
9.42,-0.0052317039931415,-0.0064863847585152,1.5545904764277334,0.0048719929667555,0.005078822409387,0.0008301466088204,0.9999748897367742,3.5423733857156144e-05,0.0176036619691989,0.0500238441320094,-0.0198911804398884,-0.03517340388016,-0.0212200255441057,1739.1071850252852,1681.3502355308406,1729.3298370944703,1697.2852134201164,0.0355237889655128,-0.0213419620308258,9.763655369643802
9.43,-0.0052692000615178,-0.0066107277778993,1.5549224035259674,0.0046926818150598,0.0048994381855783,0.0008301561281341,0.9999766422690338,0.0009012134838232,0.0170888753385854,0.0524891129921958,-0.020614010742223,-0.0315773685923008,-0.0202598597302391,1742.593164602978,1682.278756943554,1720.6622847494286,1693.246614186833,0.0330444278670694,-0.0579620865793675,9.79704427867948
9.44,-0.0052642996251598,-0.0067714766448553,1.5551889185138472,0.004625083950682,0.0046314534032378,0.0008302298987145,0.9999782342411948,0.0012440118978926,0.0165376803617579,0.0530635614441668,-0.0229011481268875,-0.0248045486061274,-0.0198852092123892,1746.63090616084,1675.1326883442634,1715.6040869625904,1690.4117222043403,0.0354988765833135,-0.0646270822602931,9.738132874740408
9.45,-0.0052374205237064,-0.006952543849017,1.5553832617972996,0.0046544270557312,0.0043153062727905,0.0008304364691625,0.9999795121980378,0.0011472782168984,0.0155392805395907,0.0510336905374023,-0.0222629988392696,-0.0235724288418226,-0.0195058475825157,1745.5252123813762,1666.1598557026998,1716.650966834933,1688.8421511488318,0.0572025656312587,-0.0621445478567303,9.604929416594214
9.46,-0.0052098651255043,-0.0071357341188509,1.5555087071608535,0.0047309862219728,0.0040280669626076,0.0008307941680703,0.999980350920438,0.0010818311192411,0.0139034301897319,0.0472829681791847,-0.022485297065486,-0.0287709312418535,-0.0199020832050262,1739.0054048573495,1663.2650475562589,1721.5677820294168,1687.3959101911992,0.051749760287593,-0.0288346660132985,9.539525145438114
9.47,-0.0051975798603198,-0.0073090014961359,1.555588155308011,0.0047837170584562,0.003839268381801,0.0008311884027815,0.9999808424141116,0.001512363627578,0.0117100456130379,0.0431753760528385,-0.0309677885832953,-0.0331711594876166,-0.022152096471538,1730.4293140289828,1665.2339299462285,1724.4597011643586,1684.4590282604204,0.0494171114949556,-0.0685988890753674,9.559954666085458
9.48,-0.005207000970478,-0.0074710558014795,1.5556672233819338,0.0047415643441138,0.0037720927426445,0.0008313569931981,0.9999812986898612,0.0024705211179868,0.0091456825451949,0.0393383093955526,-0.0486885953504108,-0.0311839522662456,-0.0256743806209723,1723.814421227509,1664.912173424454,1721.707273301471,1680.9508774276785,0.0670533975696532,-0.0659443243923653,9.62802752925306
9.49,-0.0052334340877837,-0.0076301313913345,1.5558058047528815,0.0045572023298826,0.0037908496491842,0.0008309923946719,0.9999820852482818,0.0035620374847567,0.0065007272058131,0.0362808263216131,-0.0682172800035656,-0.0258889423156033,-0.0281614836374725,1722.6934140987582,1661.4887772360612,1715.4076681797178,1680.1006817273362,0.0344766583370555,-0.0019006065844575,9.615137289910349
9.5,-0.0052620764696291,-0.0077987407941225,1.556056386006554,0.0042254859344401,0.0038183021589417,0.0008299541927686,0.9999834383694955,0.0043620383649242,0.0042320348202197,0.0352689569109512,-0.0820337173682762,-0.0249347076625909,-0.0277007196843787,1727.5249795023628,1662.5488473946873,1710.9855345878336,1683.0696833986983,0.0545121248509704,-0.0425286350163677,9.56869438531443
9.51,-0.0052716570444234,-0.0079883901693598,1.5564366605259754,0.0037871108726622,0.003771918868481,0.0008285036976704,0.9999853718934646,0.004760528471982,0.0027456101209227,0.0370784429971366,-0.0898013682684024,-0.0306719607729693,-0.0249352471218452,1733.2605552341552,1671.6530775917022,1712.5524725672572,1686.5476320812677,0.0548758523565798,-0.0525264416008365,9.506402660831323
9.52,-0.0052403732943048,-0.0082070151239172,1.5569142722383251,0.0033123671482078,0.0036019627719335,0.0008274006457692,0.9999876846722846,0.0049586883572892,0.0019613470464155,0.040058557580925,-0.0953664370985061,-0.0363918845224765,-0.0228750777325153,1733.6422150822273,1679.9804170936952,1719.431941780179,1686.5190459838368,0.0060457900024324,-0.033865319714039,9.673986632440831
9.53,-0.0051530952965472,-0.0084588805225887,1.5574183319104642,0.0028699914928898,0.0033144208067574,0.000827695239805,0.99999004629253,0.0052106089236226,0.0011298834537574,0.0408931233664039,-0.0990210972293247,-0.0335102787248209,-0.0240752877882832,1729.409730542122,1676.543221921109,1725.8795425603062,1683.6860822601725,0.0111053039060294,-0.0551580041118939,9.642190045985794
9.54,-0.0050077954029174,-0.00874493260061,1.5578732027459146,0.0024945056050526,0.0029674976646358,0.0008301565454638,0.999992141088872,0.0055991451277736,-0.0007814232920037,0.0378126524230251,-0.0975585170394608,-0.0222303689809892,-0.0280311238334285,1728.2351466277955,1664.0575752140337,1725.9095931412276,1683.018454799176,0.0461105412985537,-0.0534332123770276,9.556796064889964
9.55,-0.0048184569780257,-0.0090623776861466,1.558232881255176,0.0021672224925215,0.0026430614120909,0.0008345030594953,0.9999938104696866,0.0060122630701437,-0.0043144425087589,0.0322572371179514,-0.0930297665074379,-0.0136642381615428,-0.0318419355175466,1734.569089457999,1657.2271692850484,1719.8978747632596,1687.6470429981923,0.0153512655302732,-0.0355450926043847,9.50561128077192
9.56,-0.0046122909837634,-0.009403908117055,1.5584960062302378,0.0018222310590694,0.0024092294142176,0.0008388626462169,0.9999950856864538,0.00628909044555,-0.0089487619518974,0.0269436719428423,-0.0963086968043488,-0.0196559019371292,-0.0332079323400271,1743.5767668732012,1664.6231913445777,1714.83686006809,1695.4378489480198,0.0452606344497461,-0.0153069099412023,9.578582820520856
9.57,-0.0044214802239929,-0.0097575633218404,1.5586976863610555,0.0013786607558574,0.0022952465232683,0.0008400231199866,0.9999960627417868,0.0064118130781962,-0.0133137514173411,0.0231266754659651,-0.1161978718707824,-0.0396857662959438,-0.0319689200678789,1747.834694036372,1678.8014989615704,1717.2144493996173,1702.5104904679358,0.0687465425641284,-0.0599060896447603,9.674896502258251
9.58,-0.0042727925315362,-0.0101078553590654,1.5588876317188136,0.0007850898907782,0.0022892228923957,0.000834852333979,0.9999967230516272,0.0065822813493958,-0.0161289947300121,0.0204470389865426,-0.1457492475687313,-0.0586794975471577,-0.0289697147988554,1746.4387832303748,1686.9759415865424,1727.331760888141,1707.360705678982,0.0746179096107325,-0.0645371677364221,9.738649629062849
9.59,-0.0041798169888287,-0.0104383808545454,1.5591064266139802,5.124834413004082e-05,0.0023528929394507,0.000822672324673,0.9999968922345054,0.0070767150836556,-0.0170611165786286,0.0186027499406167,-0.1655890225380272,-0.0597312833544599,-0.0249943052694308,1744.0841896141,1685.8131779441471,1740.1431148459835,1709.7946292776185,0.0366851229526957,-0.0513216799012635,9.740508278474286
9.6,-0.0041409420800212,-0.0107356741155751,1.559368862442856,-0.0007526404812386,0.0024395369258743,0.0008075088794707,0.9999964150542257,0.0080069957343561,-0.0168051119593581,0.0178927874757563,-0.1635876333770433,-0.0405638164858522,-0.0214274444072511,1743.781410271798,1681.2712309299593,1749.0213219031325,1709.336512390114,0.0399317682521162,-0.0152959394867619,9.75033796974338
9.61,-0.0041429063029075,-0.010993363273184,1.5596601786092072,-0.001529392524003,0.0025053063284864,0.0007984847133459,0.9999953733997324,0.0092701505910803,-0.0165403461179377,0.0183645927153251,-0.1468047950323222,-0.0173519274543009,-0.0202631730718775,1744.4374625592377,1678.534722620184,1749.962650850529,1708.0564017203833,0.0438841773031598,-0.0074684529828425,9.810366315143003
9.62,-0.004167305794191,-0.0112150194427822,1.5599458142839655,-0.0022019356899773,0.0025133714532889,0.000806748903688,0.9999940917822272,0.0107120845728778,-0.017251820105014,0.0196032995104838,-0.1306394521983573,-0.0109604435412483,-0.0218514777343873,1744.714919322039,1678.338896143659,1745.207706567831,1711.3868931275808,0.0134971833248104,-0.0574117238066628,9.850144453565738
9.63,-0.0041969743730871,-0.011413846730396,1.5601878613784737,-0.0027471934726877,0.0024359736091734,0.0008386347016134,0.9999929078010684,0.0122046974844118,-0.0191538345213109,0.021453328605511,-0.1214059882831534,-0.0281934891184959,-0.0236508799148585,1745.5058266165884,1680.6678047284802,1741.060212984939,1720.4630160158536,0.0436911781674465,-0.0732960775109153,9.748183627839182
9.64,-0.0042201443956502,-0.0116082714411696,1.560358315221381,-0.0032001998089627,0.0022584359969857,0.0008872419040981,0.9999919354623984,0.0135291117730103,-0.02150692924027,0.0239639803943194,-0.1160382722616401,-0.0559130153824826,-0.0230986988497722,1747.4489780355998,1685.641617375851,1740.0101436300083,1726.0722387640135,0.0509057670929343,-0.0206192849214557,9.803405409553664
9.65,-0.0042317406211808,-0.0118147858256075,1.5604443046818468,-0.0036308753141084,0.0019835778128248,0.000927188558835,0.999991011202046,0.0143664964462381,-0.0231802592762551,0.026350428223247,-0.1149257856875747,-0.0731286163456979,-0.0214387612498826,1748.488038539796,1690.6704971162872,1738.286167622133,1718.127963187569,0.0539099732419032,0.0129982385443689,9.86960085396972
9.66,-0.00423232477209,-0.0120414847296759,1.560448100961544,-0.0041086026647009,0.0016312705360058,0.0009179824579331,0.9999898077724536,0.014543921725545,-0.0236022945028931,0.026960595573677,-0.1242428766605284,-0.0692611680291479,-0.0228178206953392,1746.1351017797374,1691.1731203180088,1733.0121603651864,1701.2748372008853,0.0231036597532194,-0.0085447470504897,9.831293659753218
9.67,-0.004225788284864,-0.0122854584389175,1.560386441470056,-0.004671589268453,0.0012315468778243,0.0008185766512285,0.9999879946670664,0.0142068023553232,-0.0231388635555657,0.0249683028355634,-0.1427013721496863,-0.0523370973590803,-0.0288405634687278,1740.9558522645198,1685.5934272174345,1727.0725362466617,1692.357248574738,0.0309643894679104,-0.0468670490286489,9.719136584203364
9.68,-0.0042169055994847,-0.0125347655982404,1.5602895530526464,-0.0053136000401285,0.0008170247267537,0.0006089881782819,0.9999853635221908,0.0136576737920586,-0.0225696089886036,0.0215470420401346,-0.1545299608993116,-0.0405215614982342,-0.0353859827034072,1735.5584279142186,1678.1401367175088,1724.4189310171664,1699.3165343093508,0.0379318763812125,-0.0526149072061567,9.684087814574683
9.69,-0.0042095138920625,-0.0127735562058302,1.5601976548430934,-0.0059924420586288,0.0004207515138226,0.0003074543993914,0.9999819093754296,0.0130924369341583,-0.0223481790103761,0.0187064641494144,-0.1435462773512258,-0.0440974862372586,-0.0365452322471045,1731.222907443183,1675.762642294574,1725.091721100791,1710.4752908066512,0.0111207301337911,-0.0323772263678867,9.784431460267584
9.7,-0.0042056240526105,-0.0129884430194772,1.5601543243199392,-0.0066542103394127,7.682321598427065e-05,-3.001806833636637e-05,0.9999778570957798,0.0125498341876045,-0.0223614174327573,0.0174955837954686,-0.1126078116296707,-0.0538358737217141,-0.031344487148902,1728.287179869339,1682.2091870637853,1727.2405845963262,1710.378453114724,0.0492691232266044,-0.01170298055696,9.81056351234946
9.71,-0.0042053837352307,-0.0131742620736224,1.560197016927034,-0.0072598248153736,-0.000184171476137,-0.000331570940023,0.9999735751934794,0.0120162443159727,-0.0222054228762167,0.0180312628819989,-0.0833627901757248,-0.0489586698048058,-0.0245776597064918,1728.8717790930327,1693.8612994009186,1729.9524417028315,1700.3433734599898,0.0573210681915008,0.0002163062909803,9.804011649546984
9.72,-0.0042076005265405,-0.0133368654349477,1.560344463222669,-0.0078000055177872,-0.0003459071988886,-0.0005411942901413,0.9999693732164364,0.0114644941413281,-0.0215662519859802,0.0204514282639265,-0.0755294075442221,-0.0199391742960271,-0.0208204893186626,1735.2175627061663,1701.0827833573542,1732.0475366455394,1695.4162655006037,0.0562180092837037,-0.0357635196637044,9.802516529044642
9.73,-0.0042104926146038,-0.0134908098627238,1.560584483807978,-0.0082917121401996,-0.0004145827642114,-0.0006406446168797,0.9999653320017602,0.0108332606898746,-0.020369178370922,0.0244384010349887,-0.0886895946836245,0.0177035696629769,-0.0198655414803609,1744.445695542471,1695.9538829414375,1731.974430122354,1703.2530411560049,-0.0289733775148985,-0.0254373553719971,9.72388575932724
9.74,-0.0042124070922978,-0.0136521467053896,1.5608723928144066,-0.0087599898184806,-0.0004165976145808,-0.0006498967160357,0.9999613325819484,0.0100933869750263,-0.0186631568416994,0.0280726044494496,-0.104084857477992,0.0365082409605174,-0.0189108083966813,1748.6613917190805,1680.6218481826463,1731.1947870583144,1714.5557385623083,0.0051402468783477,-0.0523393941216099,9.777692082581911
9.75,-0.0042123559034968,-0.013829748226002,1.5611478832989971,-0.0092174634522713,-0.0003867128520306,-0.0006099874635751,0.9999572574545226,0.0093588439607897,-0.0164716553279842,0.02874216809413,-0.1015319935351951,0.0245979993011983,-0.017232892235146,1743.2263526681886,1666.7249310871316,1734.061244168951,1716.3044143768484,0.0310658553351595,-0.0539952549576901,9.752589872499222
9.76,-0.004210307216578,-0.0140198833627319,1.561364011671767,-0.0096537035641607,-0.0003544797063459,-0.0005613975986589,0.9999531814961984,0.0088436954560707,-0.0138274071309526,0.0257799049401687,-0.0751037208800191,-0.0028149074962133,-0.017065432426335,1733.248025395643,1664.5926339696407,1741.0352882020295,1707.523011393708,0.0640044560340364,-0.0099957560365312,9.687220975623973
9.77,-0.0042072121158616,-0.0142067096958932,1.5615099168778783,-0.0100397135840831,-0.0003360337737563,-0.0005295012506999,0.999949404150469,0.008658317071281,-0.0109324684849763,0.02130874578818,-0.0366124925344643,-0.0200101079916559,-0.0205353223968684,1728.4639594685234,1673.309640905601,1745.1092349516234,1697.6626098428117,0.0599002426593001,-0.0149085401529474,9.641583165251436
9.78,-0.0042047557153236,-0.0143675513685577,1.5616128579106636,-0.0103438949197149,-0.0003335403707586,-0.0005212040460428,0.9999463090261664,0.0086933441206327,-0.0081942992600189,0.0178782354170303,-0.0058601932844337,-0.0160577613099019,-0.0268116428410672,1731.9304769167247,1682.3121595015689,1739.9206836913618,1694.220313301836,0.0251855329829253,-0.016827689156807,9.745661048584957
9.79,-0.00420483335588,-0.0144794591249588,1.5617204714115165,-0.0105486374152102,-0.0003402685680398,-0.0005301971865398,0.9999441631195852,0.0087318051026506,-0.0059867601973276,0.0159578873784156,0.0055081941249247,-0.0022201742607975,-0.0322434407511811,1737.2260112373935,1682.566598896687,1729.8041430672583,1697.1456896327484,0.0213255486058211,-0.0137281493044432,9.792740697832928
9.8,-0.0042088019720539,-0.0145242716429851,1.561875400384562,-0.0106558762096473,-0.0003475024187051,-0.0005453679298705,0.9999430154354272,0.0086300177716282,-0.0042665143947758,0.0144198561493668,0.0036466283185734,0.003723160523683,-0.0329782421886942,1737.6375779746688,1675.7905605319963,1725.982825130782,1702.727432166554,0.003988966731554,-0.056161831451298,9.713950942481256
9.81,-0.0042166571188858,-0.0144917837868301,1.5620946619028853,-0.010678674012509,-0.0003499868647837,-0.000557629350227,0.999942764602073,0.0083704489881822,-0.0024479693088806,0.0127355608191173,0.0053191378265103,-0.0027300582456663,-0.0278666662069739,1734.4581625961696,1671.878226614735,1732.6637952793026,1707.7644112575335,0.0257173717413657,-0.0563423014104886,9.6168693075222
9.82,-0.004226413023043,-0.014382047502179,1.5623612074271025,-0.0106276315586217,-0.0003481514903254,-0.0005629699160428,0.9999433060443316,0.0079923181645412,0.0001299802051264,0.0115892622243494,0.0199728626409592,-0.0103014546235614,-0.0196854323379467,1733.8112923239332,1676.6493793313705,1742.114264754645,1710.2673987405533,0.0499262240178407,-0.0436120482279275,9.6790615266928
9.83,-0.0042340535411295,-0.0142072241190418,1.5626306368883316,-0.0105045243306093,-0.0003469095718945,-0.0005620141873538,0.9999446078470496,0.0075254929902623,0.0034486099391463,0.0116454731659313,0.0410968085128482,-0.0075005249209273,-0.0136130287391702,1738.1107889528648,1684.618693726347,1744.5176736110698,1709.9221642417128,0.0453998434786359,-0.0051444091158211,9.810844502150005
9.84,-0.0042343930373388,-0.0139917953794524,1.562850261407528,-0.0103079209953464,-0.0003519515797104,-0.0005577573207558,0.9999466544779329,0.0069986619700731,0.0066451430394458,0.0128143781066236,0.0565598266769714,0.0036919760955604,-0.013480660788828,1744.0970910674691,1686.676680541739,1738.4752489061389,1708.7968617526367,0.0392801135572264,-0.0409854424599428,9.8031653593258
9.85,-0.0042229706007916,-0.0137692165172915,1.5629805314554,-0.0100438943554885,-0.0003651844921919,-0.0005532423028587,0.9999493390914448,0.0064771858271202,0.0088358043314177,0.0147326704551845,0.0634953053248202,0.0120614349863103,-0.0187732695646425,1747.8019901907742,1682.083022061879,1730.1827541949924,1709.4083221812202,0.0370768420485452,-0.0487188192032094,9.73800908197046
9.86,-0.004198692410015,-0.0135744809946258,1.563006694759337,-0.0097298081834824,-0.0003814237702784,-0.0005502476567658,0.9999524401570988,0.0060495140972552,0.0101021453861501,0.0169961828426352,0.0688085398330885,0.0119939481950597,-0.0254752126393203,1748.173313550973,1678.1981257223565,1725.1579511663326,1711.2498471811082,0.0610438996342942,-0.0488623871845691,9.739591006070846
9.87,-0.0041664283597201,-0.0134347963799987,1.562935668179203,-0.0093860916998734,-0.0003884569068355,-0.000549161340304,0.99995572342262,0.0057682779755994,0.011454526132162,0.0187004100451162,0.0773900028797254,0.0094127616038074,-0.0298000220377017,1746.5774932453344,1679.7352263681464,1723.1105736864008,1710.939069147928,0.032460879348081,0.0005491285041051,9.84050439997208
9.88,-0.0041383614937286,-0.013362215618615,1.5627839368165497,-0.0090237283335364,-0.0003717070973839,-0.0005495863321051,0.999959065220002,0.0056225436362479,0.0137171006403254,0.0186731824204856,0.0858258102394987,0.0124886432753509,-0.0306581406651546,1745.2771807560964,1683.1644578154378,1720.7427464741008,1707.1010714956064,0.0703369496108496,-0.0018571801637284,9.798354512901712
9.89,-0.0041328506288283,-0.013351086360119,1.5625669910363134,-0.0086397521817712,-0.0003225761746031,-0.0005510275271669,0.9999624727936112,0.0055672453552947,0.0165811178529469,0.0167496824386625,0.089178527882269,0.0199346129381425,-0.0289239844037114,1745.7966830358646,1682.745497853735,1717.9768960302,1703.6983712862136,0.0451562694155233,-0.0555982237830235,9.786529388140856
9.9,-0.0041701319052532,-0.013380652863698,1.562296755838228,-0.0082243036561341,-0.000246513050376,-0.0005531874197783,0.9999659964440624,0.0055663255030739,0.018921220643097,0.0141794255467516,0.0894128183307413,0.0216781354605797,-0.0257386908061559,1747.0957293920685,1678.585359777776,1718.8276865992138,1705.919950858007,0.0568316664598184,-0.0753919089170016,9.702956425639416
9.91,-0.0042654037803767,-0.0134212271221941,1.561986910860257,-0.0077722467382198,-0.0001645411539966,-0.0005557696225228,0.999969627652248,0.0056049453023577,0.0199887888346693,0.0121206036218155,0.0928566113783109,0.0116672753967516,-0.0223725743279835,1746.2304493923025,1675.8144173116696,1725.0438086876509,1713.0843213383905,0.0432713609665139,-0.0086197504652593,9.794927056661628
9.92,-0.004421417628748,-0.0134418940403082,1.5616616945732535,-0.0072911415399389,-0.0001031746355728,-0.0005580552667267,0.9999732582346182,0.0056613056473596,0.0201189879877378,0.0103964105500568,0.1003184013792428,-0.0023050663563843,-0.0206656223508995,1742.2908875992907,1677.352433726112,1732.195466729781,1718.955205040351,0.0413639766950555,-0.0313871692615563,9.85062271651583
9.93,-0.0046238837674889,-0.0134180838119168,1.5613606049894977,-0.0068021335922226,-7.472342106434428e-05,-0.0005587151075776,0.9999767063449192,0.0056731814217316,0.020306677398996,0.008633363353659,0.1040856240034757,-0.005241837461692,-0.0216792776669762,1738.842114136267,1681.012031071242,1735.7086584149351,1719.3425928780152,0.0029852717984961,-0.0596433550304816,9.813131087193987
9.94,-0.0048427276344526,-0.013337628250296,1.5611310791256738,-0.0063336726513056,-6.02810873267506e-05,-0.0005562496052292,0.999979785567345,0.0055577589173451,0.0213406012155612,0.0078726544852405,0.0971821193668438,0.0077789583615415,-0.0236991500315852,1740.3726344234317,1683.6233906983337,1737.856994031671,1715.4441306180724,0.0598296049326482,-0.0706330416868801,9.710875378043715
9.95,-0.0050398812738673,-0.0132038067508294,1.5610095720354715,-0.0059098056085704,-1.0874996378990727e-05,-0.0005500972985747,0.9999823855810488,0.0052891578533956,0.023380920874391,0.0095257799441094,0.0837643563115842,0.0247997613030817,-0.0232575956180017,1745.991524425368,1684.648681555577,1742.992701943045,1709.6580860332142,0.0468460337300917,-0.0767297584328696,9.7228443764875
9.96,-0.0051809007452834,-0.0130338313474889,1.561004370664483,-0.0055370515290437,0.0001295188800114,-0.0005419254968783,0.9999845151811004,0.0049460485590902,0.0260082662533698,0.0129751494585336,0.0769678277239203,0.0299749417506474,-0.0191525283508788,1749.5383911542797,1684.543426014339,1747.9494778937683,1703.4815308753098,0.0352499529933309,-0.0519006226026619,9.857039234084818
9.97,-0.0052456920973325,-0.0128521506850241,1.5610949075839136,-0.0051961106682763,0.0003924798672051,-0.000536160400577,0.9999862793686228,0.0046554041964592,0.0283805911222135,0.0159667307661708,0.0855697845536621,0.0203492535784362,-0.0145567692250852,1748.136444361809,1682.3025495459865,1745.0173808283298,1699.95648260583,0.0979882686953088,-0.0454777000310002,9.901154806086913
9.98,-0.0052344378374397,-0.0126803627281079,1.5612466086665298,-0.0048452832582285,0.0007620314712111,-0.0005387576519169,0.999987826065086,0.0044947352202055,0.0295734235730643,0.0177228751811905,0.1044826210643649,0.0075853777139496,-0.0139750943098306,1746.7322277664605,1677.6748994138948,1734.5352578637105,1701.5843110539488,0.0651445362826487,0.0114500403111258,9.800623608835789
9.99,-0.0051672869343881,-0.0125282423537331,1.561425206981805,-0.0044378458861016,0.0011656380350256,-0.0005538286174011,0.9999893199858312,0.004475184571335,0.0292279741247447,0.0199554357510998,0.119498974507942,0.0059125117898245,-0.0182667810153882,1749.806988839469,1674.454035176874,1725.8772486107778,1704.561507292707,0.026007562192838,-0.0375351344845957,9.691212686577876
10.0,-0.0050784074055344,-0.0123908893015054,1.5615990317074449,-0.0039453887685505,0.0014786583345949,-0.0005790042826795,0.9999909560746212,0.0046022543284917,0.0279449251097321,0.0239088531281334,0.1201150409538604,0.0177956569510823,-0.0235487809182009,1753.422539044834,1676.450398138095,1722.8961891234603,1702.2176772065409,0.0428591181446531,-0.0778096373127549,9.699908236289309
10.01,-0.0050059667235215,-0.0122539939145573,1.5617352109641314,-0.003372782759514,0.0015501972172546,-0.0006018415968867,0.9999929294808724,0.0048913973247995,0.026793550520436,0.0278423708784848,0.1061894398579504,0.0255042686989963,-0.0252164472513959,1751.5325807729375,1679.8570089352074,1717.6353175010163,1695.6703210700086,0.0789603448069638,-0.0416572093378588,9.835110689613929
10.02,-0.0049803564368749,-0.0121044360025728,1.561802925482751,-0.002756718596399,0.0012665833643112,-0.0006002090057065,0.9999952179977216,0.0052862043188686,0.0263595900624453,0.0287830016546944,0.0840506677114749,0.0026092101425056,-0.0225213162409764,1743.9051052803638,1677.6843050855323,1707.38946229597,1692.1060084348828,0.0489402825366894,-0.0351555267389197,9.763130282536691
10.03,-0.0050140227405244,-0.0119401078188667,1.5617866016792403,-0.0021524588679043,0.0006556045350085,-0.0005484369176276,0.9999973181566354,0.0055726765298972,0.0263991795719179,0.0259660272182467,0.0609499560096014,-0.0418863959564906,-0.0187663334841771,1729.61662801339,1675.9545178213032,1711.21691301086,1688.8577736240256,0.0009047602974943,-0.0478260903969664,9.692094760297495
10.04,-0.0050965721380082,-0.0117731181883996,1.5616993936470192,-0.0016188483061302,-5.930424707943696e-07,-0.000427860733485,0.9999985981315188,0.0054230231319929,0.0263758515432309,0.0214409345474898,0.0442188007011303,-0.0177246395068512,-0.0170334971317327,1700.9986299122404,1695.7388410116914,1752.9486001183031,1670.2988291361223,0.0318548757178634,-0.0658757681759226,9.679044875717866
10.05,-0.0051971019113542,-0.0116243476012299,1.561585560258164,-0.0012060282815255,-0.0001097130324523,-0.0002367251399552,0.9999992387097316,0.0046274005419631,0.0261005506708914,0.0180511801834821,0.0395356248725654,0.2209147956640399,-0.0163237727785218,1657.5143810251916,1748.0380727562947,1824.808412362048,1630.3358434275517,0.0308144561980458,-0.067085537109117,9.70119
10.06,-0.00527271982999,-0.0115124474332681,1.5615066167123064,-0.0009441159038253,0.0011640950850455,6.359375568473453e-06,0.9999988767430448,0.0034091597702784,0.0257770518532435,0.017918451778218,0.0444303146886225,0.7581404504062176,-0.0128134442669158,1620.214441918965,1811.0351881211996,1883.595092780849,1590.3350277887766,-0.1660417376068326,-0.0070810573012617,10.027189999999996
10.07,-0.0052802054264785,-0.011443443067332,1.561514234572165,-0.0008316622082587,0.0046967604463066,0.0002676355840741,0.9999885885101268,0.0025563568501886,0.0256302627282275,0.0219813414084071,0.0468064352576287,1.508712879836195,-0.00484877310344,1616.594487215417,1844.0554603643232,1891.870078395323,1582.2264108199888,-0.4039418290940126,-0.0139608638147355,10.279111727629472
10.08,-0.00518749315223,-0.0114062374952918,1.5616219870871062,-0.0008307575082605,0.0111235597312021,0.0005086490109898,0.9999376568251904,0.0031969295451959,0.0256872937781383,0.0292038696505238,0.036828219416884,2.2450998826124526,0.0045304982434721,1650.6678254911194,1824.809999451214,1852.747873294787,1615.519074826574,-0.2467419068586608,-0.0940984612958001,10.068485383963246
10.09,-0.0049819047108148,-0.011375743990869,1.5617939052699144,-0.0008747417851738,0.0206122219122612,0.0006983887907125,0.9997869189921148,0.0063866606718418,0.0258500779453135,0.036186781206207,0.0205158126100553,2.749963261525821,0.0102374360378084,1698.2614253375928,1767.7461083360886,1799.5137308132023,1668.4501573402226,-0.0482619037636889,-0.0877992476447814,9.931784733715189
10.1,-0.0046720133356475,-0.0113217473331899,1.561960935797734,-0.0008875311266138,0.0327999925777535,0.0008222172978922,0.9994612032160696,0.012815800909308,0.0259937807266519,0.0390823483873097,0.0159240109941677,2.9558713948948334,0.0091445218653219,1731.8067596906546,1710.0308791310158,1764.1663119963075,1709.3201876166436,-0.0448264246431057,-0.0685123298543229,9.986581793006636
10.11,-0.0042806678632932,-0.01121948373082,1.5620576549514136,-0.0008098617739926,0.0469298972295191,0.0008838479401844,0.9988974660508216,0.0227239108685574,0.0260082065802427,0.0367544298572685,0.032984697492884,2.960746672029186,0.0016986982785329,1743.6477520017054,1684.562857682103,1760.121609268699,1722.404162020864,-0.007654098066491,-0.1005554699584268,9.969632988648293
10.12,-0.0038295655040748,-0.0110575791086437,1.562057223871551,-0.0006216081113859,0.0621173161391263,0.0008990247017515,0.9980682563801,0.0359337045038732,0.0259178137213232,0.0316626520553769,0.0598573493785295,2.928016490187111,-0.0086130307034373,1746.9374707261377,1699.0706066951188,1780.361181118141,1717.6425492347255,0.1197228015871363,-0.0550782159851406,9.910949858464832
10.13,-0.0033204987440643,-0.0108403236243662,1.5619854037625815,-0.0003488981378227,0.0776172566774013,0.0008848306169818,0.996982776586809,0.0519750008166504,0.0259765221237276,0.0273666583785798,0.0734173056203646,2.9621882188318724,-0.0169733382789013,1758.7875100030378,1733.6272527532117,1805.182419704652,1719.8553450956829,0.0026056589724405,-0.0373487389498662,10.10395469498652
10.14,-0.0027218815817378,-0.0105840205531434,1.5619089512395152,-4.872222950538772e-05,0.092979440170505,0.000852063549986,0.9956676630881564,0.0703565143979862,0.0264597424326961,0.0257161037761065,0.0644359323504076,3.0545539379744904,-0.0197187366293756,1783.4220089189598,1762.0141656138649,1820.1955036201523,1746.212525092821,-0.0526500471022823,-0.0643219907561389,10.387140724479732
10.15,-0.0019679564555168,-0.0103100168923363,1.5619057115219528,0.0002241821929739,0.1080553997103824,0.0008059468914495,0.9941445220818662,0.0909526013942524,0.0272761356807033,0.0267788397096201,0.0486190710791121,3.1315024270220206,-0.0160996162646015,1811.72234903568,1778.102580451266,1828.876588841033,1791.0497786270378,0.0224292418168836,-0.0483999041309903,10.513871694789302
10.16,-0.000972059847449,-0.0100379866431758,1.5620283357790825,0.0004488768901188,0.1229033183000649,0.0007543876776448,0.992418260492824,0.1142556845595909,0.0279253392054917,0.0305512796597875,0.04764763532892,3.145842250406015,-0.0081537422110407,1835.203513554423,1796.6575853683642,1842.8889532891972,1832.3986790718925,0.0810702539293921,0.0249753466724066,10.871751985861636
10.17,0.0003520078411362,-0.0097816482703659,1.5622760430485962,0.0006460885524394,0.1376678274196789,0.0007173159930425,0.990477984268653,0.1412096181982196,0.0279707007895111,0.0374719668997605,0.0611098911159378,3.1182683457596347,0.0005886222268479,1854.6571018006264,1828.8811368319373,1865.0272307797904,1853.4655845607251,0.0424593434402065,-0.0041852276490002,11.17172175110552
10.18,0.0020707019108672,-0.0095473057795728,1.5625904588731443,0.0008561670910928,0.1524850024644195,0.0007286711691571,0.9883051452055004,0.1726837065209686,0.0274808047757087,0.0472132539699688,0.0659762334195179,3.1016987247216674,0.0067705081243536,1874.259585345851,1865.446011942032,1888.302525156896,1857.7812363043429,0.1142705186630563,-0.0541397648115673,11.427311727196848
10.19,0.0042223486477005,-0.0093349924309001,1.5628848282711894,0.0011038962403636,0.1674187675467079,0.0008259011996317,0.9858849099024898,0.2090269957929121,0.0268820686049461,0.0578582236393088,0.0469353214225462,3.1204596485176874,0.0088712692091032,1894.390460066514,1887.3768899555237,1906.5664766331429,1863.8969735917017,0.0887850233424805,-0.0534837953093496,11.733808931432684
10.2,0.0068223167899622,-0.0091416678148936,1.5630977461794282,0.0013769795672346,0.1824181126645001,0.001029728748345,0.9832195460617624,0.2500672062025533,0.0264253997171482,0.0668510555616661,0.0182323640277502,3.1447239357441994,0.0077035593385386,1914.50549253058,1889.3403700651,1919.332080937373,1886.4260260953145,-0.0077515181208509,0.0006926967076973,12.131377293211113
10.21,0.0098774885278102,-0.0089647098071082,1.5632436323804368,0.001633179605834,0.1972990258893218,0.0013255830021264,0.980341098769813,0.2954898923476637,0.0259417814777235,0.0729285847571454,0.007003505131055,3.1161914799137307,0.0050295383322295,1938.66520358592,1886.5764026802428,1929.19603895762,1924.0452175106568,0.0756570202871023,0.0496777308813625,12.304736462616166
10.22,0.0134021818467397,-0.0088030696160334,1.563428043350462,0.001827756323514,0.2117712762295855,0.0016607138544423,0.9773161350864972,0.3452433448655699,0.0251274404441297,0.0773523841462336,0.0199183254651868,2.99713398813356,0.0015797254032207,1971.7698557736392,1898.1669750500696,1940.1457449091504,1964.7147779090408,0.1572746421811803,0.0361516506784349,12.35045453905159
10.23,0.0174283051729178,-0.0086549246248781,1.563812649294523,0.0019386782269532,0.2255207776753321,0.0019625173539869,0.9742344527315184,0.399644948396718,0.0239255380923758,0.0832985737611414,0.0369885931794646,2.8011458068124684,-0.0034622210702864,2008.9325153461327,1928.3751597335215,1957.9837943320556,1996.630250111352,0.0406646135068236,-0.0022503415008593,12.730349410808463
10.24,0.0220056675865949,-0.0085138778548886,1.5645436843276534,0.0019730158024394,0.238324252878406,0.0021685909793142,0.9711812163091692,0.4590877419067746,0.0225571590128362,0.093651760085256,0.0384032302081909,2.585856419259242,-0.0107677438774956,2033.8963452860955,1966.4829297810056,1986.74085198875,2012.5212218939832,-0.0124620339997338,-0.0313015286762469,13.076621654238956
10.25,0.0271926654512299,-0.0083675711757289,1.565680667077234,0.0019551594985867,0.2501426127048634,0.0022509465377109,0.9682044122499154,0.5235571323928678,0.0212807169777544,0.1090136849588143,0.0268109925344595,2.4180945036084163,-0.018721406681347,2034.5342732659915,1998.3065125065536,2020.306184852416,2011.5191114102252,-0.0047400166085962,-0.0354818687964852,13.225559084792197
10.26,0.0330420472997837,-0.0082009383878048,1.5671636507325124,0.0019097000422021,0.2611411260069401,0.0022231489930678,0.9652961840606908,0.5923680910512616,0.0202489275403574,0.12764106237638,0.017735808342249,2.3328819433738,-0.0237544967335509,2018.3075460834195,2013.562184899812,2041.3066256093268,2002.1958466176116,-0.0606390545850077,0.009897793428031,13.375592898815526
10.27,0.039588875473341,-0.0080026537517083,1.5688365315286354,0.0018519136262688,0.2716191525770924,0.0021319311763851,0.9624006760381468,0.6643593172140698,0.0195913720206404,0.146779057438613,0.0161555405606457,2.310475981136464,-0.0233318118989034,2004.5146335838,2009.013893213676,2035.8981285776283,1997.227755675567,-0.1240554329528693,0.0380605671948968,13.382128707305114
10.28,0.0468461826611374,-0.0077709009064921,1.5705153250573938,0.0017906716195602,0.2818771097718211,0.0020414117437138,0.9594466744535248,0.7383718408557169,0.0194771085137552,0.1635071485653883,0.0130487594774181,2.2929554321160763,-0.0180846056616134,2000.9920055747948,1990.6910998967007,2009.338247596013,1999.8679260005183,-0.1742181370092055,-0.0563264236952769,13.245960717548224
10.29,0.0548093061517743,-0.0075152312133472,1.5720696767580176,0.0017391669771529,0.2920790939292415,0.0020157661704273,0.95639046151373,0.813643906644259,0.0199144450045377,0.1748571637152954,0.0040394756944725,2.22945160027401,-0.0106361888639237,1997.3630815560568,1968.9103032364685,1980.4004160936129,2001.1309650293283,-0.0448731773068571,-0.0257104061424192,12.999298614505106
10.3,0.0634657378490835,-0.0072539188701445,1.5734797961788871,0.0017231955480961,0.3021722140617057,0.0021018315660212,0.9532494772881954,0.8898821778432755,0.0204793572295566,0.1786132444375498,0.0009885091730932,2.103080796823932,-0.0032074007331886,1983.8042048657192,1947.9400542450992,1960.4502551018245,1993.370086001605,-0.0371984507149631,-0.0326834951851016,12.830373638382746
10.31,0.0728055818478929,-0.0070082444764062,1.5748399102814188,0.0017774068183684,0.3118969337369059,0.0023131327599596,0.9501114634438176,0.9669967754833644,0.0204500637955637,0.1748910910951598,0.0179747292019516,1.914568852368771,0.0026012931341621,1967.0589567516613,1924.872518310876,1943.97583370086,1979.6666023248172,-0.1028106740781105,-0.1274574769250716,12.383080385468377
10.32,0.0828282575079073,-0.0067954383633532,1.5763023464764707,0.0019270848323174,0.3208807229172295,0.0026211719077734,0.947114025586146,1.0447194389258594,0.0194077902579687,0.1666945747210291,0.0486138518675985,1.6576430628020014,0.0043679972745797,1960.148563922483,1899.373733282324,1920.7841450702376,1965.711857057688,-0.1008359221115382,-0.0035096375256817,12.050354782136347
10.33,0.0935430863905246,-0.006621978568384,1.5779861924642702,0.0021639548783114,0.3287724338395131,0.0029621101937003,0.9444020488911108,1.1224628882588958,0.0176825524070792,0.1582576299428099,0.0658041320698074,1.3319808076481314,-0.0004739042217935,1960.42195176388,1878.238351691036,1892.895628426233,1948.4922306825276,-0.0949609597529681,0.1241959629821988,12.002569792132087
10.34,0.1049640081318848,-0.0064796593825096,1.5798953573810528,0.0024332725849394,0.3353606612245432,0.0032606294108793,0.9420810338731002,1.1995578110897578,0.0160958592715863,0.1520109406109199,0.0491865574870766,0.98097496107092,-0.0111606917913022,1948.0839017931453,1867.3882686305435,1874.5476746163088,1919.5403275516549,-0.0869144286912204,0.0606669296218775,11.748130688830267
10.35,0.1171010395845061,-0.0063469571357174,1.5818896103298996,0.0026479658391481,0.3406260604105965,0.0034604335632644,0.9401887579872594,1.2755427124392105,0.0152861382883821,0.1463684470845787,0.0095955420503633,0.6910615448190865,-0.0221495778970989,1911.319140004864,1862.2768904853592,1873.0078970265447,1879.0360563783715,-0.0968969901462397,1.793542828749939e-05,11.380714716092262
10.36,0.129952501196963,-0.0061961143514119,1.5837278581177878,0.0027295198200983,0.3447014343429201,0.0035445692850229,0.9387017134916016,1.3501253841661691,0.0153383689864737,0.1365383656473907,-0.0203767517847714,0.5205685577687974,-0.0272228776324968,1867.3359792877284,1848.3897236279115,1873.000288475557,1842.492067924348,-0.1766134604152798,-0.0724939924645815,11.144135928045598
10.37,0.1435017290058895,-0.0060030615466367,1.5851659909379905,0.0026529239665096,0.3477513374263846,0.0035358265295376,0.937576379418414,1.4229497998281395,0.0159412233123751,0.1184408570325982,-0.0202048185448723,0.4180680794580458,-0.0252632488315956,1848.6650425292128,1812.3279568711,1849.086447836796,1829.281005359404,-0.3043391768262253,-0.0592000261604847,10.828195819177418
10.38,0.1577196189820403,-0.005755523090839,1.5860611854402418,0.0024643771405133,0.3498254178832283,0.0034807697659509,0.9368052028516765,1.4936224798363862,0.016713212799426,0.0923848579947429,0.0003176116216811,0.2328561440267321,-0.0210559122827853,1865.980158030129,1755.9447843630217,1796.38565258242,1842.3533059552124,-0.3328661588469446,-0.0420144458023537,10.382069264011797
10.39,0.1725711893666005,-0.0054558864957631,1.586431263489106,0.002258051333508,0.3507638971881699,0.0034283928109243,0.9364549299118864,1.5620493002128797,0.0174031374578451,0.0626913253579902,0.0178195766412914,-0.1629346205607609,-0.020285152582211,1892.0668088114803,1701.8928513487378,1741.2940296994614,1861.1721858524436,-0.2271409472468653,0.0032028048896282,10.121426010608616
10.4,0.1880228097614723,-0.0051185173301679,1.586445430092118,0.0021286090749432,0.3502147958442314,0.0034126835861672,0.9366607813856253,1.6286186789924293,0.0179578212530138,0.0338802791235863,0.0224638615176486,-0.7511769783275865,-0.0242314778962137,1889.6854540649117,1679.909907638745,1715.7013609692483,1858.844767412873,-0.0937224735518178,-0.0316193511476249,9.966023538537542
10.41,0.2040478510400632,-0.0047637202091639,1.5863597649439296,0.0021307925295922,0.3477618724694752,0.0034428447411755,0.9375741499208522,1.6939126865428322,0.0184609413112693,0.0079094294140727,0.022153391995418,-1.3718449913183128,-0.0292443206809687,1851.663633470106,1699.2691566886083,1724.837220442893,1827.4054229601863,-0.0884408743985583,-0.0180279092876948,9.880348536479993
10.42,0.2206306733935952,-0.0044111990887001,1.5864312418590076,0.0022649235219928,0.3430969516042944,0.0035012739224033,0.93929073933591,1.7581936220719114,0.0189605120663173,-0.0151910679640307,0.025078985683788,-1.854541313158488,-0.0307829634576273,1804.951118879378,1735.219525030524,1746.058137946777,1783.8611539223446,-0.2137033159754144,-0.0345610402962017,9.695728778350537
10.43,0.2377696750078263,-0.0040752265623992,1.5868429117851652,0.0024861169447976,0.3361462543158512,0.003549203100742,0.9417998290981529,1.821148181662932,0.0193851124898472,-0.0355217605229541,0.0284547144276865,-2.1477706636415155,-0.0278548798900432,1776.408766508512,1750.541457823219,1755.6265356974436,1750.6649092387163,-0.3506367479545433,-0.019867967024321,9.65819033830718
10.44,0.2554789178248261,-0.0037626860081521,1.5876613811027098,0.0027273678413766,0.3270935046021606,0.0035408924768369,0.9449814087018864,1.8820881996206944,0.019673579249291,-0.0529823925900099,0.0260718838109248,-2.328862008811305,-0.0238979509211377,1765.6111666026763,1732.2406239833854,1749.268211437888,1733.550268447197,-0.4291189092583742,0.0225026792748225,9.567989944980209
10.45,0.2737863064682825,-0.0034741330230931,1.588833603201289,0.0029294766830057,0.3163057866286635,0.0034459963700071,0.9486465056176636,1.9403946443163944,0.0199100534274064,-0.0681105130382992,0.0189608905054647,-2.507360055834089,-0.0233775369933344,1754.5382190426808,1700.8266492552318,1737.2997785656528,1721.1012547823293,-0.4455918147369111,-0.0296546848123568,9.370423788196996
10.46,0.292726505380991,-0.0032072259258665,1.5902158640963036,0.0030687307213162,0.3042136409781805,0.0032744332059925,0.952593261377456,1.9958209390744637,0.0202380458037262,-0.0825149884363234,0.0134715979152087,-2.7313220771174613,-0.0272133899590571,1732.7723151817745,1682.3714020973591,1728.0389698688214,1702.4914208120806,-0.5044328468437733,-0.0209918955411935,9.249050740451512
10.47,0.3123291021861579,-0.0029610977385613,1.5916186719024288,0.0031678653735674,0.291198137971499,0.0030910013031612,0.9566525256235152,2.048468219073553,0.0206323953783079,-0.0981693549754308,0.0125023089016035,-2.976205585028082,-0.0316199065458355,1704.648924367937,1679.8839603124454,1720.8274250739928,1678.9910919680156,-0.4634341421382473,0.0147957621910483,9.15894762717976
10.48,0.3326053403748235,-0.0027395344578551,1.5928506010821195,0.0032808156834294,0.2775117449159728,0.0030044050480834,0.9607119449827042,2.098613605429849,0.0207491468513298,-0.1156857086194361,0.0133334638329552,-3.1977784963924627,-0.0318877845481545,1678.6042983464497,1677.4612517809717,1712.1328375796056,1657.5507378657448,-0.5450882606830652,-0.0287841164498676,9.018584332299929
10.49,0.3535378848666895,-0.0025512450763324,1.593748782720955,0.0034581642954527,0.2632423683932488,0.0031244731204789,0.9647184740897928,2.1466373235944727,0.0200118924058568,-0.1328080558340875,0.0128320038567309,-3.379928394922835,-0.0274688442279912,1659.2586258551255,1664.757016456026,1702.6566931826,1639.95399628942,-0.5744264035152513,-0.0517458379704218,8.951010962528049
10.5,0.3750768566199808,-0.0024074538236065,1.594190314929187,0.003714427484047,0.2483287569402371,0.0035023744787833,0.9686623585532746,2.192937045876682,0.0179893507732076,-0.1455364316718375,0.0108195127931706,-3.539497824835843,-0.0231306182671551,1647.6431245491872,1646.7211166665654,1695.9352174176406,1622.6485815045348,-0.6384602299307791,-0.0440468229699624,8.815450581126468
10.51,0.3971432492480782,-0.0023187429278071,1.5940884376371085,0.0040184119602827,0.2326261570772644,0.0040881123647414,0.972549335893082,2.237568951094529,0.0148596812846273,-0.1524109246224636,0.0077036349107773,-3.7020950979826233,-0.0249175630605484,1641.5511398884605,1632.133304246615,1693.0671209558357,1603.558408483788,-0.6716383949389968,-0.0207388186428144,8.800532367075588
10.52,0.4196393488227605,-0.0022927462970303,1.5933865339207325,0.0043124304091219,0.2159943722580879,0.0047378805715774,0.9763735896594552,2.279842734905743,0.0114899744539159,-0.1577049954286737,0.0016329228676535,-3.877936939729971,-0.0348340785316491,1635.6280885060978,1624.6098349435758,1693.7821288592306,1584.488897510187,-0.6737503307625659,-0.0065364207514259,8.863848516479797
10.53,0.4424643751639789,-0.002332675607978,1.5920611443031554,0.0045455049407509,0.198364831364747,0.00527527116169,0.980103516765775,2.31850727134045,0.0088823353237932,-0.1685586067404213,-0.009958896654765,-4.05228310265821,-0.0491859649044086,1626.2533271375082,1627.540725228158,1701.8656141277752,1568.5034690173138,-0.6997159947819904,-0.03558498847732,8.849804656111983
10.54,0.4655313249855335,-0.0024358267789606,1.5901300858311762,0.0046964496972069,0.1797630212910341,0.0055728209880788,0.983682948516846,2.352613871729799,0.0074097654943888,-0.1880590160467619,-0.0269682575923309,-4.192671018392437,-0.0618638767597862,1617.1344814538925,1647.897636413341,1723.2900464427153,1558.6711889063877,-0.748465238861789,-0.1128045773937381,8.823400081013814
10.55,0.4887793283389874,-0.0025919849412874,1.5876495730812672,0.0047728043930271,0.1602973309270963,0.005603534993917,0.9870413296470654,2.3822030329868835,0.0065939734986901,-0.2123115189273933,-0.0464601287627321,-4.269793600501095,-0.069407127545872,1617.2844370217294,1687.6100817154431,1756.9581322661386,1558.896093789716,-0.8265393934107808,-0.0225286729379806,9.064192456371158
10.56,0.5121770515100902,-0.0027830344290782,1.5846909446914952,0.0047910666761312,0.1401374936777572,0.0054327295853159,0.990105556996361,2.4080447072322064,0.0056455415173892,-0.2348475873391521,-0.0653052825312877,-4.280062677213087,-0.0732008212132189,1633.4494556190405,1735.7694839774788,1792.9805280783503,1573.244975976966,-0.8991787738709007,-0.0382672569533854,9.440185035568176
10.57,0.5357165035877643,-0.0029854256727716,1.5813072437653355,0.0047559506157579,0.1194915193494479,0.0051640111965521,0.9928104001901183,2.430775103316184,0.0041698751462874,-0.2520444190549429,-0.0814814556005074,-4.25086487374594,-0.0767533294095322,1665.5005494927304,1778.647674611799,1825.2507446844877,1603.0349959161977,-0.9912485086132472,-0.050327796480912,9.926426909173983
10.58,0.5594000711577175,-0.0031755361381921,1.5775115996085691,0.0046542208452402,0.0985781518317508,0.0048820046336503,0.9951064527177568,2.450342272986364,0.0023459439625136,-0.2631175576702831,-0.0937535914259151,-4.2190695423512645,-0.0808846951756568,1707.0426269360396,1817.457990814051,1861.856534573276,1644.325757122742,-1.042349092512045,-0.0513848044574882,10.55565657206174
10.59,0.5832245987963471,-0.0033354066627752,1.5732831222498556,0.0044662251161995,0.0775982658896446,0.0046257683008993,0.9969639733870818,2.466071445217016,0.0005638614663365,-0.2677242620345855,-0.1025246032665976,-4.199811618724317,-0.0823205037373102,1749.6660599427132,1865.958935365374,1914.3202850797284,1689.88896953418,-1.010807480690401,-0.0555657753095968,11.002572618151383
10.6,0.6071657627325634,-0.003455349460894,1.568601295946925,0.0041846129931115,0.0567156232295774,0.0043949021274324,0.9983719306606474,2.4770831166839766,-0.0009705191056328,-0.2670855076177693,-0.110479310953599,-4.179679235773918,-0.0777915232901393,1789.3104664670143,1927.008095943376,1977.2605106172853,1735.593706145029,-0.995869841076528,-0.0179658244733668,11.65440569505306
10.61,0.6311660066713787,-0.0035318877932948,1.5634977763885711,0.0038240423974868,0.0360482363539253,0.0041671108168871,0.9993340465244608,2.4828935822500435,-0.0023100372973975,-0.265637932117707,-0.1190247396887534,-4.143882718913719,-0.0688078619181281,1827.8516683599228,1984.0862781383832,2030.978519526828,1782.56866074349,-1.146626637517341,0.0166155931109148,12.458062528832532
10.62,0.6551306050750455,-0.0035629047078062,1.5581052602593546,0.0034128415129512,0.0156611559017077,0.003908591846037,0.999863892546586,2.4838969962725024,-0.0035672531990215,-0.2664862467927193,-0.1235316762134874,-4.09958337300811,-0.0604808699736543,1866.383906442071,2025.2418955694131,2068.5059059474283,1830.348686103901,-1.2634664809034717,-0.0524763838249062,13.180230807420408
10.63,0.6789377444310537,-0.0035440189190487,1.5526782189190085,0.0029726018371725,-0.0044394747099366,0.0035774975807844,0.9999793278931705,2.480980832595664,-0.0046752831535645,-0.2647001738425366,-0.1166652902099431,-4.059160096912311,-0.0554057470605825,1902.068421660307,2063.1409533709566,2106.83465041237,1872.612204918044,-1.2216343513760055,0.0170360879828381,13.817951854719436
10.64,0.7024672398247529,-0.0034696867509711,1.5475704596858488,0.0025021121093092,-0.0243024999225948,0.0031329400896114,0.9996966102867908,2.474195339051599,-0.0053232903175878,-0.2495976341022157,-0.0998819897859869,-4.010802680683418,-0.0512503994753801,1935.901453720728,2116.1369287031075,2161.9758909520706,1906.058156177808,-1.1804263914462645,-0.0047932410529082,14.168833598970572
10.65,0.725645535377952,-0.0033398039710906,1.543179652058822,0.0019774437365287,-0.0440001026785223,0.0025521167358867,0.9990263096539124,2.461984124491007,-0.00515519382698,-0.2156171478263264,-0.0871780122072004,-3.932332385503772,-0.0457997948274419,1976.043453689476,2177.0842867724486,2223.857515238862,1939.3831845886048,-1.3782805311305817,0.0324301816171785,14.978965629739816
10.66,0.7484917718787609,-0.0031689946237767,1.5398863460283394,0.0013756957287463,-0.063596820508086,0.0018522549366463,0.9979730061650836,2.4423148864786994,-0.0040926414644868,-0.1680786795788985,-0.090252082593793,-3.83746180447159,-0.0414597007376346,2025.56258023676,2219.427825578219,2268.484298915528,1983.2430460182984,-1.4538507148891375,-0.0420624046913757,15.572112678407768
10.67,0.7711373443654137,-0.0029928909159733,1.538006518302378,0.0007070448074977,-0.0831304920184907,0.0010979327282857,0.9965378146001926,2.414500053688772,-0.0024687271152951,-0.116241799237886,-0.1017130061505414,-3.779724546006437,-0.0413196940711411,2071.527988327376,2233.9829437994663,2288.2587943559524,2031.2843095940807,-1.401565535845295,-0.1344425484126347,16.13875362182616
10.68,0.7937902277502861,-0.0028650926124888,1.5377558113307257,3.742214679240292e-05,-0.1026110976850308,0.0003899882964032,0.9947214731474256,2.37916133255165,-0.0007991079965004,-0.0625464911898301,-0.1013793573236163,-3.792926034753701,-0.0423234139252428,2094.6196920463453,2240.899210786305,2295.97565027528,2062.2724182046886,-1.336217082249751,-0.036171047625347,16.488384252573617
10.69,0.8166319705934154,-0.0028413572046464,1.5392176903842758,-0.0005188554534472,-0.1220269270715578,-0.0001632098011932,0.99252664106363,2.3362578551355613,0.0005855974860198,-0.0009744195459052,-0.0798280669641711,-3.850628985236687,-0.0372531983346541,2089.7523017232106,2255.9034028203355,2299.6375373753854,2065.007837968462,-1.1922759461932424,-0.004071355841556,16.58883929780172
10.7,0.8396659576273512,-0.0029537826665966,1.5423226409087984,-0.0008417201592344,-0.1413591045843342,-0.0004823706067639,0.9899579093965998,2.2843588170006583,0.0016010829807461,0.0743655134029067,-0.0479673652512422,-3.912641960553158,-0.0250274891659102,2071.092350306675,2259.9731671291443,2288.395490305351,2050.4725520553084,-1.258710823482792,0.0589886274691641,16.581018611676924
10.71,0.8625683639782342,-0.0031846798716484,1.5468601737360927,-0.0008690112073601,-0.1606225528538112,-0.000547058944528,0.9870153702251842,2.223445865573465,0.002013779435955,0.1608174686518991,-0.022257193860746,-3.994641480904892,-0.0149541393632492,2053.2385476730333,2221.707352064389,2250.7773698350616,2032.0363737088253,-1.3525841852809457,-0.0197968374551695,16.481366277801566
10.72,0.8846137657225862,-0.0034532600406247,1.5525373782492746,-0.0006534155377428,-0.1799359653437363,-0.000404302170418,0.9836780255569948,2.158390726054832,0.0011359808806037,0.2472809955122066,-0.0098584788761268,-4.149183407115839,-0.0162336611858179,2032.6017731611191,2143.209804705152,2194.7397344260157,2003.772459290768,-1.28315459584642,0.0067163781476802,16.031184590962788
10.73,0.9047427985133752,-0.0036256241884025,1.5590697610532562,-0.0003821334301655,-0.19957812165577,-0.0001495439310744,0.9798818321445748,2.0968112836568027,-0.0015448643536918,0.3209293605724168,-0.0130699932491989,-4.376831211223904,-0.0237777630435208,1994.334983599495,2060.388588330885,2136.468407180085,1951.2889423577628,-0.9725775715135594,-0.1028532793624872,15.018904598086143
10.74,0.9218013032761608,-0.0035505444524698,1.566266902741238,-0.0003355656315607,-0.2199623718576776,0.0001131453931752,0.9755082929225009,2.0394048379265604,-0.0049808904478341,0.3745163401969743,-0.0378173589427017,-4.601521145225403,-0.0189934554198451,1933.686612972188,1997.496002753544,2078.0648439002957,1879.6777726512348,-0.85509932718589,0.0133217937352225,14.100576984881076
10.75,0.9349108620604634,-0.0031124960946222,1.5740746498324198,-0.0007785906385733,-0.2414936228255371,0.000310358093813,0.9704020443141432,1.9716560447077391,-0.0061391857265304,0.4110052235380994,-0.0829332514453561,-4.751435606473823,0.0109581743555137,1861.7806794354,1947.2081696824696,2014.6583129049368,1815.241099237684,-1.0658610454054296,-0.0735016054408702,13.552294642678966
10.76,0.9438485781141638,-0.0022827682343867,1.5825542263548953,-0.0018083661446402,-0.2643482257949259,0.0004097350825019,0.9644255167964626,1.8708117691895916,-0.001936608986479,0.4422154667258506,-0.1200300660382971,-4.823968686476752,0.0499156550544275,1794.7567526246153,1901.163490384301,1961.0980389111628,1774.177188743218,-1.007211811342711,0.0437629688778823,12.792723900160857
10.77,0.9492600778074008,-0.0011450368618439,1.59180647375973,-0.0032186299399168,-0.2882896975345276,0.0003848743968006,0.957537749954778,1.72831159937294,0.0077345955644711,0.4789526622718549,-0.0966559742793992,-4.8433071673530605,0.0430865744447447,1749.0607054669028,1869.259129417771,1951.1844549739533,1738.845117214662,-0.8192161682743899,-0.0460699057172625,12.011014114117302
10.78,0.952558466526645,0.0001207036968308,1.6018707023759626,-0.0044574684783137,-0.3126520304638329,0.0001507895017649,0.949857260899833,1.5650428913717938,0.0191251556650208,0.5197683733327989,0.0297070371483993,-4.7923519837267845,-0.0862599579483664,1744.456008383062,1849.2922044464465,2001.4005304378484,1674.6924526954294,-0.7961903725345358,0.0005389895529308,11.506898684540229
10.79,0.9555003924170354,0.0012931026139378,1.61262013837231,-0.0047291178598568,-0.3365496797998992,-0.0004828273515643,0.9416537130753542,1.4177906886458431,0.0273478490361805,0.5511588576771649,0.2585877486987966,-4.638315697277973,-0.3916334621453986,1795.2664477230508,1801.520356762456,2085.35008361813,1570.2287878585998,-0.8227273767620744,0.1121976007533331,11.53539601565596
10.8,0.9596151865675416,0.0021805288895559,1.623643829112104,-0.0032271256232607,-0.3592301577317607,-0.0017941964592182,0.933241694468958,1.308405099819275,0.0301684864618768,0.5596032034453419,0.5467393962787417,-4.420190948094939,-0.8531108053996719,1890.254641957276,1684.7360352223516,2154.1751542985585,1452.483798795416,-0.7535335420398894,0.0895995104714987,11.694891579867004
10.81,0.96575467902849,0.0026777380429796,1.6340982812497908,0.0005750352019861,-0.3803770438392077,-0.0040601114750269,0.924822409627639,1.229397691595393,0.0290823326556425,0.5417561803723254,0.8351599800142401,-4.260267275673908,-1.3630347554626332,1986.1742742732492,1517.933820209494,2177.37685491645,1357.2524013287057,-0.7111352937823225,0.1351314650414602,11.603324464014309
10.82,0.973949702371984,0.0027870380223554,1.642570803845418,0.0066764211618239,-0.400193976221203,-0.0074349138913777,0.916375975706566,1.1582465443596752,0.0270357471728777,0.5043654703675458,1.0641170903545152,-4.251507788504632,-1.763671592868716,2028.9132817289524,1389.8178492091074,2152.1446580903844,1289.1645217013613,-0.6930921558531011,0.0173666868201833,11.210481648786722
10.83,0.9835779169795784,0.0026013412115628,1.6470845301076067,0.0144367442813035,-0.4192291649629097,-0.0118609153159259,0.9076881658074684,1.07952235505786,0.0256028486135022,0.4585753915630309,1.1555510760633456,-4.334638341074825,-1.913452041728228,1987.3703824175263,1396.0398471857138,2080.0984939150258,1225.2864899986191,-0.45994003751521,-0.0942486244160928,10.498472393390678
10.84,0.9937059922342314,0.0022617095914138,1.645406317717928,0.0226626405940982,-0.4380287697651253,-0.017057020905987,0.8985133608451052,0.9926360664403502,0.0242598355477453,0.4135537850829086,1.0044806809903792,-4.307645505317382,-1.7512671581634955,1872.0113334120797,1557.033747555344,1964.0797336756395,1163.4810446559811,-0.5236870746384445,-0.0975579298021515,10.13605972724556
10.85,1.003435574979385,0.0019080969773901,1.6357342216834083,0.0299009968342901,-0.4567652154974388,-0.0225874705996718,0.8887976566529656,0.9052701098549648,0.0217598451366773,0.3684570551047861,0.5444269128105927,-3.9709880037247753,-1.3326642008649463,1721.9561930719756,1792.0812214364396,1838.662463039219,1150.5453833483937,-0.8841603911409321,-0.2661628824127482,9.60588830555838
10.86,1.0121332458247416,0.0016401409682271,1.6176449797883072,0.0348688815213524,-0.4749757205459007,-0.0279676097413853,0.8788629237820342,0.8248150577656402,0.0178320502089166,0.3059435399522632,-0.1366313980488382,-3.267741710352319,-0.8064396711941517,1573.7549083920003,1982.097649242674,1772.5702365044745,1241.2384870033736,-1.121340951297198,-0.4370691990380638,9.12574488040818
10.87,1.019504971762341,0.0014981475791506,1.5929442216023113,0.0368692937578561,-0.491499593993152,-0.032750015656045,0.8694804429985141,0.7540808753639415,0.0136579816727587,0.1996979478600908,-0.7673376269669462,-2.291241419695345,-0.3294199515742726,1443.7447206245397,2065.4462096457546,1808.4564679943485,1429.139473971521,-0.979498585058224,-0.387947815318899,9.348046313030238
10.88,1.0255431706848943,0.0014658038549377,1.5659147673533869,0.036013653270014,-0.5046435655513191,-0.036563530153338,0.8618010192547492,0.6890887137992688,0.0108493254868433,0.0433729785259041,-1.0460934113204488,-1.174806719085782,0.0179660011768962,1337.6008071424176,2072.2581176141643,1909.207791570113,1632.4141078147436,-0.796527411096922,-0.1754116259303006,9.957407383498966
10.89,1.0304091683235876,0.0014888898401986,1.5425478889240292,0.0331384595694511,-0.5125459554581191,-0.0391252570778184,0.8571275869434387,0.6181687044445908,0.0099230739210144,-0.1197893569888403,-0.8727323015034611,0.0164713642972106,0.2433040783820707,1268.2324106178066,2073.9664988550726,1989.0686106584903,1756.33192638917,-0.932852582419086,0.0412752929243955,11.000997374136952
10.9,1.0343135586693908,0.0015007372666351,1.5287556517394087,0.0294477049197707,-0.5136589182827828,-0.0402665473562402,0.8565430249015675,0.5271493154064747,0.0097786788226707,-0.2103960419178555,-0.4371564096602967,1.2928438176688166,0.3868404962715604,1258.998729198066,2111.133192032301,1994.7594219360608,1773.2549434394032,-0.909367884768208,0.1643208812379033,11.454728864283142
10.91,1.0374331175504432,0.0014454936508961,1.5282067100417762,0.026050495243977,-0.5072207613822172,-0.039985153126668,0.8604938456780643,0.4109499728796865,0.0087366502339542,-0.1779779925635602,-0.0664228286463827,2.641435467638956,0.471520684228747,1328.283271964162,2162.7171254958307,1937.4619853943168,1744.8545322875875,-0.7187276298454264,0.1495132728982662,11.195544026594868
10.92,1.0398738146067736,0.0012929043358945,1.5408799195650913,0.0236054795587498,-0.4935648358221494,-0.0384849936605793,0.8685363777284181,0.2801938658203752,0.0059814443389506,-0.0528553528311633,0.0331170891809489,3.910984892576085,0.5031170508617573,1466.7358107641494,2169.8480737941945,1852.8746100409376,1761.8845610218357,-0.681732224928,-0.0594046642872154,11.02323242499475
10.93,1.0416702038561714,0.0010419755422534,1.5631642781831303,0.02220996745505,-0.4741471277885019,-0.0361488230895196,0.8794228113625449,0.1533666840205648,0.0019106927387978,0.0802022120498328,-0.0943731888074285,4.80899146015309,0.4938296917720044,1627.6373208868436,2088.2161300908347,1757.5582681407432,1854.4585621991205,-0.5643566217485736,-0.1879805180526552,11.338135873432687
10.94,1.0428057378544022,0.0007147665885148,1.589408080582069,0.0215377154078894,-0.4512709348550912,-0.0334314459989536,0.8915004254561183,0.0424994437827456,-0.0025929256844772,0.1568513997653647,-0.250177942435584,5.062714253283652,0.4660406457050619,1747.3132075082187,1925.789970076766,1650.6454930343366,1963.0745634309787,-0.0241201092618332,-0.1455975999205667,11.157060335739276
10.95,1.043240711312185,0.0003446391489966,1.6140055794325154,0.0211121729545719,-0.4275885825319377,-0.0307232727896257,0.903204495532744,-0.0521760337418904,-0.0068275050506412,0.172193827534018,-0.2815074404073054,4.62651104821225,0.4365320727396668,1783.8169941271583,1737.613251575084,1538.4468682260097,1999.9698314601187,0.2259514644729128,0.0337463774853499,10.990716714291622
10.96,1.0429383899233486,-3.575981086575405e-05,1.63302283604878,0.0205572390423826,-0.4055222714878201,-0.0282562562679856,0.9134170302945042,-0.1359699079118564,-0.0103503075039308,0.1570695119893348,-0.1906025665640926,3.7446099332385536,0.4095926167326934,1738.1753740000256,1588.3104574763786,1442.5100877640375,1930.2012942758813,0.5443688428836806,0.0080994876259404,10.0053178788731
10.97,1.0418835846037315,-0.0004028372115634,1.644853879133258,0.0197121417725583,-0.3867634803562382,-0.0260912821501324,0.9215989836828328,-0.2120701974511459,-0.0129000408193777,0.1370553018522627,-0.0838684312519871,2.8103436537079785,0.3859989900499883,1641.2611340053616,1514.0199124030833,1385.3975093525814,1789.379127570603,0.5289392759466178,-0.0316539923251948,8.90121250298132
10.98,1.040091890578679,-0.0007450578635806,1.6499529007488958,0.0185963679551858,-0.3719816812586873,-0.0241750354081922,0.9277388487984364,-0.2801329616466066,-0.0145083105363958,0.1170104723453446,-0.054329789049152,2.1490525832376064,0.369263607788559,1526.437192646049,1507.0235986038947,1373.398808715248,1637.71580585995,0.4661341000890551,-0.0284621962494646,8.01794045626549
10.99,1.0376111857316817,-0.0010609735220719,1.6500160732876004,0.0172968444892708,-0.3607971855897121,-0.0224240422686094,0.9322142309413606,-0.3393036097991292,-0.0155782378885623,0.0903050472705949,-0.117329124366153,1.8915060253457097,0.3596475487132016,1414.574736015673,1529.0691776291746,1393.0027314332294,1510.9502859218655,0.2293636483744454,-0.0734313846304829,7.277943847313994
11.0,1.03451804360793,-0.0013539546243722,1.6470613421303275,0.0158722647974007,-0.351981352528912,-0.0207915160450287,0.9356414438996749,-0.3903897478785074,-0.0166768558602292,0.0514003163783548,-0.2286475255058142,1.9979157196543187,0.3483357420947753,1314.4624393442864,1542.6217147153566,1423.1100107131924,1408.1925885073708,0.1152509263388843,-0.0845791316985171,6.771783464535702
11.01,1.0309105232285676,-0.00162589232678,1.6427430492505906,0.0143282596093477,-0.343791037330664,-0.0192898531674899,0.9387386884497996,-0.4353914902263346,-0.0181842093192507,0.0002859608943339,-0.3350157304062717,2.373622232764076,0.323848640898478,1225.9513679440506,1536.0060243404612,1451.1911645220662,1310.4241629512403,-0.0505652928997024,-0.0868255104670673,6.385807156341796
11.02,1.0268975720768827,-0.0018723845968413,1.6380389748124715,0.0126532228839178,-0.3343436414689462,-0.0179688804978413,0.9421949610848006,-0.4762042284053774,-0.0201006903990321,-0.0592736459819541,-0.4051132826258343,2.970626069686129,0.2844827414878282,1143.692215326112,1521.5150346984162,1477.385050887577,1207.822569139134,-0.1041343997001051,-0.0903798263080897,6.19838785571665
11.03,1.0225856856806457,-0.0020818963680443,1.633268092027053,0.0108665853903654,-0.3219721284154432,-0.016873696912935,0.9465363934884246,-0.5141141656741783,-0.0221087340667929,-0.1226577664211841,-0.4303399041480754,3.795184624000373,0.24172835374966,1071.121224111534,1510.155069801959,1501.957022739876,1119.0958698216368,-0.1671645159091412,-0.0518529445919435,5.930715785877622
11.04,1.0180648366883616,-0.0022401098468092,1.6283039433003323,0.0090388186195399,-0.3055290277025225,-0.0160117159350987,0.9520052194930068,-0.5498082693565849,-0.0237647274704741,-0.1864173739920878,-0.4133954015472408,4.817051343783919,0.2100238507773447,1037.6004177467585,1491.1725312299643,1511.0436882963595,1088.2598368163578,-0.198090953182207,-0.0774204969725756,5.749235380206302
11.05,1.0133965444575672,-0.002337863475074,1.6228421830701791,0.0072755936281385,-0.2846133747720538,-0.015345172752585,0.9584919500503978,-0.5832908894319639,-0.0246838614272249,-0.2492302833266163,-0.3614933633416447,5.862759607749459,0.1936137099913606,1089.9545040052808,1440.734916358205,1481.2595605285592,1154.6113821935742,-0.2284972134679219,-0.0395754626031627,5.725164036278537
11.06,1.0086069892344118,-0.0023786900992332,1.616622957095043,0.0056840375980004,-0.2596791383194089,-0.0148059947073984,0.9655647152620056,-0.6140628908281236,-0.0246816154056879,-0.3112650952697687,-0.2863857266590607,6.610416446115699,0.1842904968440827,1250.7839247150007,1354.187353278111,1405.8128095718407,1317.3712195733565,-0.1061023437638799,-0.0887762398547491,5.935153125908807
11.07,1.003687599896248,-0.0023821023726155,1.6095593118950509,0.0043417786191558,-0.2319703255963024,-0.0143185596902491,0.9726077810965552,-0.6418702651524875,-0.0238683653197049,-0.3719772746493421,-0.2053276898918196,6.740492308743444,0.1715366718670328,1482.2365221098505,1270.5298293638175,1319.7627255757257,1527.1999270972926,0.2101843501500049,-0.0589277349524914,6.416319296692256
11.08,0.9986041016001898,-0.0023810448960187,1.6017631875620122,0.0032781306615157,-0.203244942498625,-0.0138170960030582,0.9790249409826794,-0.6672571668344914,-0.0226507906809431,-0.4283815623224192,-0.1389260996867815,6.163813544822448,0.1532740386186694,1699.8531523261458,1259.5468079523089,1293.621528201125,1713.8920568247297,0.5930249357558814,-0.1047119202939844,7.155364970106002
11.09,0.9933119906440536,-0.0024144252393708,1.59349091292721,0.0024681402922322,-0.1753179615351052,-0.0132533390896341,0.9844195597658796,-0.6911783866270841,-0.0215919037369373,-0.4758048481534809,-0.105158590913559,5.14519410658356,0.1364032273739709,1833.1634050550465,1370.783523109999,1385.740044654044,1830.5417185414528,0.871992850940644,0.0185108344340375,8.29251486179054
11.1,0.9877730723352218,-0.0025172322251449,1.58505049345634,0.0018406494435578,-0.1495577935362272,-0.01259834965536,0.9886710069523442,-0.7142337715345036,-0.021155406952375,-0.5101425291019376,-0.1107384121466615,4.178572832672061,0.1285019614775827,1879.749861989489,1581.813719365544,1586.2146491034118,1883.089167889622,0.9343834044917224,0.0454821665999319,9.355776631687604
11.11,0.9819669420396592,-0.0027113983155867,1.5767161124075444,0.0013021126548403,-0.1265427307840931,-0.0118446423463494,0.9918895836916656,-0.7365027922200723,-0.0214623713361264,-0.5291282246071435,-0.1443709591480312,3.663260741047835,0.1300153544884462,1899.8218761917649,1799.123804896475,1808.980816593893,1920.2761170928648,0.663755212179995,0.0266133773623141,10.71177281977868
11.12,0.975894294869904,-0.0030002436313572,1.568679064167881,0.0007698422120107,-0.1060423764921045,-0.0110103785020711,0.99430035366388,-0.757844585523856,-0.0222408284433997,-0.5322037128998572,-0.1790699027800128,3.632575840167885,0.133784910956747,1954.7133703381016,1927.3056684373855,1954.27186603766,1987.5756131289272,0.4076295508594159,0.0537648039943268,12.293220000114603
11.13,0.969573383897772,-0.0033679428330347,1.561040137146423,0.0001984272466644,-0.0873268161017736,-0.0101405406377941,0.9961280827542852,-0.7778425691685389,-0.0230434729486994,-0.5204256843975721,-0.1871594990136348,3.778023138084904,0.1315650629748407,2051.3771928795068,1949.7916446338788,1990.8475014795608,2086.0859993519425,0.3653463499741063,0.031059062496961,13.65343137732407
11.14,0.9630336233717216,-0.0037836346340466,1.553831365175716,-0.0004151413022773,-0.0696222461944039,-0.0092977532877507,0.9975300107146376,-0.7954196375529898,-0.0235593383991156,-0.4965745582444399,-0.1611426614490789,3.7524778830598304,0.1213781341543751,2147.629922678265,1937.3649084126212,1976.4956435969625,2177.514167035567,0.5255899813354528,-0.0613914982972821,14.424539880757258
11.15,0.9563104596809816,-0.0042087797101437,1.5470504577858422,-0.0010478934174187,-0.0524592399485212,-0.0085417322106495,0.9985859847175158,-0.8090248657431945,-0.0237222968444571,-0.4640484235627707,-0.1224104587341033,3.466437330043573,0.1086554832457788,2204.430955892448,1970.242615011739,1993.9394281832228,2228.178767713403,0.6652042428223246,0.0574979078815446,14.704605900262012
11.16,0.9494442031019452,-0.0046063194868743,1.54069417068613,-0.0016749702654865,-0.0357535140784523,-0.0079063974391542,0.999327958973022,-0.8176210865274885,-0.0235566104771028,-0.4246803316966003,-0.1032820479183128,3.1049030349301816,0.099839040486758,2223.7703097379244,2057.491175038307,2069.6368289509182,2242.843656434531,0.6471174079850097,0.0656715509466049,15.380463445025931
11.17,0.9424829747716252,-0.0049498973027394,1.5347818507855835,-0.0022841429177735,-0.0196458782932856,-0.0073875884662386,0.9997770980042852,-0.8213816063478645,-0.0230312407590631,-0.3781299914381883,-0.1145353061798391,2.887735691248075,0.0952338078814712,2236.279262348936,2141.3656975896674,2159.7180857976373,2253.0389644015195,0.5677076820071181,0.0051078396357504,16.148385646059623
11.18,0.9354866660792908,-0.0052304414255646,1.529365856025102,-0.0028724905374985,-0.00426672950072,-0.0069480213968524,0.9999626337099544,-0.8210923047237111,-0.0221248369568728,-0.3241454859674521,-0.1332811468792169,2.8506689044173656,0.0893796203069001,2262.204644539535,2172.018232748,2208.4384500415645,2277.466361716962,0.4572366023628483,0.0226061310078838,16.7742747184014
11.19,0.928526988411646,-0.0054571687666845,1.524529716423201,-0.0034326641137991,0.0104097293369746,-0.0065363408723113,0.9999185619840316,-0.8168494231734285,-0.0209471284003542,-0.2647665908020682,-0.1279719559261685,2.8604871360818147,0.0788119583975537,2292.8800023192,2158.695043274606,2205.506802130826,2302.3879767538897,0.5313863293887007,0.0178952913739451,17.113723035143042
11.2,0.9216807399754856,-0.0056519877802203,1.520375000079945,-0.0039441504558229,0.0245630633285283,-0.0061068845784812,0.9996718489373628,-0.8075953797818567,-0.0197033810651898,-0.2031131137148195,-0.09384640657989,2.7949649728503525,0.0675890895730736,2308.359795434451,2144.539713796542,2182.755164317283,2302.987348551316,0.6396572683680547,0.0638087859848789,16.969668283556846
11.21,0.9150185435475304,-0.005839724767188,1.5169966176001843,-0.0043826686781675,0.038419019276575,-0.0056367229768128,0.9992362075741482,-0.7919991763585811,-0.0185555939343237,-0.1403456408257122,-0.0583385654566784,2.659185119756048,0.0627666685179507,2302.968963099005,2149.427132211253,2169.489178677822,2276.234128624837,0.630485870722479,0.0108461882533885,16.976319852757243
11.22,0.9085952321945092,-0.0060389653631966,1.514451076878802,-0.0047400648014201,0.0521326733344626,-0.0051322379564686,0.998615730043463,-0.769610794366046,-0.0175345519159775,-0.0753246883580712,-0.0504007632462824,2.5336291748757724,0.0647529820090557,2286.406481789635,2152.8265231698324,2165.5272074358463,2243.3402634945114,0.4984054441911301,0.0422280390057608,16.825300566171833
11.23,0.902447014761162,-0.0062574672925265,1.5127318661729925,-0.0050358991449005,0.0657197577447805,-0.004625884669857,0.9978146893851538,-0.7411934526253994,-0.01652157175152,-0.0076827173373509,-0.0688425940194045,2.460790400125067,0.0651521627008258,2264.7347886814487,2127.1559627496254,2153.764338784464,2220.15268504644,0.4882860514620932,0.0276265012522102,16.554170417283867
11.24,0.8965954585810114,-0.0064928534640344,1.511767752026621,-0.0053071564205353,0.0790631060259545,-0.0041640436395854,0.9968467886775902,-0.7083037477825471,-0.015287807491207,0.0596475995381519,-0.0850638720252157,2.413604796004897,0.055970281213709,2231.0206602572234,2071.908015234781,2124.031361969493,2196.0515863384467,0.4585074481970888,0.0240633941282205,16.169235510966832
11.25,0.8910540717467965,-0.0067366201367155,1.5114465455403354,-0.0055817746887583,0.0919807884677642,-0.0037881869485958,0.9957379313774356,-0.6727102560528992,-0.0136479643786301,0.1212940377186135,-0.0756299483966785,2.35176086586462,0.0394582952556268,2176.9265800084954,2009.2740313856225,2079.1419518660136,2150.125650434775,0.4665270346541099,0.0768158198071476,15.459269005094136
11.26,0.8858333325818161,-0.0069790529920363,1.511650235189934,-0.0058575847755974,0.10431299260405,-0.0035151716094875,0.9945210565106904,-0.6358875646520644,-0.0116770336057156,0.1723452486752249,-0.0465986550152322,2.269926837379126,0.0265610334263291,2106.682959710301,1955.573784341975,2025.7784817710976,2081.3993832372034,0.4403741139331871,0.0616602892012875,14.647215247432298
11.27,0.8809430425164271,-0.0072132361983525,1.5122823175619164,-0.0061040883806503,0.1159764948060175,-0.0033263756638705,0.9932276315037222,-0.5986581081127798,-0.0097528317462115,0.2105770887675581,-0.0234131591053253,2.1851779152124777,0.0257053178515372,2035.6032611320795,1907.61100898483,1967.6509125395912,2011.2115718537077,0.4789281368210458,0.0326278323166417,13.793587840747575
11.28,0.876393171253798,-0.0074366181962981,1.5132758179686396,-0.0062843831529131,0.1269618934906668,-0.0031746892025839,0.991882606702083,-0.5611824397812784,-0.0082901524584443,0.2368924416984477,-0.0217703218831825,2.1008031093453203,0.0346937616803217,1977.16301116091,1855.6422263189024,1906.8585128307404,1957.6251130149508,0.3936467272555086,-0.0103009008983444,12.884920435984917
11.29,0.872194254573364,-0.0076493389230739,1.5145820040129183,-0.0063788028418435,0.1372903173005398,-0.0030081247185653,0.9905057449785436,-0.5233349264352505,-0.0073831309337257,0.254204368758634,-0.0341675936621194,1.9981788708839503,0.0437970150717228,1933.6677450935167,1799.743241602164,1847.254408322116,1918.958014247228,0.3827196999188915,-0.0799115903689437,12.047063849134307
11.3,0.8683571665227932,-0.0078505770819975,1.5161487960446527,-0.0063942760798636,0.14696669394444,-0.0027952134083443,0.9891168236798208,-0.4851435901923491,-0.0067153956885486,0.265421310698249,-0.0430060760644725,1.858735904357762,0.0454178612052057,1898.4275330590144,1748.6639233726764,1793.9288335695892,1883.547081109292,0.3731888370830871,-0.0666607729234541,11.319732275514728
11.31,0.8648915107746485,-0.0080359620010909,1.517902441555934,-0.0063575729286562,0.1559557176334759,-0.0025342488017108,0.987740336822839,-0.4469148158371558,-0.0058301019978174,0.2717806001714201,-0.0397024867628985,1.683802557053976,0.0399734159922242,1864.5816029953644,1707.4219924256531,1749.0211101945808,1845.7169845056792,0.4061419003110358,-0.0118002855745148,10.83816842027158
11.32,0.8618024297311531,-0.0081982821433475,1.5197439999364672,-0.0063013726192216,0.1641839135393689,-0.0022415525436393,0.9864070714873272,-0.4089844364525592,-0.0044947192577938,0.2728259153936385,-0.028781017663966,1.4908087295635997,0.0331317290766176,1830.5620912283605,1671.9830889198622,1709.5597988545956,1808.282930140399,0.3578424528210746,-0.0127385830090448,10.387727393591057
11.33,0.8590868416508725,-0.0083306699198145,1.5215630242390932,-0.0062527900438018,0.171555716630327,-0.0019324618145733,0.9851526807045994,-0.3714024591364382,-0.0028332122733626,0.2678058229047013,-0.0183858863469984,1.2931286850027957,0.0289661720649639,1798.7771493403188,1636.3087052204592,1672.2389952183244,1776.0720139009973,0.3446448180175609,-0.0006593674899768,9.934693649567064
11.34,0.8567312192227099,-0.0084292032478383,1.523260434820156,-0.0062283820373316,0.1779682993378326,-0.0016140439772791,0.9840151861379152,-0.3339047042469956,-0.001146476771935,0.2568657845814773,-0.0116608017163044,1.0861084788307305,0.0269568652797197,1772.2034065306243,1601.269934316234,1640.0255135993411,1752.587908546799,0.282186331992059,-0.0254865704783916,9.646715539750415
11.35,0.8547130354615243,-0.008492622362623,1.5247686729277743,-0.0062339752323546,0.1833167515471287,-0.0012942533006152,0.9830332807506592,-0.2961914273637372,0.0003652897121551,0.2411192245562197,-0.0063540384399338,0.852949382239788,0.0248562457517902,1752.9904490483295,1574.5590947685755,1619.8629273350884,1740.3549300347347,0.3115626507162221,-0.0124458962460292,9.38449238640244
11.36,0.8530064965301793,-0.0085196047155123,1.5260603743620702,-0.0062655090925909,0.1874929664127635,-0.0009937621421203,0.9822454598410512,-0.258194068023748,0.0017039713118633,0.2221389569333935,0.0013912461015484,0.5830225570625076,0.0221465867269104,1742.1265763519073,1562.2016735102934,1612.708523048798,1738.9487369647634,0.3387448910308772,0.0328154392169414,9.213453869307076
11.37,0.8515909922705412,-0.0085061805761366,1.5271425513061914,-0.0063087368422755,0.1903904777972246,-0.0007444610801646,0.981687889087616,-0.220081734412991,0.0029564826214123,0.2014412609215696,0.0143258866847188,0.2843861552580085,0.0195191462596739,1738.310960003887,1562.0045233213334,1610.6059745155817,1741.987691383522,0.272122800027665,-0.0244586993721944,9.152440404057824
11.38,0.8504590381447578,-0.0084459397103427,1.5280397603603144,-0.0063390362893977,0.1919262041167702,-0.0005738693334352,0.9813887198588732,-0.1820993340906827,0.0041591738615378,0.1800090797265137,0.0325061072073025,-0.0189149756094511,0.0164014920479885,1737.6561448249795,1566.7149631921527,1606.7995151876637,1740.112088119983,0.2821242386778015,-0.0034343576601963,8.973931876008306
11.39,0.8496200050264402,-0.0083339224976643,1.5287756532786156,-0.0063248408190416,0.1920764542554862,-0.0004891558927332,0.9813594615816198,-0.1444403176193801,0.005291995180359,0.1581764552290825,0.0519483880134754,-0.2995641815108951,0.0111028993163423,1736.719492943036,1572.0661187522778,1604.999114926418,1729.7303953996934,0.2307045555092868,0.042069205133849,9.020250791754446
11.4,0.8490971262627636,-0.0081725958579155,1.529362759523607,-0.0062370390876964,0.190906706493327,-0.0004735897821635,0.9815882560788955,-0.1071943899303262,0.0063374215902509,0.1362002222664392,0.0656629392608,-0.5400447122022269,0.0035638337002132,1736.294407859632,1579.540389748006,1614.181807429215,1717.4798343072107,0.2247792868242633,0.0397731178205598,8.959070342809774
11.41,0.8489183234815267,-0.0079764088287279,1.5298036342135648,-0.0060619036609226,0.1885692942881291,-0.0004964266601116,0.9820410521644468,-0.0703410374791901,0.0072963517730801,0.1149223223491572,0.0683009241692668,-0.7397858027414899,-0.0035183672957238,1740.4213267252828,1592.8516532941476,1636.4012184726869,1713.4922590394494,0.1304604427384585,-0.0411210040255386,9.042730621444411
11.42,0.8491048992729461,-0.0077714018260526,1.5300991920990756,-0.0058096650807084,0.1852604281464238,-0.0005278800702491,0.982672144154542,-0.0338044734101069,0.0081722015773869,0.0956388461958206,0.0609737959149194,-0.912261145216784,-0.0071273955339012,1750.8164530240972,1614.0645890363742,1664.4198396978222,1720.3746984229897,0.1476424533356306,0.0228126725893271,9.225047978414116
11.43,0.8496634978273808,-0.0075887652573346,1.5302582452594349,-0.0055105144328659,0.1811572464348304,-0.0005500478485021,0.9834385510758664,0.0024692205273235,0.008970833884935,0.0793110662329455,0.0513331045043657,-1.071744985797214,-0.0069496902851885,1763.609312662306,1641.487648568827,1690.3897186402007,1731.2499894720906,0.1109584516791986,-0.0084081181079717,9.375937145781794
11.44,0.850584697653379,-0.0074548641413575,1.5303042280681027,-0.0051983927207398,0.1763721880767293,-0.000559424334104,0.9843096641964671,0.0384923994931288,0.0096954270248991,0.0660623176341739,0.0477664697593728,-1.219471195827656,-0.0053656347081462,1773.168540439768,1669.557880146555,1712.2100540029842,1739.102288456767,0.0600065371681246,-0.0366146172627159,9.527495276377724
11.45,0.851847705123236,-0.0073823927083178,1.5302768166946137,-0.004894687966949,0.1709503445331613,-0.0005619093697542,0.9852673271714432,0.0742468312784128,0.0103232489543835,0.0554566304766441,0.0518398516451026,-1.3436617036774725,-0.0047211130801206,1778.8405834374998,1692.61311546358,1731.1715631864015,1744.8858655375388,0.0328210026703299,-0.0630333460788691,9.702821383245489
11.46,0.8534276760550582,-0.0073664122461508,1.5302273117552,-0.0046054733534887,0.1649049874180274,-0.0005643309245385,0.9862985431756748,0.1096474025563723,0.0108356302766479,0.0471417678160959,0.0560080049194334,-1.434728244654938,-0.0054293255386139,1785.5989281350062,1709.788772134223,1748.0566614868972,1754.06481075009,0.0319686916899604,-0.0564249372979134,9.874088995208757
11.47,0.8553018613435587,-0.0073862261012801,1.5302084532285118,-0.0043323566483917,0.1582632758353195,-0.0005670469855261,0.9873872820051212,0.1444823592252855,0.0113241074787265,0.041173780691029,0.0506871277758946,-1.498833079200119,-0.0070582151550201,1797.0275856752246,1724.053668229083,1763.8119097375657,1767.6208787648752,0.0513525167273276,-0.0430807481412281,10.07353343491078
11.48,0.8574525348804172,-0.0074116679590327,1.5302616966786815,-0.0040823366006401,0.1510942562627848,-0.0005608997733764,0.9885107716376788,0.1784258138162213,0.0120212277222304,0.0378047874882502,0.0355616226724819,-1.5544080685576729,-0.0101833128099831,1809.9442627168128,1736.3666344971582,1780.8745657386005,1780.5383145243318,0.0469994867065706,-0.0372477194540782,10.210438062676095
11.49,0.8598667313892412,-0.0074114499998551,1.5304068197708742,-0.0038639837559444,0.1435070862476267,-0.0005295362674132,0.989641604530444,0.211158411707578,0.0131169376731718,0.03707164279614,0.0228735605937402,-1.6158562858918382,-0.0155209845388617,1817.543181442883,1744.553318148587,1800.2476196245816,1788.5789470366994,0.0555273007621051,0.0254712029912512,10.283239205269334
11.5,0.8625339061655621,-0.0073612597281559,1.5306383714153968,-0.003674302291954,0.1356237246396159,-0.0004556661087378,0.9907534997091568,0.242492426999072,0.0145073044798114,0.0386234957041745,0.0264958169326627,-1.6816459694790673,-0.0212880500448681,1816.167691078353,1748.8579895322289,1817.5477902152195,1792.159175512647,0.0155942708007446,-0.0078455943473126,10.379246920729246
11.51,0.8654429372443393,-0.0072495707035744,1.5309300314737828,-0.0034927758655,0.1275416493897555,-0.0003283403786478,0.991827011318148,0.272328535795133,0.015797822873462,0.0418329043633158,0.046750838649051,-1.737968606578509,-0.0234915866583503,1808.1576853476631,1753.8137039913386,1824.7157806055084,1792.6537255524788,-0.0072831711240159,-0.0270146182998997,10.445968438680854
11.52,0.8685801926678433,-0.0070795022214008,1.531243837601693,-0.0032921447476714,0.1193076593830865,-0.0001492498639477,0.9928518630289052,0.3004584600387618,0.0166457754048932,0.0459153407503666,0.0684013428108506,-1.7738625316782657,-0.0203252235567188,1799.7825586659606,1761.6774038527146,1817.8900140785352,1788.944577841699,-0.0536963704496034,0.0416064122016229,10.505417899463318
11.53,0.8719303057789892,-0.0068660226270988,1.5315404624637263,-0.0030573755046465,0.1109190328340273,6.162783707936775e-05,0.993824741497311,0.3265026869783624,0.01712006257289,0.0500321645351782,0.0757155809648036,-1.792708606041021,-0.0153575604289762,1796.5930454054824,1767.8466226055427,1803.4529014867408,1779.963234578309,-0.0485173350120762,-0.0504211575602067,10.42184801612332
11.54,0.8754797572560934,-0.006629698583088,1.53178913545011,-0.0027947781391377,0.1023520562628202,0.0002621150270509,0.994744277233922,0.350169059829031,0.017667155116275,0.0536351266594153,0.0678752490320089,-1.807582007234575,-0.0144958683182808,1798.8110314190162,1766.782076177134,1793.9077281115588,1768.3973907353222,-0.0863157048225844,-0.0583458025753242,10.393463606638685
11.55,0.8792207876838871,-0.0063901055920085,1.5319769829141423,-0.0025224087791903,0.0935998171361016,0.0003930258341393,0.9956066277484962,0.3715629570706037,0.0186537557486524,0.0568555786009637,0.0571214554359846,-1.825191365138552,-0.0195809791217729,1800.6637505897725,1760.2328954078928,1796.075683372761,1759.3206026661926,-0.0983821372443711,0.0096153742021247,10.371383838030017
11.56,0.8831518927664972,-0.0061619724970916,1.5321158572629867,-0.0022514827544921,0.084694860954893,0.0003998904877069,0.996404311231558,0.3911163833551519,0.0199418673075211,0.060252457646311,0.0538305689048716,-1.837824914123092,-0.0265687983428628,1795.214664200753,1755.4192379714227,1804.430432456314,1755.2839467288145,-0.1163855467434999,0.0044332222042845,10.289284005563756
11.57,0.8872730509686748,-0.0059546020757542,1.5322434035569292,-0.0019769008439099,0.0757028496641955,0.0002638324456996,0.9971284274396224,0.4091452805687188,0.0209730681582455,0.0639759044950204,0.0578164666797238,-1.8340403063586792,-0.0306910156448708,1780.5789187435375,1755.8430176493002,1807.7967135325132,1754.2214554938926,-0.1415671514059386,-0.0310598360010582,10.33952195047384
11.58,0.8915778809791076,-0.0057724362830632,1.5324161545223898,-0.0016843365691972,0.0666933480071468,1.8796171955873868e-05,0.9977720982211434,0.4255399295446251,0.021301910843675,0.067538351624322,0.0635843204699798,-1.8147807157734388,-0.0316983107121707,1762.1963397901045,1757.8950920334985,1801.826559599904,1752.4084841226802,-0.1411139989645375,-0.0279112918648285,10.291906605444044
11.59,0.8960476206489466,-0.0056146508897028,1.5326942087638658,-0.0013644689274772,0.057710068409187,-0.0002615494556105,0.9983324184962818,0.4399477340790476,0.0210232190814622,0.0707177755965869,0.0681531465896877,-1.7937488200150409,-0.0326750887643943,1749.227340037326,1756.9704183802323,1792.3662382961095,1747.814936489141,-0.1640669205398403,-0.0011489048626067,10.20429509675716
11.6,0.9006507022303105,-0.0054741646521203,1.5331197400543453,-0.0010207524961841,0.0487634786746782,-0.0004992457989768,0.998809707584742,0.4521856670376555,0.0206549892266431,0.0742084907729613,0.0705637742721824,-1.781155866188398,-0.0352632597834554,1746.8355295204406,1753.1958003590894,1786.7575503007397,1739.9805795742452,-0.1806835937462008,-0.0488538433234892,10.095074515675629
11.61,0.9053479902504074,-0.0053383253175796,1.5336974225037487,-0.0006671485689219,0.0398508737800261,-0.0006448207949017,0.9992052076415024,0.4623654190671988,0.0206179656835141,0.0787777728155763,0.0676962673302024,-1.7718028628039326,-0.0381983497473383,1750.435605448659,1749.3101067201903,1785.9329353352898,1729.1376726046997,-0.1395874770664178,0.0133028684073585,10.101709685297752
11.62,0.9101006368606644,-0.0051925432380562,1.5343896157169483,-0.0003212143056482,0.0309863562914673,-0.0006887664669461,0.9995195186417832,0.4706499066015153,0.020866357715105,0.0841172205226193,0.0568847472658417,-1.752050240840287,-0.039965142661812,1749.0863539548595,1745.7069396719369,1786.8346034949438,1717.0592558419328,-0.1785733123582487,-0.0013563850029163,10.093030470004196
11.63,0.91487692863015,-0.0050254277710685,1.5351333177225954,3.1500471961749123e-06,0.0222162108237495,-0.0006523151400953,0.9997529767155834,0.4770401241041007,0.0210435383090367,0.0892207394380906,0.0437281899305613,-1.715051403393932,-0.0408539244004141,1736.5572447731845,1740.77664701411,1787.6741238959864,1706.4340553381403,-0.2102240925502912,0.0128192001843518,10.048126082763794
11.64,0.9196560212065852,-0.0048324929580436,1.5358701473917464,0.0003020566449436,0.0136093352264553,-0.0005709722745239,0.9999071800657994,0.4814689266237382,0.0209464507741026,0.0936343557820052,0.041385443295414,-1.665200614427977,-0.0420599311956417,1718.2160982909577,1734.9854745762814,1786.3028351733249,1698.0300351518763,-0.2057507953722517,-0.0192557093099158,9.941242186163796
11.65,0.9244282062468654,-0.0046167507967894,1.5365701212855052,0.0005832233760111,0.005232961871984,-0.0004831877980524,0.9999860211473418,0.4840050853762901,0.0207413427888269,0.0974721572240474,0.0560426565511078,-1.6102494387209094,-0.0440047589051574,1705.3019617513908,1730.6646501581747,1777.6180800714187,1690.826507117732,-0.1867818824130907,-0.0173643746128514,9.839065008576604
11.66,0.9291921202864148,-0.0043871170492563,1.53723593300755,0.0008581784860363,-0.0028658631411785,-0.0004271688895333,0.9999954339320164,0.4848581393869626,0.0206999510933254,0.100214468818618,0.0749476697032469,-1.5544384374971516,-0.0461080770183283,1703.0403286651317,1727.706782866192,1759.8132956594295,1685.371255224023,-0.1800342615742845,-0.0310248809198289,9.888149616461275
11.67,0.9339497690628727,-0.0041566530265038,1.5378896383753455,0.0011293108702673,-0.0106663755516294,-0.0004400046890475,0.999942378082569,0.4842143454550651,0.0208236921669046,0.1005268874634873,0.0764816897187131,-1.4986592049516267,-0.0476467606407635,1706.1819775219171,1723.9141670248705,1742.0095223456851,1683.7106900489855,-0.1713694798948239,-0.029005835693381,9.837512794347782
11.68,0.9387011135044132,-0.0039411247150911,1.538552958194551,0.0013842600633672,-0.0181563451781596,-0.0005513030427679,0.9998340497396572,0.4821371886358266,0.02082813225609,0.0979074709419363,0.0547515938208139,-1.4412165338413028,-0.0484662661992208,1705.9368998035393,1720.1951467181448,1737.867134507735,1684.9971207913145,-0.1633444774024491,-0.0748896223362032,9.78542426991638
11.69,0.9434402300718272,-0.0037563351886571,1.539231436337794,0.0016085094345173,-0.0253226682590675,-0.0007706631013665,0.9996777386978388,0.4785874973483627,0.0204613993884278,0.0939234642499304,0.0287030245199788,-1.3764200696580702,-0.0490511292465462,1699.4864324336784,1720.4407388807806,1749.1574814404848,1684.3117768027826,-0.2011625909103468,-0.0482614939926965,9.670546828195182
11.7,0.948153885293957,-0.0036130960238339,1.5399086901409145,0.0018043192480618,-0.0321471800475425,-0.0010755593660757,0.9994809384971242,0.4734809769131346,0.0197378689056102,0.0909641142278491,0.0223094033158997,-1.298265386935028,-0.0500053186081566,1692.3016066722023,1725.2409620423782,1761.4735300523066,1678.543285828003,-0.1907140465241871,-0.0150489821784849,9.683442483780953
11.71,0.9528219936316072,-0.0035115026225074,1.5405541709127746,0.0019977023353723,-0.0386129660381817,-0.0014123692817008,0.9992512463100186,0.4667929960471157,0.0188726028306124,0.0898816983151758,0.0383316753502785,-1.2104604694710202,-0.0513340259019068,1691.577145401645,1730.8887094433128,1760.6499501562355,1672.2248149974207,-0.1812450369777409,-0.0118099989344684,9.805521159866828
11.72,0.957419214432266,-0.003438305026775,1.541142209631697,0.0022227480474169,-0.0447108971825921,-0.001715033279252,0.998996022877517,0.4586868587480821,0.0180943580862212,0.0895217812214859,0.0560327259462675,-1.128169388962879,-0.0521769298302289,1697.217298311577,1735.8361277003714,1750.03419844232,1673.6587093255685,-0.2115509416710492,0.0002696403137822,9.82461284135269
11.73,0.9619173690348888,-0.0033701906488218,1.5416709767473256,0.0024942464644103,-0.0504379030460482,-0.0019317647737261,0.9987222161120436,0.4494703076703412,0.0175395146789436,0.0885609130909069,0.0543634819521769,-1.0616617453020498,-0.0513940378280874,1700.637780315829,1742.6291721851842,1745.7251023232782,1684.1077191880988,-0.1778514628000255,-0.0431000772319421,9.759934809035483
11.74,0.966288572971162,-0.0032824418304565,1.5421664030648212,0.0027913037397105,-0.0557883005317393,-0.0020427509311529,0.9984366285928448,0.4393309992625427,0.0172200616567355,0.0871491769670617,0.0335811900647799,-0.9996866554099372,-0.0486842710421746,1694.9471376534989,1751.5027457838007,1755.1872700728763,1694.6379952660614,-0.1505106228628743,-0.0002568726345719,9.749341451735182
11.75,0.970509095351582,-0.0031592134440348,1.542665661551908,0.0030659269849539,-0.0607478823567213,-0.0020594993836191,0.9981463085856632,0.4281599687603422,0.0170095009812587,0.0865039806820776,0.0122538995469969,-0.9188355494498206,-0.0451439767040014,1684.8869329478107,1757.4232034186243,1767.2982349046074,1696.2356377717656,-0.15634812678795,-0.004556543003956,9.838296625801938
11.76,0.9745637050601794,-0.0030004373891071,1.5431911496288848,0.0032697269275638,-0.0652980178837375,-0.0020111692256413,0.9978584232969224,0.4157161020219732,0.0166768325849306,0.0873503424889437,0.0058097752813488,-0.8128025173670934,-0.0423776765758443,1682.0934607490285,1756.3578319007547,1766.9162240347468,1690.3708194370147,-0.1940052059051111,0.0010621746309286,9.918756060513171
11.77,0.9784490475730212,-0.0028217132708344,1.5437338556672056,0.0033785333721391,-0.0694265143269984,-0.0019307522466791,0.9975794789471254,0.4019517005835048,0.016004115547357,0.0891145874425219,0.012548159400545,-0.7050389143053228,-0.0409417744981513,1690.0192915018763,1750.3396056956728,1753.55555554147,1686.7035164077613,-0.1545288769560058,-0.0562664077626706,9.880168236100245
11.78,0.9821735857205692,-0.0026471222471667,1.5442576412215625,0.0033998005678773,-0.07313518599575,-0.001849832888818,0.99731452613694,0.3871592347111215,0.0149344292638997,0.0903539736961829,0.0207299137676909,-0.6260359224299754,-0.0400041411234994,1698.366967370618,1743.867245837716,1739.9789207347926,1691.0568617767076,-0.1548351525474267,-0.0239908397888663,9.796197501645311
11.79,0.9857528829515956,-0.0024989228313786,1.5447213978301944,0.0033630846740716,-0.0764370109257602,-0.0018008979536833,0.9970671139841945,0.371841679607907,0.0136238834652489,0.0896405975203059,0.0232286978262574,-0.5801894536054248,-0.0386369948677126,1695.3917961631114,1739.3392400348398,1736.4496569548176,1697.7535059691995,-0.0953960921089809,-0.0681819386861431,9.77118080300162
11.8,0.9892021040983412,-0.0023897839996236,1.5451056155546303,0.0033042910570942,-0.0793445880396277,-0.0018190168615843,0.9968401121479256,0.3564335468726026,0.0123205137798106,0.0864034865553749,0.0205114782254479,-0.5395074948550731,-0.036970424666307,1682.3460926888315,1738.4735370812286,1742.4955008860543,1695.7411674985424,-0.1071961452294192,0.0123174438706748,9.713715009363025
11.81,0.9925296627988958,-0.0023212417642299,1.5454274787255438,0.0032538207950339,-0.0818595715514592,-0.0019349741780551,0.9966366835866396,0.3410508501166707,0.0111710013161415,0.0815126547390026,0.0132628072670964,-0.4700838792436185,-0.0357524869207026,1671.2950722739229,1743.2545110712972,1751.2709926386171,1682.9414774871973,-0.1216586001664292,-0.0210329335963522,9.675218747749836
11.82,0.9957350415945426,-0.0022880695553348,1.5457341492269094,0.0032318499157748,-0.0839733027621663,-0.0021595775768902,0.996460423596454,0.3254490949082277,0.0101544456978156,0.0768966176425283,1.916539453905661e-05,-0.3631507138892971,-0.0351561412403125,1670.5020348078351,1751.0825812049393,1755.8945641026596,1671.69650125796,-0.1443515264322823,-0.0136621666146972,9.603688670407848
11.83,0.9988109673247548,-0.0022851076348786,1.5460770179333556,0.0032477450000939,-0.0856789929929742,-0.0024689692297328,0.996314441581104,0.3092717456388278,0.0091938461344415,0.0739938823861223,-0.0166345832573112,-0.2415600462045556,-0.0345185733165015,1677.2995885273451,1753.377456695598,1752.4720397701074,1676.071050139817,-0.1850289951190242,-0.0299537608278809,9.573419878981465
11.84,1.001747784324441,-0.0023123342377141,1.5464833023347837,0.0032989664768356,-0.0869834241939875,-0.0028048940702058,0.9962003479747076,0.2924082619648638,0.0082873746132073,0.0725498788597662,-0.0278592157384524,-0.1391132444891478,-0.0331777817804845,1684.923005819123,1745.3535702927386,1742.142518743246,1694.8875089012631,-0.1689282399766793,-0.035695141020411,9.706894161509435
11.85,1.0045374037594887,-0.0023753470134807,1.5469428851235056,0.0033678109255571,-0.087905465048601,-0.0030957354608733,0.9961183180155434,0.2751097901399855,0.0075095719685469,0.0712854135767183,-0.0273338262663705,-0.0735993547258851,-0.031253183742606,1690.5112703142186,1734.934347575926,1731.7310390805858,1712.4410336403407,-0.1279352604946928,-0.0446730826962647,9.816461365528038
11.86,1.0071752222386563,-0.0024809732439031,1.5474154934342703,0.0034192758057509,-0.0884625513841966,-0.0032881487137838,0.9960682073199598,0.257739016280823,0.0069135789851256,0.0695298697819378,-0.0199036345068507,-0.0351691523948428,-0.029603181977152,1694.341424469115,1735.110390837146,1729.6261590192576,1716.6525980733518,-0.0588220071765182,-0.0396040251200664,9.800985272347164
11.87,1.009659874910825,-0.0026303669039556,1.5478495842992033,0.0034062812788271,-0.088660049649429,-0.0033697663721943,0.9960504191649172,0.2404531459486014,0.0064636663737276,0.0675973721638525,-0.0167745844923928,0.0035499842359135,-0.0289896085194659,1695.440267174988,1747.2805147167833,1738.2085530928575,1711.2169160068056,-0.0753742364500671,-0.0126712826620787,9.799700324967866
11.88,1.0119917955941693,-0.0028135941545911,1.5482016261325224,0.0032862678187488,-0.0884967215866634,-0.0033698059774535,0.9960653468121008,0.2231822651017602,0.0060535177846325,0.0656221640499023,-0.0221249764080363,0.0644662563738616,-0.0289495188101617,1692.1545317832215,1758.169135140149,1750.200134009972,1707.5462670142404,-0.0566141665378396,-0.0077635498561144,9.77997790281455
11.89,1.0141716756159065,-0.0030093301960102,1.5484498669797035,0.0030453678617102,-0.0879836291443773,-0.0033394405437683,0.9961116678736508,0.2058723056241978,0.0055689235156916,0.0628358349203323,-0.0287047811030557,0.1456945447746368,-0.0275543391352325,1686.4191989626725,1755.2773285469436,1754.376238846076,1709.7881722692484,-0.094234410043531,-0.0373177364782816,9.852139300609178
11.9,1.0161991861376327,-0.0031905674356368,1.5486005224570745,0.0027169015954658,-0.0871590880644066,-0.0033242217185199,0.9961851541573322,0.1886519467756331,0.0049497284553397,0.0584870741048501,-0.0283807423922703,0.2240282933652335,-0.0230904405254777,1683.6578778674552,1740.9098895679872,1746.544633847402,1712.386555421322,-0.0528241961112472,-0.0278210174269672,9.765262382107023
11.91,1.0180719694940692,-0.0033335571513164,1.5486846468699331,0.0023779567269144,-0.0860825093884969,-0.0033418153222815,0.9962795687805388,0.1717396178496392,0.0042302239359924,0.0530674176785755,-0.0233218406654452,0.2779089495850025,-0.01647711019577,1686.834279664968,1728.102225085349,1734.5513485112433,1709.940651758175,-0.0570025249093457,-0.0518316332343895,9.739577968785415
11.92,1.0197855362581407,-0.0034252741279049,1.548746005527441,0.0021179300900313,-0.0848064034209323,-0.0033736760854397,0.9963894854024756,0.1552457549543885,0.003526186641531,0.0480573083858426,-0.0228888466315345,0.3089811922858181,-0.0113168238803203,1693.3025179108529,1726.1181647132958,1730.455752700935,1704.612983904401,-0.0212035161089165,-0.0417357903735783,9.727402221086908
11.93,1.021334978398864,-0.0034659932796501,1.548825072590471,0.0019920852930941,-0.0833458160748376,-0.0033735401958191,0.996512983239833,0.1391043381691332,0.0029536453974292,0.0445604583247914,-0.030883012944688,0.3390408795930665,-0.0104843052735792,1699.606743817657,1733.304514018597,1737.194099437411,1703.4680436447254,-0.038391460122386,-0.0644457835947165,9.784599701207329
11.94,1.022718012704216,-0.003466732542813,1.5489460499964185,0.0019863476273632,-0.0816703874531669,-0.0032899783954872,0.9966519845354798,0.1231834146534611,0.0025382004474524,0.0425775939528589,-0.0401665978668089,0.3855185472310564,-0.0127895019804584,1706.4956969073914,1741.8152980212308,1745.8441842365348,1711.090428565131,-0.0213659931778325,-0.0411031084362186,9.830644467424932
11.95,1.0239371693839614,-0.0034437966627507,1.5491099458028914,0.0020155197698242,-0.0797290390040965,-0.003094345922206,0.9968097326184444,0.1074415744014682,0.0022067434190776,0.041503681161713,-0.0410477576239866,0.4433423578687747,-0.0141783193861638,1715.99299451891,1745.7545803727942,1747.9201812247811,1725.0992300861071,-0.0115597716188553,-0.0057123673396041,9.890100204580312
11.96,1.024999393581291,-0.003413231443415,1.54929266061595,0.0019599670416539,-0.0774924216928713,-0.0028006189462142,0.9969870809809362,0.0919645261770656,0.0018779111386435,0.0408918028666638,-0.032610866236175,0.4927040981294748,-0.0124559396209638,1726.038909420549,1745.170308138818,1746.1255306214846,1737.5845534105856,-0.0223424376778167,-0.0307773016625772,9.8678113677391
11.97,1.025913736003203,-0.0033871115419656,1.549447691409633,0.0017270999688988,-0.0749842588454049,-0.0024644635538012,0.997180176533055,0.0768526649809423,0.0015549326265715,0.0406927776510408,-0.0245710272894667,0.5211495145004164,-0.0095704708661967,1732.3466945023747,1744.023574935451,1748.370672965968,1741.462944936891,-0.0297967901137004,-0.0269744283105679,9.972542570860062
11.98,1.02668938800465,-0.0033722187536504,1.549515829483629,0.0013106956881755,-0.0722810315829683,-0.0021594463551988,0.9973811063688512,0.0621265292540783,0.0013125359005242,0.041110061848243,-0.0290244821797629,0.5343290751792547,-0.0087423668637227,1734.2746824189985,1744.4379968042354,1754.9741050094974,1736.7668747496584,0.0016726538847973,-0.005955748997383,9.971397900363964
11.99,1.027335324893288,-0.0033705638402914,1.5494433840573536,0.0008168485210603,-0.0694819612694186,-0.0019437619184899,0.9975809799741836,0.047810354614712,0.0011986304055897,0.0422964573152165,-0.0488976368280725,0.5471383450119147,-0.0108061299928961,1734.3694459705291,1742.674916245954,1758.621293292932,1730.9892970316778,0.0063069810831029,-0.0035626085308805,9.938344769925727
12.0,1.0278605778758427,-0.0033807058666195,1.5492052920686523,0.0004342178972898,-0.0666689447535742,-0.0018378147050427,0.9977733638945132,0.0340892526751105,0.0011820712710531,0.0438353553856208,-0.0690457493239618,0.568624164230302,-0.0145449447326631,1732.461520524615,1731.7848303908647,1755.692986644014,1732.9492940460025,0.0443124974591906,-0.0635854598474187,9.925674512493591
12.01,1.0282733556887294,-0.003398934681452,1.548824524698099,0.0003475218382012,-0.0638778170535213,-0.0018240541017981,0.9979559993024154,0.0212741476369646,0.0012061320246281,0.0444831509437184,-0.0589775731515375,0.5954786287321963,-0.0192903747127845,1725.9129811631706,1711.204227902194,1750.3789260464691,1744.3999087367945,-0.0053849760445099,-0.0354549972715842,9.974405335723102
12.02,1.028578814666919,-0.0034198895959844,1.5483780047474298,0.0006176101542812,-0.0610918112145796,-0.0018642708826947,0.998130218786254,0.0095279117861924,0.0012548668809382,0.0430867829629108,-0.0013264891957653,0.6174334892287917,-0.0246495425723954,1719.360007562562,1696.2807220342486,1744.6642577712944,1754.5164299587357,0.0128258910056715,0.0003961312697625,9.917543462758305
12.03,1.02877727797974,-0.0034367799157591,1.5479818106522971,0.0010695056386888,-0.0582553850505419,-0.0019203319823204,0.9982992930957026,-0.001355011827678,0.0013276945963907,0.0402086307758685,0.0587116156826643,0.6283939037603904,-0.0270876767776982,1729.5677368512777,1713.3478155068888,1729.384486976308,1744.4998997369148,0.0380630815185791,-0.0126496957251278,9.89782781134949
12.04,1.0288647962803183,-0.0034417533625902,1.5477553044965244,0.0012383480956137,-0.0552987018884331,-0.0019667077027619,0.998467151249484,-0.0118273592353838,0.001361161739931,0.038271029952836,-0.006098881939812,0.6332694752922907,-0.0193315409117517,1769.9807978302458,1773.5571141161895,1693.8431717588871,1706.2482745389805,0.0520373527685891,-0.0108039654989284,9.839706783453778
12.05,1.0288363131759062,-0.003426925912113,1.5477759259125916,0.0004175795395483,-0.0521625705717979,-0.0019916905296849,0.998636532992612,-0.0222134283536881,0.0012481486812879,0.0393725059078219,-0.3342121918472795,0.6437511081843383,0.0036273375780952,1826.7856175442105,1849.2401940621976,1646.6130790566267,1660.0157253027264,0.0171711305545383,-0.071,9.855889778623515
12.06,1.0286901522803769,-0.0033860982601746,1.548047113195565,-0.0021771860127661,-0.0488191772573646,-0.0019917889524827,0.9988032742085644,-0.0324542106707207,0.001030983808295,0.04327213624867,-0.9416689506188628,0.6662911350444563,0.0374954824099418,1861.455138056187,1890.138177190937,1617.1631545795765,1643.8352688445616,0.0431449038804749,-0.324,10.01862132697754
12.07,1.028431855626122,-0.003316396100816,1.548498478035243,-0.0071736099872923,-0.045288616227545,-0.0019665893906341,0.9989462513499476,-0.0422037482883368,0.0011309878429395,0.0481371081994906,-1.6607931309574815,0.6930813374069886,0.0697099129772625,1847.8317240047272,1872.0396022965888,1627.0082669094156,1676.306100203747,0.0142651689602337,-0.4380528079298769,10.011884619716673
12.08,1.028075398202337,-0.0032183569661742,1.5490183668424442,-0.0148393875384278,-0.0416477610052341,-0.0019191409073904,0.9990203068401128,-0.0511277019876737,0.0023531509100066,0.052793900054967,-2.247551663897096,0.7044445441910531,0.0886762449271481,1801.3298284505065,1820.249163362644,1663.6344292694423,1735.1105364712107,0.013542132812269,-0.2702071662887368,10.094575637144192
12.09,1.0276407155316891,-0.0030929239234979,1.5495000502932643,-0.0250160012334962,-0.038020797545273,-0.0018616476541453,0.9989620377693632,-0.0590911215746268,0.0055689540032948,0.0572424126849403,-2.5706358150102653,0.6821746706411741,0.0916468890420769,1762.8479178086195,1779.7138814666268,1692.279047008864,1779.080601033383,0.0152170381321924,-0.115782349300701,10.14027807535084
12.1,1.0271483744526606,-0.0029350114017325,1.5498790163020415,-0.0372232260873857,-0.0345437696225179,-0.0018210393306537,0.9987080870983622,-0.0661242365370443,0.0113199689966381,0.0610980674160334,-2.694481299825375,0.6253381497638281,0.0845349772115345,1757.698621157772,1773.0078718670577,1691.9885950844225,1786.454029860918,0.0440318623463881,-0.2241869281445463,10.177055537455194
12.11,1.0266139578043094,-0.0027257555041865,1.550148484879282,-0.0508668503517268,-0.0313123400850427,-0.0018369513913085,0.9982127661492212,-0.0723200287311132,0.0197165577855176,0.0628656189627503,-2.784481552691044,0.556596232483767,0.0764917712903544,1775.9007580693146,1790.9238859391378,1675.2180541778562,1768.6317247484212,0.0389533686235435,-0.1317510548019359,10.174201168186691
12.12,1.0260449365376514,-0.0024276903309965,1.550351751973768,-0.0654292146686967,-0.0283389973295231,-0.0019478329312124,0.9974528184556236,-0.0777961840761302,0.0307298909910363,0.0616494477847065,-2.943717343056768,0.510341931899606,0.0746507188984438,1789.3812338232533,1810.217741596008,1673.7260048218543,1754.9522556072538,0.107311861842715,-0.0272216750736979,10.109029194775038
12.13,1.025441329815556,-0.0019864994347429,1.550557202254169,-0.0805534337690464,-0.0255481432835312,-0.0021689518441588,0.9964204596106394,-0.0826620594610169,0.0445780355931652,0.0590342001696344,-3.1369426072045954,0.5069065002164248,0.0807329354412229,1784.4407148705257,1814.4109371542663,1705.9300172025396,1767.3788058347486,0.0803216654045981,-0.112964920788585,10.147511981408934
12.14,1.0247994005905534,-0.0013392515984518,1.550826872828167,-0.0960162893614385,-0.0228197692115552,-0.0024749269976115,0.9951150712589716,-0.0869526637538146,0.0618232027295735,0.0582237256880566,-3.2573514947675166,0.5337080805307388,0.0900993659268884,1776.3654443731734,1806.224285859475,1756.7681640426913,1803.164771194878,0.0469596812569542,-0.102958821183563,10.234512145948958
12.15,1.024116307300948,-0.0004250410387059,1.5511931451303738,-0.111655648720474,-0.0200610821819771,-0.0028016485136858,0.9935404973407496,-0.0906547434877947,0.0830959485298292,0.0612340551822739,-3.2543489695256564,0.5541328388389021,0.0947353136552323,1790.3544889974112,1803.2070195546933,1794.1799102825191,1840.160492849977,0.0385802366427319,0.035019509695612,10.709876906640025
12.16,1.0233935901782485,0.0008069957656464,1.5516555327990398,-0.1273251022814345,-0.0172614497428638,-0.0030724329742283,0.9917060657460032,-0.0938425875704045,0.1087319094705694,0.0675826924059186,-3.1847997600577367,0.5392317260307645,0.0890652251506951,1830.5289145865183,1817.4655754820808,1806.8258590282023,1861.435030027619,0.1029084499587524,0.0338110694192397,11.017156207416312
12.17,1.0226380821377594,0.0023950186868265,1.552198051590706,-0.1428963462598567,-0.0144938890038575,-0.0032357986227656,0.989626238038584,-0.0966949433384643,0.1386907782978977,0.0757107772591887,-3.1399611836959656,0.4917500293473141,0.073976506111753,1875.1424741835256,1842.562055964873,1815.733281872794,1871.079485167242,0.1030797206171118,-0.1494869972957362,11.168257327127495
12.18,1.0218596387602343,0.004366675139546,1.5528146820273514,-0.1582762747339204,-0.0118652370618682,-0.0032921413952617,0.9873180839075376,-0.0992929590054287,0.1728210105525849,0.0848467428631445,-3.145393339331437,0.4389911212228429,0.0556717848423191,1902.3560547129944,1864.177069686544,1844.469229453463,1883.394162349642,0.0315758432413959,-0.1782793507702802,11.403482603806284
12.19,1.0210663086986758,0.0067435493493205,1.5535266380850152,-0.17340178787036,-0.0094535229586594,-0.0032934142394967,0.9848002864995928,-0.1014641226925867,0.2111510574048133,0.0950812414011394,-3.1518750147272527,0.4044129910752744,0.0407304023772703,1912.6666261569733,1878.1660282144344,1888.8016553082684,1903.1298700250104,0.0431850654415965,-0.1272976889105925,11.790254496176953
12.2,1.0202594726346026,0.0095451287784169,1.5543822307500967,-0.1882122023078949,-0.0072733316341294,-0.0033170524393883,0.9820958521002248,-0.1029256651856963,0.2538950810092332,0.1061910220575304,-3.111608652426716,0.3890151724387952,0.0318410980809587,1923.362694092112,1892.0058672207736,1924.193774404672,1922.282716776097,0.0263923758203374,-0.2057276655287605,12.122406812437646
12.21,1.0194325547650294,0.0127910157297468,1.555440065707079,-0.2026279127223275,-0.0052822959949835,-0.0034293434390578,0.9792355518149816,-0.1035835720595384,0.3012363655091941,0.1171314284544796,-3.035575419336769,0.3792405113933909,0.0274307496679829,1945.8900045192493,1910.832019388934,1937.440010646891,1933.9381111810303,0.0504540568283977,-0.1930086599899132,12.288578805599062
12.22,1.018575208100427,0.0165018754599752,1.5567421303141638,-0.216556701614048,-0.0034136338696879,-0.0036574205913607,0.9762572229512392,-0.1036410076425823,0.3531683934228656,0.1269146494257333,-2.9668950166333974,0.3665898473182589,0.0242997251891823,1973.119403659768,1928.1700466925545,1941.503564908093,1943.640202237108,0.055956803287229,-0.1437483396616956,12.467345785976676
12.23,1.0176810397659857,0.0207002962182466,1.5582856481207394,-0.2299223403428098,-0.0016109293525447,-0.0039831534622956,0.973199494865468,-0.1034137821316101,0.4095056786638802,0.1358337602303385,-2.9134086094847698,0.3532413778839083,0.0200429614861565,1989.8626580686373,1933.6073929683623,1957.25471571136,1963.353905897035,0.0832808966734276,-0.0649781722157847,12.714291809829003
12.24,1.016754208227314,0.0254121373375079,1.5600047043902472,-0.2426940796689083,0.0001510601213229,-0.0043590778512416,0.9700930673470398,-0.1030748665228348,0.4699591561491539,0.1454827634825842,-2.830465939078453,0.3404312945064945,0.0138552495442525,1992.53834780467,1927.4944120281612,1986.6755779130183,1993.8304677925053,0.0450605269731796,-0.048780021469966,12.87963260324278
12.25,1.0158109273195832,0.0306679287047277,1.561773525655335,-0.2548991121606022,0.001864620463367,-0.0047336094719495,0.966954269214233,-0.1025597664182333,0.5341572497333666,0.1570107002612648,-2.68043698438896,0.3211378976342033,0.006347643300971,1992.952820527936,1922.6997504298868,2010.5134279036013,2017.1606306925717,0.1034047204494338,-0.045859172646395,12.800811417881796
12.26,1.014875167100379,0.036503383243199,1.5634388294340025,-0.2666102547292442,0.003502527905548,-0.0050706686679574,0.9637847232088388,-0.1016504959839964,0.6015966983330132,0.1689979637764672,-2.4940415049876483,0.2900907748574585,-0.0013306003681565,2002.746571669269,1929.8747830943655,2010.821024570458,2013.0296808295377,0.108309126429103,-0.1433171546560343,13.025959874128796
12.27,1.0139710606048962,0.042958385355776,1.5648767780525408,-0.2779077226152691,0.0050364156988817,-0.0053582763519406,0.9605796276739575,-0.1001364004226522,0.6716329377276142,0.1776018520949168,-2.3480216668769582,0.2556294713064316,-0.0084161740138,2018.5425027063627,1944.5215269131004,1990.6786905694653,1983.9220900203225,0.139944059387132,-0.1721152603289919,13.15395312723533
12.28,1.0131159424500484,0.0500744815417766,1.5660534790003522,-0.2888221906858287,0.0064486174558097,-0.0056087135181572,0.957344608713612,-0.0979546411604113,0.7436685770390301,0.1798068279434902,-2.274691582005032,0.2339370869150701,-0.0142293221802202,2023.73576066427,1951.2139350676832,1972.060210247136,1958.3046010767223,0.087824802126646,-0.2050561673571742,12.881120949997335
12.29,1.0123171275399176,0.0578912486121486,1.5670567599217795,-0.299282297363838,0.0077331398482489,-0.00585109197076,0.9541153335710836,-0.0952122383704702,0.817478332363968,0.1766481994532071,-2.208089670650083,0.2317703795817755,-0.0176935709829612,2006.1421623168744,1939.7172733186048,1975.0167596801143,1962.2295525786465,0.0385185187730871,-0.1428625324291124,12.651703434583006
12.3,1.0115729808936134,0.066441909909769,1.568074747614458,-0.3091020529652696,0.0088905993291113,-0.0061146235139443,0.950967659531862,-0.092062012003202,0.8932707366905891,0.1724403531579786,-2.039319733845952,0.2384521721094463,-0.0187152856293872,1975.9552404186009,1916.617101678044,1995.3106262339609,1989.3257525601657,0.1244951200350507,-0.1090236242832549,12.658519439908272
12.31,1.0108761871812169,0.0757488414488782,1.5693245672995837,-0.3180321936776325,0.0099240812670918,-0.0064077063677146,0.9480063173284776,-0.0885783014378519,0.971206635997458,0.1705456304177885,-1.732950169986044,0.2339246283753268,-0.0194411038950781,1960.166961551022,1900.140716588941,2004.8331868927128,2006.1277169666096,0.0927387888213437,-0.1236746261505628,12.62442477184582
12.32,1.0102165937512997,0.0858203233671245,1.5709631700709106,-0.3258606724657914,0.0108383118321842,-0.0067070215044213,0.945331882991,-0.0847906095182863,1.05075518469664,0.1704429032742967,-1.377896228119207,0.2039636795411244,-0.0219726714407718,1971.1509445706424,1900.720954902012,1982.453718513901,1988.780928194809,0.1175760252032199,-0.1070501742253142,12.50342668129804
12.33,1.0095829060152517,0.0966502096058696,1.5730210316452151,-0.3325057916247407,0.0116409984571755,-0.0069673578906576,0.9430036275725284,-0.0807977920751232,1.1306327058469836,0.1690836838949027,-1.1062030336243,0.1531147821460448,-0.0246043954986205,1986.9340297207475,1908.468024155928,1941.715797590492,1948.008374077984,0.1569297117259575,-0.2040722944640434,12.3439381349839
12.34,1.008964433155346,0.1082212129317372,1.5753856840494167,-0.3380385943040304,0.0123451554752926,-0.0071468665835047,0.9410241379450812,-0.0767635869996081,1.2095081632110836,0.1643188862979725,-0.9607648022264206,0.1064908223878622,-0.0221171266208272,1974.192352451572,1904.4168067422067,1915.5642427801024,1913.7068123496877,0.1569018321838775,-0.3182901017233419,11.934746727195442
12.35,1.008353740160587,0.1205104492633043,1.577838671455265,-0.3426139473435255,0.0129702777799507,-0.0072301585053964,0.93935891957653,-0.0727929418602187,1.2867701654170651,0.1562236189304234,-0.8571813469310541,0.0917774759336143,-0.0110482880018203,1927.7771109120724,1881.073585101754,1914.202269641776,1900.3167305252048,0.0955357231562608,-0.3730338892977185,11.576944642656647
12.36,1.0077491758182509,0.1334943265150714,1.580129906965739,-0.346351184091528,0.0135386703305373,-0.0072349595361492,0.9379793265550088,-0.0688816218821492,1.3625498312163242,0.1452545958152091,-0.6779044679752528,0.1106387022576247,0.0056599033239572,1875.9277659505144,1846.632280460996,1913.070113462116,1894.8374724504167,0.0317319127208989,-0.3424785888363502,11.379290090247448
12.37,1.0071553191570493,0.1471504767212204,1.5820626970531737,-0.3492345512148639,0.0140672044283322,-0.0072011860285333,0.93690206794366,-0.0650179404411494,1.4370509192680772,0.1301789895457629,-0.3864780467410119,0.1311720888975144,0.0205728264391721,1845.4523156976552,1813.3270500960512,1887.424966909068,1877.7979429790712,0.0046873142179184,-0.2636930202990077,11.119438369640395
12.38,1.00658057387951,0.1614569378162988,1.58355942581017,-0.35108304957484,0.0145619186620056,-0.0071712076348599,0.9362036192021314,-0.0612855889721242,1.510002943422571,0.1089860867644067,-0.0383879047177684,0.1183730050256299,0.0290570830039727,1831.6604909053956,1787.3292225571577,1845.7757058198524,1847.993078106845,0.0413886596583183,-0.2205988777999508,10.726040797520076
12.39,1.0060331632404629,0.1763907781661469,1.5846816189696005,-0.3515949246891894,0.0150219719472926,-0.0071714412142589,0.9360042306114478,-0.0577973822515373,1.5807821075051816,0.0821363575450038,0.3056338219006206,0.0721553123741293,0.0336288236138977,1808.9434243696944,1766.512254248528,1818.4543858502152,1822.0366373778847,0.1004476870880764,-0.2940726607077417,10.32669281563478
12.4,1.0055176589079118,0.1919279708971894,1.5855930033638088,-0.3504386320719372,0.0154487423283579,-0.0072018134042146,0.9364305822620876,-0.0545048998063431,1.6488850991245652,0.0539657480421199,0.6506056748049368,0.0266271327632193,0.0398293958426021,1765.9634202626444,1744.092917181513,1818.34643948082,1812.64375994928,0.1280380344694377,-0.4112146384061592,9.997350069842994
12.41,1.0050334718102594,0.2080444175824905,1.5864800447961331,-0.3473525901110731,0.0158483124339001,-0.0072357548339445,0.9375727454379792,-0.0511266913283957,1.7141807249148782,0.0296557611965237,1.0419769246264263,0.0103139439636922,0.0488581358708867,1720.7624972153644,1717.1617243722476,1824.137445707403,1812.7105887633456,0.081156236045783,-0.3626929550478417,9.778339798851825
12.42,1.004575572837631,0.2247167878262113,1.5874673834355393,-0.3422228597227651,0.0162219352973012,-0.0072307300141458,0.9394509458411574,-0.0473532434904717,1.7768653989884755,0.010646601605441,1.4848872793467212,0.0159903850729692,0.0565446635193926,1699.0673753149745,1692.8236814723418,1805.6808216437428,1802.623378732405,0.0729481445222038,-0.2787879734828387,9.632605533818566
12.43,1.0041370613025788,0.2419223485454316,1.5885671373697388,-0.3351183581803482,0.0165533729455486,-0.0071466851187108,0.9420035014512672,-0.0431649984979548,1.8373549275922807,-0.0062550863645271,1.9124080207827503,0.0144861592663511,0.0597009126307507,1704.808723198147,1681.753596780282,1759.2359258692982,1771.2508039236038,0.0501945058017977,-0.3456747005998384,9.50291175004022
12.44,1.003712928790864,0.2596386539906787,1.5896786793440294,-0.3262728591403403,0.0168076232223038,-0.0069659524732843,0.9451005241222462,-0.0389282659577596,1.896081699122646,-0.0252022065303787,2.24267321726557,-0.0089416952304444,0.0609831189638151,1717.1389101398856,1684.0177033735015,1710.030087219241,1727.320222909776,0.0866330583279002,-0.4965268131931042,9.316585253894532
12.45,1.003303847739008,0.2778453126158359,1.5906281093740229,-0.3160162183917451,0.0169455014832702,-0.0067044414199254,0.9485787527443929,-0.0351441094745534,1.9530548303953144,-0.0477446878411003,2.458288657730488,-0.0403199357132624,0.0656445965477214,1712.8435271221415,1685.43313641869,1682.01582736094,1690.2830920945044,0.0538295350897764,-0.5568355968695222,8.942033895893651
12.46,1.0029180034065737,0.2965293657732176,1.5912252037360215,-0.3046757461962494,0.0169443482121594,-0.006405134045622,0.9522838615671702,-0.0320585910866849,2.0074938909525684,-0.0731205183634278,2.6211946339707466,-0.0570672692483264,0.0746175316665166,1687.1848402077694,1671.69291489511,1674.483101047089,1672.039101133672,0.0341526123919208,-0.5739358542613173,8.742796071644365
12.47,1.0025689484714255,0.3156928874112231,1.5913204239621492,-0.2924841906538546,0.0168108988932331,-0.0061147797333631,0.9561030286348712,-0.0294501710296882,2.0581523770570755,-0.1004425959815789,2.813263959499497,-0.0544388259831986,0.0829780834082726,1655.465444523882,1644.8714902762215,1670.9083363852292,1668.1574290929857,0.0315177658515719,-0.5766624894273691,8.672742801433877
12.48,1.0022693157500209,0.3353582834491555,1.5908494688789507,-0.2795315936143963,0.0165784142198253,-0.0058580615724234,0.9599754827431614,-0.026778944494469,2.1043789320219064,-0.1290495432176501,3.067014885988857,-0.0487907020658217,0.0854985075303084,1638.8420844385769,1622.838009232116,1661.4457156324966,1664.8747349808575,0.0937007297303681,-0.6261957507450333,8.57935499155367
12.49,1.00202330277963,0.3555662170379891,1.5898515877024395,-0.2657798255135555,0.0162892747285824,-0.0056270405684369,0.9638797021896672,-0.0236284114555491,2.147033330439977,-0.1572816031813236,3.34804478793643,-0.0584944514488854,0.0822068006777721,1647.666267611102,1622.1017433195132,1649.426355248121,1652.8215738580711,0.0660331088500699,-0.615888933428332,8.518735079007689
12.5,1.0018226612012018,0.3763641260696885,1.5884516214106434,-0.2511282843814514,0.0159729025839178,-0.0053914070438602,0.9678069972348624,-0.0200751931118526,2.1882368126880403,-0.1825265500190368,3.5936838735346903,-0.0856460619781286,0.0774657480705767,1675.01194546116,1643.425348428043,1641.3126589464032,1634.7839401757751,0.0715491835312335,-0.6733043275700097,8.639508375649132
12.51,1.0016494850486597,0.3977882813729105,1.5868106039703156,-0.2354940289075928,0.0156337531579478,-0.005118983230747,0.9717365610708232,-0.0165932894270043,2.2299413859842923,-0.2030131731023553,3.76533493187198,-0.1156411935701125,0.0743416018347467,1705.21278126318,1674.512499897718,1639.2158748128213,1622.0357943687843,0.045057982520667,-0.7833346083029609,8.725775117761517
12.52,1.0014849161051464,0.4198463601918019,1.5850647638583997,-0.2188661092231495,0.0152583513599383,-0.0047925669273792,0.975623821075287,-0.0135643698102499,2.272541364007332,-0.2190388022977475,3.8702955974886297,-0.1317112336500128,0.0715401561129738,1728.8271863706814,1703.3857966919804,1642.898454468596,1623.7684882277413,-0.0245526181192509,-0.850580239989188,8.97398457099094
12.53,1.0013188125461372,0.4425082113291866,1.5832763383721402,-0.2013139937364051,0.0148347368528711,-0.0044185070992486,0.9794044533814508,-0.0109296876157427,2.3148152916696483,-0.2319142454724015,3.943269684369599,-0.1297285927072427,0.0663892756941611,1749.1716820639067,1726.5493550050803,1652.625170832,1639.6712431398737,0.0551211902348914,-0.9121878983796488,9.237281454439763
12.54,1.0011544841961968,0.4657092154300516,1.581412459538715,-0.1829580536023974,0.0143668691981584,-0.0040291200430649,0.9830074821094414,-0.0083353282497617,2.355112569130817,-0.2416942610321126,4.013518186462001,-0.1208642246062173,0.0594523359575703,1774.8769655638996,1746.9901682991706,1667.713942635915,1661.7299602248263,0.0473157164458075,-0.8911700451529274,9.567185543810645
12.55,1.0010056701437895,0.4893651683659268,1.579357203256775,-0.1639273118433021,0.0138725631710893,-0.0036776628116839,0.9863680161172788,-0.0055399703197838,2.392469608899667,-0.2467390518882133,4.089347825549391,-0.1197831105044383,0.0545487243515109,1807.3363242667704,1769.088404507411,1685.760343406676,1681.8149648060116,0.0270262263853456,-0.9430013420847714,9.819056365456596
12.56,1.000887909336483,0.5133929531274865,1.5769517133159336,-0.1443296831402986,0.0133695872575746,-0.0034215184489081,0.9894334186354768,-0.0026356131415379,2.426680360274095,-0.2466950690735382,4.16711367016713,-0.128566602831349,0.0539916164310185,1837.0239037560907,1795.166659999394,1705.7028039900504,1697.530385346966,0.0106764273111331,-0.9753653397590518,10.20087586259124
12.57,1.0008096821471135,0.5377293073176901,1.574050134817479,-0.1242479924091928,0.0128636647385948,-0.0032963753313838,0.9921623337042446,7.101558278922791e-05,2.457631433969261,-0.2457847695431949,4.245368270077496,-0.1341575375775928,0.0548480745427662,1854.5964266386816,1824.043857132524,1728.6671058692336,1712.0640316353677,0.0471169370258403,-1.0522663642636283,10.437268739904358
12.58,1.000768114200629,0.5623407971649101,1.5705744201833831,-0.1037588473892764,0.0123469898949173,-0.0032941898164861,0.9945203877962666,0.0023411227202954,2.4848781575844416,-0.2508191796116985,4.3216371219261,-0.1262423636014769,0.0512380584201698,1866.272972802265,1854.735004473844,1753.178806425684,1729.2120837793086,-0.0038039664932502,-1.1389738832709262,10.728696400736006
12.59,1.000750825260904,0.5872207340285762,1.566548972499574,-0.0829587593107763,0.0118050969766776,-0.0033582593789672,0.9964773986563524,0.0042133566127965,2.5079133500338653,-0.2636284734297643,4.373774689720749,-0.1154422650462767,0.0411305390326821,1892.8363274742649,1893.136388261628,1774.6121732486604,1749.7984858878945,-0.0271531273054043,-1.1404316334528084,11.180771088489278
12.6,1.0007423425618875,0.6123722878601934,1.562101095717496,-0.0619792356058779,0.0112257769985642,-0.0034000605343976,0.998008514930034,0.0059862213555295,2.526634251269803,-0.2762704299940929,4.358758246572854,-0.1229826481091891,0.0301880297467605,1946.7697537303484,1948.1298992674745,1795.7572749950211,1774.7148667253489,-0.0268326303701808,-1.15271581549223,11.617647159160995
12.61,1.00073190080746,0.6377814102676194,1.5574296139040986,-0.0409786095579816,0.0106072375958769,-0.003332955574365,0.9990981590796864,0.0079690025431572,2.541296561131052,-0.276769748146371,4.254648253319929,-0.1473722910870259,0.0267838930309778,2013.6278726402,2015.2091273790547,1832.4255814774,1809.6928262498288,-0.0219666878158462,-1.1534237539483867,12.033256975754904
12.62,1.0007193749598715,0.663388622884569,1.5527637003233032,-0.0201080364936693,0.0099644824690575,-0.0031110728839971,0.9997433156480736,0.0102160028183022,2.5519567673928907,-0.2605528393682702,4.110189410692202,-0.1537657467648149,0.0320683881329517,2066.311817902996,2071.875720917997,1895.594581309024,1861.0216416283013,-0.0280789062191278,-1.3449627197651386,12.835555647246734
12.63,1.0007169710343082,0.6890737200578821,1.5483375611313446,0.0005365390028048,0.0093288172612514,-0.0027570211308499,0.9999525409382632,0.012518258556894,2.55803133632896,-0.2342154363629991,4.024954721266761,-0.1130226336135707,0.0366665289942049,2098.0457134582302,2100.4893223172494,1968.0569473040223,1923.1369834431089,-0.0687779987685017,-1.3163734277081267,13.64539342348946
12.64,1.0007457252312224,0.7146682401014661,1.544386411480021,0.0209509369134573,0.0087353744551846,-0.0023625411700459,0.9997395510205626,0.0146554961233498,2.5583948221186668,-0.2069954380290697,4.050864045761907,-0.0478405131833474,0.0295072820207429,2129.1778569538983,2112.3840568388,2014.881967543592,1975.962099533341,-0.0694521607961533,-1.215153096083646,14.29941051814861
12.65,1.000827604576875,0.7400037533003168,1.541144326216984,0.0412163989953878,0.0081995637630759,-0.0020549549402945,0.9991144843150568,0.0166206421063145,2.551913349513009,-0.1803226900747103,4.1246811410479145,-0.0184327878023269,0.0095869877130979,2176.233826431222,2137.036742411577,2025.0251128377852,2003.7999792222429,0.0155530113220884,-1.179807563770558,14.689734365617664
12.66,1.000975795419651,0.7649888867802604,1.5388222002541163,0.0614526411750487,0.0077080833813246,-0.0019436676363246,0.9980783438685146,0.0185893836834467,2.5381332117979136,-0.1471708426805749,4.134084719983974,-0.0531119090558833,-0.0126212613513415,2225.490878735817,2185.652801575454,2028.8209757080397,2016.5288726259896,0.0920582973700694,-1.3015247315035925,14.92137822921428
12.67,1.0011870558979816,0.7896875644833821,1.5375677198653224,0.0817618314690592,0.0072298541334092,-0.002069956153507,0.9966235234056826,0.0207007239470617,2.51775206139828,-0.1002444152227575,4.055974096128129,-0.1100973143800182,-0.0250756534476043,2248.89394222697,2236.3845554849536,2059.934977132731,2040.6887831680235,0.0436208436701616,-1.3189741898605585,15.51523982878058
12.68,1.001439917757987,0.8143534755191097,1.5374346086348387,0.1021883337956555,0.0067424733332053,-0.0023861464971582,0.9947393577185496,0.0228937248180104,2.4921791074688877,-0.0388277517954217,3.9947039623192975,-0.1252107197657031,-0.0241880512446953,2241.299656169137,2261.21270110764,2108.475754321635,2084.104946806631,-0.0341465388851873,-1.382502399544371,15.870061093935218
12.69,1.0017004866424428,0.8393740576145934,1.5383903472647833,0.122697066499687,0.0062492660248249,-0.0027749207207063,0.9924206146395368,0.0249708463705238,2.461740530094988,0.0316568596250826,4.060065731808814,-0.0878749502746842,-0.0157568519583277,2226.987177994976,2258.1469504664906,2130.5579776413497,2119.758022167889,-0.113470800935307,-1.212368289329712,16.210344955751648
12.7,1.0019344405145842,0.8651007554078378,1.5403683050441697,0.1431651240204519,0.0057720968370789,-0.0031009751680958,0.9896771261958714,0.0268133830859196,2.4238341535343526,0.1040829820492317,4.229954339857378,-0.048787479068073,-0.0082830347524044,2225.61694413984,2245.982971975845,2104.230680119899,2115.68302005908,-0.03133884894716,-1.1165666015266265,16.338250098373507
12.71,1.0021215308296068,0.8915888822755952,1.543340445542044,0.1634090510511487,0.0053282191657468,-0.0032713474235747,0.9865385904267095,0.0284862023584808,2.3742193876609856,0.1725187849393343,4.3704987453759765,-0.0531922853807767,-0.0066177355827552,2225.22719647346,2232.220815183201,2057.8275124443708,2075.267582871646,0.0762843769911674,-1.138823510478308,15.954560588806856
12.72,1.0022683165142343,0.9183264561221663,1.54737025670003,0.1832850836698998,0.0049133082338962,-0.0032764364845744,0.9830420654632632,0.0300802323980548,2.3129305122863264,0.2331218414030143,4.3923821167285615,-0.0887707908446155,-0.0109656461105685,2199.470018186932,2202.069780876933,2035.2603931126475,2034.9290347182896,0.0519090159220437,-1.2284410672577506,15.50449271709464
12.73,1.0024148771278567,0.9440758033030612,1.5526096686027704,0.2028553581403802,0.0045054222078054,-0.0031943356566013,0.9791931377742495,0.0314834965858563,2.2497018162962146,0.2854537086348224,4.3538687748176645,-0.1098122027375224,-0.0191296453988609,2143.569592693916,2143.6248084736217,2045.5827535926685,2021.757891675078,0.0284329976306492,-1.254757700188846,15.01773152225604
12.74,1.0026312849125771,0.966958371095008,1.5592256368252562,0.2225286219292998,0.0040847675795305,-0.0031586368617342,0.9749124833077294,0.032428578255497,2.198724751526184,0.3330907702330836,4.3912868813750645,-0.0966699559281812,-0.0277910026576014,2080.9262034367484,2071.538716944309,2057.396710102945,2024.7805141202373,-0.0328532310687078,-1.041310019789015,14.537080835710976
12.75,1.0030013689309416,0.9848575103180198,1.5672759581774496,0.2430398957289532,0.0036513664771014,-0.0033037256900429,0.9700037948397288,0.0328830106760662,2.159836330592161,0.3805491735179326,4.5660205725762335,-0.0728785618938424,-0.0329555850137884,2037.2168163243648,2016.5511181120537,2037.0233560931904,2012.425362079599,-0.0359554556656608,-0.9693585611599538,13.928579792685747
12.76,1.0035961061602003,0.996089211667167,1.5765868068941256,0.2651965364452117,0.0032268048596749,-0.0037089255785014,0.9641818441865176,0.0333875831006566,2.102942191992729,0.4287308632789196,4.801579883616721,-0.0676746979721721,-0.032069276734181,2017.3721561503075,1995.1215188174604,1982.1214043607697,1970.5060166696323,-0.011025147831722,-1.0510471282405431,13.4730909651955
12.77,1.0044450260349254,1.000127522411682,1.586694800874612,0.289470555298862,0.0028393106398888,-0.0043648447413346,0.9571727555987178,0.034820986036244,1.982174002732223,0.4738870080345145,4.967447097007857,-0.0798762281019232,-0.0269549789617043,2004.9243315997865,1992.341326040696,1917.788763153591,1914.770053482256,0.0249187915048975,-0.9334958298271988,12.95817160812532
12.78,1.0055177760870575,0.9980502135530596,1.5968937226950628,0.3156585137295715,0.0025019971953909,-0.005179259958955,0.9488554252289174,0.0375896302791132,1.7800179153024729,0.5097074198698646,5.008326699789658,-0.0867461237018956,-0.0239282870120654,1976.8680128278172,1973.4790581140728,1865.9665481644104,1866.6873530223604,-0.0420215751909907,-1.0209354511261823,12.310708780080548
12.79,1.0067264958797235,0.9924060666010224,1.6063829073601854,0.3428385308879443,0.0021980642716303,-0.0060223258410101,0.939372472368399,0.0410396619024271,1.5374869918650738,0.5292312454640806,4.98079444155058,-0.0798355183540959,-0.0295000363204246,1924.8053551483488,1917.7117825948324,1822.7517544184907,1824.9098867244163,-0.0454297982295794,-1.1466287747949293,11.988666107717954
12.8,1.0079514122254511,0.9864604661965722,1.6144684150991353,0.3696782491832134,0.0018826396111862,-0.0067872511958282,0.9291331341471648,0.0438893931200914,1.3279711471140718,0.527268905790033,4.959224975450821,-0.0797486069538168,-0.044242328543064,1868.057513159671,1846.1784812272292,1766.3284316727177,1768.006065567192,-0.0905789372424638,-1.009646695615774,11.42185799869094
12.81,1.009079757951746,0.983133490988268,1.6207354647626466,0.3949021683418589,0.0015001279145313,-0.0074299539614106,0.9186919085521924,0.0453198726121936,1.1962642092286055,0.5040457925937325,4.911733030233585,-0.1108103485608008,-0.0601736090839019,1838.3781731470729,1807.797390070056,1685.5293071778228,1684.803777921389,0.0529689710475654,-0.8760846284512551,10.357886068498612
12.82,1.0100399753935063,0.9841334876361754,1.625116718681343,0.4176331844273966,0.0010070651010861,-0.0079651632139529,0.908580247011726,0.0455057917256486,1.1284726176715478,0.465904552221663,4.691065449301764,-0.1654228531510075,-0.0656760801329588,1845.1284303421785,1826.6372198775448,1597.7767730433452,1595.388608582258,0.0410731801798589,-0.889981178739367,9.633666262200473
12.83,1.0108163006943445,0.9896481118524048,1.627837314459173,0.4374647506119745,0.0003898534763094,-0.0084298438074769,0.8991959618012368,0.0451205389638515,1.078921253331038,0.4206748696361194,4.171058844256574,-0.2026780651252417,-0.0552842817937618,1863.778531667968,1871.3948135751843,1537.087644742892,1537.9233417674573,0.0154738779944662,-0.935908504991195,9.383276062521286
12.84,1.011440809165705,0.9986176827298354,1.6292865186505607,0.4543313593743702,-0.0003299341836625,-0.0088480882918953,0.890788761921731,0.0446035876780781,1.0148136900876714,0.372436498222749,3.3930689054549545,-0.1890956113789248,-0.0354900828027781,1865.4613491211496,1889.199361700752,1524.0315732163629,1535.3409035402206,-0.0602136003410009,-1.009440035924011,9.326067758294904
12.85,1.0119713785964823,1.00934757358339,1.629891054642615,0.4683281127605847,-0.0011062668145035,-0.0092236568660533,0.8835057889600167,0.0440017986738559,0.9330480589572154,0.321065563761336,2.559798754433129,-0.1391601585636418,-0.0203525400371852,1849.6287097053223,1863.1365465864767,1547.37282408868,1575.3508429523515,-0.0199372099838748,-0.9680024008770816,9.323884733074207
12.86,1.0124679326345682,1.0201487893680157,1.6300346742524152,0.47957314750352,-0.0018913337573401,-0.0095574567800959,0.8774478184314335,0.0432804311763059,0.846136261110369,0.2658833723133685,1.8695113654406923,-0.1077177979235915,-0.0200254896481482,1839.400682223229,1825.5097387831083,1575.3731398286009,1621.2554206165228,-0.0344318237865832,-0.8215622380219703,9.257801365047053
12.87,1.012975899160041,1.0297844038026998,1.6300209589216483,0.4881278532370617,-0.0026569104578601,-0.0098653633532969,0.8727123319438678,0.0425458501030708,0.7629177533499656,0.2088307184265806,1.3517387426482217,-0.1361009732474377,-0.0313596567791789,1850.0313292670708,1820.279173879053,1584.946947416346,1641.9790654221513,-0.0184799244277815,-0.6611198580539295,9.367475325923198
12.88,1.013519590048451,1.0376410495629744,1.6300536607032443,0.4939661936221999,-0.0034007962448252,-0.0101746195318017,0.8694149246825014,0.0419477732170793,0.6825194800550041,0.1540183037978039,0.8641862736969257,-0.2061497801389982,-0.0386289182753207,1870.7264238191249,1861.0100707619715,1578.8442925750987,1634.9441106674517,-0.0061522124492189,-0.674294388938236,9.464591646945388
12.89,1.0141036419322145,1.0436630679236525,1.630222111626037,0.4969956641006015,-0.0041358644066909,-0.0104995313592591,0.8676796438386966,0.0414389987813244,0.5999618207926627,0.104478591685181,0.247940413719088,-0.2530248590608126,-0.0258176953054343,1878.0229419924672,1920.0386721444893,1575.514822241194,1623.5597273146595,0.0460735073243687,-0.6363537263627128,9.50882869879183
12.9,1.0147191858190638,1.0481499991370429,1.6305040748266455,0.4971284563428731,-0.0048719061257318,-0.0108179532366619,0.8675958358087156,0.0406724682111524,0.5127039070276826,0.0599130327299621,-0.5143297972569988,-0.2281604773204749,0.0085712382949708,1861.6939148692916,1952.6538083212656,1586.4617608507735,1632.9080401487909,-0.0708244933732171,-0.6460930114782091,9.80561992674392
12.91,1.0153516373503098,1.0515261469061523,1.630798855123189,0.4943731574385673,-0.0056043745525783,-0.0110704187776976,0.8691612152058917,0.0392203905805896,0.4219675540279544,0.0178972143155442,-1.2857329586369883,-0.1482927813911415,0.0490054722899449,1832.7469079747912,1935.925240253686,1605.9480919807756,1666.0938172334818,-0.109845246582152,-0.6331903109895092,9.946550446661009
12.92,1.0159873582474888,1.0541614474981718,1.6309766397765877,0.4888954001544046,-0.0063170206157283,-0.0111850193834942,0.8722478307796449,0.0370286021670955,0.3304026853216342,-0.0233873960374263,-1.90520078184514,-0.0781942965136533,0.0769572378727026,1806.658921070797,1886.570857637704,1620.0145471656206,1702.8241251733657,0.012637606041891,-0.4726854526448965,9.888920089164008
12.93,1.0166170528048593,1.056278532571406,1.6309135790296148,0.4810075219946547,-0.0069926972033764,-0.0111118583677436,0.8766181566531683,0.0346566884497046,0.2400518098731897,-0.0641236063214433,-2.322054370898217,-0.0658629954015294,0.0869903935322509,1785.9518818204142,1840.045964815934,1620.6594352663978,1719.00567189948,0.0525248763477774,-0.3169994643686573,9.96711542890192
12.94,1.017235438464967,1.0579414224709265,1.6304987375919393,0.4710884372971989,-0.0076197314519237,-0.01084628563017,0.8819863842631089,0.0329100915747981,0.1520449478773162,-0.1036767496565443,-2.6150955958096342,-0.0995325494065445,0.0881568096076329,1763.5641994948592,1816.734099411114,1609.727621481196,1705.9661490806147,0.043467345011188,-0.307026790235497,9.837989851392171
12.95,1.0178389344620735,1.0590981055432942,1.6296258080937611,0.4594753392602704,-0.0081884269912687,-0.0104294664815841,0.8880915428625461,0.0321374196126976,0.0670490228474999,-0.1415280145433597,-2.905877745388966,-0.1277734479794745,0.0920235475987492,1736.4598723731085,1810.9257792839464,1592.605524113072,1673.3897854353822,0.0044835361887729,-0.1679877126798352,9.603311543545376
12.96,1.0184240305166294,1.0596439513826192,1.6281918877042705,0.4463801963453737,-0.008685856898438,-0.0099288971811034,0.8947461613225131,0.0319483455923797,-0.0144602740682626,-0.1779282270489562,-3.262772560385395,-0.1142380890956441,0.1022771357984716,1707.769848547749,1803.962984731834,1572.5449908801063,1639.0008012835904,-0.0219188795354694,-0.1690338490720124,9.293272086659671
12.97,1.018987720761204,1.0594800289363415,1.6261175134873709,0.4318638841535286,-0.0091000739718674,-0.0094115878492344,0.901843775956618,0.0316511399984495,-0.0921126475324037,-0.2145934112645906,-3.669321559219688,-0.0686056687238296,0.1146729251756754,1678.8728129522938,1780.6803730539086,1551.3704636159437,1616.319812858566,0.0058601593560802,-0.2108354507216994,9.097895173464648
12.98,1.0195292100607471,1.0585522362122417,1.6233851411792246,0.4158690864514703,-0.0094328487057561,-0.0089232923325009,0.9093317871675126,0.030872684603068,-0.1655958649043915,-0.2544621323537414,-4.059795000378524,-0.029529200912148,0.1232524183407215,1647.8108141230873,1738.7318026397486,1532.4569132842516,1608.2612998532368,0.0174953610982507,-0.1873950093577887,8.97783126589645
12.99,1.0200510862961671,1.0568676552837697,1.620073127842514,0.3982910794737933,-0.0097073522507226,-0.008479930774815,0.9171685091072062,0.0297135694319553,-0.234789955318169,-0.2993553563117968,-4.380236573305375,-0.0253672893231899,0.1256336955307794,1616.4559294396151,1691.1962974093449,1519.701410123288,1608.1054446682228,0.0291901476767391,-0.084343702452041,8.804148717010367
13.0,1.0205588588871688,1.0544910649758563,1.616352848950295,0.3790607386321118,-0.0099591600624583,-0.0080699845324992,0.9252830090886645,0.0284323080492512,-0.3000466675473567,-0.3470479644189065,-4.629262474648965,-0.0517224371008894,0.1245980190878605,1593.2236371283889,1659.590267073908,1513.1712971134757,1605.1575267959147,-0.0260093168764713,-0.0851079026523677,8.5136320437544
13.01,1.0210590672276634,1.0515272363091777,1.6124329596064528,0.3582188966286665,-0.01021482668234,-0.0076637357619649,0.9335502913973952,0.0271354360726894,-0.3621069194463729,-0.3915179612291272,-4.851988408788962,-0.0799057509151466,0.125757782412651,1584.0829704832656,1656.0690081674088,1510.2157814034886,1593.5285843034878,0.0058494710569007,-0.026903253815675,8.381047558314084
13.02,1.0215569391194594,1.0480949618791844,1.608471802614123,0.335964152461796,-0.0104758305761975,-0.0072256219673756,0.9417887956551354,0.0257977761471392,-0.4214033681719104,-0.4275082450428736,-5.089071521246836,-0.082371820262377,0.1322827395137343,1582.6032788294303,1668.5877345651938,1515.0230729393138,1581.9208958915756,-0.0102916984079109,-0.001021338657928,8.480538326893596
13.03,1.0220546297210609,1.04429863361026,1.6045078877558738,0.3126572010662085,-0.0107218161193476,-0.0067274115160121,0.9497816902924808,0.0244800288802191,-0.4774734466393101,-0.4549792912588974,-5.317707912946732,-0.0531095145429321,0.1412022764549733,1575.6590727467635,1669.6262009398515,1542.053851178152,1593.1963594374297,-0.0202403246125684,0.0140999868424973,8.46253587854909
13.04,1.0225506927458294,1.0402040385113007,1.6004514645463577,0.2887734940315863,-0.0109289954735899,-0.0061598523030045,0.9573152471481547,0.0233821256092315,-0.5293905844719033,-0.4783487491197176,-5.443905466404821,-0.009192340206146,0.1461727934867892,1563.306316607961,1647.407940694534,1601.0366267381746,1644.6927491853082,-0.080878072806965,0.0571427093753129,8.539956018868263
13.05,1.0230409037086683,1.0358260153749883,1.5961406342901503,0.2648149266192087,-0.0110862829182694,-0.0055384109730353,0.9642196196793618,0.0226122190979505,-0.5768845756998272,-0.5013890648845171,-5.374358240527771,0.0255296209054444,0.144162259015152,1568.180031546172,1626.6986444373983,1680.4035226711896,1726.5630548407937,-0.0068379814188625,0.1844472354179527,8.935596454375991
13.06,1.0235200282925243,1.031133500739881,1.591426237461956,0.2412093812691789,-0.0111961348940422,-0.0048988401800674,0.9703961471049154,0.0219644245243922,-0.6208517385150452,-0.5233903440392248,-5.113450333890693,0.0397076519056947,0.1376354853232259,1616.268956341035,1648.8691605083377,1755.6734323773107,1808.090057368605,0.0137438496920341,0.3312958094909648,9.665305632483092
13.07,1.0239837125921811,1.026070796356894,1.5862398465568044,0.2182336234343774,-0.0112623857082084,-0.0042831351018894,0.9758221656759803,0.0210181149949867,-0.6627154420394208,-0.5400259529199826,-4.783306916721954,0.0401315863842005,0.1295293819423339,1707.2024901654795,1727.38584694902,1815.957077774932,1869.4540397714657,-0.0255403803433436,0.3723700547764563,10.441755534744996
13.08,1.0244294957436884,1.0205861946730377,1.5806189091375271,0.1959875727314283,-0.0112780011804,-0.0037223368845711,0.9805344574426418,0.0194736306476553,-0.7034737858312532,-0.5469852802518433,-4.529343818930803,0.0410796890462043,0.1185846632756677,1810.614351779495,1830.276856970434,1874.3084508187403,1920.4087608514792,-0.0057010190748201,0.368432184392204,11.198651735811126
13.09,1.0248562263521603,1.0146561014984958,1.5746915752015276,0.1744277576423533,-0.0112242244193536,-0.0032249343535085,0.9846007180316598,0.0173857017569194,-0.7433421526221027,-0.542302241648403,-4.397430724049547,0.0496632563645457,0.1026242672824959,1895.079057225705,1912.7641295407527,1948.33719934315,1982.729458220337,-0.0207033150939424,0.3153335748483932,12.11046036471849
13.1,1.0252621124108905,1.0082962546042509,1.5686407987558426,0.1534409972031497,-0.0110825516609888,-0.0027766439645674,0.9880917607561954,0.0151049720091685,-0.7818650257907335,-0.5258810650694665,-4.310922720748918,0.0609471843796471,0.0856445860149184,1955.394747672337,1962.4143731906256,2035.53963492096,2059.6126625001743,-0.0546143143435086,0.3471882602674232,13.10307952142172
13.11,1.0256429527230986,1.001558215239833,1.5626677490640253,0.1329201735770075,-0.0108502375783218,-0.0023505290617059,0.9910645664203128,0.0130048434046186,-0.8179970245912327,-0.4981459362119349,-4.173670338327956,0.0665568955906165,0.077089990982214,2007.9418781131824,2004.3693481775847,2112.806418618181,2129.9089504984145,0.0356480717599238,0.4217236376048427,13.949380126176402
13.12,1.0259925885129266,0.99451502458857,1.556966104215104,0.1128067531877783,-0.0105464730662881,-0.0019207169365632,0.9935591171075544,0.0112032523920811,-0.8502782266374846,-0.4599471541413829,-3.9825764568803055,0.0670748852350297,0.0815783968637011,2064.907699151246,2062.849324598644,2160.122573541069,2172.998391575509,-0.0065721645929711,0.4726351281209662,14.740975483271749
13.13,1.026306161068955,0.9872431914324156,1.5517099503890055,0.0930898412870671,-0.0102038966208786,-0.0014728417357142,0.9956043354064508,0.0094833103664174,-0.8774061221404483,-0.413239810751915,-3.8196895201831342,0.0717335919702255,0.0921172180695622,2120.280032982789,2126.257524526944,2181.150685216808,2192.775595794208,-0.0180887869078644,0.552245268136148,15.460699165164211
13.14,1.0265840807282245,0.9798084933138312,1.5470511387874892,0.0737802144317195,-0.0098527767161504,-0.0010079566189801,0.9972253440285428,0.0075014118978353,-0.8987890014252066,-0.3605874833979623,-3.739666120970567,0.0823412931996444,0.096259980799565,2160.0679924431115,2158.4297356881216,2197.092502633219,2210.0889161051587,-0.0133051296413068,0.4057977367858316,15.862049892319869
13.15,1.0268331495119292,0.9722601412985672,1.5431167883215395,0.0548861760364718,-0.0095101241006451,-0.0005398403273847,0.998447181273053,0.0051443696255784,-0.914426992936183,-0.3034771007928815,-3.699032031404836,0.0839404216952906,0.0877053507133456,2178.970512988901,2143.362993055475,2220.9261474386003,2233.008979002895,0.0035921611641448,0.4246945495606411,16.07946859420583
13.16,1.02706284904661,0.9646332818325116,1.5399976077084323,0.036402451746284,-0.0091789648800738,-8.773495956784253e-05,0.999295051730552,0.0026948905685006,-0.9243252955437632,-0.241883957228333,-3.616912027457852,0.0627291038280629,0.0709915873708254,2182.6465349145965,2107.951084745039,2242.2929170254806,2244.956720700749,-0.0235827262440329,0.4893913244070518,16.292663638052495
13.17,1.0272785539087197,0.956956637487887,1.5377271473390346,0.0183062537977418,-0.0088549831401631,0.0003321360721622,0.9997931586238774,0.0005812102868752,-0.9282944264688406,-0.1762501865940251,-3.4835326490486835,0.0317857533000302,0.0569178986223919,2176.515119726542,2091.6224309752124,2240.190102628608,2227.624488376915,0.0500631807320883,0.5834481082793871,16.275847871585068
13.18,1.0274762399429602,0.9492615866609176,1.536265283160657,0.0005568020291393,-0.008537415915145,0.0007126985614615,0.99996314660179,-0.0010624390697114,-0.9263762962490124,-0.1093928203965221,-3.372932458997492,0.0234861980344369,0.0538115317014748,2158.2780850048857,2098.386849691299,2207.5291907470164,2187.318146232678,0.0535502906048024,0.5889163482770575,16.022622079335463
13.19,1.0276425128252775,0.9415896861649524,1.535501838014727,-0.0168965939775027,-0.0082424880929881,0.0010569505535356,0.999822708962706,-0.0025408373896544,-0.9191266625822702,-0.0455529020293119,-3.345479224893262,0.0480963027163276,0.0606545711931286,2123.205022596505,2092.0106829853103,2159.5854987531675,2148.5210625561567,-0.0094907019648436,0.43666980584289,15.58683538706114
13.2,1.0277600901032862,0.9339960090964896,1.5352836026599967,-0.0340927064487344,-0.0080059932849362,0.0013731395523981,0.9993856642589444,-0.0042998645960775,-0.9071285369522852,0.0123008357468217,-3.3680051119830887,0.071978662871571,0.0678839706687045,2073.05498531288,2042.5234313565225,2118.051082747098,2123.29592665749,-0.0377565350289987,0.3202991889746682,15.02615851605808
13.21,1.0278155262993591,0.9265463502965916,1.535452904950226,-0.0510385748051881,-0.0078702377167537,0.001669714706033,0.9986642755665878,-0.0065446948080029,-0.8903590883935966,0.063447699223999,-3.352255844225781,0.0535779314248566,0.0668610942409724,2016.8594196453764,1965.6691092390076,2088.422981761046,2096.543130364097,-0.0446029536561196,0.4056959446820096,14.318346445490617
13.22,1.0278054026479733,0.9193090196704844,1.535882069669627,-0.0677127086572494,-0.0078478454257127,0.0019543742174156,0.9976720808110704,-0.009154955771182,-0.8685248389113529,0.1077435033673861,-3.260044754921585,-0.0017260807229735,0.0588340110631991,1964.3590671024692,1904.2220302521032,2055.449760364112,2046.2304024714165,0.0364627835975162,0.4702379773009388,13.782891617008977
13.23,1.0277387686062216,0.9123458741027052,1.5364945169902102,-0.0840834796282413,-0.0078906700527928,0.0022349805008972,0.9964249648828988,-0.0118623296240223,-0.8421161364049138,0.1439945552735831,-3.142862439559252,-0.0407670055963194,0.0527860749528006,1919.8064636599815,1875.8636036348128,2003.026205925065,1974.037226992927,0.0310169088640354,0.4853943901388637,13.085656321082494
13.24,1.0276352851555923,0.9057081696824468,1.5372694135262663,-0.1001178469346512,-0.0078952851888601,0.0025156325151981,0.9949410800595204,-0.0143909467193096,-0.8125468145783963,0.1707755414358268,-3.0698745248040016,-0.0216645331347378,0.0548768041523661,1880.008434572352,1855.3579936006424,1936.8780544485105,1908.2556085778535,0.0494720093097075,0.4131989326343848,12.279315370103689
13.25,1.027519494418057,0.8994378341855559,1.5382286542780474,-0.1157583951183057,-0.007753581635718,0.0027890703630524,0.993243221481004,-0.0164542368103605,-0.7808214499961663,0.1884894171695686,-3.035720780934124,0.0405437929539781,0.0620992902077078,1838.0581799391348,1810.3596493073856,1881.9669669520888,1873.951922063424,0.0540446852334695,0.3347386701175612,11.537149480301704
13.26,1.027412670067029,0.8935683259671978,1.539408347254096,-0.1308812414538564,-0.0074183932342894,0.0030366768314301,0.9913656473124032,-0.0178153419750963,-0.7464937652533874,0.1996762157948367,-2.958604157362637,0.0943208974939909,0.065877215064946,1792.3144052379782,1740.479972656654,1855.5017468944236,1866.1813766059904,0.0757149999709741,0.3480125044457289,10.983010996608751
13.27,1.0273252983659564,0.8881195704659435,1.5408249322212575,-0.1452768611574728,-0.006937436720328,0.0032432925353909,0.9893614034504852,-0.0185092668203429,-0.7085505220673367,0.2070098521407496,-2.7667467082319943,0.1047895450877642,0.0600592145013772,1751.3761091481329,1673.131339409167,1848.3047174216636,1858.1189052252096,0.0941505787259111,0.4247606696023926,10.777321479764094
13.28,1.027254082626612,0.8830893082778464,1.5424509935774162,-0.1586855333847227,-0.0064307150163895,0.0034171083192462,0.9873023198440884,-0.0189254577961857,-0.6671733045144231,0.2113730007043145,-2.4715758044163865,0.0770365594143268,0.0458315611321977,1725.0978610234624,1630.8161020795687,1837.9495021649927,1831.8294823957983,0.0366876280628826,0.4313760090769079,10.491100835128792
13.29,1.027185332124875,0.8784496763057807,1.5442105958542731,-0.170874046035985,-0.0060264405489535,0.0035945116097755,0.9852678934644572,-0.0195095952113728,-0.6241059350445692,0.2119177492754982,-2.151408751912753,0.0378740937469715,0.0303314972222882,1710.919195972495,1613.2808162006245,1815.7294413386496,1793.8920961690228,0.0608152103286008,0.4062758353782709,10.187509966222384
13.3,1.0271023190950537,0.874155534855346,1.545993143824636,-0.1817036147563807,-0.0057957356742143,0.003819713800542,0.9833288440897792,-0.020404060966613,-0.5812708887010332,0.2075364553995184,-1.8740927332166624,0.0102396315661747,0.0204526303437452,1695.7707667882507,1607.0010432271945,1792.7847224523289,1761.7860722651144,0.0255633256550527,0.2899138903037959,9.92081271009036
13.31,1.026991763761563,0.8701623709641882,1.547677648616619,-0.1911444814687902,-0.0057223164713751,0.0041108401701861,0.9815366235099554,-0.0214758825697087,-0.539358241484433,0.1981197798751199,-1.64391315220057,0.0041154169554239,0.0171964251651423,1672.675559747349,1600.6453279207622,1781.5869795696913,1743.3481400128444,0.0440138139515355,0.3042960080407129,9.638793305169065
13.32,1.0268465443507613,0.866444678930496,1.5491586154658976,-0.1992319658637858,-0.0057191173790139,0.0044373858724798,0.9799256222188882,-0.0226103425792228,-0.4977657361147943,0.1847736726306225,-1.416145529548934,0.0182533921604099,0.015714701236622,1649.1663987408997,1589.939980566823,1781.2054751919668,1733.97774009739,0.0260175241180879,0.3544093392048282,9.55511099175845
13.33,1.0266653187796155,0.8630057116762676,1.5503672908239905,-0.2059978434062785,-0.0056781882479328,0.0047267386281796,0.9785245549459268,-0.0238156545302599,-0.4555776875253303,0.1691818641633266,-1.1479701831058335,0.0421795042963336,0.0104210938651767,1637.2573844883152,1575.6152083585578,1783.1207112621903,1728.3887441751583,0.0642028458236858,0.2831949912058351,9.387910757332756
13.34,1.0264510216696776,0.8598752124087912,1.5512844361961495,-0.2114235975428691,-0.0055263699955987,0.0048966448800156,0.9773666377085016,-0.0250728014530675,-0.4124220103362622,0.1527201246447755,-0.8311425695332799,0.0599500509043978,-0.0006154135471993,1639.945686882483,1561.7538800070488,1782.5590769316584,1726.6183150260326,0.0643330036927452,0.2347018620771748,9.325481274265334
13.35,1.0262091334854886,0.8570980601911782,1.5519422066041662,-0.2154436537238255,-0.0052593982303767,0.004894014262237,0.9764898460428472,-0.0262529925421783,-0.368514143726079,0.1359136610006284,-0.4876594828480343,0.0592192639649485,-0.0158557451588054,1650.0596964220315,1553.929540230839,1778.5769629245094,1727.9537445058477,0.0420023065741521,0.2384584640609395,9.400121566408604
13.36,1.025945880862306,0.8547194934597004,1.5524139091789302,-0.2179917120239592,-0.0049382939753765,0.004719399407342,0.9759267154918498,-0.0272427142969538,-0.3241245342506549,0.1185869468727813,-0.1493577778884091,0.040176335026464,-0.0328515158244723,1659.4394033026435,1555.573684264965,1770.0138090637704,1726.4718475271548,0.0742716422348388,0.25314121518953,9.4036498278292
13.37,1.0256670074634175,0.8527717983739378,1.5527925271189835,-0.2190562193209643,-0.0046510324187283,0.004426224428685,0.9756911136274392,-0.0280798862572294,-0.279208454242463,0.1006288137878243,0.1561540927338891,0.0155508667161912,-0.0491683934671178,1666.1475366910672,1565.9721003127502,1759.131492465627,1717.755077543579,0.0650118657055646,0.2304953855080187,9.32077093971722
13.38,1.025377815105367,0.8512659828728372,1.5531619912125174,-0.2187092774735164,-0.0044619299734649,0.0040953681268482,0.9757712698618616,-0.0289342224925688,-0.2336187953479833,0.0827564601753789,0.4130079285256104,0.0010138958020177,-0.0616948696316522,1673.2700385160406,1581.7458306446629,1754.8155191845442,1706.9894474212604,0.0166967995969575,0.1720530326151483,9.29728920852477
13.39,1.0250839231593567,0.850191161605751,1.5535682584731387,-0.2170945711793206,-0.0043780384083054,0.0037968925104202,0.9761333738539149,-0.0299875194109662,-0.187568208966925,0.0663997737490718,0.623848543087585,0.0041960329390387,-0.0674017939297747,1683.980931936571,1598.4221744591955,1763.066729613025,1704.794583270247,0.0016974986046383,0.1152387153326213,9.341328743443675
13.4,1.024791181880549,0.8495223892300353,1.5539993517279975,-0.2143864859072619,-0.0043499370008378,0.0035595774293155,0.9767327383255612,-0.0313106546696297,-0.1417423247052774,0.052560003083885,0.8080724154402663,0.0204708459885683,-0.0661128000302064,1698.916012554394,1611.4057551967353,1775.485006094625,1714.2843679029131,0.0386433145420386,0.0911327978802427,9.444233653584169
13.41,1.0245039002088574,0.8492336845610883,1.5543832753245028,-0.2107462506944779,-0.004302883481821,0.0033668941644501,0.9775255326770996,-0.032777247069134,-0.0969543623321669,0.0408733914521883,0.9844738207709324,0.0377392043514583,-0.0618421276693,1715.4066795165118,1619.5361485925496,1776.187862289416,1726.002735126335,0.0429926216569878,0.0786044784216293,9.579758436753776
13.42,1.024222219509456,0.84930956138016,1.5546078163759642,-0.2062956798910902,-0.0041781424139974,0.0031809350701625,0.9784756089123124,-0.0340975534589179,-0.0537046537160046,0.0300552400797131,1.153596163413226,0.0469750136657368,-0.0600930540795366,1728.0834965844292,1627.829573626109,1762.1273584703408,1727.9596639797965,0.0341145343532879,0.0633376919674857,9.700880148286654
13.43,1.0239405016192014,0.8497487306021481,1.554557260864975,-0.2011131622469272,-0.0039607628598185,0.002975079506649,0.9795554896127828,-0.0350270726191795,-0.0119632005218074,0.0190266016197124,1.301664523910953,0.0502090672082845,-0.0633831624102814,1733.503422549618,1642.117409905086,1748.8625161923742,1719.0813847316072,0.024593067350063,-0.0123862963774188,9.669747035822622
13.44,1.0236484019344785,0.8505580678441054,1.5541535953400245,-0.1952436698450444,-0.0036789586044175,0.0027500362236232,0.9807440093876664,-0.0355830967239074,0.0287202122662038,0.0073480817877977,1.4219364044486311,0.0565381044957946,-0.0694806533530133,1735.200717764125,1660.4814767870344,1752.0280540567624,1710.7136025036502,0.0651748006534963,-0.0543999088173046,9.663788675844504
13.45,1.023334813331236,0.851740804137848,1.553387661791197,-0.188713156793744,-0.0033779937260384,0.0025230543230201,0.9820232012575923,-0.0360188483625603,0.0688147442352737,-0.0048494288316303,1.5264015074186486,0.0684261234488222,-0.0738315887078196,1740.4714279154496,1675.1372134696394,1769.136286526787,1714.8528199851903,0.0196051579667548,-0.0391596267841651,9.846867854171258
13.46,1.0229926921080357,0.8532865777971335,1.5523279051090992,-0.1815446969878238,-0.0030885798567474,0.0023040722640414,0.983375144551188,-0.0365752721607082,0.1083801199617392,-0.0166310468100229,1.633013069985925,0.0757981047792916,-0.0735487169565448,1751.5160751160986,1683.798885169975,1784.9881614465066,1731.9332321090874,0.0118087757584036,-0.0326887537887334,9.911023631002545
13.47,1.0226217727447098,0.8551697996912291,1.551101135070355,-0.1737772550157793,-0.0028123379764489,0.0020835119351454,0.9847787646838772,-0.037295291220245,0.1470062104043277,-0.0262582163765112,1.74389282119577,0.0687004517131362,-0.0692770782521349,1764.305298835177,1693.0484101394095,1790.2897603833703,1751.2938103338754,0.0686894254565271,-0.0349833682673685,9.958058840099064
13.48,1.0222276835888835,0.8573571063000225,1.5498519641377253,-0.1654818091883627,-0.0025309608768353,0.0018438500757776,0.9862078712328778,-0.0380682226006527,0.184178695158531,-0.0321918706436433,1.8410301097768271,0.0529813511309713,-0.0637819156585776,1776.4568161713637,1707.9249044745404,1789.0474369514195,1763.4376287551,0.0479633680239254,-0.0896233068214189,10.085089282416003
13.49,1.021818703750882,0.8598187506977898,1.548698740758866,-0.1567626836183819,-0.0022262515498638,0.0015832227801538,0.9876325218594354,-0.0387732834597677,0.2196479251444521,-0.0342645243825091,1.9060793401731724,0.0459446280337446,-0.0594722451121886,1790.031605458037,1724.5015991239527,1790.4835789893375,1769.262555720729,0.0098809858161527,-0.1240433242170389,10.30030521566893
13.5,1.0214027280842513,0.8625372295129387,1.5477045777140874,-0.1477375228633186,-0.0018938769661461,0.001326824987433,0.989023901179188,-0.039333333212892,0.2534333661935343,-0.0336360781016535,1.9418301814272063,0.0556359501365266,-0.0573505334722251,1805.2955458912957,1737.105359616812,1798.5381906902817,1775.7399683664291,0.0168880231851623,-0.1222030737249824,10.400496076608322
13.51,1.0209859470139346,0.865509419236984,1.5468724170139998,-0.1385062391938489,-0.0015448792137049,0.001112325093321,0.9903597315044056,-0.0396950954987623,0.2855834135312989,-0.0315985720000725,1.9686780612761328,0.0709096940604937,-0.0572984652235191,1818.0420025281708,1747.8147698834996,1808.5499137258653,1785.5185942805397,0.0304506372417231,-0.1675410689640082,10.442180673834466
13.52,1.0205728226941568,0.8687423271495236,1.5461614434430373,-0.1291305567446451,-0.0011994273263133,0.0009593839463747,0.9916264116447032,-0.0398708344601249,0.3160263269694749,-0.028567675216086,1.9994989748457928,0.0752174569859926,-0.0584465425174695,1825.2278397400692,1763.125563440235,1812.461860647909,1794.3907153836412,0.0658944936514205,-0.1776927940187627,10.589538161920007
13.53,1.0201662363396848,0.8722446666555956,1.545515197860295,-0.1196368873072187,-0.0008773887769674,0.0008486521590589,0.992816964588079,-0.0400129913496353,0.3446174320857006,-0.0242256282241937,2.025373765272272,0.065810834998091,-0.0593982978640693,1828.4876072028012,1783.161946598355,1807.493495441614,1797.7962443337751,0.0384583668921815,-0.2211427246318971,10.721057542307028
13.54,1.019767456171378,0.8760172350668131,1.544890038324556,-0.1100337290949092,-0.0005879986412549,0.0007287747817714,0.9939274126445972,-0.0403226667070043,0.371235743955466,-0.0184972958383978,2.031183047211045,0.0548096816962531,-0.0586577327093498,1830.5007176508304,1799.1849642845018,1798.6164641263356,1796.035390280295,0.0388432723926876,-0.2071076450102982,10.702945417952394
13.55,1.0193762935123092,0.8800456024411828,1.5442743675297623,-0.1003251771483525,-0.0003240036135653,0.0005481658248893,0.994954498138502,-0.0407880184386301,0.3957816719434396,-0.0121824709291827,2.01921055177107,0.053226123657905,-0.0555409140902726,1831.703314446239,1802.9405325265936,1791.9939273367097,1792.302463985216,0.0768325631255243,-0.2638297508541107,10.653247362936234
13.56,1.0189914171953431,0.8842986553998676,1.5436929125840353,-0.0905147977756108,-6.690325246331117e-05,0.0002897860402971,0.9958950662251752,-0.0410933955350055,0.418098959058609,-0.0063981084644655,2.007920681270745,0.0588237650898165,-0.0513763346929806,1831.9359152284464,1796.1144125202868,1788.759908588661,1788.1030583993795,0.057348358250493,-0.2769481951212145,10.695537586261151
13.570000000000002,1.0186101192157968,0.8887348166040303,1.5431949381811207,-0.0806098737356484,0.0001988804055704,-1.5258882341824538e-05,0.9967457090301788,-0.0409178860432178,0.4379770296557709,-0.0013564669289382,2.0080425212285973,0.0608217739025807,-0.0492697365332971,1832.1320234130535,1788.768179416041,1786.450465182456,1782.4878939868818,0.0281884745458374,-0.271651000940782,10.694470402020414
13.58,1.0182272797715628,0.8933140533701562,1.5428301942594864,-0.0706334015237794,0.0004754621972445,-0.0003044880391037,0.997502182359474,-0.0403091232212253,0.4552974159654455,0.0039856576889788,2.0088915195577783,0.0532422831800922,-0.0509752814817037,1832.354816562256,1788.9887046355057,1783.6757423683453,1775.088575607347,0.0441271840916507,-0.3414573873426001,10.596676389337995
13.590000000000002,1.0178346672265033,0.898010098601368,1.542622356724791,-0.0606359835335675,0.0007543787048591,-0.0005186498087823,0.9981595260358248,-0.0396709690569155,0.4701672602200498,0.0108004464028824,1.9924936867833432,0.0409090923946653,-0.0536985576242114,1830.4777304503973,1795.12246633828,1781.2994661924777,1768.1241097346872,0.0560651806775003,-0.2425978086322187,10.536992769042904
13.6,1.017422264068126,0.9028163245071492,1.542553987248576,-0.0506938467624472,0.0010281874106005,-0.0006304150027617,0.9987135121284776,-0.0393838433046527,0.4828708040657166,0.0191737288256657,1.955860887347051,0.033167426101252,-0.0519467060843454,1825.8171699421084,1798.3425701020087,1779.935881413239,1764.5843570942814,0.0287030296034394,-0.2735776910453995,10.583499065014076
13.61,1.0169819977416743,0.9077415181017572,1.542573116560927,-0.0408900650719465,0.0012974633202009,-0.0006511760887851,0.9991625969465862,-0.0394955637873234,0.4936994496485253,0.0283177779075742,1.9133514617041327,0.0337852497476995,-0.043712000533114,1822.6129801653472,1792.9432270211032,1777.7872356181042,1764.7131457968026,0.0453843303998719,-0.2854825744251353,10.56733558085262
13.62,1.0165121954181358,0.9127970922155312,1.5426186407548794,-0.031290169226398,0.0015676281416025,-0.0006173536484385,0.9995089227847171,-0.0397730622975608,0.5028286375713538,0.0375695435416441,1.8783867843200224,0.037864267315409,-0.0332813281344525,1825.406101911226,1783.5252349168943,1771.7888833936918,1764.8490483824123,0.0739982330846162,-0.3212762915691072,10.524151127861854
13.63,1.016020231980395,0.9179819158056732,1.542649560859578,-0.021926784384391,0.0018430634310135,-0.0005690941301915,0.9997577183376084,-0.0399762038083978,0.5102656182574684,0.046430609722436,1.848461093142017,0.0389112203811476,-0.0264729339285164,1830.7367622569695,1779.8287229651637,1760.9798924228146,1760.2443824778654,0.0419778341010596,-0.3278213332190304,10.369678837410092
13.640000000000002,1.0155217612954532,0.9232720556367018,1.5426620668552875,-0.0128010765626053,0.002126770059176,-0.0005340628009849,0.9999156584756927,-0.0400298028173869,0.5158179641646781,0.0537307601207012,1.8104532536259537,0.0382203920571849,-0.0243762095929112,1828.867931158024,1784.0239790157752,1747.9273977026075,1749.4539435704812,0.0647431221055204,-0.3090595159564625,10.388937622290204
13.65,1.0150365754502564,0.9286199255817014,1.5426877717532486,-0.0038993587613806,0.0024224938195552,-0.0005219657350343,0.9999893269814012,-0.0399683140255566,0.5191576310828518,0.0578410483904268,1.7572343694102115,0.0440897932370035,-0.0234519946534776,1816.631126447321,1786.7159548766608,1736.0382768965046,1736.519313793703,0.0367134686055427,-0.3051842265752689,10.304801163786358
13.660000000000002,1.0145824750643642,0.933962926203075,1.542776240980207,0.0047833769181623,0.0027310246853725,-0.0005284642731674,0.9999846906502812,-0.0398011609989631,0.5200495411412792,0.0584410848262215,1.6944597957791787,0.0592731870012108,-0.0207388852857741,1804.090700862745,1778.084727318204,1726.2793186129045,1728.6563291145346,0.0316745908088079,-0.3361726761644723,10.205664312929244
13.67,1.0141692897651122,0.939238223990842,1.5429694831576577,0.013228318435639,0.0030389941318062,-0.0005429390928177,0.9999077364053014,-0.0394685622602376,0.5185807255416469,0.0575298547297638,1.6312308177660504,0.0723957597450409,-0.0169138874793213,1803.5119385388716,1760.283225790291,1718.2998054086106,1729.4206517227267,0.0216573648323956,-0.3224819927857688,10.14509834939896
13.68,1.0137953347538495,0.9443986414916378,1.5432783857487256,0.0213838973187151,0.0033159469795792,-0.0005557462247472,0.9997656848368146,-0.0388916808277867,0.5151535571230315,0.0578476140554883,1.568773403072316,0.0677638642016494,-0.0145459101087202,1814.0026146654448,1745.5419944699122,1713.9246679609796,1733.1563108825062,0.0348693613884853,-0.3129894870913295,10.06325919196692
13.69,1.0134478901301276,0.9494241478514678,1.543672902068589,0.0291812906621433,0.0035295287234798,-0.0005620081437615,0.999567746002805,-0.0380448208004648,0.5102419936802506,0.0604581443588585,1.5009124255422617,0.0442889243603173,-0.0151493056188707,1822.714491004289,1743.398718893509,1715.71312992473,1730.2899701761762,0.0641734638276291,-0.3192820465027517,10.147937879067914
13.7,1.0131077268875417,0.9543243040066374,1.5440932436276489,0.0365575030543888,0.0036707018752981,-0.0005616836666723,0.9993246516671296,-0.0370150409512051,0.504120995293151,0.0644168250443414,1.422594656671496,0.0195265389610496,-0.0182020072860327,1820.7862554629924,1752.5389077910258,1721.1687591920809,1720.12695652122,0.0854233548501333,-0.3646740365652274,10.05310740983112
13.71,1.0127560364490085,0.9591300641296772,1.5444765278718489,0.0434779000900518,0.0037691358860557,-0.0005575788156135,0.9990471234753124,-0.035999669851087,0.4967610235532727,0.068372480012286,1.334319605489081,0.0119634447400956,-0.0218197764476319,1811.9368635271148,1764.1290059204166,1722.667993656104,1712.627760221813,0.0322117319000936,-0.3278156260017066,10.078045831200468
13.72,1.0123812709320523,0.9638779786302364,1.5447828411552962,0.0499452174327738,0.0038825503552014,-0.000552956424072,0.9987442592062922,-0.035185759005725,0.4879568735826862,0.0716328385249515,1.240527653295031,0.0218542506217783,-0.0239382988867168,1803.83723678354,1770.1339083505372,1715.998522529384,1714.4145555571074,0.0242333241052908,-0.2422800233886601,10.083116981983776
13.730000000000002,1.0119834513182044,0.96859346435654,1.5450069811266751,0.0559903715908715,0.0040639978606908,-0.0005499436723598,0.9984228862423286,-0.0345937211729348,0.4776115550664143,0.0739369614606985,1.1487724394344474,0.0325462456930407,-0.023497402363217,1797.7792618443464,1768.479029107008,1706.4666969347977,1719.4903095209008,0.0488438182101521,-0.3153731291870629,10.09733957965708
13.74,1.0115742064109694,0.9732798315830332,1.54517354020456,0.0616505912863406,0.0043281209194487,-0.0005490899738714,0.9980882578527572,-0.034063675201672,0.4659329993653516,0.0753350002637948,1.0689522147128483,0.0299304850461179,-0.0209562938828027,1791.480702726622,1763.2258658705116,1703.3890723531636,1718.0232243272014,0.0366454098347513,-0.3351994822419792,10.101545487554995
13.750000000000002,1.0111723313589198,0.9779162869935788,1.5453219060260293,0.0669477607237669,0.004639418921908,-0.0005497868172439,0.9977455441446962,-0.0334081805472057,0.4533257740872109,0.0765543513458848,1.0051873228255923,0.0178325471069595,-0.0177229374549084,1786.684725569995,1760.644401366074,1708.8694908160978,1709.012965484158,0.0325516208528742,-0.3227637966172181,10.003452175108006
13.76,1.0107966690821553,0.9824640440580348,1.545489872520359,0.0718799667788868,0.0049309142900901,-0.0005510109195275,0.9974009488902126,-0.0325506667704027,0.4400738866030807,0.0784826253603445,0.9458642950114192,0.0126516724967339,-0.0152390413897348,1786.848286586624,1762.2346920195112,1714.5342345019783,1699.9399543125585,0.038243139228128,-0.2317643195661691,9.932596708745304
13.77,1.0104592956259728,0.986877471605211,1.5457036454690491,0.0764297283750611,0.0051404304636697,-0.0005519372205411,0.9970615667853552,-0.0315136510818827,0.4261485028160738,0.0806758493577892,0.8700649534123666,0.0233630837217433,-0.0145240448285998,1789.2657407807171,1760.8721307400394,1711.1383613875842,1697.1506638318597,0.0371145442684485,-0.2724644942456786,9.928169303858551
13.78,1.0101615026060058,0.9911166349111472,1.5459789710844496,0.0805795402298203,0.0052407190858692,-0.0005522128247465,0.9967342512529656,-0.0303338351263193,0.411308421209845,0.0811546893279114,0.7709566941262755,0.0391673624370039,-0.0159173325504806,1786.5352573339123,1748.1152503478324,1700.2018338760004,1699.9155557428114,0.0057752010619904,-0.3174697040154666,9.947862263329998
13.79,1.0098936716620397,0.9951572536726738,1.546330120620193,0.0843207505672882,0.0052471841980783,-0.0005519154065304,0.9964246953338444,-0.0290482146512899,0.3953546097073403,0.0785586706303001,0.6673230512478425,0.0396072671928273,-0.0187348107018128,1777.0557701647508,1727.2319444869672,1692.6960515201156,1702.2537270023354,0.003695373618288,-0.3160831292613111,9.831325953080295
13.800000000000002,1.0096389172274376,0.9989943073049146,1.5467751251712458,0.087649072891167,0.0052038389762954,-0.0005513447880807,0.9961376692506676,-0.0277471414155448,0.3783355281196284,0.074112109873625,0.5824282412228279,0.0172100969703223,-0.0214093354889917,1768.7796220694167,1713.8604948500067,1695.332650697752,1698.8101765337535,0.0850162893805351,-0.2801043186436984,9.679460578839976
13.81,1.0093792858527573,1.0026377723055837,1.5473280683073554,0.0905523832879132,0.0051594569126116,-0.0005508052779003,0.9958781765350578,-0.0265799919332844,0.3606010443919115,0.0706019553702629,0.5135623483127264,-0.0125794869339662,-0.0225640735757187,1769.4200484593462,1719.3993454379577,1702.0893958128345,1690.5337158556006,0.1186934920079994,-0.1988536120752388,9.730980470231128
13.820000000000002,1.0091021336286892,1.006103052646941,1.5479828995788871,0.0930047672373586,0.0051464380927593,-0.0005504740347059,0.9956522105757708,-0.0256758834645564,0.3426509594736086,0.0695123033397591,0.4337882444259249,-0.0260640317136887,-0.0223420660886474,1776.0095565976994,1736.7688048712448,1702.6029853498069,1685.292963008678,0.0886972202343519,-0.1915263028695504,9.726358001561108
13.83,1.0088040470578004,1.0094016541763258,1.5487031807051486,0.0949778715083205,0.0051695347822299,-0.0005503744401693,0.9954658090169948,-0.0250454657026165,0.3248097334318528,0.0698147248519636,0.3274693171029149,-0.0149698629670046,-0.0224893731760399,1777.968153007132,1747.1954615370796,1695.949489303794,1690.19168165632,0.0352069341405641,-0.2171146761314673,9.772048669818258
13.840000000000002,1.008491061451003,1.012536916522058,1.5494270704476751,0.0964654307348201,0.0052063091066078,-0.0005504224706119,0.995322566836368,-0.0245408421663236,0.3069818524291866,0.0694475873431476,0.214571582645487,0.0056781318616973,-0.0245088949970701,1769.6249563928889,1740.4757907612352,1690.5891616906804,1702.2337609939464,0.0226049521984817,-0.2140091363928353,9.72326603985392
13.85,1.008175859465506,1.015505791639355,1.5500837779650445,0.0975014220546641,0.0052182129077824,-0.0005504993152883,0.9952215531739006,-0.0239343071954218,0.2887916801925214,0.0672125440244777,0.1302880986265325,0.0124686752519896,-0.0276549495331899,1756.5543647527993,1725.416792395996,1691.329163938998,1709.7957857458623,0.0261803178798386,-0.2184864312039527,9.654846959244642
13.86,1.0078736657570662,1.0183038755833933,1.550611255266758,0.0981537592118883,0.0051692773891126,-0.0005505143397238,0.9951576835144322,-0.0230987448324337,0.2700196952112739,0.0631402793231312,0.0833683680007424,-0.0043031634731,-0.0294729302042586,1748.8689344396223,1719.1785265703752,1693.152926162346,1705.190678752914,0.0187850223357214,-0.1609030057990816,9.7113774029105
13.87,1.0075984700117535,1.0209296734075917,1.5509686282966064,0.0984944337311607,0.0050466266969744,-0.0005504411989921,0.9951246530447558,-0.0221168733045297,0.2508496699584899,0.0578666608542191,0.0448459395731988,-0.0320419283145225,-0.0285696968421373,1749.9134450367724,1727.6325560076607,1690.5977602347718,1693.3299084157975,0.0592056477621065,-0.1479430012141329,9.66521235854468
13.88,1.0073602879491623,1.023385550013552,1.55114285721633,0.0985652867375514,0.0048733830755183,-0.000550323780282,0.9951185012507208,-0.0211683262644993,0.2316589475881405,0.0522292944969299,-0.0187982465172199,-0.0476320614433317,-0.0260796680141809,1753.2456281331747,1739.034424845495,1687.238326443759,1685.9556095770863,0.047779721754416,-0.2121696569262017,9.700558997860323
13.890000000000002,1.0071630168609509,1.025675376645934,1.551151080872495,0.0983610876637479,0.0047034261146521,-0.0005502545001369,0.9951395236027828,-0.0203151360619367,0.2126716819333351,0.0470111244483093,-0.1093107985195996,-0.0379973172066559,-0.0240848444327368,1751.602021096681,1738.691826605494,1690.7372206653538,1689.0094053214034,0.0310130623913544,-0.2104312106799701,9.673543133290558
13.9,1.0070024133487068,1.027800816282412,1.551039179073133,0.0978394932747182,0.0045943893413313,-0.000550329628198,0.995191450063568,-0.0194403374189249,0.1939108871444969,0.0424387960775643,-0.1999429948102284,-0.0109720031064831,-0.0235361580240521,1747.4363697534743,1726.9305206762208,1701.8834195580548,1698.231601824007,0.025778049368006,-0.1786919060033391,9.653554143992755
13.910000000000002,1.0068651948980518,1.029758806266455,1.5508759931746832,0.0969506706499186,0.0045712375074132,-0.0005505913376447,0.99527853794672,-0.0183925180901399,0.1753920958675214,0.0381219255040458,-0.2691704557184149,0.0120330571982108,-0.0241993119019801,1750.5698716265204,1718.036755447967,1713.7213705120366,1706.598270529977,-0.002087247919915,-0.0847820664266514,9.843948787997048
13.92,1.0067312633153014,1.031542122362244,1.5507416960423508,0.0956684053602,0.0046061666482826,-0.0005509767385953,0.9954024491979504,-0.0171615290028298,0.1571867947849607,0.0339907325443103,-0.3207912543185627,0.0139567530299469,-0.0254489314651313,1763.877263715327,1722.2866042059554,1720.3035140480422,1712.590447492562,0.0218259693364391,-0.0969156129399828,9.844119017318464
13.93,1.0065796399960558,1.0331430654547775,1.5507093097966198,0.0940062308055571,0.0046333105669625,-0.0005513050609621,0.9955606747283924,-0.0159208303770851,0.1392897022709079,0.0310648198479,-0.3706089013018955,-0.004630810243804,-0.0261438229508605,1776.454360012316,1734.49760436734,1722.46201502472,1719.357128572458,-0.004145675300524,-0.1745281969750389,9.825826463862311
13.94,1.0063958406865643,1.0345580489225088,1.550822995392041,0.092013892416443,0.0045885937719873,-0.0005513337710535,0.9957469982082016,-0.0149225434744244,0.1215747674894411,0.0306766542049177,-0.4237025451438466,-0.0269205057156479,-0.0248262848496654,1776.144339347292,1742.2087266070048,1725.1542708713407,1728.329027867318,0.0245451724110191,-0.1884917787127575,9.982138644597612
13.95,1.0061768890531766,1.0357900032909322,1.551082974411203,0.0897608988661638,0.0044432675134577,-0.0005508912961986,0.995953279490219,-0.0143305390766937,0.103955027731433,0.0329533063024324,-0.4715757290807714,-0.0340402448009745,-0.0215612560509901,1765.317998826848,1740.522624089124,1731.423523946949,1736.9199740166955,0.0698132897303963,-0.0880099196340884,10.059532687690966
13.96,1.005931498067633,1.0368472680881042,1.5514467970264465,0.0873172212410231,0.0042089708926824,-0.0005500467221106,0.9961715137903584,-0.0140848220557635,0.0865197369642336,0.0364699115002773,-0.5070238026770798,-0.0205902859582893,-0.0189089005701415,1757.342031677881,1734.656902397999,1739.107236557002,1741.9646617148162,0.0378404193606823,-0.0888499197878642,10.065103000492162
13.97,1.005675902787049,1.037740619731529,1.5518476150771274,0.0847373751489394,0.0039221746212394,-0.0005492222608755,0.9963954496855236,-0.0138883293612748,0.0694701990247159,0.0393055709521518,-0.533483151599203,0.0004594041295377,-0.0193376468100697,1758.8164314128608,1730.4182777440958,1742.5163366951788,1742.7981466062051,0.0421657560713266,-0.0908335800466604,10.018580001469813
13.980000000000002,1.0054277628468609,1.038481335931103,1.5522201584079889,0.0820499778876716,0.0036328857107689,-0.0005491281451068,0.9966214435422937,-0.0133838843044996,0.0529795545963635,0.0401628864122025,-0.5586845969309715,0.0075006567145461,-0.0218988865448122,1762.6902142106094,1727.8301177145595,1737.4498975623237,1740.7194425746925,0.0386091620560869,-0.0916375682848575,9.95191547114344
13.99,1.0052003988280511,1.0390814334013316,1.5525223195797075,0.079254827101118,0.0034094053575018,-0.0005504426409627,0.9968484064034908,-0.012439947319375,0.0371738592449821,0.0388216626391308,-0.5852637211698157,-0.0111979085281218,-0.0231060863720111,1759.570687596389,1724.815247616359,1725.719398672386,1736.8909167381453,0.0221946687396207,-0.0603286137349801,10.047556216869072
14.000000000000002,1.0049988779191843,1.0395543029333103,1.55274400167343,0.0763302572178143,0.0033433286000463,-0.0005532908277125,0.9970768314709728,-0.0112958808286351,0.0222014836757306,0.0361320916579721,-0.611442661147208,-0.0424538238117865,-0.0211417599222662,1749.004804285325,1722.2006587461376,1715.6406375968677,1730.6635844952864,0.0511349129981916,-0.0243771160249353,9.909389218967382
14.01,1.0048193913249046,1.039913092711768,1.5529011377232975,0.0732496178705555,0.0035246595556889,-0.0005567614482516,0.9973072546981316,-0.0103878183861723,0.0081968186868878,0.0335176661777254,-0.6371306745260145,-0.0512974096885063,-0.0176888863140629,1738.0266680653126,1721.2396055055697,1715.9596662803144,1720.5722731282008,0.0206654460166929,-0.055000363714089,9.81525648138816
14.02,1.004652854004051,1.040166582042258,1.5530199871810393,0.0699992533085945,0.003970220115472,-0.0005588437502963,0.9975389864973384,-0.0099703709485956,-0.0048892571423144,0.0319544216336948,-0.6639109079546499,-0.0118590243256774,-0.0151688132047331,1735.5566174947298,1717.5679176079807,1724.906238162187,1710.9951732134923,0.024823990611155,-0.0972404254801377,9.786647362873692
14.03,1.0044914006666077,1.0403155616063642,1.5531222384737218,0.0665889822502731,0.0045231302962166,-0.0005571299440752,0.9977700829055868,-0.009872894683945,-0.01734554504938,0.0313368869663561,-0.6895152894271408,0.0453897557132378,-0.0132141579499899,1751.0517062136844,1701.98309468865,1725.8824248178234,1717.9820262826622,0.0144903333971431,-0.0515134702994835,9.875190665942393
14.04,1.0043337282833331,1.0403531444736458,1.553219729526562,0.0630519581943585,0.0047761795335099,-0.0005503126721464,0.997998665246043,-0.0096481869096702,-0.0294595876150712,0.0311246992641559,-0.7068338809706378,0.0124474306074635,-0.0085333662697787,1790.04196818803,1670.303443045188,1701.6883030461297,1758.5870979792053,0.0678474041762756,-0.0220247910060777,9.842258942662896
14.050000000000002,1.0041848363293508,1.0402692623617082,1.5533185948014174,0.0594371063748411,0.0040818005836911,-0.0005399431043259,0.998223561007866,-0.0090228904073901,-0.0412119497669938,0.0314809859149138,-0.7102933549014083,-0.2457360176771824,0.0022402467452146,1842.6081295821527,1631.9745974366065,1656.9335076005927,1826.5398106526516,0.0631531778472992,-0.0074178132926374,9.806285782510814
14.06,1.0040488203214333,1.0400562915900793,1.5534252006962688,0.0557979431131685,0.0016797771638068,-0.0005313396782689,0.9984405268072636,-0.0082545985752347,-0.0523091557668649,0.0332956430732408,-0.7015268121656596,-0.7827830244182269,0.0201554424426609,1880.9827213221056,1606.0419098328905,1619.8911497779322,1885.8145043009783,0.2686013128901882,-0.0136804321549024,10.056216536878557
14.070000000000002,1.0039180575063045,1.039712702572224,1.5535481643964322,0.0521794915018544,-0.0030901797830514,-0.0005323576727136,0.9986327994066811,-0.0080685590988795,-0.0625267335242642,0.037074403659356,-0.6874784658689567,-1.4969379899542368,0.0439278233639259,1878.8823734331063,1607.1782707212594,1616.6992956365548,1899.3333365974704,0.4162055823823992,-0.0358961834963262,10.27658543745461
14.08,1.0037647850571163,1.0392441181419283,1.5536981488997794,0.0486064102635021,-0.0105821996175812,-0.000549342866603,0.9987617995072522,-0.0092597240112007,-0.0719037629500564,0.0422785130332398,-0.6741420772067805,-2.17667885260892,0.0712400739921042,1835.23832701364,1636.151632489388,1647.6369716866316,1863.21772891346,0.2602278443579709,-0.0103968141580261,10.248813317227324
14.090000000000002,1.003539759184299,1.0386629227596282,1.5538895362964378,0.0450787701586769,-0.0207441328167635,-0.0005810827074618,0.9987678648102114,-0.0123776482622393,-0.0805906247522187,0.0478497362230767,-0.6637802455428063,-2.638426890195373,0.0998216215504555,1776.5717263771458,1680.8313468309816,1690.0233755492402,1809.0993346675712,0.1140471781153976,-0.0398598316466521,10.116875928422026
14.1,1.0031789501545127,1.0379873082354134,1.554143343353834,0.0415800041628767,-0.0331693912819869,-0.0006134209034491,0.998584257061262,-0.0177703399718081,-0.0886702494482891,0.0528982607146492,-0.6571757268373186,-2.8394648062068626,0.1279967440758677,1737.327236074645,1721.2677522077738,1717.218327441051,1776.2436925405937,0.1768408415763496,-0.0412209248101794,9.898601671357849
14.11,1.0026160780874105,1.03723983155681,1.5544870787346172,0.0380936267607223,-0.0472642162437568,-0.0006182561178886,0.9981555926920668,-0.0258128807187436,-0.0961967106424844,0.056735382069795,-0.6552498226245848,-2.8817443982690767,0.1546624303534093,1735.6896502668733,1738.6262774564675,1715.8249521288872,1781.38056420557,0.1063414595200081,-0.0335309979341897,9.957511430184988
14.12,1.0017974125896982,1.0364452319942536,1.5549493784038946,0.0346186194640941,-0.0624378310577173,-0.0005595359126033,0.9974481216377976,-0.0369771260529201,-0.1032402238270843,0.0589114136641526,-0.6569951606545721,-2.9179606094889743,0.1788098909898139,1761.205926380726,1731.007126713121,1696.1755827827756,1809.001630331352,-0.0666277151986243,-0.0374228308701158,10.075061270056729
14.13,1.0006947285620953,1.0356270841628086,1.5555503460517135,0.0311736714344213,-0.0782269860100706,-0.0004050439125956,0.9964479799811468,-0.0516977058035805,-0.1097497171804614,0.0598303569950168,-0.6575819399016738,-3.0360120566764297,0.1994820010071126,1785.4793230242806,1719.8560375456054,1687.2198035511733,1829.73995201636,0.0979681433325079,-0.0106943128183937,10.15234694593646
14.140000000000002,0.9993119014811394,1.0348031154194677,1.5562893156844804,0.0277872189528716,-0.0943211698993061,-0.0001379605878493,0.9951539420303612,-0.0702493673193762,-0.1154629347845203,0.061016674963206,-0.6504002355618079,-3.208022456707892,0.2162274247272874,1790.141524378566,1730.048816296052,1710.740831928871,1830.517311758267,0.2658031072384639,-0.0232314655215072,10.1573543092329
14.15,0.99768104598617,1.0339803041820663,1.557134229733257,0.0244793837435246,-0.1105172926458108,0.0002392823963175,0.993572659920608,-0.0927192873521919,-0.1200966373739066,0.0640899482682515,-0.631770259805053,-3.339923453930398,0.2287666147204041,1783.251823082433,1763.7107163332776,1759.3548955874523,1824.122434970084,0.1005553221995874,0.0214503160755694,10.266431452418978
14.160000000000002,0.9958465388413108,1.033152140865914,1.558021365641575,0.0212485713600992,-0.126660406414357,0.0007110236239322,0.9917182735573196,-0.1190041304134662,-0.1236122832891802,0.0693551907656403,-0.6045557863909561,-3.3676542182879268,0.2363727738338578,1785.715067409625,1801.48155379418,1805.981807128915,1829.75905513008,0.0105980973311781,0.0509495839549695,10.667062336760193
14.17,0.9938399021222196,1.0322998773468472,1.558872870853205,0.0180743402677333,-0.1426113362858931,0.0012581868283405,0.9896129253160264,-0.1488891979679787,-0.1262415097793486,0.075702104650753,-0.5770077707652705,-3.305904465993666,0.2391176846811076,1806.736939582252,1826.8928630733883,1832.4271700170425,1851.6934914888675,0.0395912167794727,0.0181841912315502,10.916219094853458
14.18,0.9916538116627254,1.0313975921639018,1.5596289695998895,0.0149368326974379,-0.1582471622498656,0.0018637558011078,0.987284788236478,-0.1822874851175907,-0.128318171882316,0.081931803310803,-0.5561132561403381,-3.2156316614384286,0.2397743343702922,1837.068361006586,1841.0816753527697,1843.331707620444,1878.7843241331625,0.0431807268068609,0.0369719454841233,11.083373390632456
14.19,0.989226601074112,1.030419668704447,1.560280162117344,0.0118387340123125,-0.1734749923644485,0.002512032530989,0.9847639113481482,-0.2194116543505375,-0.1301324498415038,0.0880018037059024,-0.5414091943664386,-3.1409042774166576,0.242444922492622,1862.7843532599168,1855.021577487126,1855.7125998499191,1899.292823035284,0.0208498760540405,0.0444636226021287,11.374088623051682
14.2,0.9864468775391227,1.0293493386539825,1.560882257266757,0.0088124163461932,-0.1882366682248435,0.0031860167188069,0.9820789924192548,-0.2606220712856485,-0.1318162953549656,0.0950035722791218,-0.5268248500959961,-3.0809067088702955,0.2483781898444593,1880.8443926044583,1875.1635542026888,1880.547216761026,1913.421719314369,0.0556544926263393,0.0811313136519688,11.75585750183693
14.21,0.9831806348003972,1.028186515977168,1.561544723036359,0.0059071264128985,-0.2024977715595335,0.0038671913339914,0.9792572712020836,-0.3062101031056929,-0.1332505971931558,0.1041269658387983,-0.5085043839258374,-3.012023658071061,0.2543148864034297,1899.8510871758035,1898.8730329561872,1914.2834204530957,1930.952249350487,0.0141727374759428,0.1100570424371522,12.07261305836572
14.22,0.9793131542678356,1.0269519435070875,1.5623951506554656,0.0031660459775016,-0.2162319274065519,0.0045385551781886,0.976326344640874,-0.3565340310613921,-0.1341767721860407,0.1156948079690678,-0.4883703177191896,-2.922931274724059,0.2558551905642423,1927.1474014702933,1920.0507890992528,1945.3270919687104,1956.4946701898537,-0.014833584773588,0.105428608653019,12.279491411672566
14.230000000000002,0.9747895554486778,1.0256849536775952,1.5635340799397668,0.0006071794127934,-0.2294149228574608,0.0051894763733988,0.9733146941449288,-0.4121880390755794,-0.1344969869359616,0.1290196766394147,-0.4694353745135077,-2.8236724429524034,0.2522819334753552,1958.9586133539049,1935.557119516656,1965.9059368212424,1982.282305463616,0.0704663088485508,0.0660529149409187,12.568306444698312
14.24,0.9696347868849344,1.0244347435816434,1.565000174638539,-0.0017834035961574,-0.2420321684138029,0.005820311321614,0.9702491292965147,-0.4734454255609746,-0.1343428172410708,0.1429037405575958,-0.4506662297831481,-2.7293874184670446,0.2478594946004141,1984.5687830259617,1946.1021309639996,1976.4396186302731,1998.882095827236,0.1317457465448699,0.00354498009257,12.673421218735037
14.250000000000002,0.9639384723666268,1.0232477363467685,1.566761511438905,-0.0040442825875342,-0.2540903470192974,0.0064444760670767,0.9671505612148432,-0.5392303984733319,-0.1337265144637572,0.1560399576297912,-0.4294139411629026,-2.6447094030779303,0.2480133836349366,1997.1790608090007,1953.5541628112296,1981.5789582894556,2005.614157319817,0.0786789710055195,0.0994459115889375,12.845944588323963
14.26,0.957803648332983,1.0221546303173927,1.56873540957531,-0.0062216008742152,-0.2656201587290254,0.0070856397348089,0.9640316471303616,-0.6071255894472941,-0.1322932054121058,0.1670485051980501,-0.4076376485575569,-2.561756303171204,0.2535163206888809,1999.660250530872,1958.4146528065307,1985.578762932416,2006.0196933159632,0.163984854487456,0.0188768249944835,12.998233495713055
14.27,0.951278027051175,1.021161010674651,1.5708246906289312,-0.0083510298976538,-0.2766638475697932,0.0077688403642073,0.9608990690321864,-0.6751296290614935,-0.1296922433678559,0.1747737001803292,-0.3908442323139627,-2.467559246693175,0.25842076022659,2001.12607516157,1958.364530386348,1990.6708127544923,2001.4617238396183,0.2305519905308264,-0.0267175530750413,13.009912927768578
14.28,0.9443012119516172,1.020245466412957,1.5729510667598658,-0.0104469302732173,-0.2872545276113008,0.0085072655875056,0.9577595337280118,-0.7434293308181551,-0.1261585719138333,0.1791476109324346,-0.3781481025307024,-2.354423053080062,0.2546448501195698,2006.8029966036315,1950.19917693568,1997.4365514741685,1993.2887809481208,0.1512181322139172,-0.0188126153715087,12.82783897693188
14.29,0.9366984384902848,1.0193673425157148,1.5750692366522072,-0.0125006080208577,-0.2974025596693993,0.0092903816299207,0.9546251311956796,-0.8138452232382924,-0.1224166644654816,0.1814272717345916,-0.3578062580421738,-2.224069240963006,0.2393318126206325,2011.864752816573,1935.5009686697736,2004.6250615902009,1983.2948275483611,0.1507610456227031,0.05828244550336,12.783114281729976
14.300000000000002,0.9282294175984446,1.0184819042662543,1.5771561755528178,-0.014484592374842,-0.3070957138477901,0.0100811458234384,0.9515149970541386,-0.8874515390865098,-0.1189020118633865,0.1826729746144815,-0.3200661464658206,-2.0797099345076835,0.2174341356187553,2008.9997096625043,1921.338576360453,2007.437282980603,1968.8865112889496,0.2488603396727748,0.0670883873595377,12.62431387425548
14.31,0.9186737058205068,1.0175567276425863,1.5791846051127807,-0.0163598311604329,-0.3163013586362136,0.0108264959341871,0.9484558995731296,-0.9635181061853202,-0.1153314241756556,0.1820639504932402,-0.2742174219509345,-1.9172982176029016,0.1962186593696269,1999.084972762923,1911.455665159267,2000.13086955721,1944.767714116353,0.2457280694645147,0.0589534531816428,12.53285101412824
14.320000000000002,0.9079177307490386,1.0165828222659468,1.5810996725831907,-0.0180838620688175,-0.3249528509705169,0.0114763433427082,0.94548765836593,-1.041295719090516,-0.1112385688593601,0.1778646824162745,-0.2432193190244135,-1.7294585994924745,0.1772154990507691,1987.4528441287555,1900.4996297511811,1985.4238891359787,1912.7239757413545,0.1688542030968944,0.1145623850857743,12.516978376354256
14.33,0.8960076057816053,1.0155770124976586,1.5828157259903517,-0.0196179743564911,-0.3329186467229192,0.0119996215416997,0.942675086564392,-1.122022384022776,-0.1067491405177376,0.1700387768309621,-0.2354705040610563,-1.514895292215524,0.1549732506688839,1973.3424671378807,1881.398194880866,1975.5305922261025,1884.3365374982295,0.2202040657349284,-0.0174545762836699,12.046666760697772
14.340000000000002,0.8831422664072525,1.0145757375475477,1.5842382028374389,-0.020932631492732,-0.3399764188646378,0.0123892991324607,0.9401193354153357,-1.2074668098946568,-0.1025135740729772,0.1600370719122705,-0.2294558000344534,-1.2785951016383794,0.1245328802445541,1951.698854689324,1855.437843860267,1975.1018945968765,1867.975848086856,0.2888330299544739,-0.1044397724141558,11.806182358020962
14.35,0.8696013820453105,1.013622938357465,1.5853036558021605,-0.0220129889947112,-0.3458229339259733,0.0126572879822981,0.93795613956479,-1.2955476521552622,-0.0988544802051767,0.1474002833361246,-0.1965948573152357,-1.0217392559802705,0.0884003353285923,1922.4239077079387,1832.2423955938284,1970.8559733856448,1854.3913574024127,0.2890597691337566,-0.014863285724257,11.691520947622934
14.36,0.8556315452148348,1.012756034038831,1.586021140836903,-0.022865202754168,-0.3501336589982601,0.0128240855997289,0.9363328180556484,-1.3785635805355627,-0.0952518777587059,0.1289918089768877,-0.1363255284292175,-0.7292104241194067,0.0541343741149181,1890.536540427048,1821.765003566179,1951.2027433011,1823.53751613627,0.2121446572497696,0.0159033172768527,11.406002179773594
14.37,0.841342866367393,1.0119944881988585,1.586489553174474,-0.023518591987274,-0.352653250897831,0.0129064363929466,0.935369437367804,-1.448443621389112,-0.0908596485862342,0.1035235141677921,-0.0781438508743418,-0.3687555599149167,0.0260327592492089,1861.48544014315,1824.9921301350485,1927.343812309765,1770.918620784589,0.226326733266422,-0.0202823427650536,11.029205929371384
14.38,0.8266752439426109,1.011334888853772,1.5868690941719017,-0.0240169491749456,-0.3532714552809621,0.0129068768250293,0.9351234557889258,-1.5054421081053233,-0.0854464257721578,0.0752720315992152,-0.0491955322884524,0.0794008093620293,0.0016666023010195,1843.227873219404,1828.766066128281,1916.881888380115,1721.7031632025928,0.2197104289090914,-0.0623088331521301,10.522547168477782
14.390000000000002,0.8114630001948927,1.010754320494123,1.5873115797123805,-0.02440010758042,-0.3520392138759326,0.0128116193219938,0.9355794402689852,-1.5605893706269658,-0.079673508092136,0.0509400532209225,-0.0492447871332673,0.5743968648570833,-0.0233576550887934,1846.1624516220509,1813.37961029468,1913.761857280969,1709.5239758606222,0.2225295425635414,-0.0168418686027432,10.442789480318392
14.4,0.7955677825275288,1.0102204679197633,1.587887495047469,-0.0246862904613856,-0.3491105074208779,0.012600631964133,0.9366715885227318,-1.6269241393434668,-0.0744477529507421,0.0330895392831717,-0.0574248006408041,1.0105033033273283,-0.0495912124317819,1869.247205389318,1772.3387397082658,1896.677346059421,1738.8991576657213,0.2417431414745676,0.0812178941749575,10.586705889147758
14.410000000000002,0.7789997282209911,1.0097039910295464,1.5885549550908316,-0.0248656935915822,-0.344639623153089,0.0122646759954659,0.9383255326153246,-1.7067317193745604,-0.070096139064336,0.0181641087836978,-0.0519571466814959,1.2979332631833893,-0.0737515209693007,1888.3901954595767,1723.666421768624,1865.106775862492,1773.722875214143,0.3980721963234268,0.0286085185049569,10.373726520170235
14.42,0.7619460322093873,1.009187899166806,1.589187490827768,-0.0249082391563625,-0.3386946934250097,0.0118164826278186,0.940492347127915,-1.7880507558198655,-0.0661860639021318,0.0008038882863257,-0.0198288083627155,1.4626619953196265,-0.0928365033406355,1872.699256094258,1695.2496087103132,1843.459744286896,1769.3104758026593,0.5524000946510599,0.0259265764978869,10.132137800294696
14.43,0.7446831323921383,1.0086703017067051,1.5896393314612876,-0.0247826256563463,-0.331244099968103,0.0112861082450234,0.9431520510832708,-1.855249042051267,-0.0620665669906163,-0.0211903864979846,0.0396521353795223,1.6437502248730045,-0.1066321692115308,1819.59038803168,1696.8984091553366,1843.6280558025333,1717.4400100527898,0.5777335627742222,0.0029310492505754,9.872880070956729
14.44,0.7274263235044315,1.0081602160333758,1.589809587541545,-0.0244803984890187,-0.3222279929476129,0.0107034919051375,0.9462849813411436,-1.9032851526879853,-0.0575115302504812,-0.046127224429626,0.1086539194038605,1.965217963866429,-0.1168709037234367,1765.7257449107135,1709.634602066726,1842.8135175606783,1656.06431004122,0.4201393481974333,0.0115959089482617,9.567557690397894
14.45,0.7102097108009591,1.0076695810740188,1.5896767842171953,-0.0240333584660113,-0.3116685772155957,0.0100829718112954,0.9498333692478396,-1.9408355924243683,-0.0528363446620507,-0.0711137635074429,0.1541853363897927,2.408580861103585,-0.1251299292683274,1752.013441230425,1704.4650861729556,1811.53601619831,1632.0389251098986,0.3855730868666409,-0.0012346522354166,9.424294143670284
14.46,0.6928614331053351,1.0072062229184895,1.589296377158702,-0.0235092516974172,-0.2997427419137897,0.009422954572508,0.9536838111668642,-1.980261178250834,-0.0484635128447741,-0.0944954321789349,0.1532800792514751,2.824547982605421,-0.13145413435024,1779.4381996338525,1670.67683926912,1753.887313198522,1656.6965044729725,0.4961867178869639,-0.0031995847247588,9.236397953734462
14.47,0.6750736753731436,1.0067709981760842,1.5887699694612207,-0.0229801266068368,-0.2867611631610494,0.0087195512096825,0.9576867538555378,-2.026796867288512,-0.0444825413551875,-0.1161107850621696,0.1195018407459475,3.0743914667734,-0.1349366625959132,1809.335672548861,1625.0140077393512,1706.0308147568494,1699.8587646329538,0.5973089777352243,-0.0258377583001485,9.243188981702303
14.480000000000002,0.656518523470937,1.0063590994523746,1.5882017192537323,-0.0224801142485575,-0.2730558154738314,0.0079802575722985,0.961702387221937,-2.077549653159964,-0.0406612108174624,-0.1361217687517132,0.0951955178103302,3.154971284156212,-0.1358577435198866,1807.3235473936847,1595.321154420823,1695.7455149119085,1723.265488124098,0.7062572460221657,-0.0549163427136253,9.224370243753452
14.49,0.636953795861465,1.0059634924485137,1.5876578034136102,-0.0219849184504676,-0.2588382402008912,0.0072260801053905,0.9656434189372092,-2.1277882782237856,-0.0367803427229907,-0.154064914747375,0.1105919304302779,3.188275806461144,-0.1361151212477253,1776.7051097784422,1596.427673535482,1713.606219073547,1714.7076422834791,0.7623199424427134,-0.0244893885061318,9.085644510506931
14.500000000000002,0.6162834857975149,1.0055787132752914,1.5871417384596531,-0.021432707349264,-0.2441141950624551,0.0064836802558671,0.9694879373746896,-2.1756844958948385,-0.0328482595861449,-0.1689261475029682,0.1549282246054592,3.30222799098262,-0.1363521451635621,1746.435802570949,1618.8271413447733,1726.8936717394572,1691.8563151837252,0.6975374917126298,-0.0486636483359588,9.207381414554623
14.51,0.594563413989192,1.005204177762868,1.5865927841744187,-0.0207717897508901,-0.2287060985019839,0.0057769392169126,0.9732567391145204,-2.221905542329368,-0.0290130214327991,-0.1798467071428807,0.1926170318934726,3.527203494887516,-0.1340385904711922,1737.4421296446124,1638.2139987969706,1714.5157967821915,1680.875682266673,0.7369939291291452,-0.0506235436239132,9.326903877566112
14.52,0.5719632506555172,1.0048461953378984,1.585906320593584,-0.0199974380275265,-0.2123665970461805,0.0051233088774774,0.9769719968543142,-2.267028689049706,-0.0253727066840538,-0.1868705728201088,0.2023595329787864,3.794463027617655,-0.1263278593712814,1747.9604737339769,1637.9151850706908,1683.2492611784917,1694.06711888935,0.7829786092731279,-0.0678830261987677,9.392627031255676
14.53,0.5487069894984984,1.0045174698727302,1.5849659483691292,-0.0191516780614391,-0.1949152244571343,0.0045329375123887,0.980622619043516,-2.310309443737385,-0.0219224980540996,-0.1916598983388962,0.1927532458530676,4.014648591935432,-0.1139685728715373,1764.226041088979,1623.4377019088568,1654.4740371303055,1722.7121918440064,0.8469353017051304,-0.0853437255486758,9.3240537439107
14.54,0.5250138998849189,1.0042332645173535,1.5836726256827292,-0.0182928096773827,-0.176326640209219,0.0040069014554584,0.9841535621067284,-2.35034407094785,-0.0186364798640905,-0.1975390601377588,0.1833197970023658,4.151254454636243,-0.1006763901063816,1775.89458681134,1613.4224282855905,1641.784484089134,1747.8622154046805,0.8606504596693245,-0.0529214552987746,9.431355794473031
14.550000000000002,0.5010547560258407,1.004004836417779,1.5819596014206414,-0.0174628492274831,-0.1567361466704772,0.0035347962071066,0.987479789382812,-2.386258827935181,-0.0155136462417399,-0.207344819196793,0.1819176793895913,4.228910685381383,-0.0894460407272871,1782.8247937721733,1617.8399091013816,1642.0692420646674,1760.7599861835583,0.9346516713335586,-0.0264149861548877,9.646714279892397
14.56,0.4769300115999239,1.003832517667329,1.579789936121084,-0.0166744004806109,-0.1363774832024299,0.0030953195744284,0.9905117694609769,-2.4182096315869552,-0.0125063098627249,-0.2197918804102418,0.1841679758370472,4.288016848508039,-0.0811514657004537,1793.0686797673638,1630.9154667101966,1644.8047981297937,1772.9721205489377,1.004104061708481,-0.0455921782445498,9.757697798284362
14.570000000000002,0.4526703912667072,1.0037020723950505,1.5771417703322033,-0.0159167481287699,-0.1154996643008938,0.0026620210669129,0.9931764185275572,-2.4469161514726068,-0.0094603249126427,-0.2289849641596743,0.1858579380329361,4.344203716057784,-0.0758122409904826,1814.4257447674604,1645.5331269134142,1646.5645325503167,1802.0702422247548,0.9889987018596622,-0.1025120489833236,10.008676838805076
14.58,0.4282553908220325,1.0035875342532454,1.573993791788153,-0.01516765215262,-0.0943080293414323,0.0022124308566931,0.9954250564857292,-2.4727475017297245,-0.0062355046183894,-0.230081252716255,0.1875385825220593,4.390907012256528,-0.0727930816112109,1846.0795147369013,1665.1750776438566,1654.1621016724444,1848.9862078686365,1.0101798166394629,-0.076913653114176,10.348775341271976
14.590000000000002,0.4036412960687565,1.0034609045687677,1.5703259501775229,-0.0144015319381839,-0.0729478527035156,0.0017370155199268,0.9972302589877942,-2.4951920463436057,-0.0029238538728003,-0.2258542951949617,0.1895900343382417,4.4242003527105584,-0.0698180158925381,1880.9032582226428,1695.7665517610772,1674.5914078188066,1897.911213455734,1.1103107154124183,-0.0570396239778182,10.844512866543928
14.6,0.3787893586850659,1.0033050848900706,1.5661419097440596,-0.0135959860542074,-0.05152072069156,0.001244723851746,0.9985785973898944,-2.5131878582041685,0.0001393900717357,-0.2249164103415449,0.1896677394469361,4.446373559300365,-0.0642992505997264,1917.6755904890983,1732.989594521062,1706.216983299048,1939.4571770584064,1.1306384266965273,-0.0170065610031194,11.442937938355692
14.61,0.3536877916280602,1.0031237983458516,1.5615013854559665,-0.0127416182925022,-0.0301115822579115,0.0007621654153425,0.9994650383485622,-2.52594507652062,0.0026742705923279,-0.2313615313785109,0.1855344673047398,4.446652131399076,-0.0565142187303379,1965.6056517620495,1767.422943575427,1742.383853068607,1983.655030569741,1.1726676017930693,-0.066346393003544,11.847883818975452
14.62,0.3283661125756285,1.002942907562299,1.5565381321876688,-0.0118525366125465,-0.0088073463253832,0.0003247571821336,0.99989091532993,-2.533362165806556,0.0047439845059219,-0.2381272835450508,0.1769012976389699,4.400472206578946,-0.0496196243858536,2030.1005719318223,1800.534165711202,1781.8685220339344,2043.726095227694,1.283120005313985,-0.1173379560168875,12.361318197188387
14.63,0.302902874842038,1.0028015353529212,1.551449252398399,-0.0109688041875475,0.0123041843289203,-3.84603212022646e-05,0.9998641362222664,-2.5356206792318225,0.0066868054177449,-0.2336811791777645,0.1654433372996677,4.304735130905346,-0.045438733762365,2097.731137375895,1845.843554235357,1831.132803929671,2114.171913664724,1.3510886183722874,-0.0430215383982762,13.120982562622313
14.640000000000002,0.2774259540100458,1.002736738757007,1.5464670751661778,-0.0101423725880098,0.0331584548351828,-0.0003201543434009,0.9993985924807104,-2.5325374488118624,0.0087924806798065,-0.2140895314437421,0.1559412543816211,4.20386327714971,-0.0416088447644868,2146.7279644230657,1909.3385931514224,1891.0336397379351,2174.8371181613184,1.3710439977447963,-0.0582655644810298,14.102871109683438
14.65,0.2521007888865436,1.002768916171614,1.5418384704663437,-0.0094135357922959,0.0537409364689625,-0.0005400272348241,0.998510393266846,-2.5234472617993697,0.0111108553018992,-0.1847278299549437,0.1540148976578365,4.155155923200821,-0.034197306488574,2173.731325186082,1974.095107049095,1943.2953266431823,2215.0477828692947,1.411490467290705,-0.0300745003229671,14.790038141305716
14.660000000000002,0.2271008497102002,1.0028945381954877,1.5378241680605365,-0.0087867813537359,0.0740987054683703,-0.0007327173841849,0.9972119320618804,-2.5075724008745666,0.0135401685433234,-0.1505353666019969,0.1575619488663194,4.161624950028507,-0.0225550141653535,2197.509098370955,2013.8443600839817,1963.4361038996688,2243.559257349607,1.3899687894604535,-0.0391386393642405,15.45021173923952
14.67,0.202559079376321,1.0030888500423738,1.5347110351498436,-0.0082162473948058,0.0943129630610983,-0.0009228081745035,0.9955082655118722,-2.4843436018834955,0.0159861770932404,-0.1092219084210877,0.1542258852485591,4.163957728077788,-0.0104695358115387,2230.8330959567656,2023.1680556246756,1954.3095999163368,2271.594963754152,1.3332335869297631,-0.0930759925675174,15.754448424441586
14.68,0.1785093137566921,1.003316259604835,1.5328248633695891,-0.0076113049344768,0.1144524074800574,-0.0011054488851572,0.9933989593521708,-2.453611400402121,0.0183871823367733,-0.055918049627602,0.1353703315021605,4.119086926775181,-0.0021581525123423,2261.712836979409,2024.351107928215,1952.46704057682,2295.892846260386,1.422386460742251,-0.0528314666765935,15.940133260061724
14.69,0.1548398479718501,1.003542737041797,1.532534531192645,-0.006868012208508,0.1345436561325155,-0.001250871144355,0.9908830760105752,-2.415939465286363,0.0206487684358711,0.0086544844125605,0.1118821927256955,4.066923548617201,0.0031583958857413,2272.778558073924,2038.76082805322,1985.6889300067485,2307.0645738706,1.5154848814631627,-0.0742863274564659,16.189022664500463
14.7,0.1312910257200029,1.0037446751427588,1.534234412582859,-0.005924182877218,0.1545766744064809,-0.0013314250534671,0.9879621364677884,-2.3724587721989345,0.0226556533247018,0.0778883020943203,0.1082884849792952,4.086710318882189,0.0130918809473319,2267.7017280197338,2061.3096439632022,2033.304914914561,2307.518345780486,1.3729501599050709,-0.0379660592649971,16.579679883304763
14.710000000000004,0.1075268849121727,1.0039122940279996,1.5382839787529374,-0.0048190575725848,0.1745359652388998,-0.001345218718747,0.9846380877809046,-2.323536136851532,0.0244005164831998,0.1466713398302501,0.1376996557865325,4.194863865348671,0.0370268719784166,2261.0348462855272,2072.2371401047594,2046.934213677721,2306.644480122766,1.250878870578899,-0.0546249130874557,16.694307580912408
14.72,0.0832915463356896,1.0040500129212409,1.5448918193424184,-0.0037198670683343,0.1944453594594682,-0.0013064365848038,0.9809054276519842,-2.2672101358221832,0.0260584983828851,0.2163250539999487,0.185134502299175,4.327110085809124,0.0754461880478638,2246.646442698301,2064.7182436134544,2007.9907597442327,2297.7770834877665,1.2196153651062929,-0.0631117018815922,16.441898554314896
14.730000000000002,0.058624644795785,1.0041776567811838,1.5539657184587343,-0.0028718342183349,0.2144237681987327,-0.0012000683154604,0.9767357677671668,-2.2002791494808616,0.0278279135533319,0.2912199217346932,0.2171303032801263,4.436138210123066,0.1137534367838705,2198.868531834787,2046.866270436486,1947.0660356751064,2256.4448594898126,1.2876122318938492,-0.0550241772686022,16.1672342556262
14.74,0.0340666228915164,1.004333675688509,1.564991362761412,-0.0024518669538534,0.2347390508556508,-0.0009372818962173,0.9720548790343454,-2.123324187172967,0.0296272130887383,0.3727286589273061,0.2081527429477621,4.570057378001218,0.1357300083198577,2110.918657238071,2021.427221217799,1901.639580596965,2174.2002455921183,1.3643528191022742,-0.0665144718537673,15.72557488444037
14.750000000000002,0.0107528481515158,1.0045769799391535,1.5770129311272916,-0.0023628988182141,0.2558177150898532,-0.0003602184362635,0.966722081881892,-2.0451774541630474,0.0309905521533077,0.4571716203402247,0.1668268178847092,4.81291521866266,0.1566117400309031,2009.041535713396,1981.1138666144104,1868.2978344636704,2087.93557256509,1.152825742168826,-0.1858096289311991,14.671828943457914
14.76,-0.0097028075784515,1.0049814576296707,1.5887547068499828,-0.0020714241466787,0.278157019979685,0.0006844291607293,0.9605331399773512,-1.97841403692213,0.0314336926343757,0.5349907770115037,0.1564463163131731,5.153075526404841,0.2424611811484597,1912.5644082295976,1927.1472948042613,1808.9328974162845,2060.6156701937857,0.8477122507284189,-0.0914498884849917,13.780978277827778
14.77,-0.025581692536051,1.005619102207414,1.598866509175345,-0.0006175428211073,0.3021231015118359,0.0022352439260591,0.9532660981375158,-1.9237995882640575,0.0311474326112881,0.5889670438422115,0.2981312497833663,5.446946714496115,0.4712257244602374,1803.4440794614588,1875.8659275698656,1699.9756870459128,2124.611191016138,0.8749275470775606,-0.0538917293079603,12.9024375381157
14.78,-0.0356319003334693,1.0065333351755348,1.606223710086409,0.0031242681871889,0.327689316064735,0.0041390431173733,0.9447713053471688,-1.85755177361677,0.0313277584589629,0.5997181930863695,0.7219297936317792,5.525901444904253,0.8428690644786754,1667.9601453533653,1837.6071610276556,1562.8041441124624,2241.673109904663,0.8677960609612585,0.0066087483049597,12.404904694399148
14.79,-0.0396451067891443,1.0077113062055385,1.6101789056960072,0.0099788884083241,0.3542292094751136,0.0060725015370703,0.935085671832187,-1.7427037985685443,0.0333508294013933,0.5612640051331976,1.4506002299607497,5.3200742173744775,1.2256841389132456,1557.7118206097862,1803.2529738780693,1440.653766335837,2319.4874703226537,0.9550756115632346,0.1517410379955263,12.003372933041994
14.800000000000002,-0.0387562860612246,1.0090694661773971,1.6106712930132503,0.019983066087967,0.3804945962721984,0.0076757742350474,0.9245353545253276,-1.564442587391118,0.0370453650269137,0.4902031485941742,2.2851320801746446,4.871069337631439,1.423448523010884,1566.6711028624725,1765.4566020966438,1352.9990671254686,2277.2747855783164,0.9947720809914538,0.1090870564655739,11.66750186102799
14.81,-0.0352343665491089,1.0104656484695154,1.608169724618413,0.0321315201182089,0.4048589095705837,0.0087358399586087,0.9137726817192714,-1.3540540747884622,0.0398534578532471,0.4139004347247472,2.822249148479268,4.253035508707705,1.3247416793104647,1731.892223722284,1739.4894527604488,1285.6628349360517,2110.086605706113,1.203553987234172,-0.0220658702493316,11.162354779941502
14.820000000000002,-0.0317678760059595,1.011739452112928,1.6035143614725456,0.0445444541240353,0.4257757784096752,0.0093097695948406,0.9036836317630844,-1.1683549872283914,0.0384336792635988,0.3491436479736151,2.66582814707977,3.5149207975399896,0.9872773121373551,1976.7609812897845,1740.7603801769894,1232.8392307374877,1895.4032632520643,1.2932346593242006,-0.3402605050346038,10.373819482752545
14.83,-0.0305559289586267,1.0127652718876154,1.5977513530644885,0.055043429858777,0.4422492371579535,0.0097020198208593,0.8951489841774863,-1.043043441157253,0.0316043485815247,0.2942212446525963,1.720263633756992,2.70224110908276,0.5724719256469757,2164.852127480843,1748.2260271351618,1235.8290283351896,1734.5832363884956,1.1045049408959824,-0.625291125076029,10.068495132865564
14.840000000000002,-0.0326509600036391,1.0134920859078185,1.592003823129842,0.0618960770634953,0.4540740468803879,0.0102979691255384,0.8887517017849849,-0.9710173584874824,0.0215547978684805,0.239741021606977,0.3319678385451806,1.9063406599454007,0.2134414352540171,2206.624713066084,1716.042384053325,1350.3734974040187,1683.7200782380587,1.0253510865351383,-0.813192330012846,10.008768471687688
14.85,-0.0378364951537659,1.013950640421695,1.5873478745627037,0.0643875857252127,0.4617466281465062,0.011348182130607,0.8845990667879664,-0.9215978862689364,0.0118747397347845,0.1842698652537185,-0.8812467514887858,1.2494566091489905,-0.0462143850724112,2122.565717471842,1626.538817717735,1564.182533407191,1731.051145081124,1.0692346454122723,-0.7543508395556306,10.082113170363236
14.86,-0.0449997893560909,1.014227069103408,1.5846381722357494,0.0629668386986029,0.4661446221451116,0.0128281555150323,0.882371694296444,-0.8683501783158176,0.0044426435950875,0.1393487457633118,-1.4252579930322586,0.7884950129080828,-0.2187109763727672,2017.1500070582429,1516.5895446300387,1774.6952286854616,1823.116557041436,0.8265697774855276,-0.3412598304517469,10.622216182471885
14.87,-0.0527262691987358,1.0144188635074012,1.5842935097813249,0.0589357869926999,0.4681606606742778,0.0144476571300095,0.8815573912185346,-0.7981246807302304,-0.0016185540608676,0.1194018485763716,-1.246907061105783,0.4385777534820583,-0.3232807560898052,1987.366205220775,1447.430486951918,1876.0443066480616,1903.0718612855371,0.5547618695428271,0.0035846120749855,10.975532997297108
14.88,-0.0598184633571892,1.014595227066872,1.5861632623807875,0.0538674118522342,0.4684361956803811,0.0157926629025702,0.8817122117308341,-0.7075759598419274,-0.0082058249517402,0.1264347336403801,-0.715022262612818,0.029556644045239,-0.3758695274854529,2043.9163746408049,1454.4275663109938,1856.734000643629,1935.6112539180403,0.6241015429687247,0.0672498760772705,11.292797147488823
14.890000000000002,-0.0655687682452304,1.014778338974363,1.5896133118508469,0.0490343900038287,0.4672632345106352,0.0165142832180512,0.8826029553096939,-0.6009956683369243,-0.0160661703421474,0.145167179591702,-0.2978175476875854,-0.5353974359329919,-0.3979119778493418,2115.5450793207174,1523.5593299861716,1794.8589870944284,1915.2999672281549,0.8565218840064084,0.0340412588393915,11.388816579917984
14.9,-0.0697730192669756,1.0149496941185894,1.5938252581125092,0.0450779894165399,0.4646546346149848,0.0164686236827043,0.8841904940876568,-0.4886635012180724,-0.0244675362916157,0.153254131627774,-0.2265459839406761,-1.1792200107176416,-0.4129318397538559,2124.545605310574,1608.4262015750542,1772.7377789505822,1860.7774592898315,0.5941928014261748,0.0068315000421458,11.328920693580676
14.910000000000002,-0.0725758766769357,1.015073314724084,1.5981324517493445,0.0420006120441053,0.4605204939942359,0.0157510360693463,0.886514933919315,-0.3809495361446469,-0.0323672861586686,0.1367125683580767,-0.408985517955055,-1.7120945296812569,-0.4328529086396855,2055.720738899126,1666.461218261146,1810.9203294015408,1800.6996595549258,0.4292689014279229,-0.1201561641154451,11.401267974334782
14.92,-0.0742669067190671,1.0151210588551125,1.60220059170822,0.0394097713258859,0.4548433649046051,0.0146266152516357,0.8895788022725014,-0.2818479114677933,-0.0393089848794036,0.0984981105087244,-0.6035429674574309,-1.9945797409023185,-0.4521083284240114,1960.3460842972363,1681.1719811035089,1867.3080261768723,1759.4906142170175,0.3748857596828729,-0.1776419985243289,11.245560334800896
14.93,-0.0751178595519836,1.0150869861843328,1.6059905533839174,0.0368457317768941,0.4477564239569177,0.0134057587025848,0.8932955068110138,-0.1883838310568654,-0.0453206548044216,0.0546592526996403,-0.6522022297831693,-2.0567306672991994,-0.4567614424465047,1900.7498566276013,1658.9794064211594,1881.4536328505576,1745.0613272928535,0.1545509950326655,-0.0715859718951356,10.887452733980629
14.94,-0.0753005120039934,1.0149860749669135,1.609579115073886,0.0340256121430383,0.4394949491820155,0.0123293395808564,0.8975157016717251,-0.0958948116672728,-0.0504300824085879,0.0207292696499871,-0.5734875687231777,-2.0741594309661675,-0.4399150431551415,1891.665117255604,1615.9840237075996,1826.6737885524608,1744.168389693118,0.0504900368845353,-0.0131464364431754,10.70713839377657
14.95,-0.0748793128981185,1.0148421912996828,1.61297390802554,0.0309187501066046,0.4302659453327627,0.0115092060754758,0.9020990995197044,-0.003314811148536,-0.0544844525779662,-0.0004024727723114,-0.4830447797322894,-2.2273712662212755,-0.4087543644845353,1895.710843691089,1567.9581067625131,1729.4166976241424,1735.8701036697469,0.3175055982793315,-0.0425150592113207,10.36916048100817
14.960000000000004,-0.0738491170205175,1.0146751415289297,1.616032824850017,0.0276741459149579,0.4201206228728661,0.0109322646971962,0.9069803137187616,0.0862968018163146,-0.0573484676208544,-0.0180322905158394,-0.4610913163362805,-2.574707895021985,-0.377520738795903,1870.724707637395,1523.4445759329265,1638.273976048957,1712.2292454251838,0.2918046853046636,-0.1360494552817386,9.665663107487855
14.97,-0.0721855027800627,1.0144945985485008,1.6185124244892606,0.0244888546191751,0.4089026849369758,0.0105058835074263,0.9121888601942592,0.1691336075007305,-0.0591734122787226,-0.0427522118531489,-0.4955982819196179,-3.046209645348153,-0.3553453190826817,1809.782888343742,1482.4119958006863,1578.7983287948418,1680.300628207452,0.2388437143340658,-0.0843867636447753,8.986602670105354
14.980000000000002,-0.0698845053458424,1.0143024098477331,1.6201858793383654,0.0215066370569986,0.396292595922407,0.0101142627444636,0.9178166182134176,0.2437107691239272,-0.0604326656915321,-0.0776009294040848,-0.5241078744744965,-3.5349020262184045,-0.3409926404027509,1735.2333005446144,1444.2439255490522,1543.265950009152,1646.9469887985902,0.1697660790742432,-0.0813212324141342,8.730454717347454
14.99,-0.0669807513962103,1.014099049211982,1.6209444788930023,0.0187863160847606,0.3819138646780619,0.0096647109789344,0.9239564208642764,0.3110843240079187,-0.0616211053366838,-0.1184417767669503,-0.5038391372925618,-3.97974440732136,-0.3268544927817122,1669.3165089796876,1414.2754970638116,1513.4764502497326,1612.3765345051006,0.1121200498146173,-0.0128388129410376,8.143183811962729
15.000000000000002,-0.0635431913271043,1.013888095245356,1.6208280907774424,0.016324940277054,0.3654496457948787,0.0091144226520221,0.9306433151390864,0.3730743120598377,-0.0628284053439264,-0.1597696649628794,-0.440808598237382,-4.3804142068839145,-0.3062198942217056,1619.3891528186111,1396.8755944079671,1479.6257928451837,1577.8306966932864,0.1696382337445272,0.0195815642327635,7.648234132667111
15.01,-0.0596551232607699,1.0136752405809146,1.6199817889489487,0.0140970567154912,0.3467346559306615,0.0084751018486121,0.9378190251947665,0.4306662600872467,-0.0636351223474867,-0.1988622810923296,-0.3695368862031111,-4.7647239356178055,-0.2779497271128243,1582.2044655129484,1387.1894957947488,1442.3818779232708,1548.398240003889,0.1500484308151262,0.0108728459730557,7.41975568234766
15.02,-0.0553899061727364,1.0134634038871535,1.6185740725812177,0.0120802357343711,0.3258105982957353,0.0077977506798533,0.94532572007066,0.4837461355972491,-0.0635508420738578,-0.2357895551688749,-0.3183958391932046,-5.146469975040729,-0.2464278366079161,1549.772431018726,1380.7084181350424,1412.5644698172846,1524.224779145694,0.0350254694658174,0.007257731820302,7.306704478622186
15.03,-0.0507944188014787,1.013249121111662,1.6167225134525822,0.0102588954014394,0.302945397306203,0.0071457080096064,0.9529259048704524,0.5318280690151052,-0.0625808129668307,-0.2716839480420612,-0.2928085304730622,-5.490833409333598,-0.2176259532527781,1512.248555025088,1389.4561057809556,1411.1572013999737,1496.5598062257316,-0.0481489450625081,-0.077221977279761,7.004558754226732
15.04,-0.0458879908230531,1.0130243927066256,1.6144594561367611,0.0086153110170092,0.278617975231766,0.0065678062353931,0.9603409104141536,0.574891012135744,-0.0612813099585494,-0.3076311377963132,-0.2818788405299224,-5.706490098072949,-0.1943770307767764,1466.707034162038,1434.9820503230264,1457.1535009467789,1460.1475367018515,-0.0976649800557782,-0.1030806331477109,6.975774752014329
15.050000000000002,-0.0406766042265273,1.0127833162792188,1.6117456468568154,0.0071220426037164,0.2534680017478245,0.0060824826412349,0.9672984296503508,0.6137159774502716,-0.0602546576630101,-0.3439518567977545,-0.2736190739724349,-5.68979842125378,-0.1749566254992729,1428.4115254153362,1519.422396413181,1546.7896152266658,1428.495690276029,-0.1407050576725055,-0.0186606635164861,7.230705987832896
15.06,-0.0351742343364101,1.0125286016926849,1.6085159672227938,0.0057448619047661,0.2282095560678581,0.0056779081141869,0.973578531213817,0.6495280986006002,-0.0596691678492263,-0.3794118631790951,-0.262804723871196,-5.407942464415439,-0.156360116426153,1426.8782848999667,1613.3561197089548,1648.7565776215029,1430.6975748438103,-0.3286035510071241,-0.0126886923088791,7.726924558933716
15.070000000000002,-0.0294192788213533,1.012273099320184,1.6047303770221206,0.0044541772517583,0.2035137842039183,0.0053250874596259,0.9790474673822298,0.683241624294564,-0.0592554222193802,-0.4112386094597396,-0.2484564657580588,-4.95162401921016,-0.1385171801940026,1482.29883525284,1682.6845809777174,1727.6156000738872,1488.3347088400983,-0.4830430613550014,-0.0223127535735438,8.277944456083572
15.08,-0.0234762699428932,1.012035045044558,1.600408547417863,0.0032345844864028,0.1798827915317077,0.0049954714370016,0.9836700483592468,0.71498549330219,-0.0586438189948447,-0.4364266584827752,-0.2295052022636927,-4.493825269808719,-0.1246069281231108,1584.1452111674969,1724.5821350298002,1774.2422696334615,1593.212448693284,-0.4625481253969528,0.0146936450548935,8.963545291043427
15.090000000000002,-0.0174204193263111,1.0118296581824688,1.5956405960632063,0.0020840689941132,0.1575580814524863,0.0046751565421452,0.987496455961613,0.7442697403894927,-0.057635899613635,-0.4532522587013525,-0.2059038556831044,-4.17456468971112,-0.1178037823558932,1696.7114156833811,1768.1113103886687,1811.7263036759248,1708.8476319647314,-0.4034486416768206,-0.055673900322978,9.89033439204418
15.1,-0.0113114700267101,1.011661839136489,1.5905777623425377,0.0010046728634031,0.1365089832663327,0.0043704154531897,0.9906286830032714,0.7704979795128606,-0.056215904335691,-0.4615341253920318,-0.1821883474752745,-4.009444745178361,-0.1186735822226082,1788.6094030844667,1839.0155124481475,1870.5578424249863,1798.9190779852029,-0.3385035018754871,-0.064046552304943,10.868612432801893
15.11,-0.0051696637133932,1.0115241500843524,1.5854108330139984,-5.347292828839081e-06,0.1165138599086535,0.0041005811302507,0.9931806007242526,0.7934163346827253,-0.054440508787771,-0.4613514902359031,-0.1654089950112072,-3.90511816983804,-0.1246849104286581,1855.730641156222,1930.8869528951063,1957.688036722952,1857.3378248581205,-0.3823778716167503,-0.0087003582915645,11.73566706681659
15.12,0.0010330651066575,1.011401174566169,1.5803426463695396,-0.0009503209988577,0.0972957669512082,0.003879204511287,0.9952474980605251,0.813265428710804,-0.0523957339371713,-0.4515845801458978,-0.1567816032025801,-3.764178302554153,-0.1301848425328998,1913.9830361021795,2014.0844086494976,2049.237380719845,1906.8526210486648,-0.4553898327197956,-0.0566345611007013,12.728294815993396
15.13,0.0073605676284241,1.0112775813365098,1.5755591293807687,-0.0018295773181841,0.0786443963002746,0.0036952871363464,0.9968942052346288,0.8304127937712289,-0.0501950581432083,-0.430201668278488,-0.1471615816919436,-3.5742680259551385,-0.1276628437946687,1973.6086556705648,2068.3156018597183,2113.466140214093,1966.3274892594015,-0.4651059572445164,-0.0707832982841607,13.7716297092726
15.140000000000002,0.0138837099436133,1.011145371361474,1.571204157949557,-0.002632473207516,0.0604722550200475,0.0035118281159737,0.9981602293824804,0.84465203820449,-0.0479203766008695,-0.3964657925226718,-0.1250509821951724,-3.396449343481235,-0.1128197775997492,2026.9873920724856,2100.1448279191936,2140.6233649782,2026.479336495579,-0.5028501294312602,-0.0102187480523574,14.52432900827502
15.15,0.0206483339222649,1.0110068584320646,1.5673649253599755,-0.0033418682744596,0.0427984997671943,0.0032878308473746,0.9990727253320616,0.8550103949107891,-0.0455718016310653,-0.3526395538548387,-0.0907504730182422,-3.2797306800341683,-0.0902346567406981,2061.147154707405,2128.208876184736,2148.86016778382,2063.555289998679,-0.4327232336983611,0.0370029613162151,14.973306184005306
15.160000000000002,0.0276521777788897,1.0108725911147274,1.5640720690011678,-0.003944871232533,0.0256900138926286,0.0030096043064503,0.9996576431254222,0.8604940796204177,-0.0431290846470168,-0.3028980109186661,-0.0594042041561406,-3.206594355360997,-0.0716563619754744,2074.6281190420505,2157.4335982720986,2160.9030782744285,2070.3433837927205,-0.4344191283980994,0.0498795170314246,15.299022598544084
15.17,0.0348362565356182,1.010755759823529,1.5613126546488971,-0.0044447991450422,0.0091965086388106,0.0027067964308134,0.9999441690627026,0.8609354477084757,-0.0406484483422034,-0.2504870863591602,-0.0460121985350273,-3.126575390756324,-0.0660963000607687,2077.5133211108687,2173.216501672623,2178.448351658715,2063.32514981821,-0.4301710989876501,-0.0157729104390107,15.447564721890377
15.18,0.0420904023643363,1.010665904166084,1.5590495280553145,-0.0048663419302586,-0.0066941441914304,0.0024390901970263,0.9999627783016592,0.8568557242072614,-0.0382322331055214,-0.1964136385472611,-0.0483428770659601,-3.0238587096457112,-0.0720400191987896,2078.116481414598,2160.138353443926,2182.8463034288443,2059.522244466365,-0.46705238868917,0.0017339492503485,15.446605509811524
15.19,0.0492706737569063,1.010604920344822,1.5572411531799042,-0.0052460291135414,-0.0220704548957548,0.0022611892894546,0.9997400968362886,0.848512187898948,-0.0358716610303071,-0.1409702297762038,-0.0494870947181346,-2.930975667925886,-0.0804485469682452,2073.4284218590683,2121.388167578316,2159.1690151469525,2055.5230314343744,-0.4746122822699141,0.002208356957771,15.40109173145781
15.2,0.0562256706563741,1.010567255258538,1.555859090386809,-0.0056099301846518,-0.037066304512642,0.002189980524007,0.9992946621184384,0.8353889543651014,-0.0333733861648479,-0.0858452314171696,-0.0378208026131772,-2.8787749160366487,-0.084346918733845,2052.046975261236,2076.177747055506,2113.904300266824,2034.286553620764,-0.403860668955232,0.0799280802323238,15.094682079400064
15.210000000000004,0.0628265626503324,1.0105440447517935,1.554900328681332,-0.0059540001424218,-0.0518083838306159,0.0021941197642592,0.99863688450088,0.8168119531496766,-0.0305234364833087,-0.0342222090634223,-0.0183531532554331,-2.8532142411321377,-0.0841837394942132,2006.40214126912,2039.3573716579256,2066.5074854203986,1988.08883962993,-0.3430568738375734,0.0007382366721945,14.532465109967388
15.22,0.0689927048332367,1.0105290109326177,1.5543888105340455,-0.0062396884524459,-0.0663584988298342,0.0022084368948531,0.9977738915844354,0.7928811680478064,-0.0273387849764157,0.0108474388391769,-0.0015618605273643,-2.8116209634721376,-0.0849118838469416,1943.950782767603,2007.8549511259432,2028.3559461229067,1928.5647005846072,-0.3512383132747361,-0.0426015085868492,13.812047561996524
15.230000000000002,0.0747046224090041,1.0105231921982245,1.5543608580568755,-0.0064106971226879,-0.0806842929923416,0.0021641236693844,0.9967167423071966,0.7646019256940226,-0.0241190394372513,0.0478341594247182,0.0125035045818907,-2.730375329248623,-0.0901288270392307,1884.1903321437285,1968.834573161308,1995.822646432064,1874.262143420624,-0.2806076797776882,-0.0806752163381509,13.15710057556826
15.24,0.0800001720615412,1.0105361291320325,1.5548359784263024,-0.0064194593600404,-0.0946706289010899,0.0020186629081892,0.995485905256855,0.7332342522632695,-0.0212263552127887,0.0770878657540496,0.0326777718777153,-2.6216751939248923,-0.0993648775776389,1840.8972838913453,1918.3322861616564,1961.81002880022,1832.8017788457375,-0.3465732386351075,-0.1071326666410443,12.56733019849882
15.250000000000002,0.0849551605382623,1.0105825649414002,1.555783244320872,-0.006248903211216,-0.1081604105452904,0.0017711255249307,0.9941122370807564,0.6996886450614093,-0.0187995858939235,0.1004101114909252,0.0617972155951411,-2.504944336687139,-0.1090500442703076,1810.2302272720412,1868.0309187550547,1926.2538725998588,1797.3229301722029,-0.359057575727014,-0.1020136208369158,11.92575460315098
15.26,0.0896540307282185,1.0106755873624818,1.5570987211373497,-0.0059203467610459,-0.1210016767734301,0.0014554293129269,0.9926335806518748,0.6645068603332179,-0.0166662246038608,0.1197815303675902,0.0891290903780243,-2.3770437643404945,-0.1149904705242702,1780.3033488965425,1832.4121388911055,1892.7342256862696,1758.2539426767266,-0.2907436766293947,-0.0405219587573679,11.307475689182732
15.27,0.0941591677655522,1.0108189263718546,1.5586088685351749,-0.0054849903567631,-0.1330807063313069,0.0011167507822522,0.991089397254777,0.6282999393285981,-0.0145365611784622,0.1356699649743287,0.0993198564800484,-2.2199424231425,-0.1153202461130122,1747.2904576468495,1811.6930365212888,1860.689698785423,1715.4587377171392,-0.3335001555679846,0.0174054335022591,10.942805798021856
15.28,0.0984887809911352,1.0110021056781149,1.5601061284967694,-0.0050027891738533,-0.1443304155778414,0.0007881503392916,0.9895165900876308,0.5919755894292177,-0.0122849542456175,0.1464501023121256,0.0882852821188843,-2.0301913112008543,-0.1123194030544559,1715.8276820907922,1791.943414766379,1827.3167051682171,1677.4574649757049,-0.3435454714339623,-0.0476485897772514,10.531996400353044
15.29,0.1026119501554344,1.0112014455973766,1.561406580365275,-0.0045186202284369,-0.1547131672526099,0.0004836489918454,0.987948978456656,0.5561780956571049,-0.0100203993198542,0.1497607462066149,0.0702488429443003,-1.8267077928629607,-0.110416528803959,1688.3381404772829,1763.1539518973648,1796.232567173416,1650.1129496491883,-0.357673689341758,-0.0825587331370246,10.098831611807151
15.300000000000002,0.1064639708732626,1.0113871835852022,1.5624047529989822,-0.004047183573382,-0.1641867612800994,0.0002078006668058,0.9864209469310544,0.5204422121990282,-0.0079065175835279,0.1446816289455388,0.0677042430302252,-1.625111472130601,-0.1113465641171308,1662.091001924752,1732.7724020974683,1778.0366796117871,1629.6532798660123,-0.3465556074039773,-0.0141888547436112,9.801208700128669
15.31,0.1099758862148505,1.0115334880254916,1.5630991098349198,-0.0035729966949892,-0.1726709386688016,-3.421286763852625e-05,0.9849730856542894,0.4833419596946403,-0.0060059809428237,0.1329294907914791,0.0912256089535713,-1.4119107029123308,-0.1120377725696828,1635.8053169786183,1717.836745391062,1778.492524043002,1608.6859509288058,-0.2760888841854969,-0.0024654301209206,9.568902969817572
15.320000000000002,0.1131034840179498,1.0116264557266654,1.5635757920947493,-0.0030644825457088,-0.1800345135290572,-0.0002397338627811,0.9836554912227948,0.4438702636474803,-0.0043391057654027,0.1181439697145554,0.1276965378961214,-1.1530973734958865,-0.1082574418226587,1613.7031084910177,1725.4550433772456,1788.2901071001484,1586.8822153035658,-0.280698765668383,-0.0132274594602748,9.384540539278868
15.33,0.1158404354517346,1.0116666912794767,1.56395921028594,-0.0024950726055656,-0.1861155150231043,-0.0004206309716143,0.9825246117782308,0.4025534162075239,-0.0029980145614228,0.1037202064697141,0.1502584979785983,-0.8316003632339631,-0.0997428558144724,1602.2972706879789,1743.751964392436,1789.1956827824883,1573.0488767601992,-0.3086413155343757,-0.028327130499448,9.29040462025863
15.340000000000002,0.1182102037480883,1.0116663566185815,1.5643535249714835,-0.0018607835757374,-0.1907692808670745,-0.000606775302493,0.9816329511511296,0.3609418737412239,-0.0020919856840286,0.0908779481940903,0.1424133960868811,-0.4749189461793501,-0.0906669845043444,1604.596032764135,1752.2586157094831,1772.4905138899635,1576.3588821395997,-0.3317970562126398,-0.0111142665496197,9.287281268631189
15.35,0.120244670558133,1.011643106603767,1.564800665598653,-0.0011856351300973,-0.1939218220025766,-0.0008307895338547,0.9810159178164692,0.320133486084422,-0.0015918702525685,0.0786550768091628,0.1130872776172252,-0.1425744867972583,-0.0852159951192927,1616.6219323077507,1740.8912060987122,1749.2118222202516,1595.7073462078456,-0.2667056950886617,-0.0651741323223445,9.253114922056428
15.36,0.1219636169056826,1.0116139025915014,1.5652688942974518,-0.0005135653070218,-0.1956003730669287,-0.0011033323506774,0.9806829319226872,0.2800874803365935,-0.0013131558353914,0.0656991720527012,0.0872763825534967,0.118199922554996,-0.0835444830310721,1629.4070138985744,1719.210621792649,1738.708803413948,1617.861852146607,-0.2220409186923455,-0.0682736791875162,9.22850647782492
15.37,0.1233650956597194,1.0115907965839768,1.5656698063933976,0.0001073302848517,-0.1959240495402522,-0.0013996246986863,0.9806180685377268,0.2402270753675817,-0.0010758898560871,0.0518874773451432,0.0816451953094444,0.309473958342302,-0.0820380910462277,1636.4088879154297,1707.2415522836984,1746.9275075245123,1627.8789687134556,-0.1624174800679574,-0.0268373607197558,9.314105182696728
15.38,0.124428283437217,1.0115793980274403,1.5658911899154169,0.0006401329274415,-0.1950589444579514,-0.0016699286284736,0.9807898907284684,0.200219444048177,-0.0008378059274571,0.038204004948731,0.0898723026071946,0.4783044106309523,-0.076815999849147,1639.8046701038245,1716.382895453945,1759.5717364723405,1623.2172488408396,-0.1032290227687453,-0.0657932563956882,9.31547386622769
15.390000000000002,0.1251246848578412,1.011579603635592,1.565831916491495,0.001068706128157,-0.1931623137934325,-0.0018668674073351,0.9811644577761988,0.1600663441127258,-0.000667115934941,0.0253645289810445,0.0916982663758781,0.673113282124369,-0.0670424398713727,1648.3584523192662,1738.1147486178666,1758.6218664604507,1617.163125706838,-0.1309035093280233,-0.0507265958708392,9.34280177033726
15.4,0.1254321000671485,1.0115876034265188,1.56542923045424,0.0014010296506287,-0.1903464515771384,-0.0019696579222998,0.981714004145596,0.1198683279047927,-0.0006395961886427,0.0128984158684959,0.0750482132367703,0.8993501894342749,-0.0557095478527346,1668.3669679257057,1751.7349843913655,1742.5633859285367,1626.6991334685997,-0.1454836803169259,-0.0241699830098021,9.39224325317348
15.410000000000002,0.1253461136788985,1.0115981585816174,1.5646733572889122,0.0016674118105295,-0.1866785082361153,-0.0019903128174108,0.9824176265496674,0.079828625202208,-0.0007786580835192,-0.0002685739684168,0.0484610220046282,1.1160292318390546,-0.0472526525729605,1696.6334600105108,1745.3001971477051,1727.186719898217,1656.083929653008,-0.1493246321505066,-0.0295409377644499,9.500353514650342
15.42,0.1248846901845991,1.0116064729618277,1.5636073761340723,0.0019118209689654,-0.182207956643758,-0.0019620641743121,0.9832562004790332,0.0403452304734739,-0.0010493428314502,-0.0143722530774766,0.0319053055109299,1.2767489202979525,-0.0434392994305716,1722.358797520574,1728.737087806512,1728.1088269911734,1692.6057621558195,-0.0828702379928501,-0.0611832589341142,9.729135490298264
15.43,0.1240837002972698,1.011609395140122,1.5623131842562437,0.0021740584913879,-0.1769967154974233,-0.0019209406422919,0.9842071662814944,0.0018477492696768,-0.0013831565231661,-0.0282286367072111,0.0360165596882056,1.3741456370590988,-0.0415128188572058,1737.0035583200151,1722.6177224689006,1745.5428752480852,1719.2260126506533,0.0036202308251227,-0.0597080888661688,9.789762240940927
15.44,0.1229851842379654,1.0116059932473491,1.560888828289834,0.0024685189141452,-0.1711285166874869,-0.0018916653828286,0.9852438067771808,-0.035456076659131,-0.0017278458996047,-0.0402242761021187,0.0514792962397319,1.443027502389475,-0.0373613314560628,1743.3085881920586,1734.409268467792,1766.1353907291282,1731.0454392195977,0.0275498283842621,-0.0289119053913459,9.919116021338928
15.45,0.1216237438065124,1.0115976528265722,1.5594261461397467,0.002774085964939,-0.1646921595031504,-0.0018829353437017,0.986339318692984,-0.0715764071924097,-0.0020836637525226,-0.0495632339359986,0.0592296748017395,1.522065214249949,-0.0304117245480336,1752.8650519854514,1752.3857312523828,1777.8591122178802,1737.793181380771,0.0384328978945078,-0.05077439263828,10.039156705097875
15.460000000000004,0.1200170576460651,1.0115877844665777,1.5579961106111762,0.0030454941625447,-0.1577557716265255,-0.0018908358888135,0.9874716533771828,-0.1065507104823478,-0.002482701479542,-0.0563656551134425,0.0494442076188745,1.617853201227858,-0.0241966931873279,1772.8189673830125,1763.8422633039595,1781.6835065955552,1750.7710716952024,0.0285950554446916,-0.0255277108546182,10.18135110851613
15.47,0.1181640737440658,1.0115810999344272,1.5566435198516329,0.0032398838546335,-0.1503578262551734,-0.0019059225259937,0.988624496305727,-0.1403783671153028,-0.0029432291701826,-0.0609578260026882,0.0287559428620274,1.7073918774195982,-0.0221440191110456,1797.2894565887575,1770.056346814726,1788.01829343599,1771.2430143671113,0.0700907198194871,-0.0260786286791613,10.34039617095116
15.480000000000002,0.1160509017553384,1.0115823551594625,1.5553884869879406,0.0033400715002038,-0.1425255951132576,-0.001919601893688,0.9897836196808648,-0.1730931321992784,-0.0034593794407066,-0.0634125314052363,0.010427539473329,1.7681058595385195,-0.0240530048958948,1814.9004982003855,1778.7631775725026,1802.747931889353,1793.016333316387,0.1194314367049957,-0.0167876693687553,10.477740909288784
15.49,0.1136612907870359,1.0115945636439918,1.5542318177740464,0.0033603282843123,-0.1343056279746784,-0.0019274553112726,0.9909323848801048,-0.2047299873715975,-0.0040152702837019,-0.0635712290690467,0.0012487962693185,1.798239604574357,-0.0269360133253469,1822.2498203654627,1790.2912518851876,1819.423952197764,1811.4117313147065,0.1245203415692373,0.0004097055375635,10.611035436411326
15.500000000000002,0.1109868157331276,1.0116169680476803,1.553162308720648,0.0033348583370543,-0.1257787673800498,-0.0019293880171899,0.9920508343114812,-0.2351655411279815,-0.0045756185989615,-0.0612207257255726,-0.0012328770921865,1.811365248724744,-0.0283721750293615,1825.497556241264,1798.462333854202,1826.876059861056,1825.056530995114,0.0757958814075063,-0.0716262221302131,10.8434941095924
15.51,0.1080327400935119,1.0116434239209835,1.5521642747664055,0.0032994981051147,-0.1170451918294257,-0.0019278719763853,0.9931192373987676,-0.2640848846943195,-0.0050708613892,-0.056355427534703,-0.0022586884442086,1.8209781832526355,-0.0284686395042181,1830.121885255515,1800.5155888967383,1822.788105043974,1832.240239365192,0.0919233559668044,0.004450812383478,10.961275778074237
15.52,0.1048186310161936,1.0116621029433803,1.551223942888083,0.0032775508805863,-0.1081899321577062,-0.001925825130826,0.994122974001457,-0.291148848159282,-0.0054490814504333,-0.0495434938604384,-0.0036386382192922,1.8340520807902183,-0.0287707844062026,1834.8776507731077,1799.1698526705743,1815.9305022141928,1831.849092089388,0.1507168488008234,0.025406967658113,10.938030644205654
15.53,0.1013753324304506,1.0116573297529632,1.5503344547453235,0.0032749993027967,-0.0992545028921268,-0.001925174537609,0.9950548285085618,-0.3161169818706691,-0.0057930391287936,-0.0419508611188975,-0.0032305911526999,1.8524595249096372,-0.0298611083504057,1837.203847713454,1796.4855680239916,1813.938826140528,1827.5308567385096,0.2120641767550588,-0.0471617491977607,10.854857488260722
15.54,0.0977398528645538,1.011613758077991,1.5494996077419236,0.0032843811979359,-0.0902355067677555,-0.0019264196778403,0.9959131764695844,-0.338798068368614,-0.0063599987567106,-0.0345266555325331,0.0011877390240048,1.8719714009203456,-0.0306750218865311,1839.354060111876,1791.3482314054193,1812.931440304127,1825.955753509172,0.2165446317055923,-0.0575207004041571,10.923885582868602
15.550000000000002,0.0939486194686613,1.0115219960726392,1.548734681508591,0.003293327125242,-0.0811121820309721,-0.0019289598721582,0.99669767082924,-0.3590399962940538,-0.0074037128882997,-0.0269490630588437,0.0082461056162236,1.8803253482781908,-0.0302035341410745,1844.942026103889,1783.5920161982158,1803.2921715507011,1829.9001035264455,0.1934668103388928,-0.0379766635671682,10.985319845249006
15.56,0.0900299848150966,1.0113835514139589,1.5480614296560056,0.0032932557993248,-0.0718852976742036,-0.001931739026972,0.997405597953442,-0.3768889586019302,-0.0088809747812443,-0.0178722246352803,0.0131600303461256,1.8648087104955997,-0.0289331959081548,1851.7779961396543,1776.4536122757172,1783.81136060701,1835.5232572998325,0.1572218586680442,-0.0525912182259386,10.907337761664047
15.570000000000002,0.0859987543543993,1.0112123042772885,1.547497981125685,0.0032847932488641,-0.0626019317893794,-0.0019338337731355,0.9980312963812747,-0.3926585071048483,-0.0103763565326847,-0.0068102186693803,0.0111588691748662,1.8271631569841584,-0.027805615498054,1852.9192121491287,1772.8775651656929,1764.8056933954322,1836.7051709839584,0.1837486978846039,-0.0580163901461059,10.848611758681391
15.58,0.081856269861636,1.0110305603536478,1.5470507028879656,0.0032779805748807,-0.0533501944483451,-0.0019348041438761,0.998568609625097,-0.4066812767708376,-0.0114185351777026,0.0044432883286377,0.0007756466642524,1.787140994483667,-0.0264275956693841,1845.330836256852,1771.556865706718,1756.435247527891,1830.7091587630323,0.2098930070102453,0.0068379251665257,10.824939035601432
15.590000000000002,0.0775974658190277,1.0108604426220198,1.5467151862078474,0.0032868835849993,-0.0442285506652049,-0.0019347900180927,0.9990141582029456,-0.4189905909982027,-0.0119020015974209,0.0130616630789512,-0.0148695306865719,1.7647061082897932,-0.0236823888740126,1834.1976858978944,1768.6682854032524,1758.102598757766,1820.3610692524264,0.2951159436543038,0.0052832657840092,10.75143112534344
15.6,0.073222253365434,1.0107146156842717,1.546484857263004,0.0033200370242512,-0.0353101358695493,-0.0019344051547379,0.9993690157973324,-0.4293273676318502,-0.0121601258118058,0.0180934997095293,-0.0291053080612567,1.757994907061587,-0.0200459797008659,1827.0391989096595,1762.1952538955964,1761.1161308053856,1812.0683646868704,0.2783886113105425,-0.0410320817922402,10.59229866957387
15.61,0.0687453956324242,1.0105914465291972,1.5463578640625355,0.0033703522332598,-0.0266225358052761,-0.0019344746928092,0.999638004039854,-0.4374540470561041,-0.012621986671768,0.0215056134274409,-0.0354714606264492,1.7431137962996537,-0.0177777449568443,1825.335652774766,1752.3565453091987,1758.7443723835718,1810.5429753545573,0.202808688116726,-0.0660287006847936,10.473922317967146
15.62,0.0641992971827526,1.0104772970184834,1.546335470753995,0.0034099812042651,-0.018151652264476,-0.0019356492309955,0.9998275565367812,-0.4434017472049388,-0.0134302504897896,0.0258739877056959,-0.0323944024055571,1.6981636447894637,-0.0181876742821922,1823.9372881741212,1739.2421768783454,1751.393328089949,1813.767647104636,0.1981589938707448,-0.0469659354635806,10.481132078652296
15.63,0.0596280431280405,1.0103543380674738,1.5464148522525225,0.0033955440036958,-0.0098645680453541,-0.0019379647467973,0.9999437008506218,-0.4474079882362201,-0.0143756486115864,0.0316320483045002,-0.0243963426323601,1.6256481917203944,-0.019839959487336,1818.4512759018944,1724.0521656460749,1743.4259370553,1814.523734101825,0.2752807439855446,-0.0265197234586339,10.53426078623263
15.64,0.0550758100361506,1.010209157047476,1.5465840676473497,0.0032853929737014,-0.0017377998463793,-0.0019404856766115,0.9999912103413916,-0.4496579268470903,-0.0151504351183235,0.0373485540982976,-0.0185496366594624,1.5486176191367418,-0.0204197713017497,1811.0488402313856,1712.394706056532,1737.2409902145894,1808.6700795956665,0.2988788812205036,0.0048183193961078,10.45601625353837
15.65,0.0505751106338208,1.010037459969377,1.546822778510088,0.0030642295672786,0.0062236277509925,-0.0019418580565038,0.999974052734402,-0.4501124336979761,-0.0156595815059111,0.0421396376781113,-0.0198666262052384,1.485801467909449,-0.0196821126376474,1807.143146428996,1710.6545959244345,1731.2513804234677,1799.688859122737,0.2333958283628092,0.0062031263385389,10.263704825482195
15.660000000000002,0.0461395119060823,1.0098431854613934,1.547107057492659,0.0027583744061364,0.0139830741416588,-0.0019399613251965,0.9998965454276963,-0.4485919849558591,-0.0161085033864463,0.0465767324992044,-0.0284333821971302,1.4348749453873633,-0.019405898370493,1807.4852855305685,1716.7971971084346,1723.2751487306464,1793.1237608890235,0.2571931848186135,0.0159356050604608,10.233990613552184
15.67,0.0417631515524312,1.009634168708626,1.547416714702726,0.0024331622592512,0.0214787501768355,-0.00193398779105,0.9997644736154038,-0.4450377584970504,-0.0167811153501882,0.0513230806521331,-0.0382559316693311,1.3809794926603645,-0.0206959012016553,1807.0720744755408,1719.6752028904586,1714.6093160204402,1790.202814900932,0.2876178828631018,0.0155842813328418,10.231013533356933
15.68,0.0374270271317934,1.0094181182142972,1.54774395588559,0.00216387605782,0.0286420457456156,-0.0019255461559533,0.999585535673618,-0.4397067240561376,-0.0177179977788374,0.0561397875131076,-0.0399787981311939,1.3147431403171117,-0.0225798567499192,1802.7692882561207,1710.8775547280093,1709.072148303542,1789.3309459538305,0.2983495491881169,-0.0035349558688833,10.213519171504318
15.69,0.0331100235152251,1.009200976820189,1.5480981425664757,0.001996785927437,0.0354138990100989,-0.0019190922576822,0.9993688936963012,-0.4331090281508804,-0.0186215764327246,0.0606409301736611,-0.0297510734647459,1.2363486857486046,-0.0235386221608537,1797.8303116425357,1694.4265810953189,1708.0977009325725,1788.7371930425836,0.2249720221785089,-0.0512377597101432,10.08833076169278
15.7,0.0288013116008712,1.0089869392469732,1.5484993237727758,0.0019243142149131,0.0417565687653059,-0.0019207055586887,0.9991241148475536,-0.4257174921673755,-0.0191006053737312,0.0650869987670722,-0.0168377723678619,1.148831692163253,-0.0233332578009214,1795.461307988628,1682.2782668259551,1708.9386805394731,1784.544636208537,0.2468407832539205,-0.0530234986251755,9.95047855192986
15.71,0.0245104381057946,1.008778549809527,1.5489607201643714,0.0018901999036457,0.0476585477205262,-0.0019347245116481,0.998860023634222,-0.4176911176347211,-0.0190421444525645,0.069670635599819,-0.0172475337574207,1.0584273214242572,-0.0225240126840019,1791.731352494629,1681.5216616717396,1708.3378673260731,1772.508254469851,0.2515938207505042,-0.025446694513505,10.059667371797069
15.72,0.020271774143091,1.0085766676618655,1.549472131344309,0.0018215960116361,0.0531340456299739,-0.0019591003158786,0.9985838056512406,-0.4088657254073141,-0.0187611204227687,0.073484110179502,-0.0358480631945116,0.9787641240366242,-0.0209240132331144,1780.8638901681288,1687.040178372317,1705.5659180632947,1755.928506069219,0.2613855775823153,-0.0389676636837407,9.97014394064193
15.730000000000002,0.0161408362502448,1.008381141142057,1.5499984238994795,0.0016691681431719,0.0582175073477066,-0.0019817215097086,0.998300560200077,-0.3990059329967297,-0.0187401934633932,0.0750570229255718,-0.0581440740724558,0.921419079466678,-0.0180023054249215,1765.7511552375347,1686.706463738938,1700.9357731890602,1745.4663990193394,0.2560584848364748,-0.0977589474747632,9.83017163312177
15.74,0.0121822305140223,1.008192116067007,1.5504958161840094,0.0014318956319419,0.0629519263483385,-0.001980624765654,0.998013567928548,-0.3880158173783314,-0.019163941267525,0.0738576139821791,-0.0643901389150298,0.8782940249392719,-0.0148537984689395,1756.3512872362808,1674.3243199213111,1694.2746735345236,1746.1070256691842,0.1833097882610934,-0.0093248787758397,9.727613305650236
15.750000000000002,0.0084525764249857,1.0080104972454966,1.5509353209400365,0.0011515949915321,0.067372712812569,-0.0019299312483853,0.9977253463567152,-0.3758787739862289,-0.019715857823953,0.0706570844253566,-0.0502013486716208,0.822193390161772,-0.0138907666327036,1756.9923695880516,1656.8926025751346,1686.616018261229,1750.136436650928,0.1871249561558841,-0.0133359358388407,9.66837584497515
15.76,0.0049843780907543,1.0078366168915298,1.5513190004884638,0.000880674598396,0.0714932258666491,-0.0018102688087918,0.9974390537743506,-0.362503664222903,-0.0198739262899457,0.0666398833777431,-0.0292235166986597,0.7317555703779968,-0.0156366609093567,1760.910769537432,1647.2780220486557,1681.096074371049,1748.091325108299,0.2348255372359258,0.0048073420975902,9.727166995205945
15.77,0.0017765055896749,1.0076684355111685,1.5516796099760677,0.0006456823922023,0.0752977047062551,-0.0016188483651417,0.9971595750381124,-0.3477944069896828,-0.0194212271750695,0.0628794133459517,-0.0171344759000399,0.6136546513791643,-0.0175152872971356,1759.5347141893387,1650.338926872705,1680.2164726038552,1741.2352104859426,0.2376727107192691,-0.0242902339688705,9.69599177305824
15.78,-0.0012052974606602,1.0075017878093488,1.5520624386521005,0.0004333634197617,0.0787434211790404,-0.0013734679790391,0.9968938756973468,-0.3318981960024768,-0.0186688687537811,0.060359541839692,-0.0180572674740462,0.4964629651092229,-0.0170934670499318,1753.0816793846286,1658.9348165005845,1683.1106950469075,1737.6170095312998,0.2087431494314078,-0.0353513706784918,9.53712356081521
15.79,-0.0040171666598316,1.007333459418901,1.5524983824892873,0.0002087813320975,0.0817708046578856,-0.0011082068389759,0.9966505223966722,-0.3152883788190301,-0.0181659140625413,0.0594002056852836,-0.0262464080512741,0.4036903809626775,-0.0150436249393666,1748.4081292860897,1663.1674815948636,1686.4607049873368,1739.7188658445846,0.1851291890967665,-0.0127987991800679,9.514223566333929
15.8,-0.006717977608594,1.0071647871198206,1.5529851437624096,-5.031633768593052e-05,0.0843189439610243,-0.0008631966876064,0.9964384416756724,-0.2985336223342257,-0.018160358798077,0.0588639936019411,-0.0348292892480946,0.3351177470251306,-0.0136170769149261,1748.854225696305,1660.0238231698647,1687.6435183434626,1741.9372431384404,0.1948871534521155,-0.0002478877979317,9.62517609044484
15.81,-0.0093493507411941,1.007002228119643,1.5534896900729471,-0.000330800467106,0.086343247877428,-0.0006724805960819,0.9962651664526246,-0.2819622275271972,-0.0183561688691894,0.0567808469975495,-0.0395296122123232,0.2722973473935241,-0.0136056864879258,1751.2974275027682,1653.2387233784923,1686.6034810392262,1739.244162512955,0.2045590062027378,-0.064856340192721,9.653283078011242
15.820000000000002,-0.0119234176999034,1.0068534748590876,1.553969502696681,-0.0005900027432582,0.087831463647918,-0.0005537588971675,0.996135020587727,-0.2655075416504471,-0.0182557965582587,0.0522417731607475,-0.0375330476777109,0.1976870484835093,-0.0142595817387279,1752.8293036284072,1647.660415586275,1685.2900401180227,1733.4696712913264,0.2134658082032683,-0.0479010052071033,9.583953320969812
15.83,-0.0144233154006995,1.0067215266018756,1.554396627001247,-0.0007831196566734,0.0888126951177233,-0.0005040527027492,0.9960479094101862,-0.2488458992444378,-0.0177365406557652,0.0462719930033067,-0.0281196418446267,0.108381206324496,-0.0151362873032795,1754.7222940288705,1646.8557412876876,1686.0982318274696,1729.6791048832588,0.1852574167703078,-0.078853837214074,9.558835581700745
15.840000000000002,-0.0168147456103859,1.0066012077234363,1.5547691880408177,-0.0008896962145414,0.0893525843287965,-0.000503711067148,0.9959995333279892,-0.2317186366757021,-0.0172000694071963,0.0405204110223349,-0.0152683178083833,0.0158398488829769,-0.0164089899032023,1758.2822168345224,1653.4551375581425,1690.633056461431,1729.8956565392104,0.241536392366747,-0.0700084293694235,9.556729479643112
15.85,-0.0190620785094819,1.0064809927657477,1.5551065726767073,-0.0009213276234454,0.0895314909527659,-0.0005265663153708,0.9959834265745092,-0.2141824643891837,-0.0171068561824333,0.0356199667979759,-0.0063321142166435,-0.0652053395194058,-0.0176849280511972,1761.353443048716,1666.6994922765748,1698.9061120399829,1732.9150548053356,0.208547798661878,-0.0349445406089077,9.6676405989701
15.86,-0.0211416375961862,1.0063490832127742,1.5554346862445936,-0.0009094228146239,0.0894132269580681,-0.0005505231292206,0.9959940485361212,-0.1965758400696617,-0.0174300218131665,0.0313913636297858,-0.0058968905640574,-0.129167151935662,-0.0179716609427079,1761.2417530275889,1679.9206660137472,1708.9069425828234,1737.0152317736938,0.1557438477590957,-0.0768072791392973,9.700855864915034
15.87,-0.0230472386117335,1.0061996285106016,1.5557701348973487,-0.0008847539994062,0.0890214446805975,-0.0005636925466426,0.9960291571274672,-0.1792364051856619,-0.017651227557627,0.0280170917170758,-0.0120931544151531,-0.182502485120546,-0.0171056189630642,1758.2908364063578,1685.1962998236982,1716.7978908622886,1739.4403911237746,0.129417430928284,-0.0567262502976553,9.666670019049947
15.88,-0.0247871944694683,1.0060349415779164,1.5561102724690317,-0.0008623940947719,0.0883387076500496,-0.000564697477284,0.9960899608589092,-0.1622450073790542,-0.017289700626538,0.0258252594292003,-0.0196572894950474,-0.2346141422373178,-0.0160941915230256,1754.777004929735,1681.4073078949132,1718.5944327905377,1736.685750699267,0.1448195033116168,0.0132776922840881,9.62869537946072
15.89,-0.0263760411890458,1.0058625306681233,1.5564338161287594,-0.0008396709321311,0.0873296999352255,-0.0005588318006921,0.9961789528839524,-0.1454644721920817,-0.0163823750819876,0.0240259787130035,-0.0241440349948441,-0.288042125314904,-0.0155240693365896,1752.2493820407594,1674.681798083603,1713.9007613197084,1729.719027673088,0.138009637108583,-0.0027336843066601,9.75341210465011
15.9,-0.0278261031669826,1.0056896195616978,1.5567124674553834,-0.0008066792370558,0.0859746028436897,-0.000552914560724,0.9962968489461196,-0.1288299741925782,-0.0154390982521123,0.0210380041853941,-0.0220181825670403,-0.3394816619448456,-0.0147148579999939,1751.6245550594012,1671.3963052048034,1708.5019179169583,1726.0905814289586,0.1120091067286348,-0.0246222424348182,9.74276901816354
15.910000000000002,-0.0291426190046524,1.00551943129753,1.5569269425876382,-0.0007624117975679,0.0842915925373549,-0.0005512163566854,0.9964406868029304,-0.1125151813899989,-0.0149635378663786,0.016619488848012,-0.010887469458568,-0.3870365538936391,-0.0132282601409811,1754.3271460993406,1674.004070510724,1710.5891773409194,1731.8948279442818,0.0891533219820561,-0.0254913006170006,9.771668039535136
15.92,-0.0303229634237753,1.005351473976276,1.5570773050915403,-0.000726421710638,0.0823345931980905,-0.0005536773332402,0.996604324953396,-0.0967284303150592,-0.0150162778555175,0.0126326393782506,0.0058487405385538,-0.4312397709679118,-0.0122295399252721,1760.8538505095676,1682.4192538279462,1722.4056378344355,1742.840417543954,0.1249980602827645,-0.0135477239695189,9.749505710557884
15.93,-0.0313585024936345,1.005184367186709,1.5571828090108917,-0.0007369883340862,0.0801704036597017,-0.0005565629384524,0.9967807449298624,-0.0814179016054887,-0.0151985511459791,0.0108761149261204,0.0166539005865439,-0.4699690717225592,-0.0132962648095428,1768.6151970805824,1694.5897974662998,1736.757819601586,1747.9956754734449,0.1442771565935614,-0.0215614227819641,9.910191096201569
15.94,-0.0322379240732899,1.005017840721876,1.5572750881233264,-0.0008324986582296,0.0778533487859702,-0.0005549965854179,0.996964319826735,-0.0663069102565263,-0.0150403622859756,0.0109066150779962,0.0100428478461334,-0.4985940404281257,-0.0163702445087177,1773.704256950583,1704.7917176356823,1743.2184913804572,1743.0986058623337,0.0910453829710844,-0.0463706738601312,9.88194774095398
15.95,-0.0329517470611259,1.004852043228579,1.5573903284134325,-0.001022475681566,0.0754131597393453,-0.0005463521670003,0.9971516992819688,-0.0512026741752422,-0.01443475136561,0.0109203311329574,-0.0126087530576113,-0.5179102646870393,-0.019714020149532,1774.7097678777386,1705.5965654402971,1737.872304260982,1735.8560879827996,0.056425518253377,-0.0772111191219188,9.937590426258962
15.96,-0.0334974229564182,1.0046855667402397,1.5575609236520345,-0.001265096617291,0.0728576879304978,-0.0005331063315852,0.9973414022478012,-0.0362029130990981,-0.013726979002833,0.0102018284290927,-0.0347339441326793,-0.5380797306146272,-0.0215317520192566,1772.6075781636405,1695.3058647225766,1727.290800727828,1735.0807338196705,0.0668398225840289,-0.0281543607043694,9.891216751552372
15.97,-0.0338834543979824,1.0045152332611906,1.557804788475735,-0.0014724340055736,0.0701820799932072,-0.000523506175721,0.9975329736541094,-0.0216617704853935,-0.0133735120259561,0.0096332872179247,-0.0372458261385495,-0.5696735351374238,-0.0208519170265809,1768.1991563994898,1682.5499694144382,1723.139769946225,1738.5471107011283,0.0434965067086827,-0.0310133649588241,9.886858244214796
15.980000000000002,-0.0341305665226962,1.0043389430494711,1.5581150023272117,-0.0015547686112933,0.0673776486139902,-0.0005286769748068,0.9977261927314884,-0.0080175014345284,-0.0134860801876119,0.0100740822609373,-0.0141349658383355,-0.6103895568211165,-0.017249043065352,1762.7386071709973,1679.5088154823895,1731.4236379020322,1737.6088896710205,0.0630324306923382,-0.0195044601741464,9.962436479336484
15.99,-0.034268640126968,1.0041594986935465,1.5584564832028076,-0.0014888172571887,0.0644397403034877,-0.0005560069479206,0.9979203345703842,0.0044489557598082,-0.0137032690871429,0.0112966419664305,0.0221444829655432,-0.644427677315718,-0.0111859247474836,1759.5605594899016,1689.4870681692,1745.4801189448528,1731.0160920692365,0.0620294401343679,-0.0014261691098203,9.960823194430183
16.0,-0.0343296630023073,1.0039856962424385,1.5587736622864758,-0.0013652311995857,0.0613749665250534,-0.0006008170030806,0.998113665193874,0.0158191549445539,-0.0135241689658123,0.0125463141075604,0.0458550147178228,-0.6576333765079555,-0.0051829409483144,1761.6406175115262,1704.307852493723,1750.5360360718355,1725.1429761098625,0.0602554830962833,-0.0681662152739371,9.89775894533465
16.009999999999998,-0.0343388957841515,1.0038288091971534,1.5590068748934631,-0.001365380301945,0.0582049550509436,-0.00064064047017,0.9983035152316838,0.026491885940779,-0.0127783705246419,0.0132421743485798,0.0293191624528402,-0.6518177538920518,-0.003159408815468,1767.3988140309414,1713.8517471528849,1738.394079959858,1721.9285406727604,0.0375119134554142,-0.0376500547031504,9.847842239081094
16.02,-0.0343077342044822,1.0036963308517524,1.5591115192485403,-0.0016524037498179,0.05496379012928,-0.0006372729788517,0.9984867776889298,0.0368392354574011,-0.011776691135098,0.0128968895181767,-0.0346611722657767,-0.6421648965080311,-0.0065852692862744,1768.8808741448524,1712.9534660383106,1720.406455576584,1719.6072727951191,0.0601489173589682,-0.0806479123498972,9.918458578734608
16.029999999999998,-0.0342313281374013,1.0035870888523746,1.5590740135570322,-0.0022183794326544,0.0516909769796611,-0.0005493857439382,0.9986605128204906,0.0468566175682914,-0.0110134764194449,0.0112199360197644,-0.0980853480109643,-0.6416612343554776,-0.0110650928926753,1753.952755428499,1698.8605970983722,1724.0061019075565,1727.234798215664,0.0383148035024107,-0.0480471802620608,9.962250436543014
16.04,-0.0340919254211196,1.0034906340381595,1.5589197199547118,-0.0027667208511948,0.0484243549950891,-0.0003525441757591,0.9988229586927032,0.0561705129415721,-0.0107221470972826,0.0088979342921774,-0.0433790188455318,-0.6498309455191299,-0.0085226059432878,1716.258551197241,1671.059882171392,1768.1574730127295,1761.0928412954229,0.0679586893447093,0.0042292402758912,9.877354505441687
16.049999999999997,-0.0338663107732726,1.0033904409485366,1.5587097955222553,-0.0027007420842791,0.0451947186672627,-5.658335366236891e-05,0.9989745443178746,0.0644363784915817,-0.010711624991936,0.0076092199367502,0.2602256718935513,-0.6555163179020376,0.0056835746003367,1669.001848330308,1639.270871984867,1837.1571714493955,1816.8679171304905,0.0587240273700621,-0.0244654609138161,9.804808776612203
16.06,-0.0335340966930186,1.003267872817718,1.5585278307182229,-0.0012441942073748,0.0420209292604406,0.0002915758773354,0.9991159134296536,0.0717507555089135,-0.0106450972886515,0.0084550859428984,0.8412906630213481,-0.6482623995898775,0.028009263302942,1642.2187233329375,1623.6653439799436,1886.6972023115145,1860.3115994716525,-0.0195579331353292,0.2297357348163362,10.34015397832643
16.07,-0.0330839278933729,1.0031039352134254,1.558461209308952,0.0023392132014218,0.0389050761796225,0.0006236466019738,0.9992399782804788,0.0786517321177758,-0.0105217448635676,0.0108509807599877,1.5598654016594815,-0.6272444563573227,0.0495639198207398,1655.896050891859,1636.7709340762367,1885.134229746156,1859.97895667291,-0.0298997053622958,0.330435586111573,10.653759459794012
16.08,-0.0325164412255628,1.0028783470652276,1.5585817318632609,0.0085123553257028,0.0358308051825954,0.0008748475310872,0.999321233562348,0.0856703184051204,-0.010940786723484,0.0137745081131691,2.1843312560079817,-0.6014376177654037,0.0629870460402117,1698.6590248672635,1667.9044513251526,1843.937781342047,1820.871316506548,-0.0020085015225864,0.2165192607578418,10.392724763590271
16.09,-0.031844404672617,1.0025682430839276,1.558927051710342,0.0173229910330318,0.0327708291655747,0.0010026078117732,0.9993122542604218,0.0928292868477747,-0.0129151143717053,0.0174824409709061,2.556994424883785,-0.5816367926833811,0.0661791688459601,1740.013177588668,1693.8555743473305,1801.579029767117,1775.5649531633824,-0.0145999423523121,0.0298460443526124,10.16636000107314
16.099999999999998,-0.0310906324218265,1.002149158932737,1.5594865776493956,0.0284236285376753,0.0297061068088972,0.0009917124458689,0.9991539726515806,0.0995481186944264,-0.0173849490627407,0.0228825991440707,2.693195530873075,-0.5703855265981335,0.0610826790689922,1758.700534224429,1702.333075207815,1785.6855458097632,1751.117116912602,-0.0117303323378118,0.0728407459408999,10.113895747986234
16.11,-0.0302837083170374,1.0015983369197918,1.5602011303643504,0.0412383876144735,0.0266474751856834,0.0008508223245936,0.9987935640334088,0.1050693589512783,-0.024828284523056,0.0296798352899735,2.735062387721892,-0.5588649456127657,0.050983044219245,1754.834183145559,1698.563562341503,1796.6677132239902,1752.704753208248,0.012504319799436,0.0393359054091959,10.115681036125643
16.119999999999997,-0.0294518805369431,1.0008975911816915,1.56098279011788,0.055183162155841,0.0236417446920319,0.0006084156538881,0.998196131205081,0.1090679222093641,-0.0352719517726375,0.0363809214575083,2.8231900951966717,-0.5355078298868385,0.0388381121606648,1743.499113407357,1694.2843357194984,1817.9800194329985,1769.250564601513,0.0266831199131341,-0.040241836462568,10.069620224308853
16.13,-0.0286170140048081,1.000032827667056,1.5617478716557447,0.0698273776353679,0.0207526865904709,0.0003087322063352,0.9973431545943804,0.1119177863413603,-0.0486427862619358,0.0420047314613656,2.9989239170161426,-0.4990310996165646,0.0265019814128998,1742.8306016537,1698.3459986491175,1833.216384346818,1785.11303576382,-0.0050353024241381,0.0488001817693788,10.303488691898911
16.139999999999997,-0.0277914150059257,0.9989895160051616,1.5624458290322,0.0849358170985802,0.0180294298320407,1.4155676658096082e-06,0.9962232915525134,0.1143597846612568,-0.0650663725750228,0.0467749313767494,3.200225950727283,-0.4614022127835593,0.0146614910108988,1761.9065488438418,1714.5656805668605,1836.9784151681988,1790.8071503613842,0.0224052192526072,0.1163545126833087,10.461811155322412
16.15,-0.0269788951512889,0.997745826176341,1.5630707571901457,0.1004050603300177,0.0154877009937385,-0.0002773811076463,0.9948260541611158,0.1168470666646361,-0.0847786311529621,0.0511061972945569,3.334801184140537,-0.4359476429124171,0.003683497010492,1795.3320289558258,1741.5991067637956,1835.2625465186184,1788.3751206620643,-0.0621469717658071,-0.0521956044415468,10.409070897485392
16.16,-0.026178458447214,0.9962666155212634,1.563654313097026,0.1161603319602473,0.0131174784612435,-0.0005227514220103,0.9931437135524016,0.11917504815518,-0.1078046705835983,0.0548751816242612,3.358383442119398,-0.423009730330715,-0.0055002271022588,1830.3557219609488,1774.1341758151902,1837.853070896988,1787.2694786399488,-0.1064190823494129,-0.0817021260712391,10.631132500237564
16.169999999999998,-0.0253874401531755,0.9945017699870728,1.5642475565440317,0.1320814525036709,0.0109059658453406,-0.0007631415377173,0.99117857494424,0.1207666030648069,-0.133969882279492,0.0581743994940008,3.2956324092257607,-0.4087715569997082,-0.0118035524882207,1857.9741407978613,1805.444394339311,1850.804880925604,1796.1707107787774,-0.0080836094153013,-0.0214068092580306,10.889145846202824
16.18,-0.0246023612929518,0.992391255882552,1.5649006086301072,0.1479906232269281,0.0088530851772793,-0.0010429513844158,0.9889485884373156,0.1213225398952949,-0.1634742948830852,0.0621978793920357,3.204310647689163,-0.378739593921375,-0.0154437565191181,1877.6955700255264,1829.1983945585712,1873.2608847807855,1817.6733263247984,-0.0383091593323892,-0.0222909938389048,11.00863527218542
16.189999999999998,-0.0238183140751514,0.9898764142921964,1.5656473826150274,0.1636889848695559,0.0069673316118261,-0.0013973510259788,0.986486401291318,0.121140230037512,-0.1973497644243212,0.0685631471178404,3.128018127512684,-0.3332364528547292,-0.0186354770147301,1895.983138676188,1841.41180364438,1898.646809157681,1846.709749753205,-0.0370318844522319,-0.0552855237839806,11.282326797540206
16.2,-0.023028443696742,0.9869132161836766,1.56650079665976,0.1790026948999779,0.0052489882281794,-0.0018348800695329,0.9838328702357206,0.1207776656895546,-0.2368946950268348,0.0776333104426812,3.074553411318988,-0.2901737571728504,-0.0243272516650081,1919.7174127976864,1844.0053754289536,1920.4318306494151,1873.9626711059257,0.0163762577351137,0.0154447454656048,11.71167287854814
16.209999999999997,-0.022223783481887,0.9834806432664372,1.5674595086187373,0.1938057296869279,0.0036778757195515,-0.0023340772720723,0.9810302566455312,0.1204922397316966,-0.2823427634184882,0.0879136310913498,3.025958345685104,-0.2698205276149448,-0.0337170280060118,1947.9032721534045,1846.7788705822252,1937.449337088871,1893.1393898935848,0.0458040638971315,0.0400090506027837,11.824069402692984
16.22,-0.0213927994693723,0.9795787994127584,1.568519686268735,0.208015207185687,0.0022179824243776,-0.0028509235734806,0.9781189224057774,0.1200699215454594,-0.3322576876353264,0.0972824482107519,2.961063629691783,-0.27316068826194,-0.0445637093067444,1971.9289262562868,1862.4434519658253,1952.2929620624143,1904.4535293555564,0.0650441992729883,-0.057417849033114,11.893578868400098
16.23,-0.020521148810599,0.9752169399166244,1.5696807776300057,0.2215794943253607,0.000836856291913,-0.0033324029575766,0.975136258405251,0.1191253107605038,-0.384649207725714,0.1047149931007934,2.867571557523111,-0.2766248578192745,-0.0521910821456529,1985.9326141377967,1894.907004615215,1966.9171273736447,1912.166487495076,-0.0102418316932323,-0.0064434409267777,12.250287760826382
16.24,-0.0195938682429609,0.9703975780621636,1.5709387541837545,0.2344792058868878,-0.0004749572846121,-0.0037337264029368,0.9721138491500778,0.1174956680101215,-0.4388437062654179,0.1109282811903122,2.7429836716002924,-0.2534943290199735,-0.0532673802054232,1992.6835798910536,1931.6682700134784,1982.1528022668397,1922.16267966305,-0.0203657960448031,0.1542169445309404,12.50095836584024
16.25,-0.0186016767705358,0.9651042996594896,1.5722711551952948,0.2467400642129402,-0.0017001589192816,-0.0040366985017349,0.9690718008677424,0.1154095407339713,-0.4960607769709705,0.1175559978897546,2.5982316108053496,-0.2027029682172799,-0.0495085891476748,1997.1839304860669,1952.4802017958675,1997.977006364564,1939.7396935104016,-0.0236946830142032,0.0828846241907896,12.505547384947594
16.259999999999998,-0.017549584224103,0.9592967863379688,1.5736269201431203,0.2584371815699868,-0.0028111743421502,-0.0042631973986359,0.9660145680210626,0.1133490790780692,-0.5580383043182378,0.1254705377146329,2.459363359356856,-0.1535526298677986,-0.0472398790052299,1999.413936196227,1948.7649256532468,2011.7791897780064,1964.0304039353712,0.0093002077842631,-0.0665755499673288,12.663173077012797
16.27,-0.0164623058098983,0.9529114380628176,1.5749344596939816,0.2696712836095964,-0.0037961023839168,-0.0044736922227518,0.9629345639662852,0.1117017841401036,-0.6253213286888304,0.1336225072063684,2.3501392524047238,-0.1387650161142834,-0.0518644354963142,1997.369034087141,1932.602836189612,2019.003825797988,1984.4067374710976,0.002150745333906,-0.0287784417230287,12.816047107891206
16.279999999999998,-0.0153811443346373,0.9458652797523168,1.576132000587381,0.2805180733757271,-0.0046747929835558,-0.0047434386212475,0.9598256386501548,0.110432195983361,-0.6970042366480986,0.1397863109232238,2.263563125822436,-0.1626053384787336,-0.0619542291446374,1994.655268400777,1925.114246898467,2016.2235441210792,1986.7991186953652,-0.0560525860830516,0.1005680283493895,12.878005523968662
16.29,-0.0143519186184811,0.9380642771514532,1.5772077618552744,0.2909754536258226,-0.0054913916044739,-0.0051230249861931,0.9567010424476832,0.1090199053412081,-0.7717154338408654,0.142674648266378,2.1547919042228503,-0.1961986008349313,-0.069691291862959,1998.8691034251,1936.7981412025213,2003.0027479464693,1967.261012485704,-0.0570193594178926,0.2545292821055298,12.731236787260787
16.299999999999997,-0.0134093419797562,0.9294197097351896,1.578224834848577,0.3009400540010992,-0.0062872204773175,-0.0056058559671825,0.9536058562820175,0.1067685912375275,-0.8483599134856881,0.1428702878096325,1.973103324551359,-0.2039358204167136,-0.0683580215280904,2009.370902247805,1958.024732302826,1983.77568121872,1940.1182962519892,-0.0017436406972682,0.1885265997030583,12.697709275968702
16.31,-0.0125654583711256,0.9198741795196675,1.5793099251841345,0.3102281486567522,-0.0070740592764489,-0.0061261685907822,0.9506160757765224,0.1033481271689644,-0.9260815474654144,0.1414359383019529,1.7110028526254064,-0.1749012203355389,-0.0589597330544489,2012.0943606075696,1967.2106869108231,1967.565584082088,1928.2262860624303,0.0019891805194094,0.0717401103421035,12.455866373553828
16.32,-0.0118074045675237,0.909433075782084,1.5806058445019937,0.3186294058005195,-0.0078288403106443,-0.0065927790617249,0.9478241114694442,0.0991578401550425,-1.00430522697032,0.1384594014883625,1.4207215385149252,-0.1304831032754028,-0.0483685488796595,1994.627477284022,1951.0697755628807,1959.762848088716,1939.3989914993367,-0.0179818230001523,0.0054189965596034,12.30030223305988
16.33,-0.0111050205746763,0.898191226310448,1.5822085605213652,0.3259640928458601,-0.0085147715799486,-0.0069394341068647,0.945318334263328,0.0950904453471045,-1.0833513901175686,0.1339251417452861,1.1692085436974131,-0.1027976016291556,-0.0415280257527477,1964.3537669191032,1919.2572941600736,1954.2059637861407,1955.043571540407,-0.0799994770758766,0.2420218750650304,12.370683911237794
16.34,-0.0104243851353268,0.88634084158834,1.584117047894767,0.3321158501097903,-0.0091137131965993,-0.0071606947630607,0.9431673906513794,0.0917983466285676,-1.164421440881663,0.1295478065889421,0.9713166971084336,-0.1053022163649821,-0.0369350455598672,1941.7501670613856,1895.0388857469984,1939.577123005049,1949.0356470210295,0.0288473014006225,0.3310534518183612,12.184039144772193
16.349999999999998,-0.0097412255859708,0.874147698170793,1.5862188536604462,0.3370311006352245,-0.0096462638017896,-0.0073112144651572,0.9414157067641904,0.0891488719026758,-1.2475637695138428,0.1279825592209304,0.7784334215524227,-0.1235939192335308,-0.0295670640780964,1934.137343756027,1887.989451032606,1913.1252468403488,1916.4385126393563,0.0756878711624923,0.212622835458407,11.748623018554154
16.36,-0.009048828357024,0.8618899419893344,1.5883226431943318,0.3406982967543793,-0.0101650000307103,-0.0074698779981912,0.9400880513471772,0.086412593988425,-1.3289982594475491,0.1289464958416527,0.5403919581163776,-0.1337673946841971,-0.0168327304453423,1924.8683509329492,1881.8048395547487,1882.9733018969605,1877.0193284680363,0.0350580409634846,0.2170246960246782,11.392870287648291
16.369999999999997,-0.0083576529556852,0.8497686655783038,1.5902319008963666,0.3431266890884158,-0.0107248927901556,-0.0076923597575638,0.9391964009253984,0.0829668459184657,-1.4017617627404326,0.1267525915484777,0.2676798262854643,-0.1265724479631963,-0.0012938827511978,1893.851772378974,1856.0175982366427,1857.449415401844,1850.864475741767,-0.0044158892307001,0.2425387680826451,11.12954956420067
16.38,-0.007687390423795,0.837817464119137,1.5918310531927138,0.3443323016798078,-0.0113495842212574,-0.0079811320382793,0.9387453086376932,0.0788202928353214,-1.4611492038066756,0.1135259947754897,0.0176957634861048,-0.1107434184355863,0.0118644088472063,1844.662817025937,1814.8070653376333,1835.6344610690755,1837.0851752770127,0.0142795327987224,0.2328547586284797,10.639188043851238
16.389999999999997,-0.0070556997964419,0.8258491944455087,1.5931378777341303,0.3443272900144334,-0.0120135721685544,-0.0082875555658381,0.9387362291175356,0.0745204981754817,-1.5099820631935637,0.0861051993058013,-0.1809753280870046,-0.0958970108545481,0.0198554036186292,1804.586337245008,1784.414138623853,1809.6009183421504,1819.9305071413305,0.0977333058526941,0.3187716211147808,10.120631850363836
16.4,-0.0064693948951015,0.8134704964431939,1.594284271965655,0.3431143396859843,-0.0126496629100906,-0.0085382677511288,0.9391696512951864,0.070609590582476,-1.557022235246263,0.0501399661843322,-0.3772411739336215,-0.0797185284007619,0.0248266548579358,1795.8709468772124,1782.360977222046,1776.1658047409874,1792.1654816116986,0.0594887020007977,0.3668534334021709,9.925099533447275
16.41,-0.0059221493586368,0.8001676034258496,1.595426267783722,0.340700212259125,-0.0131771376943394,-0.0086658625165568,0.9400396966275496,0.0671688033275338,-1.6093429663994003,0.0175054309158118,-0.6562948980226979,-0.0545193309979611,0.0312536176128426,1810.97788962778,1797.109591120869,1744.2589884558738,1765.2488723921706,0.0474839129574307,0.3296164564154713,9.833907507485026
16.419999999999998,-0.0053990770902574,0.7854373225636098,1.5966303082167683,0.3371350348587565,-0.0135363036117811,-0.0086293005353348,0.9413194313980698,0.0638542191415016,-1.667162203863691,-0.0015222292459321,-1.0451879360068106,-0.0214141936562254,0.0411342453178929,1819.9344465881384,1800.2403390989623,1726.3071658688305,1754.2281091416444,0.0474183510692325,0.2369250942889333,9.58889026716742
16.43,-0.0048853541491136,0.7689239106417879,1.5978036638089337,0.3325492942055718,-0.0137126601670887,-0.0084221528417096,0.9429485655198956,0.0603351218957702,-1.7268795780696269,-0.006646364631316,-1.4658782664279562,0.0069910092462244,0.0523916696825564,1799.7367769990942,1774.079739851319,1722.8739185230504,1758.407533587117,0.0546910351526301,0.3168337144189737,9.516583452278525
16.439999999999998,-0.0043747597569308,0.7505268691783658,1.5987165415829196,0.3271320332737594,-0.0137399801184177,-0.0080723698123083,0.9448442636742496,0.0566934089173956,-1.7882985278434007,-0.0099958465240452,-1.793386200718443,0.0177799417024183,0.061856091123246,1753.907028769213,1726.3624751638904,1720.647947153246,1761.374629849906,0.0799271454921645,0.4038283588397915,9.477568303320751
16.45,-0.0038744825434193,0.7304531771647765,1.599110392793385,0.3210168232231951,-0.0136833845086843,-0.0076345045741659,0.9469438623994468,0.053421958944282,-1.8570194124861523,-0.0279407533907143,-1.9724712143490124,0.009636218060281,0.0690491649231703,1707.5249017171443,1683.740056734962,1705.1675941762887,1746.1991195199885,0.0256108203747153,0.4987955601883111,9.28555515363062
16.459999999999997,-0.0034041170337001,0.7091932534395733,1.598831204768675,0.3141198124196763,-0.0136131394880302,-0.0071735434492648,0.9492586402836102,0.0510122238933265,-1.9380136787999127,-0.0669182519680359,-2.0874125037143045,-0.0054313050074564,0.0768554347894016,1687.4709468702697,1673.872190536629,1671.643325150082,1707.4878416515205,0.0328167447938152,0.5479488542787827,8.92756354726505
16.47,-0.0029889352364864,0.6874104937837988,1.5979078593267,0.306046569822531,-0.0135812508562918,-0.0067434491575169,0.9518957782333636,0.0494540897227726,-2.026483198552897,-0.1168782269411979,-2.315590315639637,-0.0100088330234413,0.088895269061328,1702.5376106334993,1705.3333992767684,1627.0877547088464,1655.0355112403208,0.0697278750165878,0.4905050651345126,8.68008584177732
16.48,-0.0026497981396567,0.6657601985288207,1.596532580061068,0.2961746439467902,-0.0136076711532718,-0.00636825613169,0.9550156317477834,0.0480865499800705,-2.1067496980003546,-0.1602835809673015,-2.7884207317157617,0.0077611652881223,0.1061971092335843,1734.2936393067248,1754.475599769857,1590.2895040399012,1612.8741564723168,0.066735567666754,0.4235576379688162,8.56940195856318
16.49,-0.0023938131541929,0.644691063357776,1.5949660939742536,0.2839122445261222,-0.0136773037233913,-0.0060342944489425,0.9587337253176718,0.0460116815327673,-2.162828241937959,-0.1875039593177128,-3.462058549292339,0.0464185571051165,0.1257499408826417,1747.4034195062734,1775.6022848116152,1587.6204996197257,1610.4017341412675,0.0226802390964806,0.3715887651798479,8.634340880023595
16.5,-0.0022100752325129,0.6243072479508682,1.5934319616271184,0.2690050931348592,-0.0137466768759007,-0.0056991692037262,0.963023783825074,0.0427870628012449,-2.1919654926106227,-0.2023466284467261,-4.109144560289197,0.0913157686183414,0.1419862744059839,1717.8120063691952,1738.0787587362393,1635.3171128940703,1662.4559349982997,-0.0159882626093336,0.3195266876411713,8.7120573383928
16.509999999999998,-0.0020727971837271,0.6043554286219188,1.5920545932201715,0.2517132563023076,-0.0137589299402546,-0.0053159682931401,0.9676894485989264,0.0387660825972872,-2.2078661100346304,-0.214010564094444,-4.462656341848984,0.1234586572539107,0.1502456624997788,1657.921621128808,1659.1588573423169,1717.6614206300044,1750.7635673497944,0.0318910792868764,0.5455254566591798,9.030769678787005
16.52,-0.0019504097253698,0.5843463727719065,1.5908531868257554,0.2327470007473003,-0.0136642043490441,-0.004860530044691,0.9724291739814928,0.0347398723861669,-2.2295051115782405,-0.2269083799370518,-4.416923519252454,0.131493818968903,0.1495090261254755,1611.8183171448811,1594.2021964769106,1789.337304358995,1827.9908348587076,0.0749681870166902,0.7203011597172151,9.44178150596303
16.529999999999998,-0.0018159893854467,0.5637537959743003,1.5897690638779802,0.2129898558389252,-0.0134386590936467,-0.0043445328672597,0.9769523267722146,0.0312622794249606,-2.266152155783004,-0.238789362871675,-4.121215981582835,0.1187347043114332,0.1421545362372522,1617.9178491168,1588.9409557468186,1811.3471162497103,1850.7840511240972,0.0650249900186953,0.950677353900106,9.828426564590822
16.54,-0.0016539867724286,0.5421985752710863,1.5886970420564686,0.1931573593865864,-0.0130930427084854,-0.0038060217986669,0.9810730456726976,0.0283390549213567,-2.3130022370172005,-0.2456010916122022,-3.871234752959635,0.1006959109160462,0.1316139702184881,1672.2703334654627,1639.9916621439772,1788.3286877129224,1817.9809427230512,0.0394604783351817,1.0107276597324375,10.033301181794622
16.549999999999997,-0.0014611093724184,0.5195458963084759,1.587504839367096,0.1735678473212923,-0.0126660767398097,-0.0032854203247163,0.9847349790118984,0.0256609777102984,-2.3594052970455657,-0.2458013742554757,-3.8779321156877433,0.0941783132248467,0.1207793181284634,1731.3344606100895,1700.3897787156566,1764.6348797658816,1774.5582034123408,0.0757680821731631,0.8908984823069925,9.947519102170496
16.56,-0.0012431643676123,0.4958967625395052,1.5860414373558585,0.1541264160598517,-0.012206927981828,-0.0028039541869176,0.9879717488990812,0.0229793878525017,-2.398822732814192,-0.2410845074055984,-4.1152373676007,0.1044640899378586,0.1119084699764229,1754.2384734671464,1722.8828618038706,1778.7651546283068,1769.6804125254632,0.0575316061258588,0.7540369726826239,10.02342232245176
16.57,-0.0010114171429737,0.4715041429307247,1.584145382401772,0.1344979380052699,-0.0117562819876649,-0.0023563790778975,0.99084133037727,0.0202523875015294,-2.431266765082837,-0.2352641032297113,-4.381812651081583,0.1207867853252602,0.1061702764224273,1740.7148724482786,1700.5091874541554,1825.8629848629637,1809.7569912358551,0.0388631546634462,0.7667016931704353,10.184282201755764
16.58,-0.0007803632332173,0.4466641879301319,1.58166391002619,0.1143483776310135,-0.0113333756371343,-0.0019187027359478,0.9933742103103108,0.0175633245737971,-2.459370448843059,-0.2327932401811762,-4.504180823799003,0.1264018276934194,0.1024070381360537,1724.5186747399948,1667.9234876119726,1871.3339490277112,1858.9477489836956,0.0228496704603643,0.9309303368533884,10.597340202927612
16.59,-0.0005660616470414,0.4216255809043809,1.5784855963136484,0.0935207464071575,-0.0109317511340382,-0.0014644975933591,0.9955562375151846,0.0149861614354759,-2.484479327548988,-0.2363863601332723,-4.47462671019029,0.1168719375645472,0.0973882995256388,1733.4787446704477,1664.6670056714925,1896.0791798098544,1884.838283972368,0.0930466271199504,1.0840189876869353,10.908351097008929
16.599999999999998,-0.000383556329559,0.3965393365035048,1.5745787101330977,0.0720798271039871,-0.0105235697977885,-0.0009819673796744,0.9973428641863518,0.0125208802979724,-2.506119742612253,-0.2442637793666592,-4.40498660323058,0.108200254577783,0.0883761657962067,1764.6571118475713,1698.68691234038,1915.1093245347824,1893.2212027610044,0.0451585333846653,1.0847478139468874,11.169929362493749
16.61,-0.0002437506941024,0.3714513520580771,1.5700215658600596,0.0502497086227883,-0.0100707715689911,-0.0004847273621871,0.9986857921201816,0.0101380499893677,-2.523414191772276,-0.2505699805327948,-4.381036472556586,0.1212396925756441,0.075365633635136,1798.859471131745,1745.5040533039946,1950.3952374765463,1914.2171105120008,0.0976785525955949,1.0246935323789776,11.364632133120878
16.619999999999997,-0.0001517247337807,0.3463279805428421,1.5650146576179151,0.0283135749762163,-0.0095402065537462,-1.1388549391883986e-05,0.9995535632477526,0.0078630637514296,-2.5358930631557306,-0.2505830490217435,-4.386780331866273,0.1546707429313346,0.0608108432386237,1828.3336242639552,1779.1617540678938,2000.7217749486929,1963.8255325997795,0.0924154840997394,1.0443352277052071,11.966731216442213
16.63,-0.0001077833755245,0.3211008171972123,1.5598730567913413,0.0065291586350876,-0.0089176363957251,0.0003872982835147,0.999938846054433,0.0057627467787261,-2.543217909687729,-0.2449059790274193,-4.357622257861099,0.1796760415095297,0.0479321031043889,1862.13039477261,1799.7708557801511,2048.8377570510843,2028.0425659761968,0.0300693150314838,1.1472671324684325,12.90845168791173
16.639999999999997,-0.000110342201364,0.2957174229676953,1.5549999173659284,-0.014924415892296,-0.0082140321271249,0.0006700177335775,0.9998546607196092,0.0038280527089928,-2.544949305816301,-0.2360237256178982,-4.271810126189619,0.1704060397998293,0.0393715710972878,1908.547092339879,1829.6057275529408,2088.754699373076,2081.903945998165,0.1249651727549681,1.2006229159360482,13.501178592827648
16.65,-0.0001583694890229,0.2701862389682435,1.5508363493799615,-0.0359709254793409,-0.0074551872047746,0.0008252176747109,0.9993246878365863,0.0019260398106896,-2.5408614962583336,-0.2215159089390485,-4.1713851233458685,0.1376986169042178,0.0361179980393909,1961.7019552611544,1884.039190914304,2130.6104920163384,2116.3701352797743,0.1643698804894292,1.166010541455583,14.09284510011028
16.66,-0.0002516093085283,0.2446041622068002,1.5477847554771649,-0.0566252952003736,-0.0066648607259397,0.0008781745094883,0.9983728684136528,-8.821497788450192e-05,-2.5310933523729,-0.1945881878893176,-4.107296887215184,0.1209469906029798,0.0363360375260239,2009.0646900305053,1950.8977773425408,2179.011848840534,2143.555855416159,0.1555474532647538,1.11005108014972,14.533266769220928
16.669999999999998,-0.0003886140060828,0.2191550280473759,1.5461209435947232,-0.0769655072027732,-0.0058515811749797,0.0008788513689303,0.9970161971197076,-0.0022414279817377,-2.515635021252338,-0.1520178401180977,-4.088346273495788,0.1423684290166333,0.035209816747193,2046.54835941709,2002.497063501208,2220.624358825441,2178.2117669808194,0.0545048419125892,1.0997787361222122,15.162519850271645
16.68,-0.0005643667262411,0.1940706878517478,1.5459288839961722,-0.0971012275108381,-0.0050137301470901,0.0008763085892826,0.9952614963963776,-0.0044410824046174,-2.4937329976451164,-0.0976556308715328,-4.09015226500669,0.179034331361924,0.0274363534141676,2078.1744941887523,2025.0166531520804,2240.104405473736,2218.9094617138835,0.0954350418848904,1.2150100294941413,15.889941235797856
16.689999999999998,-0.0007696520602076,0.1695567013916863,1.5470898846755536,-0.117160011252814,-0.0041587791004494,0.0008932404225574,0.9931039414085424,-0.0065548590342671,-2.464082100944182,-0.0360348116243607,-4.098812613366928,0.1886316214712752,0.0120593981228883,2103.0553380612355,2029.3953107449136,2238.6964603036254,2248.655774190616,0.1388851519923013,1.3050733623601865,16.09395595214284
16.7,-0.0009928093097492,0.1457002927997343,1.5493372778072974,-0.1372840659098751,-0.0033150409581179,0.0009137445404749,0.9905257497014472,-0.0084638296278654,-2.4259174274971453,0.0337113184744696,-4.133722354359591,0.1579411283119389,-0.0046710343538809,2113.100785067808,2034.3095152652968,2226.612981764949,2249.303322749951,0.1904396896563852,1.1217166116794512,16.083749307415417
16.709999999999997,-0.0012222664673158,0.1223937828613769,1.5523663207116685,-0.1576145910778028,-0.0025199669244831,0.0008913863754719,0.9874970865154014,-0.0100924701846595,-2.380184268032369,0.1130360439775736,-4.233536509595745,0.1166645414543025,-0.0134557717966203,2103.9720600387845,2044.3345102889784,2203.9864212952143,2214.500080150709,0.1436110029877479,1.1370428037716156,15.994059875413498
16.72,-0.0014476591396263,0.0993160978787281,1.5559727762227558,-0.1782501668474884,-0.0017942778457051,0.0007758541536751,0.9839832603434812,-0.0114413168962281,-2.329474148921448,0.1943509539931255,-4.4213073918372015,0.1034919436423403,-0.010610945684811,2077.572336211734,2044.45751239692,2164.427985785002,2156.581542678668,0.1007458128765703,1.1385432828108213,15.773584129501264
16.73,-0.0016592567744293,0.0760116634770634,1.5601735389393665,-0.1991919046615815,-0.0011279919623507,0.0005468943028024,0.9799597000173252,-0.0125689392267503,-2.2759538469359075,0.2618204142935477,-4.664338456149332,0.1258813684885358,-0.0016036670130636,2033.7293829596963,2013.773127403561,2116.288949185644,2103.732221069613,0.0991724742908821,1.0526782920347353,15.23745895908901
16.74,-0.0018476759236841,0.0520833173289932,1.5652429634508778,-0.220310272317384,-0.0004931208573302,0.0002369517109943,0.9754296922880432,-0.0135024186180875,-2.21860823655408,0.3050674055154314,-4.85984441325013,0.1564633262419145,0.004640868603953,1973.4298970056864,1949.008603638537,2083.7110465194214,2080.6795186025192,0.0746442190594623,0.8248810812046621,14.399812514006276
16.75,-0.0020056254707508,0.0274716899772958,1.5716085674087727,-0.2413747443001072,0.0001282427692593,-7.493570833104243e-05,0.9704319712130726,-0.0141904285174754,-2.1534153497478217,0.330875454151458,-4.89025525005613,0.1637362922843418,0.0036013285024762,1913.9343098896436,1877.102258184269,2078.2841283229573,2084.5457620803395,0.1192216381614327,0.8402302163655122,13.834871460212437
16.759999999999998,-0.002130807894576,0.0027369513105795,1.5796097109019291,-0.2621708454356333,0.0007252547352051,-0.0003013419383081,0.965021155727775,-0.0146061580995682,-2.0787778274870448,0.3589267830406332,-4.731131947867302,0.1397885778058707,-0.0028829251994417,1885.467091163224,1837.4334313827967,2078.5628027174425,2083.7895851803423,0.1576311885733085,0.9189428791328638,13.565903015626349
16.77,-0.0022271107282939,-0.0207877780067302,1.589206919148553,-0.2826808296800523,0.0012650101968987,-0.0003986615307589,0.9592131094546108,-0.0149001150356141,-2.0018081576398923,0.4048068527451914,-4.50809077886751,0.0999772859538425,-0.0104095189346951,1900.53658963782,1845.3199955793573,2049.860869703677,2047.7586073311493,0.1512109179880113,0.8549209834734341,13.423115354730369
16.779999999999998,-0.0023021387739851,-0.0411079210045355,1.5997792430086717,-0.303234506866474,0.0017205313046997,-0.0004023079733351,0.9529143255118848,-0.015344024455847,-1.935059218638936,0.4663028083782967,-4.419795615457479,0.065613098453811,-0.0162251824398252,1932.931573631001,1875.918464896067,1986.004907826558,1978.834757422333,0.0464089744627528,0.7779318484556983,13.379322475459944
16.79,-0.0023620500708703,-0.0560176438704369,1.6101212893173675,-0.3244949478314819,0.0021001320722843,-0.0004206958291675,0.9458850042643356,-0.0159610814932053,-1.879473932897196,0.5239946952682698,-4.5766236276483525,0.0522994687463941,-0.0202855747587048,1940.5590509616136,1888.779164478646,1921.936791055516,1912.8678263300608,0.1011554092222871,0.6918486565550781,12.787416601319752
16.799999999999997,-0.0024069723097145,-0.0638254237786999,1.6186643665282192,-0.3471914505885698,0.00245579828706,-0.0005856278949467,0.9377908736669102,-0.0161765242449177,-1.808734944259348,0.5526850425025038,-4.898853668708408,0.0666460094117758,-0.0232854831818105,1909.0680166967827,1865.9609082607265,1897.8626244884197,1886.071720120322,0.1316460238039862,0.483540560883628,12.02961545879572
16.81,-0.0024303348078502,-0.0641173834797074,1.6238546537937677,-0.3716629369287454,0.0028614188816427,-0.0009806817262696,0.9283628126216792,-0.0150647822020008,-1.6808003475771978,0.5352364647985073,-5.160843767629284,0.1017369156010144,-0.024044184122974,1859.5515083171183,1819.0577515596283,1919.6671574792867,1905.5046398732056,0.1492286052722236,0.5200361491846008,11.762248815724387
16.82,-0.002423224504127,-0.0581983069619769,1.624570493646314,-0.3974490399132467,0.0033728377890246,-0.0015848624300821,0.91761668078145,-0.0122361954372953,-1.47828660501299,0.4743367087141007,-5.1231350877432416,0.1352404228384109,-0.0194441560351391,1811.180371517252,1761.3832810979236,1965.1124479812504,1954.9067133231408,0.1176430743631301,0.7418321229345457,11.91094706413125
16.83,-0.0023816139106445,-0.0488992526108212,1.6204558844685597,-0.4232104886068681,0.003994706316062,-0.0022668423533853,0.906019749277205,-0.0084566884722788,-1.2373692603941402,0.3942188238455573,-4.637294816868486,0.142323125393269,-0.0080766816879617,1758.2322428014454,1692.5244385493963,2014.9966184540085,2016.111854928273,0.0248981416425355,0.7250678971450659,11.97312414798963
16.84,-0.0023122654712685,-0.0397226744308584,1.612080811487068,-0.4470781061039472,0.0046737597642979,-0.0028393910334143,0.8944782059227226,-0.005122737610776,-1.0252407839891156,0.3222708795835218,-3.6936496782685166,0.1164227735358229,0.006252053933708,1699.0927425724717,1621.454279579583,2055.81958633235,2068.5655205241137,0.0402315564387274,0.6835173788890421,11.902476400763126
16.849999999999998,-0.0022340138462693,-0.033682064385306,1.600899800198868,-0.4672355606915781,0.0053207909092493,-0.0031458661320466,0.8841112619662786,-0.0030736935470377,-0.884476824378037,0.2624649337388313,-2.446192178931842,0.0736180870697361,0.0166573535967248,1664.0150621185608,1582.3603660278443,2064.790470516973,2082.2542623747604,0.1493897511021748,0.961065726588652,11.87758429511415
16.86,-0.0021740539490478,-0.0323904193345967,1.5890230528570837,-0.4824022319481747,0.0058483983898245,-0.0031301723771598,0.8759247027391012,-0.0020893067697374,-0.8035939082595659,0.1945371344504828,-1.1776002828225884,0.0344320502848605,0.0197908470422024,1681.2452873905418,1599.2614943786598,2030.009436884744,2043.4075151599131,0.1400039777710218,1.0665322567556013,12.236886412303097
16.869999999999997,-0.0021611434733944,-0.0357856221945485,1.5788052346793984,-0.4920174939394581,0.0062057300709886,-0.0028546715789915,0.8705585134969374,-0.0014790312214639,-0.7390544686614681,0.1062942938567031,-0.1357398650265194,0.0081505615927599,0.01853468241468,1727.2168450316624,1645.6685140174625,1986.679356823686,1985.9199754102792,0.065196164589544,0.9606354033583075,11.957938018656789
16.88,-0.0022180783851963,-0.0424992399618118,1.572271226365652,-0.4961626491504139,0.0063941715473943,-0.0024624117260402,0.8682025551026427,-0.0008528613718006,-0.656540650005314,0.0161929097306371,0.6574152213306038,-0.0013682869287827,0.0166685036913753,1750.0207476251994,1671.0967161358285,1991.997882898671,1964.433040815288,0.1060875849526544,0.4392337647626565,11.154406882497668
16.889999999999997,-0.0023554652480297,-0.0505755987239917,1.5705364069738934,-0.495366066206331,0.0064574281374763,-0.0021071846029722,0.8686577702675335,-0.0002547488639361,-0.5506850930885614,-0.047725292541244,1.3887732589131792,0.0125315325336636,0.0130648627897056,1743.9125376563422,1666.3841702285497,2048.1491755660204,1988.5835178360103,0.0710789549445682,0.4027835646754445,11.36809023179757
16.9,-0.0025686880380033,-0.0581817238604827,1.5735204161657976,-0.4904003861119421,0.0064527974998407,-0.001886781415184,0.8714713206764612,0.0001747799193558,-0.4352994788273148,-0.0819677006481354,2.196306750892256,0.0454794064955338,0.0042508184287829,1760.4496520892274,1672.5056213634623,2084.020192047052,2009.695338253453,0.042304958352422,0.771328308122281,12.351693561924538
16.91,-0.0028395970423941,-0.0640649086880336,1.5801400088744786,-0.4821162984484526,0.0064206283135087,-0.0018098198678256,0.8760818311404868,0.0004288766573798,-0.3234483708213163,-0.1067635125692631,2.964515734285007,0.0661567722363175,-0.0083659870593687,1831.0744843031507,1719.073414495032,2036.907161050687,1981.027630328757,0.0261976968233924,0.568990267317397,12.232037067164214
16.919999999999998,-0.0031429565261569,-0.0676884462228893,1.588838233086755,-0.4713209363452741,0.0063693141506675,-0.0018076063323835,0.8819369248190094,0.0005837048550314,-0.2178260771173507,-0.1375451642961885,3.4339496228885817,0.0378843951052564,-0.0177547838980988,1912.2144979144864,1781.0795420935638,1931.162796309893,1911.294810092119,0.0013968523119967,0.3102206645721752,12.164266089007429
16.93,-0.003455432796921,-0.0691126764577693,1.598117329192536,-0.458680778463987,0.0062836411657721,-0.0017800393070266,0.8885771158326307,0.0007109014287804,-0.1152606106924659,-0.1705247243456475,3.501402935492502,-0.0346663986199966,-0.0186968015350297,1932.1864453115716,1809.1226601009416,1852.291402449448,1850.1722407688835,0.1240828844412184,0.0185864698721136,11.794923430740296
16.939999999999998,-0.0037634538503456,-0.0687502732191469,1.6068513829094997,-0.4446270541238368,0.0061505565707299,-0.0016504353680578,0.8956931558620534,0.0008960240178646,-0.0145045712715771,-0.194259486530112,3.361134502659663,-0.0956631316322575,-0.013462947068499,1874.2820204798727,1784.458604668208,1851.262027995774,1833.062935824684,0.0800182533099544,-0.085230395606997,11.25250104887362
16.95,-0.0040665979564432,-0.0671186055847533,1.6143638068521589,-0.4292960408776496,0.0059851502830546,-0.0014027415425167,0.9031429120460556,0.0012142215740743,0.0826003818959557,-0.2053106429012843,3.3369468224656718,-0.0897192781489296,-0.0089650938295488,1789.834972260772,1729.9485497635026,1893.052563675648,1847.2563489801048,-0.0136929531034746,0.0215636054141645,10.961432919561972
16.959999999999997,-0.0043749370893575,-0.064666477623361,1.6203612843669393,-0.4125879823460115,0.005836752332818,-0.0010844495308602,0.9108984098762428,0.001597888254326,0.175394351213757,-0.2105208785106417,3.598031680592966,-0.0199562435642346,-0.0097946744421103,1736.3882818592915,1676.6209702083383,1901.4327833853256,1848.745161855276,-0.0267721145262407,0.179540295686448,11.114446983642896
16.97,-0.0047014215165711,-0.061697987613979,1.6248136698376603,-0.3943816326413983,0.005765097636225,-0.0007765935292711,0.9189283369158012,0.0018174658742163,0.2663151373856346,-0.2186732231809083,4.045710809481094,0.0535487477701025,-0.0147814536950735,1722.850452028842,1635.4023498499505,1840.212053048658,1807.689518931979,0.058394320634378,0.1633139815805133,10.693149803628394
16.98,-0.0050531134157008,-0.0583745531231175,1.627833812534167,-0.3748012915872332,0.0057980974646027,-0.0005505060684739,0.9270868734015176,0.0016865779963005,0.3567228690758396,-0.2330043586346575,4.44960148052343,0.0709460898404047,-0.0191471243768602,1716.515256987545,1601.6574905930477,1739.7032367061713,1734.0990677936036,0.1276613282379352,-0.0561769562691321,9.944198055698452
16.99,-0.0054259962683759,-0.0547573609585397,1.6295861246976124,-0.3543245136457379,0.0059020398429398,-0.0004368936921687,0.9351037985589116,0.001234108098241,0.4419217020168117,-0.2507946554738284,4.664951778501006,0.0232930297840975,-0.0192625073642775,1686.3355307522295,1571.5757817949805,1652.8247912834192,1660.7260736135522,0.0609609429476327,-0.2077208580718261,9.26556760509883
17.0,-0.0058059645022024,-0.0508558608153651,1.6302376836404184,-0.3335852351610437,0.0059918222626162,-0.0004213956033995,0.9427008069235276,0.0006267406696656,0.5134596733922808,-0.2680298516628042,4.728978160616355,-0.0483989175125327,-0.0159585376640927,1627.8369720406267,1542.547449265416,1604.7489841849242,1609.8229426566577,0.0940640259781648,-0.1962338050397774,8.669364377442928
17.009999999999998,-0.0061748693841653,-0.0466644580346644,1.6299483731597664,-0.3129747137941075,0.0059794767562288,-0.000462397807262,0.9497425233038088,1.104094118163701e-05,0.5678579009008063,-0.2841531126543322,4.791350608847442,-0.0941841350593614,-0.0138137116033127,1556.6447033857123,1507.0142361723424,1586.8375066712172,1580.8885274022157,0.0661662390475983,-0.1909364405331244,8.347501593925385
17.02,-0.0065180006197492,-0.0421853231193856,1.628881583460664,-0.2923553848054745,0.0058279797117597,-0.0005159090467073,0.9562918474323504,-0.0005075449007837,0.610953541756984,-0.3028371183017817,4.9749219983933415,-0.093904418203521,-0.0170266041842162,1496.8189984272667,1464.097004208215,1579.4758710984163,1561.751296017018,0.0342103006743893,-0.2464828869608584,8.07859750686115
17.029999999999998,-0.006829449069285,-0.0374395821522316,1.6272134148414945,-0.2711367771304656,0.005572839260283,-0.0005534680199428,0.962524537465427,-0.0008459835496154,0.6515282063698696,-0.3276998781138818,5.275442632925962,-0.0639633203663549,-0.0253452566623437,1475.7105920393003,1437.1364730298217,1567.371151893315,1541.211841110375,-0.0307779663190334,-0.2265139442310455,7.7460262138698015
17.04,-0.0071134410050633,-0.0324651755308906,1.625123649388352,-0.2486680003162709,0.005299048685206,-0.0005672043293046,0.9685741189919272,-0.0010269464784057,0.6920502563032425,-0.3572773340959412,5.5541710449304444,-0.0339884072261704,-0.0336047732294668,1511.8443836945482,1461.7687199863406,1543.109210136161,1514.2929814764216,0.0285322463854947,-0.216214291044801,7.718829669539562
17.049999999999997,-0.0073814839189038,-0.0273003407130035,1.6227647276755852,-0.2246740375380897,0.0050925677177544,-0.0005642047467835,0.9744205069082736,-0.0012145718226453,0.7279074648251689,-0.385430704598535,5.626003591375651,-0.0185427821022537,-0.0359456023513573,1596.6033042031156,1546.8020590712456,1513.205531127477,1487.364186502,0.0096093187329644,-0.3382901623742418,7.774816843060312
17.06,-0.0076467328277259,-0.0219614689171428,1.6202253857545394,-0.1994723245245363,0.0049987139972568,-0.0005563447908566,0.9798905526065782,-0.0015412254088395,0.7549336760981988,-0.4070402883602542,5.393971009606819,-0.0096647782965669,-0.0316714435194113,1693.3866113248748,1655.54574507373,1501.693417339488,1481.6399742714789,0.061577701410513,-0.4957817238585762,7.9624571399208675
17.07,-0.0079183610382221,-0.0164318482379866,1.6175181683513826,-0.1738714127944461,0.0050088300887323,-0.0005515987035361,0.9847554717658976,-0.0019288361974466,0.7750442678869651,-0.4222087197400679,4.933957151115084,0.0064006347830516,-0.0265493905167011,1763.8969711587729,1736.695136535512,1534.5956823723145,1521.7165741433748,-0.0058157362214067,-0.6158516530090377,8.475777816507359
17.08,-0.008198833426137,-0.0106718456017414,1.61460737766891,-0.1488356989909006,0.0050753122357636,-0.0005503610519736,0.9888487614465176,-0.0021921602621943,0.7936616600200092,-0.4343997622561771,4.449863579108015,0.0298735946796479,-0.026874073257604,1799.0478329220668,1772.731598519859,1613.4331347336724,1611.0052412217472,0.0472790458017766,-0.632728856528626,9.000234448171007
17.09,-0.0084851700499237,-0.0046454208662358,1.6114638597238544,-0.1251136617727807,0.0051408241237913,-0.0005473538164755,0.9921289452328936,-0.0022987262598853,0.813455956494027,-0.4452444279248326,4.12190427681365,0.0472129002193003,-0.0326235268816895,1824.056265803824,1792.0293402499033,1709.4004846267862,1720.6268976173967,0.0501291375511152,-0.5683798522715624,9.846951824255068
17.099999999999998,-0.0087728556761771,0.0016521867271494,1.60811261002757,-0.1030221182881182,0.005165924830269,-0.0005373070439708,0.9946655054163774,-0.0024130470808881,0.8324561553483225,-0.4518129426858312,3.9754394743639225,0.0474223593270483,-0.0382320998284115,1870.9749484038884,1834.242670716731,1789.1535037266592,1810.9291376398585,0.0967361606010586,-0.4408439869489582,10.748933825757003
17.11,-0.0090597031945269,0.0081777177223464,1.6046456480326776,-0.0824624939434728,0.0051452119500972,-0.000521168897477,0.9965807505012284,-0.0026745519272602,0.8476731213137323,-0.4488602633134949,3.889431126964379,0.0341733117301489,-0.0397178465310682,1944.5645522032896,1908.9046014648693,1843.343958858352,1866.3875978229023,0.0774806009371152,-0.3681386660280432,11.46844179978926
17.119999999999997,-0.0093472000260079,0.0148379164850076,1.6011983915051615,-0.0631020325122422,0.0051085496471007,-0.0005092496496738,0.9979938761726552,-0.0030181460686402,0.8584988504602262,-0.4334758645097148,3.7328911574642607,0.0209630739959378,-0.038536861056347,2017.5223972562264,1989.1385274623613,1886.531109208064,1904.6300214944288,0.0724951346057372,-0.427651586215412,12.096920904608988
17.13,-0.0096385189416577,0.0215023820355858,1.5979107035589857,-0.0445826579629313,0.0051081618207564,-0.0005186205921531,0.998992504638776,-0.0032181819034075,0.8658882401061044,-0.4074222553581635,3.49069146415606,0.0172798108013579,-0.0378803638729147,2061.2637754359257,2042.883718694933,1933.5306523162387,1949.252570387951,0.0804882481499393,-0.5674981204430183,12.81082022125451
17.139999999999997,-0.009934746965917,0.028031161749908,1.5948972620954602,-0.0266530250824459,0.005195441613029,-0.0005644873015335,0.9996310844479008,-0.0030386387077471,0.8695506382757555,-0.3749982471335957,3.2543700474473085,0.0220821806969637,-0.0377573869152698,2076.4928588542502,2065.523439075725,1981.9616439383124,2000.009720543168,0.0061609630592463,-0.4542700976445316,13.544897628148403
17.15,-0.010232184179083,0.0343135175499048,1.5922380164600218,-0.0092039791195993,0.0053952098900646,-0.0006488780570852,0.999942877086424,-0.0023658662746894,0.8672677438328164,-0.3389962347855663,3.102727148766525,0.0293905481544896,-0.0355760590190505,2087.276389935056,2077.833536783922,2017.3584823805068,2036.0328610039387,0.0578053631727525,-0.4458878574387758,14.002685751479149
17.16,-0.0105226148014402,0.0403060604642241,1.589983793396702,0.0077521404459173,0.0056897622741376,-0.0007534912339668,0.9999534805053336,-0.0013057456459066,0.8568811207218565,-0.2991136931671081,3.016939646003337,0.0359182898926473,-0.0302328444224029,2108.1599728407023,2094.9699862691887,2030.2726597864637,2044.475448936088,0.0391740173482068,-0.373336900274338,14.152156596482332
17.169999999999998,-0.0107963077410206,0.0460523511033236,1.5881662596799495,0.0241228972101887,0.0060223263904156,-0.0008436212645889,0.9996905049655098,-0.0001726343953786,0.8383938449239285,-0.2540883124110021,2.9223479903915512,0.0412582527701583,-0.023752677914536,2126.5363190414023,2108.0275684069866,2024.9777473213385,2035.3640621769885,0.0654390309877237,-0.5026634827576772,14.400380363463505
17.18,-0.0110458666853418,0.0516697289674447,1.5868044885486483,0.0397790771144138,0.0063217482895592,-0.0008844306355222,0.9991881095694344,0.0007085158283931,0.8143618158124503,-0.2046556505437171,2.7879323537980816,0.0434290474550669,-0.0192145727202233,2120.0660562877647,2100.186986884224,2011.3687390749155,2025.13027376268,0.0434863607261448,-0.5021476854426714,14.352674331793896
17.189999999999998,-0.0112686177131122,0.0573028810337368,1.585905270372578,0.0546186831736226,0.0065354265075493,-0.0008604773704563,0.9984855267991816,0.0012550215935717,0.788645450138094,-0.1540363558642979,2.6520631088333806,0.0379453716507693,-0.0180228183206961,2084.0459958763868,2070.5107292940547,1991.8294154947143,2014.6614313811149,0.0561179037293408,-0.4275132812874145,14.182408709077023
17.2,-0.0114662569995098,0.0630606407314292,1.5854575107708062,0.0686247451892359,0.0066476382846685,-0.0007834206298608,0.997620087761401,0.0016739688288366,0.7641672382414677,-0.1060066074298988,2.555953132058804,0.0222225020782972,-0.0188250274238271,2034.550159484722,2031.8012649133543,1961.3911625213864,1992.083041591949,0.0116054705857256,-0.3467369007767611,13.769863786210532
17.209999999999997,-0.0116427105924119,0.0689637883933877,1.5854240597998424,0.0818863986030691,0.0066752549367559,-0.0006819387735802,0.9966190815225532,0.0022488162825739,0.7408170143488892,-0.063043598783673,2.489352425564664,0.0002196868328902,-0.0186412163008721,1987.7597226376045,1991.428322661607,1920.233766426436,1952.9390757352708,-0.0083174379800234,-0.2739110864306711,13.391880777286506
17.22,-0.0118027437421745,0.0749294318031377,1.585737485072709,0.0945643265520003,0.0066473231902886,-0.0005832799006085,0.9954963892564996,0.0030892475082884,0.7155004546112831,-0.0259806231761012,2.417319333631319,-0.0183155289463483,-0.0157769295595135,1945.371883507807,1946.997246124933,1877.734080215899,1907.1116555549895,0.052278293241115,-0.4904796656885444,12.84090663752766
17.23,-0.0119527979053683,0.0807995353724527,1.5863058340887144,0.1068187705298941,0.0065852613802712,-0.0005023187916669,0.994256572656609,0.004065612626921,0.6850881345893298,0.005273354479151,2.332859237784599,-0.0247750222044359,-0.0120702046386887,1901.887348453029,1899.6867143992908,1840.845526961279,1864.3080148203712,0.0202622299548421,-0.4649183403512658,12.209408934708604
17.24,-0.0121025500693238,0.0863968306810845,1.5870288020636842,0.118739818930789,0.0064967515073734,-0.0004452876485421,0.9929040484050032,0.0049326212922791,0.6496015425004442,0.0306674469781226,2.254857986017391,-0.0186368295135863,-0.0114102373278085,1857.9103806523208,1859.185549877281,1805.830436406184,1821.814572934663,-0.0402388522443106,-0.3660524868150401,11.63317968088547
17.25,-0.0122640161919758,0.0915787485675139,1.5878186287992837,0.1303109207333128,0.0063849349899039,-0.0004219511913548,0.9914525296250968,0.0055066359899515,0.6120204463491187,0.0492630824302365,2.1825419889742137,-0.0069155793192516,-0.0154966775808417,1821.323657133683,1831.584191604211,1765.821084849566,1772.1217986552724,-0.0175019551673023,-0.3344154832157393,11.030039291056532
17.259999999999998,-0.0124467365849895,0.0962680832348373,1.5886175377860872,0.1414114002250594,0.0062633227552465,-0.0004534975803885,0.989930998107644,0.005783020402896,0.5750700866138723,0.05971386784918,2.0770422798056254,0.0030961451006507,-0.0219017185992369,1799.0240986349702,1811.431270398531,1720.9265523856998,1716.9296337694482,0.0082230908968087,-0.3573051878611215,10.514208733880247
17.27,-0.0126511873558615,0.100456832271482,1.589403915160811,0.1518446847424108,0.00616238998435,-0.0005669582213246,0.9883849934228736,0.0059441806159187,0.5390338914385133,0.0618355248414656,1.894257535775884,0.0091118954856254,-0.0268074494487652,1790.0686251139914,1790.5199609614228,1677.473417291767,1667.2948979736263,0.0504798300788105,-0.4312066198166739,9.950754910753329
17.279999999999998,-0.012864679695166,0.1041907699662176,1.5901825229851558,0.1613778676046164,0.0061196717516947,-0.00077730652751,0.9868734109598865,0.0062367530125312,0.5026707864246801,0.057486946589447,1.626810368254815,0.012103087257273,-0.0285616412011691,1784.820535313955,1767.8330034515818,1641.7373070418453,1632.7952266116,0.062668544322541,-0.3381233808119765,9.702003142083637
17.29,-0.0130627463144715,0.1075440723259391,1.5909612466652563,0.1697868301662623,0.0061586431406801,-0.0010691828945367,0.9854609887076692,0.0067706567298394,0.4651658104100983,0.0495431583450133,1.3117254351690626,0.0120057549237389,-0.0277929405482955,1770.9115559657057,1746.935130742649,1616.9648820965172,1615.259643243324,0.0545322771321555,-0.3811713012749926,9.327340357568984
17.299999999999997,-0.0132155716593509,0.1105922053399155,1.5917251886332695,0.1769021519337569,0.0062716812085611,-0.0013935044536626,0.984207474469363,0.0074309795109358,0.4267840758979205,0.0401387092060728,1.0024354432620877,0.0074902254060382,-0.0253838941220329,1743.8946246609985,1729.8865364936046,1603.2482574321612,1610.6606839125393,0.0547906390184565,-0.3418933798626735,9.17631815810579
17.31,-0.0132964223447591,0.113389717451401,1.5924215846117782,0.1826420146857563,0.0064186882904301,-0.0016850700288228,0.9831570858469956,0.0080483604731339,0.3883311148943436,0.0300330284479091,0.7320791705549436,-0.0006112587721103,-0.0219859001337253,1713.698798827319,1717.6143463634885,1597.858262679022,1612.6123315945597,0.0186662684262004,-0.2952368013614226,9.098332943877407
17.32,-0.0132890475701934,0.1159568414517736,1.5929638489863145,0.1870150134658819,0.0065401454869073,-0.0018911166820507,0.9823334642131768,0.0086485666159792,0.3504215730856643,0.0190905888253488,0.4962706751137318,-0.0082212227172366,-0.0189586047826328,1697.5789141446166,1711.1303821867475,1596.7563312349212,1615.2360312944386,0.0797339410376594,-0.2733208962445497,9.0048085455729
17.33,-0.0131925438238907,0.1182763615371777,1.5932542560777456,0.1900897663547292,0.0065760236588787,-0.0019921402858967,0.9817426689398416,0.0094372174529063,0.313077490219887,0.006707433762239,0.2672124077345473,-0.0118208186499413,-0.0178990236380792,1703.375483431836,1709.1677544363988,1596.982369178786,1616.4591840788737,0.0766747095052336,-0.210614905616949,8.911533962598934
17.34,-0.0130230859270121,0.1203006183358143,1.5932165305248334,0.1919499972374454,0.0064845252433144,-0.0020034484236015,0.9813812387076328,0.0105199525114074,0.2758856941518927,-0.0079225048681007,0.0247441240541286,-0.0124404351604674,-0.0188257957702165,1720.4281194104517,1708.079164437922,1597.944381121417,1618.925760332161,0.0251082444389132,-0.2368426332113276,8.882155858757192
17.349999999999998,-0.0128117169453131,0.1219663157796921,1.5928241004766357,0.1926620584464517,0.00625803141941,-0.0019608183264182,0.9812432539739676,0.011749225328055,0.2384855351417162,-0.0250406005302111,-0.2259362726201914,-0.0146067998147895,-0.0201116348709724,1729.891253072462,1705.6585370987684,1601.3228470839042,1626.0154060182444,0.0168181228517926,-0.2167481801492115,8.999801898555644
17.36,-0.0125974241655657,0.1232125336353844,1.59211037097761,0.1922682477913212,0.0059314308459133,-0.0019023868748987,0.9813226380470156,0.0128982380564925,0.2007704090389563,-0.0435062718152997,-0.4643747506899091,-0.0215939586890161,-0.0207469444488147,1724.3208644478646,1703.000726676159,1610.1731006626992,1637.3267172154597,0.0615081108868826,-0.1960378913738454,9.021604855763794
17.369999999999997,-0.0124163514848844,0.1239970837220095,1.5911565103360792,0.1907991784890392,0.0055752593387785,-0.0018568389667352,0.9816115026426008,0.0138786316919344,0.1626933806363564,-0.0611560587844256,-0.6761654214815197,-0.0322946726203927,-0.0214601160882043,1714.5657630291598,1702.98783945649,1626.6157867796433,1649.660990403189,0.0729023539038328,-0.1304104173761917,9.125822746795768
17.38,-0.0122906259816981,0.1243077393394305,1.5900649233559283,0.1882914014694545,0.0052712782045436,-0.0018403180921521,0.9820973347831052,0.0147070478311524,0.1241467534260445,-0.0762090700208689,-0.8614054103160693,-0.041958057983684,-0.0227923757711978,1716.443621085999,1708.5777336748351,1649.125326577308,1661.8671154099402,0.0476017801201011,-0.1565490497120873,9.285017175087166
17.389999999999997,-0.0122215511779435,0.1241660927776322,1.5889326773577674,0.1848019129596038,0.0050802126957011,-0.0018581551630756,0.9827609025927048,0.0153547439898858,0.0851157920014858,-0.0881132479378044,-1.0274943098134952,-0.0450884866970199,-0.0233136330272719,1733.5256831362149,1720.811711103198,1673.0626828803329,1676.3584376964243,0.0482253737115868,-0.1669587615356187,9.450340002421967
17.4,-0.0121902880818263,0.1236226145019988,1.587834340084179,0.1804156605803036,0.0050185255513917,-0.0019060089571626,0.98357580844006,0.0157752642574653,0.0458691459045037,-0.0970943189319526,-1.180126295175914,-0.0388286247915389,-0.0212485379126179,1755.5755769593338,1736.3436184003026,1694.5154404316054,1695.0601345161435,0.0235717774867198,-0.1110154744428051,9.631329524621218
17.41,-0.0121656870055423,0.1227432922715254,1.5868147048953587,0.1752425699901099,0.0050552548311774,-0.0019680786972623,0.9845103416054576,0.0160911268621206,0.0069807871331925,-0.1034885659017693,-1.3203008247983918,-0.0258793073995385,-0.0174005500187368,1771.3275187583329,1748.5081805922596,1712.4309138714184,1715.486073845408,0.0372876497695002,-0.0503689222054344,9.766964191546446
17.419999999999998,-0.0121159460641954,0.1215916991049747,1.58588814120277,0.1694039731601195,0.0051274064811987,-0.002014942902896,0.9855313001551194,0.0166303358075788,-0.0308686943290296,-0.1077541340028699,-1.4441520409718973,-0.01454544400081,-0.0148986084337248,1778.2909924925666,1752.922995444269,1727.4451446783803,1732.828966688774,0.0219259823849155,-0.0029158902649437,9.91499986812811
17.43,-0.0120195001654023,0.1202135068632518,1.5850433483786064,0.1630144538595928,0.0051645547846534,-0.0020066679038618,0.9866081230613596,0.017651916664124,-0.0672392628104355,-0.1105485307075076,-1.5435400594008926,-0.0136576689361096,-0.0155400816366905,1780.6345324392516,1751.254505581153,1740.8763093564476,1745.5721436263564,0.0538109287737242,-0.0134370034397859,10.041112887871694
17.439999999999998,-0.0118710026867594,0.118629884756945,1.584253187594946,0.1561667738123577,0.0051130190721253,-0.0019052795922749,0.987715629977922,0.0190313283592258,-0.1021248194841328,-0.1123286821100323,-1.6107877298437914,-0.0251174568270067,-0.017289031540785,1782.356000223334,1748.6851513507395,1754.0404932242632,1755.9465090450462,0.045886848263696,0.0280041063845062,10.13544644321512
17.45,-0.0116802680772672,0.1168410756447632,1.5834866715907878,0.1489244028612736,0.0049523223723256,-0.001694137625492,0.9888347317086104,0.0203310175646807,-0.1357249725736856,-0.1131020743650429,-1.647673072478084,-0.0414404025653598,-0.0163579200178379,1784.537572433772,1748.9769271585517,1765.8480909873188,1764.3254192695774,0.0443209143167844,0.0213402570825818,10.192290233607055
17.459999999999997,-0.0114652562538658,0.1148355176174381,1.5827186159455418,0.141323854505753,0.0046981776600142,-0.0013936959086238,0.98995128813797,0.0212474339775776,-0.1680207279350833,-0.1127461922111669,-1.6704746104411037,-0.0520834379273332,-0.0115989905760191,1786.2847665270797,1752.1700761270536,1772.582759384636,1768.045507722879,0.0306288077101565,0.0828679489061463,10.257053851632172
17.47,-0.0112431616551231,0.1125980678844193,1.5819338768642652,0.1333871541468165,0.0043894689103773,-0.0010606668664798,0.9910537193599026,0.0219078844781956,-0.1986678414218708,-0.1113555750995196,-1.7020132292963668,-0.0526201325517582,-0.0059346204866573,1785.4739479211212,1754.8013133039155,1773.465504611385,1768.152851662251,0.0139739820182958,0.0880390373252861,10.274661818854838
17.48,-0.0110241814480348,0.1101141149885153,1.5811251847595362,0.125139482398588,0.0040651659077439,-0.0007663019674402,0.9921305343312696,0.0226493360695893,-0.2273102542851735,-0.1092548070394146,-1.7527513155925498,-0.0471528728488481,-0.0032659893309965,1780.2127621197524,1751.7359403862106,1774.5014868116243,1772.076501821808,0.02527544285958,0.0915468257268559,10.25475550497366
17.49,-0.0108099453461096,0.1073709801744756,1.5802858267206217,0.1166223298236751,0.0037464163797858,-0.0005649418235955,0.993169108154066,0.0235923593100251,-0.2538463606562713,-0.1068240305280254,-1.8077943416830495,-0.0425263189642805,-0.0047486938948986,1772.6497079596952,1740.8857172216274,1782.17841506915,1784.926663149777,0.0161116197982166,0.0628572593483793,10.308987964720624
17.5,-0.0105952780115515,0.104359876303261,1.5794013811429943,0.1078959628266286,0.0034373278481168,-0.0004722332892523,0.9941561361168072,0.0245694827496585,-0.278298176778367,-0.1041076917288184,-1.837648901015407,-0.0421575098468438,-0.0082798919327699,1769.8160387928178,1728.249929589265,1794.2726563602305,1800.7431426743983,0.0432132199318011,0.0941030584552331,10.335139443089895
17.509999999999998,-0.0103709411854302,0.1010801247425159,1.5784462158345072,0.0990333556787665,0.0031416206817127,-0.000465043271453,0.9950790463160456,0.0254343777795474,-0.3006282798273412,-0.1004146699887552,-1.8277066209583397,-0.045240405910341,-0.0106243457326369,1776.4848024370704,1725.1462401214071,1801.6270263811064,1807.2246126476389,0.0312764584142979,0.1598742540836184,10.382260052711564
17.52,-0.0101264022081666,0.0975447593938909,1.5773886706746467,0.0901101876911343,0.0028762906699625,-0.0004997398300937,0.9959275231091632,0.0262653755564778,-0.3209698443064843,-0.0948350197287611,-1.7954566618255987,-0.0488617502894136,-0.0096948812219373,1787.6851866151453,1735.898075237038,1799.247297675425,1799.5889291318558,0.0622466933446254,0.2223701518834338,10.406538071847862
17.529999999999998,-0.009852941131111,0.0937850819844929,1.576205172777682,0.0811921526369405,0.0026659937333402,-0.0005357808018186,0.9966947575695008,0.0271960514159158,-0.339887835157189,-0.0878412355494424,-1.7729106435172155,-0.0495837035249165,-0.0059594955765558,1792.5831463041436,1749.4130917008404,1791.621532976842,1786.508389769756,0.0492931153333224,0.1807375924584888,10.443158558958734
17.54,-0.009546941320801,0.089851225645871,1.5748996699887596,0.0723220047857141,0.0025216975497766,-0.0005522463763593,0.997377994387876,0.0281595101467922,-0.3579277425571092,-0.0820520361778,-1.7726798875711645,-0.0457774403119277,-0.0023467443478433,1786.5144491504757,1748.8474600161685,1786.5132400648083,1780.663934305757,0.0374996798876812,0.1224198734973769,10.399287095021524
17.549999999999997,-0.0092122233030014,0.0858065050686906,1.5735204505818852,0.0635142137821971,0.0024234971678693,-0.0005515277761061,0.9979778389955456,0.0289309100381538,-0.3747622254923698,-0.0801562572234479,-1.7770845123909995,-0.0406988485485782,-0.001987415107723,1776.2960298089372,1731.573909259016,1787.7346240640284,1785.8248433176448,0.027848779076484,0.1712420989651886,10.400055170293376
17.56,-0.0088603567687181,0.0817160428351159,1.5721628477428573,0.0547631644143881,0.0023242956244836,-0.0005510601145601,0.998496514668891,0.0294242673021302,-0.3891278521450895,-0.0814553959209048,-1.7604087284522734,-0.0411371534725524,-0.0054760351008859,1772.747250503022,1714.562495016314,1795.5343036863935,1795.6725786017578,0.0421418517943637,0.1692215112302599,10.389294437090726
17.57,-0.0085086719239646,0.0776336401961897,1.5709492833674337,0.0460605583869651,0.002173220816024,-0.0005681833550043,0.9989361237036336,0.0298349980559042,-0.3999134481781443,-0.0814312608688432,-1.7153072489538297,-0.0500637548260173,-0.0105639124456521,1779.5969196540875,1715.8834271328942,1809.0567448922657,1803.1279945762776,0.0216341382025131,0.1993674140365774,10.326261872254868
17.58,-0.0081762704937718,0.0735920894276276,1.569991460959175,0.03741140838051,0.0019419426118257,-0.0006049849682737,0.9992978782000228,0.0303923096483244,-0.4072867322504722,-0.0759279916934859,-1.6558773890776834,-0.0615545502174999,-0.0142884509389835,1790.557866925259,1733.923879288673,1824.3056005911944,1806.813511275532,0.0354023250890743,0.2460341897052899,10.530890737680943
17.59,-0.0078787806894182,0.069599746020157,1.5693541785670762,0.0288418940184498,0.0016353386145305,-0.0006400204884712,0.99958244341866,0.0310074459360351,-0.412530841720816,-0.0653165853722944,-1.6008345691432428,-0.0660412633819298,-0.0150513270873137,1796.2572458863096,1749.631442009585,1833.38667022484,1808.9360626663597,0.0566321454069441,0.1752775631110397,10.605914946485122
17.599999999999998,-0.0076231701878105,0.065641970495776,1.5690396812251766,0.0204007815570711,0.0012807876288841,-0.0006320927516604,0.9997908622075238,0.0312890588043937,-0.4166355374915652,-0.0534212222782938,-1.557116297118767,-0.0610579127311328,-0.0132795027931233,1792.6205970101164,1747.973822855106,1831.2703973564492,1811.0388011092264,0.025884862144483,0.1788121245464784,10.618917067861814
17.61,-0.0074044541814681,0.0616839591408329,1.5689945559994207,0.012160477529236,0.0009071694229521,-0.0005370464948965,0.999925502930574,0.0309517337003297,-0.4192386689673665,-0.0429297124003222,-1.5164669222795926,-0.0542856064125914,-0.0107904813588105,1782.5693973127838,1732.2636776722616,1822.213714062548,1812.884536397399,0.0172156799214426,0.2238488587421281,10.545033200749284
17.619999999999997,-0.0072062315980154,0.0576745366107508,1.5691271236829911,0.0042178997662064,0.0005303206156333,-0.0003317292897731,0.9999909089773192,0.0301512254991989,-0.4193126835686946,-0.0334765158343461,-1.4640937554005022,-0.0543143469323984,-0.0091963284384839,1771.519325065004,1716.738939172811,1815.239840594346,1812.7818858783407,0.0302655148813862,0.1538746934401913,10.474127940474457
17.63,-0.0070059183592696,0.0535555892994373,1.5693258886403916,-0.0033151638462477,0.000152530797538,-3.262379749108434e-05,0.9999944926641928,0.0293759306123539,-0.4169042760400476,-0.0241092841811588,-1.391211000880088,-0.0601720712776367,-0.0084320255486384,1763.131044195403,1709.740923984846,1813.5281667826348,1808.4117337008468,0.02846068689473,0.2103645278227372,10.4064759016122
17.639999999999997,-0.0067830721747087,0.0492807959798037,1.5694795026816994,-0.0103491271801407,-0.0002285830966425,0.0003045640701265,0.9999463738406698,0.0290230212753667,-0.4137657129777919,-0.0157519545805297,-1.3024807497525897,-0.0629325971513307,-0.0070948345188433,1758.848099494852,1707.5717111644678,1811.752959684803,1799.4755090461938,0.0595139156479163,0.2673854336382492,10.294181425437497
17.65,-0.0065269417926687,0.0448377675430517,1.5695000530224474,-0.0168573916277069,-0.0006081663323782,0.0006071831054195,0.9998575347567766,0.0290775386867027,-0.4118930487129009,-0.0103266755513528,-1.2138544144218009,-0.0573875091463953,-0.0046212747684907,1758.7266226812649,1702.7231050558828,1804.0757512749776,1789.059389338887,-0.0106342943444112,0.2227881696345375,10.19327831364153
17.66,-0.0062395700650593,0.0402591051534478,1.5693443500980346,-0.0229105884358299,-0.0009659916484545,0.0008181554813789,0.9997367165505464,0.0291642331080676,-0.4114512158470502,-0.0084698164091473,-1.143050153414249,-0.0486543774252931,-0.0027131740075351,1760.9606127474874,1693.6123168329932,1791.5405208227949,1779.8308729609823,-0.0177093229164813,0.2055117430318827,10.094271288184096
17.669999999999998,-0.0059334418490974,0.0356117561309205,1.5690239204333982,-0.0286606080879159,-0.0012691089100656,0.0009184848075154,0.9995879727629098,0.0288957831417851,-0.4103548379399246,-0.0090208833019097,-1.0988383687772862,-0.0454265350205914,-0.0036081457218099,1761.7812832512,1684.5298733155978,1780.7355673348422,1770.259963065614,0.0592673064021898,0.2302690407376706,10.029132114563533
17.68,-0.0056255181352765,0.0309697946451039,1.56859842407006,-0.0342773622764257,-0.0014889739666548,0.0009278981616174,0.9994108186311068,0.0282081624466734,-0.4060341777880232,-0.0101132127512981,-1.0744449930248448,-0.0486560174979345,-0.0068226700833075,1757.7480265318832,1678.3351094777004,1777.4494274803988,1758.5531358322169,0.0657491077388746,0.2463328390309009,10.047512112127388
17.689999999999998,-0.0053307635861392,0.0263896400758838,1.5681539531245423,-0.0398654369625191,-0.0016247389562313,0.0008875921048363,0.999203342337968,0.0273878210969777,-0.3976366077768414,-0.010031175642586,-1.0481133426299658,-0.0496993016941323,-0.008940502138849,1748.8590423420735,1672.9783371753267,1782.0310014200377,1749.1326922631547,0.0316465331422677,0.1886691471880955,10.032910640783133
17.7,-0.00505791258366,0.0219053721590885,1.5677732273434462,-0.0454043319127132,-0.0017143137558958,0.0008383831054126,0.9989668687627608,0.0267525369507949,-0.3865172749045941,-0.0077977343078359,-0.993372856742563,-0.0406630387928462,-0.0075074645081549,1739.3972557265342,1666.5381934426646,1788.8177342751096,1749.299069596653,0.0588237777709464,0.1736707704537539,9.854041214788923
17.709999999999997,-0.0048086897554052,0.0175454009371763,1.5675094827840366,-0.0507472466097739,-0.0018205298654546,0.0008059426295686,0.9987095439060416,0.026310463147653,-0.3747708786580241,-0.0040012474922081,-0.8979346162135613,-0.025390676024479,-0.0041724627451174,1735.116660445566,1662.4203478455445,1789.9549504157303,1758.001457716868,0.042788361695765,0.1944917710784471,9.952872251927388
17.72,-0.0045797227456255,0.0133538987135002,1.5673761038202727,-0.0556851474750831,-0.0019977988235539,0.0007973190091377,0.9984460613538102,0.0258063176658935,-0.3636143561564063,-0.0005575126785562,-0.7786070146819438,-0.0171995432577063,-0.002919984779065,1738.2091729709257,1665.3654654583215,1782.4314568881705,1763.4843296526674,0.0222543026372213,0.1979981817451337,9.98127425442963
17.73,-0.0043654387482393,0.0093958979670367,1.5673542321215763,-0.0600478517129401,-0.002259945111771,0.0008061814242967,0.9981926157932964,0.0251057675926764,-0.3531259833303277,0.0013357383484389,-0.6735612408784133,-0.0237360894584234,-0.0057393039959086,1744.3476947722706,1673.1715614985285,1772.2945283361255,1756.132742298948,0.0274271595237745,0.2143168537045161,9.96019078096593
17.74,-0.0041609360997001,0.0057373458938687,1.567407515035706,-0.0637886315329296,-0.0025708003577368,0.0008212911444779,0.9979597822324968,0.0243828282781986,-0.3428112671954464,0.002622052512878,-0.6114718712329751,-0.0362081945996138,-0.0108814605893627,1745.9779761516827,1676.9680063932824,1769.169105050389,1740.3496893656827,0.0121623158710244,0.2067145321166807,9.84757611173351
17.75,-0.0039645719975041,0.0024109343033853,1.5674921993703397,-0.0670007606900963,-0.0028643321839851,0.0008334197847725,0.9977484648344744,0.0238370153962487,-0.3318936324939783,0.0048673026197103,-0.5856445246549251,-0.0374635111261868,-0.0149721140140069,1739.841972021864,1670.8505629303104,1774.9433338804165,1729.1276410582154,0.0579784744195031,0.1472936328076677,9.744624490371004
17.759999999999998,-0.0037793623889497,-0.0006095104661346,1.5675627063077329,-0.0698520022916392,-0.0030805161917243,0.0008384816819089,0.9975522568488884,0.0233603975871142,-0.3195355157285685,0.0076777177703556,-0.5605993242509527,-0.021075435025797,-0.0160429105870456,1730.3385488166505,1658.2139119956587,1781.0423269399364,1728.892251712983,0.0186922786778138,0.1709754146395545,9.79861405212016
17.77,-0.0036115056374892,-0.0034076876851384,1.5675806458517132,-0.0724784625294988,-0.00319325463432,0.0008371461551435,0.9973645144983428,0.0226329801909841,-0.3054627805128426,0.008737067521319,-0.5035152862237637,0.0007797130467382,-0.0148028895620179,1724.3613438942234,1647.5407599168338,1779.5582783823943,1734.6199962984151,0.0310404398382177,0.1620011915723016,9.821243181039954
17.779999999999998,-0.0034656271927708,-0.0060952830330742,1.5675288793167688,-0.0749087633466322,-0.0032153114199491,0.0008325701225604,0.997184860381134,0.0214988029044478,-0.2903119677408188,0.0065852740273586,-0.4081603819962626,0.0103745726747261,-0.0139165442176202,1724.1877976511184,1644.4089715945097,1773.3033018257672,1738.433089565479,0.0362252096980318,0.1512177149985696,9.8335971725993
17.79,-0.0033393229833667,-0.0087698587274899,1.56742155330723,-0.0770646333207803,-0.0031829333899711,0.000828006529026,0.9970206746258358,0.0201455148051215,-0.275078364458052,0.0024315443253431,-0.2937057597057586,0.0034294964172605,-0.0160742008489574,1727.0588339436156,1648.5345377752822,1770.3339158819297,1737.285030289924,0.0723961474488685,0.1639331080597148,9.7234837609787
17.799999999999997,-0.0032212235179153,-0.0114812431059274,1.567300227320917,-0.0788279272823835,-0.0031341045665567,0.0008253656268411,0.9968829690793756,0.0189333119950928,-0.2603439370898764,-0.0013801500495938,-0.1883132427245907,-0.0077200373017763,-0.0217647117322565,1730.4254149488336,1656.047825390905,1771.8446384109002,1732.719977578339,0.0623063956921371,0.1047873828118306,9.731603376297212
17.81,-0.0030949973292186,-0.0142203588349332,1.5672160965324786,-0.0801239700994722,-0.0030936000047526,0.0008249500403299,0.9967797642969788,0.0181030330845386,-0.2461318347968263,-0.0039873914196164,-0.1128177683296583,-0.009064035155865,-0.0284774093383621,1734.71193275009,1662.6293038389806,1772.07256824947,1728.837263614752,0.0552109827594617,0.1548839363807512,9.800134303657986
17.82,-0.0029476866250381,-0.0169317089511802,1.567207694196546,-0.0809685610638932,-0.0030700908113894,0.0008259898469891,0.9967115853658092,0.017619680053241,-0.2322068859800714,-0.0061424036094447,-0.0701472016945573,0.0008388760009788,-0.0327331748735899,1740.175609556668,1665.8419674047252,1769.0187771861715,1730.712772540664,-0.0057921781750142,0.1330374917748222,9.812272969733073
17.83,-0.0027775975257491,-0.0195404551637114,1.5672840709059914,-0.0814536647331692,-0.0030625083424154,0.0008274165652994,0.9966720809403746,0.0172329772680624,-0.2182211536359877,-0.0082419428275354,-0.0439578854553171,0.0126061639341006,-0.0332669952099926,1744.0910240779676,1666.6054578951866,1767.5376371410075,1739.6649142983442,0.0394046195581771,0.0923934382729902,9.742514024861428
17.84,-0.0025968635816383,-0.0219812163076436,1.567418587338249,-0.0816874949667311,-0.003068681892047,0.0008284454070465,0.9966529235575008,0.0166718070008429,-0.2036536463077564,-0.009633891547883,-0.0108708481838992,0.0179388724764306,-0.0317045686346243,1744.530847505669,1667.9394236903108,1769.9113856842982,1749.2500944891456,0.0400204489786974,0.1187809526390843,9.798454348776326
17.849999999999998,-0.002426921024209,-0.024217820671113,1.5675548641481605,-0.0817336808509919,-0.0030896399931013,0.0008287953317589,0.9966490719594132,0.0158022024475811,-0.1879752075884512,-0.0100183371790409,0.0405471858080473,0.0158967943738792,-0.0301251648090398,1744.9729800853963,1670.8300988768165,1771.093938593373,1750.3223317234492,0.0733206703424331,0.1076099687736698,9.94606473385434
17.86,-0.002289487026217,-0.0262485141915062,1.5676237594920628,-0.0815891317567428,-0.0031266717450552,0.0008286018348702,0.996660800333784,0.0146418522019684,-0.1711760879567448,-0.0102305713003087,0.102932404520198,0.0092680298851932,-0.028930243562412,1749.8828970843108,1672.3646371862365,1768.2994393626177,1741.768496700439,0.0536414759975304,0.1445586290952805,9.96245149101901
17.869999999999997,-0.002198100751734,-0.0280972754720517,1.5675655486340925,-0.0812062056667811,-0.0031732204498679,0.0008281865568152,0.9966919267959424,0.0132885349444102,-0.1540821289932532,-0.0110684892904576,0.1635495755001026,0.0004876024667241,-0.0273740132681912,1756.614321378623,1669.6890936359114,1768.2920237214698,1732.7905585476076,0.0151243652453577,0.1398017831069786,9.91349916483156
17.88,-0.0021542236335044,-0.0297974058833759,1.5673482075251586,-0.0805339970024215,-0.0032076834088625,0.000827841750069,0.9967463572905592,0.0118727022120434,-0.1378477019557767,-0.012321163142899,0.2205772242925518,-0.0065345394776876,-0.0252700337193107,1757.9243556687863,1664.6779149136132,1776.969990432587,1732.18916892355,0.0625601211328765,0.080901985276427,9.881286389743098
17.889999999999997,-0.0021486823804392,-0.0313762997013159,1.566975867428377,-0.0795497891601915,-0.0031941595599778,0.0008277160348704,0.9968254326989456,0.0105484750475376,-0.1229912017934501,-0.0136200995922552,0.2802629512918583,-0.0047907525123158,-0.0236321647536914,1752.9018175846743,1662.6283135411595,1786.4284514595624,1738.3795129915336,0.1010258589455216,0.0567399685128955,9.955536958290974
17.9,-0.0021665319231065,-0.0328481217997069,1.5664877770921384,-0.0782680727692594,-0.0030947996039653,0.0008278085732252,0.9969272018223612,0.0094757731333782,-0.1090341717569827,-0.0153724331823487,0.3399710674291286,0.0100838954898148,-0.0239403037458381,1749.0955711156296,1666.7761438775342,1782.6990099929822,1743.2226391978734,0.096210838654794,0.1012140789477367,10.074414755252445
17.91,-0.0021925615438836,-0.0342150361509068,1.5659499420266862,-0.0767308730413666,-0.0028901106743421,0.000828029415836,0.9970473081804524,0.0087789411602397,-0.0951199754900913,-0.0179445859626953,0.3837739309607625,0.032185024529221,-0.0267959010859388,1751.623554690109,1675.1215473132556,1765.75443756868,1743.1495764724734,0.0409831534152014,0.0836411156700915,9.95118843761918
17.919999999999998,-0.0022153236756282,-0.0354723448154015,1.565439549113548,-0.0749896631085759,-0.0025958320219239,0.000828273234599,0.9971805884825602,0.0084985492830399,-0.0808652829400212,-0.0205673871123481,0.4003781406812525,0.0475847273920911,-0.0309690477599707,1755.595736145535,1681.9689940517596,1752.319599654258,1741.8517617774153,0.0592126425156468,0.0175964255395106,9.9073259250352
17.93,-0.0022288110643615,-0.0366124742509871,1.5650238345006164,-0.0730879604917091,-0.0022633337570757,0.000828470092333,0.9973225862221172,0.0085527683932186,-0.0666081710733196,-0.0220464802796573,0.4005451185645757,0.0465247283230198,-0.0340881037829893,1753.8090090185185,1682.5733509043291,1756.1541963684977,1742.8849378164364,0.0665867291044618,-0.0057190550933841,9.902725832618817
17.939999999999998,-0.0022320239925318,-0.037626452539145,1.5647408904678914,-0.0710505672549849,-0.0019597212880354,0.0008286016584327,0.9974704455794716,0.0087281411729118,-0.0529970915296615,-0.0220619517909689,0.4095963488651872,0.0319184602408512,-0.0348470078702227,1748.654972964427,1677.9084422959522,1772.683667622641,1744.8938261198855,0.0772293027065237,0.0255821388348322,9.996119375291402
17.95,-0.0022273011072279,-0.0385050927057707,1.5645913768196065,-0.0688834954186999,-0.0017390057703927,0.0008286900515831,0.9976228511770522,0.0087330867106968,-0.0404208751727582,-0.0207892413801874,0.4420098980241147,0.0149935439219252,-0.0342200149666136,1750.0826878578496,1675.0891191356463,1786.7475369329504,1745.222494598077,0.0679770855868787,0.0628770217173277,10.1145056513937
17.959999999999997,-0.0022183899050599,-0.039242301645504,1.564543641116049,-0.0665854412300296,-0.0016228746639783,0.0008287740104148,0.997779062933106,0.008337438755951,-0.028749082720102,-0.017875342174957,0.486630807999313,0.0048166341535477,-0.0340201489224938,1761.443610591065,1681.1789358497183,1789.3111781972427,1743.7699823465296,0.0542126178184287,-0.0017533287735287,10.053539459016784
17.97,-0.0022089563184283,-0.0398400669627647,1.5645482196383511,-0.0641644085854302,-0.0016010187313932,0.0008288855717797,0.9979377126647798,0.0075409316605445,-0.0175398767038578,-0.0131861656054618,0.5178841926198762,0.0030987213776476,-0.034852154360754,1772.7154361272592,1695.1065010734003,1781.7284061231376,1741.6798127202528,0.040062304035154,0.0204097793560262,10.033032747320329
17.98,-0.0022018013318348,-0.0403116159279371,1.5645569762370048,-0.061646645650595,-0.0016453775461252,0.0008290350206079,0.9980963362890856,0.0066143714065071,-0.0064914269402911,-0.0082972786998615,0.5208927556431118,0.0060868055049461,-0.0360692727391622,1770.799617810896,1706.6323103314264,1768.972394354481,1739.5296191670725,0.0250603919268818,-0.0255403204945361,10.097978291959512
17.99,-0.0021986692952059,-0.0406790649492428,1.5645422986775968,-0.059068639653644,-0.0017245743972163,0.0008292068157288,0.9982520894386712,0.0059114005384417,0.0043264918277101,-0.0056890519530607,0.5060356479631972,0.0088193221288543,-0.0369576454132179,1754.820079422694,1706.237583282492,1755.8808982523851,1737.5555430683416,0.0529594269013581,-0.0203995236533263,10.100938446235432
18.0,-0.0022003256968638,-0.0409653689888174,1.564508471479651,-0.0564573379402701,-0.0018089397069533,0.0008293662451049,0.9984030292829976,0.0055832752731202,0.0146720445269774,-0.0060767179872142,0.4987137954424188,0.0093954656619919,-0.0370097070072151,1738.7948876697485,1696.719855260887,1748.1877247590771,1735.1285274007428,0.0070608674351853,-0.0403481719575526,9.990059196284612
18.009999999999998,-0.0022065890813452,-0.0411848420257133,1.5644867059304164,-0.0538168547586499,-0.0018668307488119,0.000829475128757,0.9985487334416144,0.0054746649923531,0.0244144197210566,-0.0076589690405424,0.5132818100778753,0.011400513187046,-0.0354792534969192,1737.8682870404136,1690.681719050525,1749.479607610661,1730.5644353624446,0.0565003025520656,0.0144429386027249,9.869138720954126
18.02,-0.0022161804643624,-0.0413379166234485,1.5645138451813023,-0.0511371898671558,-0.0018610083546881,0.0008295131567643,0.9986895595570812,0.0053062104500856,0.0335031345470201,-0.0085093759099619,0.5375058825248795,0.020226601488413,-0.031738254003499,1751.5648888802789,1693.4784928150875,1754.1914403323208,1723.5282208385852,0.0431520267493028,0.0079478346683505,9.827450293469386
18.03,-0.0022265074058262,-0.0414129690849722,1.5646064218674325,-0.0484205289741399,-0.0017544065037047,0.0008294980860275,0.9988251530496264,0.0049376048275469,0.0418097959227867,-0.0086005294628784,0.5451991725332203,0.0346858073870451,-0.0262299146601428,1761.924241197736,1693.3190489719923,1748.6883706450951,1715.491413446314,0.0699552167453391,-0.0108435405487583,9.835062730932556
18.04,-0.0022337083734712,-0.0413937666513122,1.564744154997027,-0.0457008908545544,-0.0015272190107658,0.0008294938021559,0.9989536566414008,0.0044375160812975,0.0492530470510963,-0.0087144914967348,0.5239640745329246,0.0447004495379309,-0.0204133845249441,1749.4796554778322,1674.375255548191,1724.445220760072,1704.999196932083,0.0515129952696963,-0.0644224159790597,9.844975508336104
18.05,-0.0022333349368849,-0.0412686306743037,1.5648687504891912,-0.043035557880548,-0.0011963039088307,0.0008295937594714,0.9990724805483644,0.0039382040077781,0.056059931326139,-0.0088129989445455,0.4876446662698922,0.0407832357638482,-0.0155610931780598,1710.1304434481056,1636.5473112776272,1687.4126973716227,1684.6232458264035,0.0456888559856302,-0.055535686854359,9.71898716698527
18.06,-0.0022218774101173,-0.0410373240552762,1.5648960585613372,-0.0404720979650136,-0.0008219011063398,0.0008298737149888,0.9991799863260368,0.0034961380212484,0.0626519523799819,-0.0093447427174471,0.4618745249910643,0.0243852854949837,-0.0121907735528481,1655.394817124161,1593.456694060079,1648.5799300226258,1646.0973568274176,0.0501238537896684,-0.0414600982624265,9.154255804577089
18.07,-0.0021989535117506,-0.0407129676010912,1.5647379955693663,-0.0380157693165848,-0.0004925664366643,0.0008303247802375,0.9992766730101996,0.0031208825672774,0.0691614664989851,-0.0134181597587902,0.4616201415621202,0.0055260356560284,-0.0108497551779068,1598.8857743553826,1551.8534138318482,1608.3043449903175,1588.9711617547423,0.0421082132331377,-0.02312648845623,8.489087616464445
18.08,-0.0021694882046051,-0.04031849148279,1.5643285642767435,-0.0356182922218382,-0.0002940065318084,0.0008308007872637,0.9993650787321972,0.0028690837701466,0.075184782003512,-0.0251997693774608,0.483913671326021,-0.0087815595391629,-0.012477668991927,1546.0266517971056,1504.402844459902,1558.9413138115046,1523.3455564172043,0.0140925804863284,-0.0336891531716471,8.208502668345414
18.09,-0.0021448201818971,-0.0398798163469281,1.5636425851279978,-0.0331916487618896,-0.0002782241749467,0.0008310286664851,0.9994486212082796,0.0027950560356544,0.0801140881043019,-0.0455473551225002,0.5170970769970175,-0.0204236237673925,-0.0170747655652199,1494.438474370822,1444.5604403006996,1501.022224989298,1462.3740510461537,0.0450574661436655,-0.037630078834195,7.566035816595879
18.1,-0.0021416303717573,-0.0394196733315354,1.5626956492812458,-0.0306392981022032,-0.0004475280049893,0.0008307192392876,0.9995300610967308,0.0027782471826144,0.0836592222046473,-0.0711449842975027,0.5517250249595341,-0.0351329736443475,-0.0224734885351915,1438.232361657554,1375.9407578971643,1444.148078223189,1409.8657994732343,0.068033775461171,-0.0505439371757676,6.919789559799581
18.11,-0.0021781090614692,-0.0389551725942717,1.5615255947650646,-0.0278922284447306,-0.0007586740496401,0.0008297685452923,0.9996103038135584,0.002501844996693,0.086010007903083,-0.0991673828271188,0.5837629448280932,-0.0549511673852991,-0.0256418438487621,1372.3220289698982,1303.9497927881544,1390.5186119465882,1356.7301884440385,0.0621525662479316,-0.0461212596760933,6.303155035695591
18.12,-0.0022678897910785,-0.0384991813470256,1.560168499503796,-0.0249329187182373,-0.0011441185292815,0.0008284661514525,0.9996881284684822,0.0017193601190405,0.087604565551732,-0.1312604724494244,0.6124721948681943,-0.0762384552129346,-0.0256113496971655,1298.228451793687,1231.377810864224,1330.8506416113894,1292.7371334002437,0.0534934905349338,-0.1184948307874445,5.849889834659028
18.13,-0.0024136883387149,-0.0380626124768831,1.5586404926114144,-0.021793701826312,-0.0015409544388314,0.0008275621959325,0.9997609590101704,0.0005439620182738,0.088838789448611,-0.171087858211177,0.6376646814676523,-0.0926139660964109,-0.024438478719326,1225.4896902814262,1165.3788941180585,1259.9966508014372,1219.048028417836,0.0557498336537477,-0.1919249556314365,5.096388800273527
18.14,-0.0026035867942407,-0.0376542901580623,1.5569244169410563,-0.0185321042339734,-0.0019136236599458,0.0008280431749074,0.999826091628764,-0.0005975947371135,0.0899023605727455,-0.218875646015577,0.6579472123564147,-0.0987789876390989,-0.0247309195615052,1163.0858728983308,1115.3289026570656,1185.3086753675498,1145.270754729608,0.0823502615639254,-0.1184295894735158,4.613537103227576
18.15,-0.0028125051594638,-0.0372774129095613,1.5549566853131445,-0.0152011480395442,-0.0022595891024992,0.0008305740338741,0.999881557736786,-0.0013152501928388,0.090724655046089,-0.2705597274621927,0.6708726179497952,-0.0932021564797946,-0.0265465522411517,1111.0718474465418,1079.5527735981389,1116.9342766620125,1078.9927110987076,0.0501183190696028,-0.0917285125506137,4.209053084742326
18.16,-0.0030090971192624,-0.0369248541730918,1.552619849294537,-0.0118326345771623,-0.0025984831069203,0.0008347796045372,0.9999262671754944,-0.0015339393407823,0.0910542325751541,-0.3223479195797597,0.6753768631959124,-0.0788833615451298,-0.0271325983681412,1063.937328948938,1044.5225116071551,1058.8323458448206,1023.8561968278244,0.0484294713731951,-0.0744688403459782,3.806204628526959
18.17,-0.0031652035958288,-0.0365773697491495,1.5497531893435037,-0.0084384723180749,-0.0029538734901748,0.0008387797320416,0.999959680819633,-0.0014591238926736,0.0906921853252433,-0.3744912069252465,0.6741083552393508,-0.06160249580183,-0.0237074486313933,1018.9969385667418,1000.4694540757872,1010.1446246427208,982.1476704114827,0.0691061803303483,-0.1174996194606849,3.443259111854168
18.18,-0.003263533030329,-0.0362078902249124,1.546183918912551,-0.0050213726265576,-0.0033355345344408,0.0008395006988635,0.9999814774609036,-0.0013485330227513,0.0897129391378571,-0.4301678002504617,0.6723407777835826,-0.0466058980769569,-0.016661561766723,978.0668795447286,950.6357077682592,968.40837089791,951.4024833513148,0.0651988546425328,-0.0949437335200147,3.0890726817151104
18.19,-0.0033007168416831,-0.035791505656689,1.541765264475958,-0.0015822291345696,-0.0037268393836225,0.0008340969034926,0.9999914557142626,-0.0013356368997543,0.088450720742564,-0.49177867959234,0.6738041227025605,-0.0361677806041718,-0.0101586982123914,943.454124042706,904.135030236037,931.3215429081848,922.3329174676536,0.0450529328824047,-0.0331828064912772,2.9189157902707743
18.2,-0.003285882067699,-0.035316529999387,1.5364027302081165,0.0018799022937632,-0.0040838123343934,0.0008222579401755,0.9999895561134944,-0.0014052438324018,0.0872795848376388,-0.5590242473095683,0.6777691269500852,-0.0295916353333721,-0.0090327332813955,914.9880506168474,866.4635340985228,898.8159690661689,887.5581316936484,0.0458395712070507,-0.0580699869277724,2.7282104549374053
18.21,-0.0032369039148244,-0.0347905457421588,1.530060272674355,0.0053672057938944,-0.004350617654751,0.000808129580963,0.9999758057846042,-0.0014640299823838,0.0864257110611484,-0.6300093519244436,0.6802743263255281,-0.0251113311893619,-0.0147333736911436,890.5003304759866,838.1070828299135,871.6027094176012,850.185208484815,0.0606485913042251,-0.0065040288031565,2.416884759785237
18.22,-0.003176508533513,-0.0342381893936334,1.5227519952382813,0.0088737025397862,-0.0044886411269519,0.0008005492638181,0.999950233074099,-0.0014296721916402,0.0859134554267735,-0.7032151460557678,0.6767678849723298,-0.0220830076350681,-0.0247705897041903,868.6323202984576,816.6399003070657,846.8907268909163,818.2293125548192,0.0988430714174733,-0.053511545292956,2.3727161561917014
18.23,-0.0031290959343018,-0.0336922931514943,1.514529749690563,0.0123732847477649,-0.0045028744297109,0.0008099179260049,0.9999129812035517,-0.0013108146875528,0.085552138336714,-0.7782489981395315,0.6619445260679652,-0.0218848926587952,-0.0358126017927644,850.5558320115085,798.4065755084667,819.9591277652995,793.0625919545649,0.0649659256138442,-0.0482900916076392,2.204780186699269
18.24,-0.0031178006213995,-0.0331829696938062,1.5054724533439776,0.0158105295437065,-0.0044491853325406,0.0008415117878486,0.9998647527357564,-0.0012463424105385,0.0849727998646719,-0.8555204005982983,0.6280128739548612,-0.0265200317205068,-0.0458865990771442,838.4519354493032,782.0694486282532,790.94552044656,769.0504141612674,0.0340306910405599,-0.049651478836498,2.0327028997904866
18.25,-0.0031608287755556,-0.0327289843460713,1.4956771278598542,0.0190957744630292,-0.0044174544363943,0.0008876346728214,0.999807506272406,-0.0014392754332111,0.0838386346330651,-0.9356197207779552,0.5660283348045475,-0.0356351020717363,-0.0534878077295158,833.6464443638002,772.2592845104473,765.9283979496196,743.3630513655733,0.0669277218719705,-0.0640978744577385,1.94250019269884
18.26,-0.0032668135987729,-0.032333774348749,1.485248928389152,0.0221035465905008,-0.0044957215665057,0.0009231466053743,0.9997451522843523,-0.001986067589483,0.0821197840015552,-1.0182806308963446,0.4702252060981553,-0.0446725449571366,-0.0565595425393739,836.5401807485896,776.8874179709558,750.9484184461187,720.9581003071343,0.0806490185406456,-0.0601584142985819,1.919356516413121
18.27,-0.0034304493886626,-0.0319863452334911,1.47428712793679,0.0246785966903437,-0.0047284113694911,0.0009093958549536,0.9996838410169964,-0.0027497608091328,0.080102903069164,-1.1013735106550466,0.3409257332107613,-0.0464588249249016,-0.0538860844008091,846.4988172629721,798.424297397477,748.8094555356602,709.7192135999695,0.0677107168023997,-0.1102842676244655,1.7702250182518158
18.28,-0.0036310169946052,-0.0316656366368962,1.4628669272668808,0.0266562505702146,-0.0050866883995071,0.0008085575231676,0.9996313901340812,-0.0034332489008958,0.0780836416384059,-1.1816315305341742,0.1848919423368527,-0.035384682670475,-0.0471107708627363,862.2513058041393,829.7299924590017,761.9280923832089,714.8780546197443,0.0922651087251335,-0.1194331506032768,1.8286726083005984
18.29,-0.0038362937620185,-0.0313463402555395,1.451023099392183,0.027897612794496,-0.0054683055056453,0.0006038629796061,0.9995956463414428,-0.0038012238755434,0.0761191818231932,-1.2573267274325175,0.0154777080102429,-0.0107069525600615,-0.0402227187866637,883.7295857307804,861.1173134997582,793.8292972558492,738.9245317715802,0.0841856567479868,-0.1056387313617598,1.96064377940874
18.3,-0.0040120264737648,-0.0310048598268471,1.43874511425373,0.0283302629899333,-0.0057328677156184,0.0003143819578174,0.99958212848703,-0.0038396849030154,0.074111972380339,-1.3298809285314444,-0.1477065235361682,0.0235599612274047,-0.0363862749275442,911.4010913556168,889.464238649756,845.0574495619471,782.9794493955471,0.0491900121930609,-0.1533025410004677,1.9819385231947144
18.31,-0.0041337176795475,-0.0306250332495261,1.4259882547541898,0.0279788693515231,-0.0057588022648955,-7.738504116073197e-06,0.9995919262411036,-0.0037289255294127,0.0720066437282165,-1.4016725476921057,-0.2818673668869834,0.0610334495151947,-0.0354793904229798,943.1589587272084,917.7809729066324,909.962481620561,845.8054461207109,0.0306562691789042,-0.1023363194974579,2.2527267581692514
18.32,-0.0041955439472901,-0.030202802652857,1.4126941469312166,0.0269721542246246,-0.0054939502861074,-0.0002996916440064,0.9996210429916206,-0.0036939095460465,0.0697964744203004,-1.4723824479839949,-0.3659981982515629,0.0945703618054853,-0.0351689288795784,975.4350276992798,948.720654879269,979.874225086842,922.0722110167555,0.0283072365539569,-0.102845340732466,2.6628185654205403
18.33,-0.0042124189873629,-0.0297477447886158,1.3988087217214262,0.02552176687644,-0.004974585379897,-0.0005167384028645,0.9996617557440244,-0.0038802042682556,0.0674328436119424,-1.5390509003131392,-0.3857482973531114,0.1163991472172153,-0.0338992493935184,1008.222196834109,982.3014067807584,1047.072072382432,1001.5403447184392,0.0249365898280841,-0.0318998432058752,2.9137954016353294
18.34,-0.0042144574055011,-0.0292797329891237,1.3842922479458704,0.0238784535070707,-0.0043058147091872,-0.0006473413562842,0.9997053867850114,-0.0043338863211703,0.0648693727561705,-1.5998304172892155,-0.3398033408158513,0.1194353193380431,-0.0318239373727086,1047.079311396437,1019.8511819282562,1105.4764944099811,1071.103340280721,0.0717117547790838,-0.0176885029770053,3.34262442059962
18.35,-0.0042361080688084,-0.0288217400551767,1.3691248174894035,0.0222763040092839,-0.0036166591721595,-0.0007051333873558,0.9997450619248012,-0.005027929336998,0.0621664828515467,-1.6556890493841665,-0.2483909267483517,0.1018236757820285,-0.0290053441444567,1100.4567741794212,1068.0918899720732,1153.8859874196428,1122.3807416926454,0.0463349893448238,-0.0417439813760631,3.941263229585318
18.36,-0.0043038543312036,-0.0283923983538177,1.3533096068584272,0.0208780800775282,-0.0030130615719307,-0.0007062517124478,0.999777239409239,-0.0058582575001394,0.059460713440706,-1.707986489389273,-0.1550144619747927,0.0720103577349835,-0.0241187059376679,1173.4105421168465,1135.2180078724723,1199.9456010774386,1159.668664124847,0.0024164483325764,0.0329003553095433,4.284644317034724
18.37,-0.0044267585077223,-0.0280018127219165,1.3368712421292042,0.0197376021964223,-0.0025474622338203,-0.0006506857058558,0.999801737397878,-0.0066468486742014,0.0568420741781228,-1.7565266784329836,-0.1095774821796431,0.0482035024570391,-0.0159077539551648,1259.845390296622,1218.9127624341745,1253.8767460599006,1197.5841119230056,0.0206650434097178,0.0252801510750861,4.560054776649343
18.38,-0.0045934860851544,-0.0276515899705896,1.3198489308729868,0.0187960977285853,-0.0022105863517993,-0.0005219360659318,0.9998207577365564,-0.0072152069451049,0.0542943175927829,-1.800775557186837,-0.1376937953788741,0.049199747569711,-0.0056693982072624,1342.9390588799645,1301.445890563264,1317.483505737812,1249.1653029445506,0.0293479093111863,-0.0751944788851047,5.211930297563876
18.39,-0.0047775024413992,-0.0273374999486976,1.302288623239659,0.0179194127096972,-0.0019414236639909,-0.0003052862893922,0.9998375029586448,-0.007480504106385,0.051715514525782,-1.8410964836930197,-0.2211252616280986,0.0812740298727989,0.0027832650285372,1408.501271616628,1363.1566171864208,1384.9540049572474,1316.7689921254328,0.0602938690764931,-0.0596869408213938,5.923701934985181
18.4,-0.0049487755969341,-0.027052416339278,1.2842358564470284,0.0169622068707462,-0.0016505933296612,-1.083711012130453e-05,0.9998547689351144,-0.0074853828493799,0.048978023108705,-1.877800142110157,-0.3096525235077559,0.1308438665915826,0.0065760559812293,1456.5960410354264,1400.026845145697,1451.1805598662436,1392.4733284321833,0.0904166415212272,-0.0677951292038561,6.128183421495498
18.41,-0.0050868308334519,-0.0267880781081441,1.2657273241718427,0.0158291465342306,-0.0012533856567658,0.0003173192404139,0.999873875272723,-0.0073595411953951,0.0460365814577181,-1.91031537997362,-0.3558181130802818,0.1703480851140798,0.0068411132790339,1497.3388442807318,1424.5570657528378,1512.0887462998176,1464.7169465186216,0.1370089769029625,0.0301194998952,6.768255644704482
18.42,-0.005188883950136,-0.0265356618479501,1.2467837560080808,0.014506216389944,-0.0007040791547169,0.0006148500312304,0.9998943423772488,-0.0072694614868178,0.0430255596553649,-1.9381591451590392,-0.3430511176469689,0.1756583106378609,0.0071781623553172,1539.1581095872064,1452.470477439767,1561.8381812883144,1525.2638159040744,0.0626336135080981,0.0129831002376978,7.663196676692249
18.43,-0.0052693159884869,-0.0262862397125886,1.227412421927909,0.0130544321351755,-1.773363043208091e-05,0.0008252757858098,0.9999144465438148,-0.0073671597419448,0.0402037525008847,-1.961808888143777,-0.2875707464966413,0.1430316536072471,0.0091060965730887,1584.006052472213,1491.8385314386458,1599.0678276551614,1571.468387706043,-0.0047233240777511,0.0207306178769182,7.864671927537226
18.44,-0.0053513594589027,-0.0260321671960479,1.207623203912533,0.0115771640877214,0.0007311621906986,0.0009235368148017,0.9999322885842264,-0.0077084796348427,0.0377612160139181,-1.9819360607088896,-0.2208324658114259,0.0919970240140802,0.0102856536953649,1630.3015391931074,1541.4792197379395,1633.0082398725572,1604.436758501074,0.0119358397810056,0.091818773792175,8.305478720977378
18.45,-0.0054556544071198,-0.0257692803772904,1.1874514165588426,0.0101791942104355,0.0014334719704921,0.0009221118915118,0.9999467380180784,-0.0081733261678532,0.0357017915351897,-1.9984465655017656,-0.1715168967597042,0.0511548049676328,0.0075256916203142,1677.3434476801683,1594.991982479314,1674.9560600046136,1629.2370462480274,0.0195012922326398,0.0098128703565894,9.030184831069445
18.46,-0.0055915021883437,-0.025498837817342,1.1669752954332748,0.0089321908027177,0.0019844340103736,0.0008609928829644,0.9999577674483948,-0.0084941471009697,0.0338986803068268,-2.0107932308023644,-0.1559806720609305,0.0374818188398924,0.0005435363074458,1726.4714486468204,1645.645435528848,1724.7407204609922,1656.160771716207,-0.0124467045194324,-0.0014508732734939,9.371978905792169
18.47,-0.0057548913582134,-0.025228392152598,1.1463190730882378,0.0078555117771817,0.002322579254157,0.0007914195184009,0.9999661345343016,-0.0084357351800475,0.0321874657385988,-2.018492666416526,-0.1735397063187844,0.0451370744159938,-0.0074867445866016,1776.9579422086913,1689.5685723968777,1772.6193931902433,1694.9086763888183,-0.023500773371282,-0.1031067216728354,9.928245678552525
18.48,-0.0059334414103571,-0.0249712666493271,1.125637981619558,0.0069165248864937,0.0024532866594272,0.0007619348920122,0.9999727808912008,-0.0080021903103566,0.0304135966369268,-2.0206203580741136,-0.2054939239291684,0.0532206143818518,-0.0118243545472182,1822.3493309504831,1727.0796306431537,1813.991257791532,1744.683194046078,-0.0457918163141892,-0.0103384657603049,10.568734679316366
18.49,-0.0061143704334454,-0.0247441685334424,1.105087152319776,0.0060488194738103,0.0024465713387134,0.0008097123415379,0.9999783849851864,-0.007462145005632,0.0285083143887244,-2.01554964862053,-0.2249742747958186,0.0465494344175864,-0.0077218210377604,1855.436117812764,1761.507116773596,1854.033148439409,1793.435577649446,-0.0195418032704816,-0.0754835835960071,11.093286301301
18.5,-0.0062902655385857,-0.0245627444993815,1.084784684129061,0.0051801629316312,0.0024093180924225,0.0009567988230249,0.9999832226764324,-0.0071179734645974,0.026566220131429,-2.0023906178690867,-0.2174257089366071,0.0301693174796964,0.0084426096449677,1877.0291339537223,1794.6175336884012,1895.830805872445,1828.7229445337184,0.0254685261489153,-0.0833526391291513,11.461929267266749
18.51,-0.0064599159979787,-0.0244364063874645,1.064786220928342,0.0042597833294324,0.0024432745328285,0.0012113695665639,0.9999872085378476,-0.0070246884506729,0.0247655112751068,-1.982529417483737,-0.1933720954744783,0.0223990140681576,0.0368694473883553,1896.025291737511,1823.1533707771928,1933.250282578756,1848.499677315499,-0.0037087728289242,0.0544798094075916,12.154367640954051
18.52,-0.0066255714600574,-0.024365023286233,1.045083883882917,0.0032774660533042,0.002605919301655,0.0015744018495391,0.9999899942797822,-0.0069668789814039,0.023168124687005,-1.9587458087165344,-0.1759237631107644,0.0334707469371298,0.0722716351428909,1920.6217775005452,1841.9696555936464,1961.4307628334968,1861.2951160746024,-0.0737488636113192,-0.0293361685030551,12.67071758545796
18.53,-0.0067901620640093,-0.02433930590504,1.0256259888493475,0.0022699343129605,0.0028905841063157,0.0020482994178953,0.9999911481564392,-0.0067175057621208,0.0216741411963941,-1.9327576797664767,-0.1735096339228203,0.0531984016836227,0.1057636956721046,1951.865553457737,1849.965995689324,1986.3015321310809,1875.8321490739252,-0.0579290002850497,-0.0461648996688035,12.737530966755864
18.54,-0.006956650204845,-0.0243444883160168,1.0063409593717163,0.0013111756600987,0.003235252620433,0.0026391361357852,0.9999904244138176,-0.0062629143959728,0.020215212862536,-1.9044636855129875,-0.1692335104401747,0.0605639191534628,0.1302892295416349,1985.2689136951983,1851.5794867596649,2015.9030039402555,1890.6080545671769,-0.0143855821166448,0.0039385788723581,13.029488002171217
18.55,-0.0071284815250809,-0.0243652311688081,0.9871522214618051,0.0004861248395162,0.0035561359585615,0.0033470156983403,0.9999879574602886,-0.0057550730850196,0.0189064968244535,-1.873661720366214,-0.1408940298093012,0.0442506003882608,0.143809430566132,2016.6945608996352,1853.8770084041064,2048.3228495317708,1895.4613663572336,0.0673807759106561,-0.0602818763097763,13.324985744177225
18.56,-0.0073085054228499,-0.0243895212232001,0.967985041434484,-0.0001463686322759,0.0037876746328024,0.0041505198445626,0.9999842025162796,-0.0053143588046637,0.017932467401423,-1.8414530937684388,-0.0892533273140088,0.0142231683203944,0.1469367160645938,2046.4334792953937,1862.1591996867137,2075.485219634824,1884.1426068586848,0.1156626405555433,-0.0066863650929507,13.238033182546475
18.57,-0.0074955048013708,-0.0244103018048961,0.948774990283202,-0.0005859572316711,0.0039065920260643,0.0049998986959038,0.99997969789686,-0.0049364640962206,0.0173302260837154,-1.80944958783345,-0.0425031517779509,-0.0056957787815714,0.1394507102335354,2077.9598236668958,1875.779955825602,2094.126307246913,1863.6472663260276,0.0597349296932645,0.0366664582846639,13.329723416677162
18.58,-0.0076808110399484,-0.0244248075324708,0.9294841136467232,-0.0008977391087812,0.0039296731761765,0.005829439695414,0.9999748843676318,-0.0045372519248026,0.0169491560788838,-1.778482246744684,-0.0319821723487097,0.0007150301013,0.1217236993170659,2112.4535066719877,1888.9479780844367,2107.838859340618,1850.5758173980423,0.0555259195853498,0.0344678920617854,13.379700702660394
18.59,-0.0078489005252113,-0.0244325184368455,0.9101223805440372,-0.0011826467560527,0.0038931128510888,0.0065847414077766,0.9999700426510646,-0.0039903127983048,0.0166002321951978,-1.7485627452310697,-0.062641177089918,0.0245780508095049,0.0990872716425067,2144.835516760489,1898.5265118885425,2122.9417513109106,1859.3114532369984,0.018909563996276,0.0360625184814807,13.67550249384827
18.6,-0.0079836237828652,-0.0244330485019426,0.8907661832646443,-0.0015247646245929,0.003830648250443,0.007247306284985,0.999965238285028,-0.0031390712170796,0.0162071999435862,-1.7189710298250414,-0.1045643038461285,0.0380662054128343,0.0811369911130496,2167.1900669530837,1909.7210248687104,2145.331384168533,1891.954150344216,-0.0116340317110474,0.1295024237235825,13.937332164645277
18.61,-0.0080773941393559,-0.0244251325042441,0.8715630350484465,-0.0019489959012473,0.0037638116344796,0.0078383259642862,0.9999602971033574,-0.0019171211708515,0.0158374057990727,-1.687667025836988,-0.1159463163001368,0.0225107858440771,0.0743946535601744,2178.404397025747,1930.9990037954303,2176.214467373613,1935.5973857937845,0.0394202907194435,0.0653745615858121,14.134857309625628
18.62,-0.0081378268124319,-0.0244073020287242,0.8527142417367644,-0.0024181343850197,0.0037065953654345,0.0083972627044859,0.99995494886318,-0.0005356671866904,0.0156168100431549,-1.6517803743423676,-0.0834694276443667,-0.0102800764508034,0.0766635312289863,2189.176268320336,1964.01678606911,2209.2326721475965,1970.074238442031,0.1036622709267546,0.0473743721759194,14.756177646617951
18.63,-0.0081872480096177,-0.0243800465312583,0.8344386139759261,-0.0028709297907743,0.0036767679234832,0.0089491222398535,0.9999490748787708,0.0005494915906047,0.0156044117088623,-1.609672324082137,-0.0416138561654489,-0.0278104659262177,0.0793697476036933,2212.496578440696,2000.0845167313123,2236.550976678048,1984.8017134443896,0.0903222887027941,-0.0455535919220478,15.10790897015621
18.64,-0.0082542653179984,-0.0243484760313101,0.81693294792445,-0.0032729912895888,0.003702159100331,0.0094832632816731,0.9999428229971676,0.001001836911113,0.015754854765268,-1.561902419057038,-0.0402522924820413,-0.0079775027459572,0.0741143987954929,2247.71923516934,2026.1702965237632,2257.7686791493584,1990.3861785182555,0.0092374566682353,-0.0116072939214107,15.439651187647412
18.65,-0.0083606238784282,-0.0243239973198601,0.8003460755009169,-0.0036427272143832,0.0038139374517752,0.0099582974188776,0.9999365063503146,0.0009581558973469,0.0160340243252741,-1.5095873283006185,-0.0865065370491566,0.0393551659105693,0.056796752617455,2279.4465452911763,2035.1645904019351,2277.85906854885,2008.3109017449044,-0.0134771488796694,-0.0218186049114517,16.087488101348754
18.66,-0.008509062295576,-0.0243235334786785,0.7847720368003819,-0.0040327845037413,0.004028418928649,0.010327867997728,0.9999304193956214,0.0009539184076015,0.0165326641174165,-1.4525086743577975,-0.1311020282466232,0.0792991583489256,0.0281694451803893,2295.038150016572,2032.3523152089915,2297.024312312319,2045.698095203114,0.0298357771208058,-0.0977752713173835,16.41832578854563
18.67,-0.0086781601475718,-0.0243655215257542,0.7702561302930124,-0.0044815869306229,0.0043291470331197,0.0105669905821017,0.9999247534562722,0.0014630540899088,0.0173613678145081,-1.3897934849243017,-0.1252124770044872,0.0814741520605643,-0.0068449760812136,2297.1481255067656,2031.341337878772,2308.3440433112164,2084.454691201352,0.0766248419870784,-0.0113024967838395,16.488062741973568
18.68,-0.0088278815473937,-0.0244632800051471,0.7568042586707674,-0.0049739522006139,0.0046642246613326,0.0106804568555193,0.9999197131015928,0.0025225944777977,0.01840184029795,-1.3222971219529802,-0.0805674627056484,0.047407783728877,-0.0404158765689508,2294.541444532063,2040.8528528963773,2306.666985179506,2100.751549713332,0.0933415157211233,0.006378996450937,16.692177506423395
18.69,-0.0089148105203383,-0.0246179821421975,0.7443894493793437,-0.0054430519282541,0.0049649013301823,0.0106908715173739,0.9999157105509878,0.0037954810828285,0.0192599682916302,-1.2530518978757736,-0.0522990416289674,0.0092928040576067,-0.0644307400542746,2287.609989264969,2054.9071693742435,2295.523222880281,2093.2825231791835,0.0548016318367473,-0.0230009002481025,16.614991023645963
18.7,-0.0089107401630281,-0.0248146171263805,0.7329532078005421,-0.0058117716174928,0.005175324115318,0.0106196947514504,0.999913326951068,0.0049523882883618,0.0195853671366226,-1.184608541986881,-0.0642718195034695,-0.001727334495798,-0.0741000022182888,2271.440873024233,2059.1537349446808,2282.294226895934,2083.773431182636,0.0533889743184086,-0.1134741324837913,16.388965364377896
18.71,-0.0088156265424175,-0.0250239116844789,0.7224021428847045,-0.0060403685807429,0.0052745989638887,0.0104775594394683,0.9999129528620836,0.0059618882114552,0.0194593689129999,-1.1169152582870463,-0.0784720318240926,0.0145592826330889,-0.0706242834894435,2249.3909204490537,2048.709552401453,2268.229378954333,2087.024353028323,0.0089856518000227,-0.1635711269963689,16.2150422595988
18.72,-0.0086582536809615,-0.0252106638427753,0.7126056265971116,-0.0061477036798759,0.0052793047792865,0.0102696269548358,0.9999144310603384,0.0070215376283848,0.0193886959444306,-1.0490364397953682,-0.0524460161496554,0.0324523859790496,-0.0608679801280714,2233.385896834273,2035.3954303330731,2247.2547958603,2091.655813236392,-0.0017554035170291,-0.0569720998474414,15.842067185645234
18.73,-0.0084842449503577,-0.0253454327154825,0.7034053710681896,-0.0061991974835487,0.0052293658977487,0.0100076536836502,0.9999170318334496,0.0082587671208646,0.019845790233613,-0.982147898128666,-0.0050860304939596,0.0319597155456644,-0.0538983831919813,2228.736976066106,2032.444030751484,2216.785975939415,2080.0590960753243,0.0355588598831257,-0.0352218454141768,15.87162344012702
18.74,-0.0083374687924563,-0.0254145608204151,0.69464319638279,-0.0062753015348327,0.0051688737148816,0.0097146353627029,0.99991976137835,0.0095583549735827,0.0208396588585858,-0.9189889215795788,0.0035905369452919,0.0173410495492894,-0.0567517040808954,2225.2361792998186,2035.7688524838984,2186.6354856500984,2057.571283892998,0.0829718872459223,-0.0193498356695923,15.725182130134025
18.75,-0.0082435772882937,-0.0254245676097114,0.6861988997613991,-0.0064356179983476,0.0051316208231143,0.0094160106966393,0.9999217909573068,0.0106910056573766,0.0220036375468456,-0.860451189807219,-0.0456799748721642,0.0045145420469739,-0.071391876963311,2207.9005435429785,2028.409464773528,2171.165074280093,2046.3964407619371,0.0125519985921146,-0.1597679624506217,15.271003983419222
18.76,-0.0082022939709698,-0.0253998570596632,0.6780206056513783,-0.006689339112666,0.0051342413787928,0.0091262406189233,0.9999227990399386,0.0115783470225672,0.0230882303705416,-0.8047329799482597,-0.0984132720424407,0.0005960289830694,-0.0928532693155996,2175.211893694741,2003.8462151660665,2171.368375012784,2054.389057187116,0.0124883709149704,-0.1232194478221558,15.133391476611258
18.77,-0.0081903107154456,-0.0253751628429592,0.6701352763507353,-0.0069840206997887,0.0051746959701989,0.0088450049945978,0.9999231029749872,0.0124226394725132,0.0242525602684898,-0.7506175880128692,-0.0881286471057262,0.0011141008495519,-0.1098147799703331,2143.8510816024827,1977.3913066054909,2170.7276410700188,2065.3996708650493,0.0026849620252185,-0.0922930400199996,15.070642369250317
18.78,-0.0081723588328802,-0.0253852480560721,0.662638594742279,-0.0072242112208211,0.0052332280707648,0.0085662189378521,0.9999235190699862,0.0135765795720035,0.0257666659677121,-0.69960922325595,-0.0149474479758101,-0.0006893754865225,-0.1106762638708974,2133.769320143924,1969.7372449751883,2153.8795161376734,2062.356459186068,-0.0090160285656597,-0.0215457945470798,14.914759651635904
18.79,-0.0081156957282138,-0.025454585036008,0.6556676372587237,-0.0073178403537292,0.0052756090471582,0.0082885316068112,0.9999249558869614,0.0152435118072952,0.027445650143866,-0.6528945329237663,0.0553396734426373,-0.0102339717954931,-0.0934453427958432,2148.12624968238,1983.009443634941,2126.4073847411773,2048.119484067275,0.0180757027188976,-0.0006686098501539,14.681244902188372
18.8,-0.0080027317984497,-0.0255897480557733,0.6493584539894055,-0.0072267122439606,0.0052610356794857,0.0080157787375945,0.9999279191146492,0.0172649921234596,0.028539174383162,-0.6074029011451282,0.0655488803633003,-0.0320474247417743,-0.0698220938538668,2169.217419798187,1999.9430362949463,2109.519973288596,2038.2551988924656,0.0224048312762523,-0.0667288083417827,14.606362936260783
18.81,-0.0078373458097791,-0.0257770564047403,0.6437966675645741,-0.0069885725441251,0.0051561830916168,0.0077495039305095,0.9999322571147268,0.0192203358489759,0.0283703770513944,-0.5576934601173154,0.0225714122759871,-0.0622438308394716,-0.0560269889804346,2175.645668970621,2005.922084546572,2114.3198310335792,2040.0453994314823,0.0061097949833884,-0.0557819907293177,14.498016448328908
18.82,-0.007642606588489,-0.02598692110651,0.6389822772925694,-0.006695612066704,0.0049518278327091,0.0074849486234447,0.9999373098971114,0.0207570757421458,0.0271178569929415,-0.5020830290885996,-0.0244196358719829,-0.0809751752649569,-0.0578325155384339,2162.345632244159,2002.6878692589576,2127.770653389526,2045.562394330755,0.0662246382697444,-0.026570131481672,14.554848419049204
18.83,-0.0074510850705171,-0.0261838693687087,0.63483102313147,-0.0064453444344325,0.0046723439225799,0.0072153819984421,0.9999422808342524,0.021805734294066,0.0258141042657631,-0.4446858001744037,-0.0432353838229314,-0.0661027905537793,-0.0667406158702179,2142.060845134753,1997.4066436052303,2128.467365937627,2044.0008852803608,0.0369898139921542,0.0204535586458638,14.69413265224251
18.84,-0.0072924225620126,-0.0263383069257651,0.6312131332501109,-0.0062968319574625,0.0043679589167711,0.0069376089167016,0.9999465687849124,0.022477406058842,0.025443726585912,-0.3905636370110416,-0.0409579146045881,-0.0221950748461042,-0.0718890676383877,2128.967018931109,1988.6267794574069,2111.334258036767,2034.822670272792,0.0191374267704788,-0.0226547018158639,14.604166518479657
18.85,-0.0071839787374471,-0.0264349934270424,0.6280043602095065,-0.0062555822432694,0.0040897343769155,0.0066510955347223,0.9999499510934096,0.0228253593402094,0.0260785192318775,-0.3406493229591472,-0.0359742520612449,0.012498053017646,-0.0721288848888538,2124.147301535984,1971.4689169693368,2089.822211968188,2025.9177999669764,0.0271553488360256,-0.0507211712599014,14.147867289662978
18.86,-0.0071281391460585,-0.0264751401567687,0.6251206169963683,-0.0062873707694833,0.0038621894098065,0.006354362176272,0.9999525861475146,0.0227862716984728,0.0269610376646092,-0.2925200538832807,-0.0302132942817019,-0.0002955865697263,-0.0734712297670982,2117.087183656978,1950.606449273571,2076.542721436727,2021.1714578416995,0.0109661033656142,-0.0140720266501104,14.294191411155191
18.87,-0.0071159143188875,-0.0264725128567442,0.6225265988245929,-0.0063452106313533,0.0036734071385957,0.0060480661507852,0.9999548316188456,0.0223650505420422,0.0273757119316696,-0.2445406559430237,-0.0169593727939778,-0.0570324454220458,-0.0779473283497736,2098.25070915894,1938.061303606424,2070.2167208643878,2013.9493804862864,0.0486854723253161,0.0070468788648244,14.227631355302355
18.88,-0.0071335629553148,-0.0264464218586502,0.620226586346627,-0.0063924207163302,0.0034894703872195,0.005744638033666,0.9999569789184256,0.0217994819190609,0.0273299993875141,-0.1975911063915147,-0.0014992999948787,-0.1105427437111426,-0.0803503445809297,2068.343121537828,1937.916897218821,2061.976073625497,1995.199584819316,-0.0178021101969492,0.0372794764248688,13.856562101098888
18.89,-0.0071684143557995,-0.026414902671464,0.6182479111295816,-0.0064128998311186,0.0032800259235682,0.005471499518897,0.9999590885824836,0.0214365429840665,0.0273900163196129,-0.1537761928334522,0.0020164878200663,-0.1143194685051438,-0.0759311613681177,2036.5545725308036,1939.488529784641,2046.747972042976,1966.3479108318304,-0.0131470105514826,0.0265784540164932,13.468441009931167
18.9,-0.0072113737801326,-0.0263902980522375,0.6166232653097365,-0.0064089672587708,0.0030338029324246,0.0052573066320348,0.9999610401937769,0.0214127026121916,0.0279871154031392,-0.1152754229950961,-0.0080125806910885,-0.0680169486875651,-0.0669284504073775,2011.7260351786824,1928.2529659721824,2025.2577143457104,1939.2945394031356,-0.0026682886875598,0.0038317706080546,13.275089014913217
18.91,-0.0072556641572013,-0.0263779069121733,0.6153769009185545,-0.0063925146846801,0.0027547072304124,0.0051083353969555,0.99996272543208,0.0214976159446498,0.0289878761361063,-0.0836325595939054,-0.0153566051507385,-0.0171494869705161,-0.0597244978217619,1995.349430667511,1901.22970766558,1999.4751158278625,1921.8303213849576,-0.0058962515628199,0.0182390680750173,13.062225185117322
18.92,-0.007293240045855,-0.0263771272363592,0.6145174385062812,-0.0063758607808904,0.0024489927511789,0.0049955774529037,0.999964196878928,0.0212893484759909,0.0298901927504827,-0.0579476704544138,-0.0063153592342201,-0.0075524445011846,-0.0577642266508641,1981.480884706029,1869.6592795926967,1970.2672591783808,1908.038527710352,-0.0371456028774835,0.0633311590511021,12.642607285863946
18.93,-0.0073113853704458,-0.0263839090353577,0.6140341330196682,-0.0063662720847832,0.0021213587609545,0.004867057110561,0.9999656404956284,0.0205978214505298,0.0303396344959203,-0.0342239468723822,0.0116668554099032,-0.0408837078641567,-0.0587246526855399,1961.9643868078545,1846.830494861978,1938.92616281928,1887.2318972665605,0.0154783769223295,0.0432942824131307,12.309513845032962
18.94,-0.0072919693356637,-0.0263933247865433,0.6138934659139166,-0.0063649448361042,0.0017847295989114,0.0046797967046181,0.9999672003222384,0.0196797039765944,0.0304369423525201,-0.0089506372164893,0.0170622082822881,-0.0753778078730066,-0.0574873441667326,1932.380076742965,1833.7326685895869,1909.033928915845,1858.2234758410764,0.037356227795252,0.0369610553989261,11.951482771134662
18.95,-0.007214680955821,-0.0264014425346636,0.6140406881436413,-0.0063690196221888,0.0014701234067248,0.0044292298115362,0.999968827638891,0.019064066007285,0.0305517899351928,0.0166435746334276,-0.002445707901619,-0.0697712776232379,-0.0508699890989046,1895.124732442745,1817.3715601191548,1885.1955534340725,1829.2109429192244,0.0444038749692389,0.0358977629084123,11.788313099956495
18.96,-0.0070636244303008,-0.0264061890735976,0.6144118660904696,-0.0063744999410439,0.0012206783881123,0.0041535321362877,0.99997031149208,0.0190558705613034,0.0308272595350699,0.0381212926947719,-0.0371129452605508,-0.0249549973165408,-0.0400358346249853,1857.9375232145096,1784.6230248440295,1867.2284163623567,1805.874892368175,-0.0449226689652909,0.0336308918006171,11.55126733103471
18.97,-0.0068346815903139,-0.0264073122084122,0.6149500008167926,-0.0063784444961836,0.0010697127007745,0.0039075042614247,0.9999714508779708,0.0194205330928732,0.0309283440733983,0.053651849464234,-0.0644469696999241,0.0181978076507043,-0.0290904601721219,1828.7112131611304,1736.7034093259936,1845.265661465125,1785.253747724374,0.0397828991252791,0.0094387500534237,11.03197289912528
18.98,-0.006540137160858,-0.0264057877931134,0.6156106565038738,-0.0063797932369335,0.0010184728005769,0.0037238626944684,0.9999721965125036,0.0196615961868452,0.0303970421890241,0.0658787819127874,-0.0690529660389354,0.0205953006340989,-0.0213753083954702,1810.355753616015,1686.239270558117,1806.418168641555,1761.400524875266,0.0817542655807049,0.0092658067923977,10.553944265580707
18.99,-0.0062080406323845,-0.0264030614968378,0.6163524549340738,-0.0063790406842178,0.0010296186678508,0.0035904133880484,0.9999726779552784,0.0196028545780002,0.0292555574032116,0.0776982886639243,-0.0546720946111496,-0.0165562679782229,-0.0167576753720265,1799.4178997761628,1640.601527683871,1750.6045886804925,1733.1341147645078,0.0330938566306794,0.0416164100653212,10.30028385663068
